{"type":"FeatureCollection","features":[{"type":"Feature","geometry":{"type":"LineString","coordinates":[[14.59716,51.78659],[14.59716,51.78661],[14.59719,51.78682],[14.5972,51.78685],[14.5972,51.78685]]},"properties":{"sp":0,"o":"Forst (Spree-Neiße) 30 m.","s":"B112","von":"2026-09-07","bis":"2026-09-11","t":"Glasfaserausbau\n\nIm angegebenen Zeitraum besteht eine halbseitige Sperrung mit wechselseitiger Verkehrsführung. \n\nBitte der örtlichen Beschilderung folgen."}},{"type":"Feature","geometry":{"type":"LineString","coordinates":[[13.72267,52.02622],[13.72273,52.02625]]},"properties":{"sp":0,"o":"Halbe (Dahme-Spreewald) 5 m.","s":"K6148","von":"2026-09-03","bis":"2028-09-03","t":"Verkehrsbeschränkung\n\nDas Verbot ist auf den Durchgangsverkehr mit Nutzfahrzeugen, einschließlich ihrer Anhänger, mit einer zulässigen Gesamtmasse ab 7,5t beschränkt.\n\nBitte der örtlichen Beschilderung folgen."}},{"type":"Feature","geometry":{"type":"LineString","coordinates":[[13.62798,51.82908],[13.62772,51.829]]},"properties":{"sp":0,"o":"Heideblick (Dahme-Spreewald) 20 m.","s":"B87","von":"2026-10-05","bis":"2026-10-10","t":"Reparatur Bahnbrücke\n\nIm angegebenen Zeitraum besteht eine halbseitige Sperrung mit wechselseitiger Verkehrsführung. Die Regelung erfolgt über eine Baustellenampel. \n\nBitte der örtlichen Beschilderung folgen."}},{"type":"Feature","geometry":{"type":"LineString","coordinates":[[13.2513,51.69322],[13.25126,51.69326]]},"properties":{"sp":0,"o":"Herzberg (Elbe-Elster) 5 m.","s":"Im Winkel","von":"2017-11-13","bis":"2999-12-31","t":""}},{"type":"Feature","geometry":{"type":"LineString","coordinates":[[14.41346,52.01741],[14.41357,52.0174],[14.41461,52.01731],[14.41476,52.0173]]},"properties":{"sp":0,"o":"Jamlitz (Dahme-Spreewald) 90 m.","s":"L452","von":"2026-06-08","bis":"2026-10-31","t":"Kabelverlegung, Hausanschluss-Versorgung\n\nIm angegebenen Zeitraum besteht eine halbseitige Sperrung mit wechselseitiger Verkehrsführung. \n\nBitte der örtlichen Beschilderung folgen."}},{"type":"Feature","geometry":{"type":"LineString","coordinates":[[14.29631,52.09588],[14.29519,52.09633],[14.29361,52.09696],[14.29105,52.09799],[14.28899,52.09883]]},"properties":{"sp":0,"o":"Friedland (Oder-Spree) 600 m.","s":"L43","von":"2026-05-28","bis":"2026-09-30","t":"Deckenerneuerung in 6 Verkehrssicherungsabschnitten \n\nVOLLSPERRUNG auf der L43, Dorfstraße ab Weichensdorf bis zum Knotenpunkt B168/L43.\nvom 09.03.2026 bis 30.09.2026.\n\nUmleitung:\nB168, Friedland  > Beeskow  > B246, Krügersdorf > Schneeberg > Grunow > L435, Oelsen, Groß Briesen > Klein Briesen > Weichensdorf und in umgekehrter Richtung.\n\nDer Umleitungsverkehr wird in Weichensdorf mit Hilfe einer Ampel geregelt.\n\nIm Zuge der Bauarbeiten innerhalb der Strecke kommt es zu Einschränkungen des Verkehrsraumes mit wechselseitiger Verkehrsführung in beiden Fahrtrichtungen.\n\nBitte beachten Sie die örtliche Verkehrsführung und Beschilderung."}},{"type":"Feature","geometry":{"type":"LineString","coordinates":[[13.09607,52.16368],[13.09614,52.16367],[13.09615,52.16367]]},"properties":{"sp":0,"o":"Nuthe-Urstromtal (Teltow-Fläming) 5 m.","s":"L73","von":"2026-09-09","bis":"2026-09-25","t":"Bauarbeiten vor Einfamilienhaus\n\nIm angegebenen Zeitraum besteht eine halbseitige Sperrung mit wechselseitiger Verkehrsführung. \n\nBitte der örtlichen Beschilderung folgen."}},{"type":"Feature","geometry":{"type":"LineString","coordinates":[[12.31899,53.01817],[12.31849,53.01836],[12.31821,53.01847],[12.31795,53.01859],[12.3177,53.01872],[12.31745,53.01884],[12.31705,53.01905],[12.31638,53.01943]]},"properties":{"sp":1,"o":"Gumtow (Prignitz) 225 m.","s":"B103","von":"2026-07-27","bis":"2026-12-18","t":"Straßenbau in mehreren Abschnitten\nGesamtzeitraum der Maßnahme: 28.07.2025 bis 18.12.2026.\n\n> VOLLSPERRUNG auf der B103 vom 27.07.2026 bis 18.12.2026:\n- ab OA Gantikow bis Abzweig Kyritzer Straße und\n- ab Abzweig Pritzwalker Straße bis OA Vehlow\n\nUmleitung:\nB103, Kyritz > B5, Neu Schrepkow > B107, Pritzwalk > B103, Kolrep und in umgekehrter Richtung.\n\nDie Verkehrsführung wird je nach Baufortschritt angepasst.\n\nBitte beachten Sie die örtliche Verkehrsführung und Beschilderung."}},{"type":"Feature","geometry":{"type":"LineString","coordinates":[[13.60914,52.28056],[13.60912,52.28056],[13.60887,52.28062],[13.60853,52.28073],[13.60811,52.28088],[13.60782,52.28099],[13.60732,52.28121],[13.60703,52.28135],[13.60685,52.28145]]},"properties":{"sp":1,"o":"Königs Wusterhausen (Dahme-Spreewald) 185 m.","s":"B179","von":"2026-08-24","bis":"2026-10-30","t":"Deckenerneuerung\nin mehreren Bauabschnitten\n\nGesamtzeitraum der Baumaßnahme: 15.06.2026 bis 30.10.2026\n\n4. Bauabschnitt: vom 24.08.2026 bis 30.10.2026\n> VOLLSPERRUNG der B179, ab Knotenpunkt L40/179 bis zur Brücke Abzweig Forsthaus/Kreisverkehr L30/B179.\n\nEntsprechende Umleitungen über die A10 und A13 für beide Fahrtrichtungen sind ausgewiesen.\n\nDie Verkehrsführung wird je nach Baufortschritt angepasst.\n\nBitte beachten Sie die örtliche Beschilderung und Verkehrsführung."}},{"type":"Feature","geometry":{"type":"LineString","coordinates":[[11.87466,53.23444],[11.87461,53.23446],[11.87332,53.23481],[11.873,53.2349],[11.87259,53.23501],[11.87119,53.2354]]},"properties":{"sp":1,"o":"Pirow (Prignitz) 255 m.","s":"K7041","von":"2026-06-08","bis":"2026-10-30","t":"Sanierung Ortsdurchfahrt\n\nVOLLSPERRUNG auf der K7041, Pirower Straße\nvom 08.06.2026 bis 30.100.2026\n\nUmleitung:\nL10, Bresch  > K7042, Pirow  > K7041 und in umgekehrter Richtung.\n\nBitte der örtlichen Beschilderung folgen."}},{"type":"Feature","geometry":{"type":"LineString","coordinates":[[14.16995,52.53993],[14.16994,52.53991],[14.16992,52.53989],[14.16988,52.53985],[14.1697,52.53971],[14.1694,52.53949],[14.16917,52.53932],[14.16912,52.53928],[14.16908,52.53924],[14.16904,52.53919],[14.16902,52.53914],[14.16901,52.5391],[14.169,52.53907],[14.16899,52.53893],[14.16898,52.53878],[14.16897,52.5386],[14.16896,52.53845],[14.16895,52.53842],[14.16894,52.53839],[14.16893,52.53835],[14.16892,52.53832],[14.16879,52.53808],[14.1687,52.53791],[14.16862,52.53778],[14.16852,52.53761],[14.16831,52.53727],[14.1681,52.53697],[14.1679,52.53669],[14.16773,52.53646],[14.16752,52.53618],[14.16732,52.53592],[14.16711,52.53566],[14.16688,52.53537],[14.16684,52.53531],[14.16679,52.53524],[14.16675,52.53518],[14.16673,52.53515],[14.16672,52.53512],[14.1667,52.53509],[14.16668,52.53504],[14.16667,52.535],[14.16666,52.53497],[14.16665,52.53494],[14.16663,52.53489],[14.1666,52.53475],[14.16655,52.53447],[14.1665,52.53416],[14.16644,52.53387],[14.16642,52.53376],[14.16641,52.53373],[14.1664,52.53369],[14.16638,52.53366],[14.16637,52.53363],[14.16635,52.5336],[14.16632,52.53357],[14.1663,52.53354],[14.16627,52.53351],[14.16623,52.53348],[14.1662,52.53345],[14.16616,52.53343],[14.16612,52.5334],[14.16607,52.53338],[14.16565,52.53318],[14.16528,52.533],[14.16495,52.53284],[14.16473,52.53272],[14.16456,52.53261],[14.16427,52.53239],[14.16407,52.53223],[14.164,52.53216],[14.16394,52.53211],[14.16392,52.53208],[14.16387,52.53202],[14.16381,52.53195],[14.16376,52.53186],[14.16373,52.53182],[14.16364,52.53165],[14.16359,52.53155],[14.16354,52.53149],[14.16349,52.53142],[14.16343,52.53137],[14.16335,52.5313],[14.16327,52.53125],[14.16319,52.53121],[14.1631,52.53116],[14.16291,52.53108],[14.16251,52.53092],[14.16211,52.53076],[14.16171,52.53061],[14.16132,52.53044],[14.16092,52.53028],[14.16052,52.53013],[14.16012,52.52997],[14.15972,52.52982],[14.15952,52.52974],[14.15942,52.5297],[14.15927,52.52963],[14.15913,52.52956],[14.15901,52.52948],[14.15889,52.5294],[14.15881,52.52934],[14.15868,52.52922],[14.15854,52.52911],[14.15827,52.52887],[14.15801,52.52864],[14.15788,52.52852],[14.15761,52.52829],[14.15734,52.52805],[14.15725,52.52797]]},"properties":{"sp":0,"o":"Müncheberg (Märkisch-Oderland) 1658 m.","s":"L362","von":"2026-09-07","bis":"2026-10-19","t":"Erneuerung Mittelspannungsfreileitung /Verlegen Erdkabel\n\n> Vom 07.09.2026 bis 19.10.2026 besteht eine halbseitige Sperrung mit wechselseitiger Verkehrsführung. \n\n> Vom 19.10.2026 bis 30.10.2026\nVOLLSPERRUNG auf der L362, zwischen Müncheberg und Obersdorf.\n\nUmleitung:\nL362, Müncheberg > B1, Jahnsfelde > L36, über Trebnitz Richtung Kirschberg > L362 Richtung Obersdorf und in umgekehrter Richtung.\n\nDie Verkehrsführung wird je nach Baufortschritt angepasst.\n\nBitte beachten Sie die örtliche Beschilderung und Verkehrsführung."}},{"type":"Feature","geometry":{"type":"LineString","coordinates":[[13.09882,51.98731],[13.09882,51.98733],[13.09879,51.98744],[13.09875,51.98755],[13.09866,51.98768],[13.09861,51.98773],[13.09842,51.98792],[13.09834,51.98799],[13.09825,51.98806],[13.09814,51.98813],[13.09795,51.98825],[13.09779,51.98834],[13.0976,51.98842],[13.0969,51.9887],[13.09682,51.98874],[13.09672,51.98879],[13.09657,51.98888],[13.09586,51.98945],[13.09564,51.98963],[13.09555,51.98973],[13.09549,51.98984],[13.09528,51.99029],[13.09525,51.99033],[13.09516,51.99038],[13.09511,51.99041],[13.09506,51.99042],[13.09495,51.99043],[13.09455,51.99044],[13.09411,51.99048],[13.09369,51.99055],[13.09356,51.99056],[13.09353,51.99056]]},"properties":{"sp":1,"o":"Jüterbog (Teltow-Fläming) 553 m.","s":"B102","von":"2026-03-02","bis":"2028-09-01","t":"Grundhafter Ausbau mit Kanal- und Straßenbau\n\nVOLLSPERRUNG auf der B102, OD Jüterbog, Hauptstraße ab Abzweig Stegeweg bis Vorstadt Neumarkt\nvom 02.03.2026 bis 01.09.2028.\n\nUmleitung:\nA) B102 über B101 > Luckenwalder Straße > Fuchsberge > Neuheimer Weg > Bülowstraße und in umgekehrter Richtung.\nB) L81 über Schloßstraße > Fuchsberge > Luckenwalder Straße > B101.\n\nAb dem 18.08.2026 besteht ab Abzweig Stegeweg bis Abzweig Dorfstraße eine proviorische Umfahrung. Es kommt zu Einschränkungen des Verkehrsraumes mit wechselseitiger Verkehrsführung in beiden Fahrtrichtungen kommen.\n\nDie Verkehrsführung wird je nach Baufortschritt angepasst.\n\nBitte beachten Sie die örtliche Verkehrsführung und Beschilderung."}},{"type":"Feature","geometry":{"type":"LineString","coordinates":[[14.4121,52.23717],[14.41212,52.23711],[14.41222,52.2369],[14.41252,52.23634],[14.41294,52.23555],[14.41305,52.23533],[14.41309,52.23522],[14.41312,52.23499],[14.41317,52.23363],[14.41319,52.23291],[14.41322,52.2321],[14.41324,52.23133],[14.41324,52.23062]]},"properties":{"sp":1,"o":"Müllrose (Oder-Spree) 739 m.","s":"L435","von":"2026-08-31","bis":"2026-09-18","t":"Deckensanierung mittels Dünnschichtbelag im Kalteinbau \n\nVOLLSPERRUNG auf der L435, Müllrose vom 31.08.2026 bis 18.09.2026\n\nUmleitung:\nL435, Mixdorf> L435, Grunow > B246, Schneeberg> B246, Beeskow > B168, Oegeln> B87, OU Müllrose > L435, Müllrose und in umgekehrter Richtung (U3 und umgekehrt U41).\n\nBitte beachten Sie die örtliche Verkehrsführung und Beschilderung."}},{"type":"Feature","geometry":{"type":"LineString","coordinates":[[12.55948,52.3995],[12.55924,52.39941],[12.55905,52.39933],[12.55885,52.39925],[12.55865,52.39917],[12.55846,52.39909],[12.55827,52.39901],[12.55807,52.39892],[12.55788,52.39884],[12.55769,52.39876],[12.55749,52.39867],[12.5573,52.39859],[12.5571,52.39851],[12.55691,52.39842],[12.55671,52.39834],[12.55651,52.39826],[12.55631,52.39818],[12.5562,52.39814],[12.55604,52.39809],[12.55587,52.39805],[12.5557,52.398],[12.55553,52.39796],[12.55536,52.39793],[12.5553,52.39792],[12.55512,52.39789],[12.55488,52.39786],[12.5547,52.39785],[12.55458,52.39784],[12.5544,52.39783],[12.55428,52.39782],[12.55409,52.39782],[12.55385,52.39783],[12.55361,52.39783],[12.55355,52.39784],[12.55337,52.39786],[12.55331,52.39786],[12.55307,52.39789],[12.55295,52.39791],[12.55272,52.39796],[12.55261,52.39798],[12.55243,52.39802],[12.55232,52.39805],[12.5521,52.39811],[12.552,52.39815],[12.55179,52.39822],[12.55158,52.3983],[12.55148,52.39834],[12.55129,52.39843],[12.5511,52.39852],[12.55091,52.39862],[12.55074,52.39871],[12.55056,52.39881],[12.55038,52.39891],[12.55017,52.39903],[12.54999,52.39913],[12.54982,52.39923],[12.54964,52.39933],[12.54946,52.39943],[12.54927,52.39953],[12.5491,52.39963],[12.549,52.39968]]},"properties":{"sp":0,"o":"Brandenburg an der Havel (Brandenburg an der Havel) 833 m.","s":"B1","von":"2026-07-27","bis":"2029-08-21","t":"Baugrunduntersuchungen\n\nIm angegebenen Zeitraum besteht eine halbseitige Sperrung mit wechselseitiger Verkehrsführung. \n\nBitte der örtlichen Beschilderung folgen."}},{"type":"Feature","geometry":{"type":"LineString","coordinates":[[13.8162,51.81041],[13.81452,51.81176],[13.81277,51.81317],[13.81106,51.81456],[13.8093,51.81598],[13.80912,51.81612],[13.80892,51.81626],[13.80871,51.8164],[13.80849,51.81652],[13.80826,51.81664],[13.80795,51.81677],[13.80484,51.81809],[13.80173,51.81941],[13.79861,51.82073],[13.7955,51.82205],[13.79239,51.82337],[13.78928,51.82469],[13.78617,51.826],[13.78306,51.82732],[13.77993,51.82866]]},"properties":{"sp":1,"o":"Luckau (Dahme-Spreewald) 3250 m.","s":"L52","von":"2026-08-03","bis":"2026-09-11","t":"Deckenerneuerung in mehreren Bauabschnitten\n\n> 4. Bauabschnitt vom 03.08.2026 bis 11.09.2026: \nVOLLSPERRUNG auf der L52 und L526, ab der Kreuzung Freesdorfer Weg bis Schlabendorf.\n\nUmleitung:\nab KP L52/B87 > B87, OU Luckau > KP B87/ B96, Wittmannsdorf > B96, Riedebeck > B96, Bornsdorf > KP B96/L561 > L561, Weißack > L561, Gahro > L56, Crinitz > L56, Fürstlich Drehna > L56, Klein Mehßow > L56, Mallenchen > bis KP L56/L52 und in umgekehrter Richtung.\n\nBitte beachten Sie die örtliche Beschilderung und Verkehrsführung."}},{"type":"Feature","geometry":{"type":"LineString","coordinates":[[12.53082,52.41266],[12.53088,52.41242],[12.53092,52.41234],[12.531,52.41218],[12.53114,52.41196],[12.5313,52.41175],[12.53148,52.41154],[12.53169,52.41135],[12.5319,52.41116],[12.53211,52.41097],[12.53247,52.41066],[12.53336,52.40989],[12.53457,52.40883],[12.53578,52.4078],[12.53592,52.40767],[12.536,52.40759],[12.53609,52.4075],[12.53626,52.40733],[12.53632,52.40727],[12.5365,52.40707],[12.53663,52.40691],[12.53675,52.40675]]},"properties":{"sp":0,"o":"Brandenburg an der Havel (Brandenburg an der Havel) 776 m.","s":"B1","von":"2026-08-03","bis":"2027-05-31","t":"Verkehrssicherung\n\nVom 16.04.2026 bis 31.08.2028\nVOLLSPERRUNG auf der B1, Magdeburger Landstraße ab Knotenpunkt B1/B102 bis Höhe Friedrich-Franz-Straße.\n\nEine entsprechende Umleitung ist ausgewiesen.\n\nUm den Knotenpunkt B1/B102 besteht zudem eine halbseitige Sperrung mit wechselseitiger Verkehrsführung. \n\nDa der Gehweg teilweise oder voll gesperrt wird, werden alle Verkehrsteilnehmer um erhöhte Aufmerksamkeit gebeten\n\nBitte beachten Sie die örtliche Beschilderung und Verkehrsführung."}},{"type":"Feature","geometry":{"type":"LineString","coordinates":[[12.93953,52.47039],[12.93964,52.47049],[12.9397,52.47054],[12.93981,52.47063],[12.93985,52.47066],[12.93993,52.47071],[12.94001,52.47076],[12.94018,52.47086],[12.94035,52.47097],[12.94053,52.47106],[12.9407,52.47116],[12.94088,52.47126],[12.94105,52.47136],[12.94122,52.47146],[12.94169,52.47173],[12.94188,52.47184],[12.94206,52.47194],[12.9424,52.47213],[12.94257,52.47223],[12.94275,52.47233],[12.94292,52.47243],[12.9431,52.47252],[12.94327,52.47262],[12.94345,52.47272],[12.94362,52.47282],[12.9438,52.47292],[12.94397,52.47302],[12.94415,52.47312],[12.94432,52.47321],[12.9445,52.47331],[12.94463,52.47339],[12.94467,52.47341],[12.94476,52.47345],[12.94481,52.47347],[12.94486,52.47349],[12.94491,52.47351],[12.94496,52.47353],[12.94501,52.47354],[12.94512,52.47357],[12.94517,52.47358],[12.94534,52.47361],[12.94557,52.47365],[12.9458,52.47369],[12.94603,52.47372],[12.94626,52.47376],[12.94649,52.47379],[12.94672,52.47383],[12.94695,52.47386],[12.94718,52.4739],[12.94742,52.47393],[12.94765,52.47397],[12.94788,52.474],[12.94811,52.47404],[12.94834,52.47407],[12.94857,52.47411],[12.9488,52.47414],[12.94903,52.47418],[12.94926,52.47421],[12.9495,52.47425],[12.94973,52.47428],[12.94996,52.47432],[12.95019,52.47435],[12.95042,52.47439],[12.95065,52.47442],[12.95088,52.47446],[12.95094,52.47446],[12.95099,52.47447],[12.95105,52.47449],[12.95117,52.47453],[12.95122,52.47455],[12.95128,52.47458]]},"properties":{"sp":1,"o":"Potsdam (Potsdam) 955 m.","s":"L92","von":"2026-09-09","bis":"2026-11-11","t":"Radwegsanierung\n\nVOLLSPERRUNG auf der L92, Paretzer Straße\nvom 09.09.2026 bis 11.11.2026\n\nUmleitung:\nL204, Falkenrehde  > L862, Ketzin/Havel  > L86/ L92 Uetz-Paaren und in umgekehrter Richtung.\n\nBitte der örtlichen Beschilderung folgen."}},{"type":"Feature","geometry":{"type":"LineString","coordinates":[[13.93046,51.95681],[13.9287,51.95602],[13.92699,51.95526],[13.92518,51.95444],[13.9249,51.95431],[13.92462,51.95417],[13.92435,51.95402],[13.92409,51.95387],[13.92385,51.9537],[13.92361,51.95354],[13.92339,51.95336],[13.92318,51.95318],[13.92298,51.953],[13.92272,51.95274],[13.92093,51.9509],[13.92087,51.95084]]},"properties":{"sp":0,"o":"Lübben (Dahme-Spreewald) 950 m.","s":"B87","von":"2026-08-03","bis":"2026-09-18","t":"Verlegung Trink- und Schmutzwasserleitung (Spreewerk)\n\nIm angegebenen Zeitraum besteht eine halbseitige Sperrung mit wechselseitiger Verkehrsführung. \n\nBitte beachten Sie die örtliche Beschilderung und Verkehrsführung."}},{"type":"Feature","geometry":{"type":"LineString","coordinates":[[14.43125,52.54039],[14.4317,52.54046],[14.43344,52.5407],[14.43724,52.54123],[14.44103,52.54176],[14.44483,52.54229],[14.44863,52.54282],[14.45242,52.54335],[14.45622,52.54387],[14.46001,52.5444],[14.46381,52.54493],[14.46381,52.54493],[14.46762,52.54547],[14.47142,52.546],[14.47521,52.54652],[14.479,52.54705],[14.48279,52.54757],[14.48659,52.5481],[14.49038,52.54862],[14.49417,52.54915],[14.49796,52.54967],[14.50176,52.5502],[14.50555,52.55072],[14.50934,52.55125],[14.51314,52.55178]]},"properties":{"sp":1,"o":"Seelow (Märkisch-Oderland) 5700 m.","s":"B1","von":"2026-07-20","bis":"2026-09-25","t":"Deckenerneuerung \n\nVOLLSPERRUNG vom 20.07.2026 bis 25.09.2026\nauf der B1, zwischen dem Knotenpunkt der Frankfurter Straße (B112)/Berliner Straße (B1) in Manschnow und der OU Seelow.\n\nUmleitung:\nab KP B1/B112, Manschnow > B112, Rathstock > B112, Podelzig  > KV B112/B167, Lebus > B167, Schönfließ > B167, Libbenichen > KP B167/L332, Dolgelin > B167/B1, OU Seelow > KP B1/B167/L37, OU Seelow = U5 und in umgekehrter Richtung = U6.\n\nDie Regelung des Umleitungsverkehrs erfolgt über eine Baustellenampel. \n\nBitte beachten Sie die örtliche Beschilderung und Verkehrsführung."}},{"type":"Feature","geometry":{"type":"LineString","coordinates":[[14.3605,51.77206],[14.36148,51.77308],[14.36286,51.77451],[14.36402,51.77573],[14.36548,51.77724],[14.36592,51.77769]]},"properties":{"sp":0,"o":"Cottbus (Cottbus) 730 m.","s":"B169","von":"2025-09-26","bis":"2027-12-21","t":"Grundhafter Ausbau in mehreren Bauphasen\n\nBauphase 2: \nAb 26.09.2025\nkommt es auf der B169 beim Kreisverkehr B169 Stadtring / Nordring zu einspuriger Verkehrsführung in beiden Fahrtrichtungen.\n\nAus Richtung Peitz kommend ist der Geh- und Radweg gesperrt. \nEs wird eine Umleitung eingerichtet.\n\nDann werden bis zum Abzweig \"Drewitzer Straße\" beide Richtungsfahrbahn auf eine Fahrbahn übergeleitet. \n\nZwischen dem Abzweig \"Am Großen Spreewehr\" und dem Bahnübergang werden beide Richtungsfahrbahnen auf eine Fahrbahn übergeleitet. \n\nHinweis: Die Zuwegung aus Merzdorf kommen zu \"Am Großen Spreewehr\" ist gewährleistet.\n\n________________________________\n\nVOLLSPERRUNG der \"Drewitzer Straße\" (Abzweig von der B169) ab 22.10.2025.\n\n\nDie Verkehrsführung wird je nach Baufortschritt angepasst\nBitte beachten Sie die örtliche Beschilderung und Verkehrsführung."}},{"type":"Feature","geometry":{"type":"LineString","coordinates":[[14.46694,52.02891],[14.46681,52.0289],[14.46653,52.0289],[14.46619,52.02889],[14.46576,52.02886],[14.46555,52.02883],[14.46531,52.0288],[14.46493,52.0287],[14.46453,52.02858],[14.46434,52.02852],[14.46407,52.02846],[14.4639,52.02843],[14.46372,52.02842],[14.46331,52.0284],[14.46282,52.0284],[14.46274,52.02838],[14.46262,52.02836],[14.46248,52.02832],[14.46245,52.0283],[14.46236,52.02828],[14.46227,52.02825],[14.46209,52.02818],[14.46183,52.02807],[14.46179,52.02803],[14.46167,52.02797],[14.4615,52.02792],[14.46076,52.02771],[14.46069,52.02769],[14.4606,52.02767],[14.45899,52.02722],[14.45786,52.02689],[14.45692,52.02663],[14.45589,52.02633],[14.45406,52.02581],[14.45371,52.02571],[14.45318,52.02556],[14.45303,52.02552],[14.45277,52.02544],[14.45174,52.02515],[14.45121,52.02501],[14.45059,52.02487],[14.45034,52.02482],[14.44923,52.02461],[14.44864,52.02448],[14.4479,52.02432],[14.44703,52.02407]]},"properties":{"sp":0,"o":"Schenkendöbern (Spree-Neiße) 1481 m.","s":"L452","von":"2026-08-10","bis":"2027-02-28","t":"Verlegung von Mittel- und Niederspannungskabeln\n\nIm angegebenen Zeitraum kommt es zu Einschränkungen des Verkehrsraumes mit wechselseitiger Verkehrsführung in beiden Fahrtrichtungen.\n\nBitte beachten Sie die örtliche Beschilderung und Verkehrsführung."}},{"type":"Feature","geometry":{"type":"LineString","coordinates":[[13.78045,53.10214],[13.78169,53.10264],[13.78283,53.1031],[13.78406,53.10359],[13.78497,53.10391],[13.78617,53.10428],[13.7871,53.10453],[13.78764,53.10467],[13.78807,53.10476],[13.78914,53.10495],[13.7904,53.10517],[13.7919,53.10543],[13.79252,53.10555],[13.79306,53.10565],[13.79351,53.10575],[13.79402,53.10588],[13.79455,53.10601],[13.79513,53.10619],[13.79609,53.10649],[13.79708,53.10682],[13.79891,53.10741],[13.79973,53.1077],[13.80073,53.10804],[13.80148,53.10831],[13.80262,53.10871],[13.8031,53.10888],[13.80378,53.10912],[13.80446,53.10934],[13.80501,53.10948],[13.80547,53.10959],[13.80662,53.1098],[13.80818,53.11009],[13.80861,53.11017],[13.80912,53.11027],[13.80963,53.11034],[13.81037,53.11044],[13.81141,53.11057],[13.81196,53.11064],[13.81331,53.11081],[13.81461,53.11097],[13.81535,53.11108],[13.81557,53.11112],[13.81592,53.11121],[13.81624,53.11133],[13.81729,53.11183],[13.81771,53.11201],[13.81819,53.11217],[13.81915,53.11247],[13.82052,53.11285],[13.82106,53.113],[13.82134,53.11307],[13.82156,53.11314],[13.82176,53.11321],[13.82208,53.11333],[13.82236,53.11346],[13.82254,53.11355],[13.82271,53.11364],[13.82311,53.11387],[13.8233,53.11398],[13.82373,53.11422],[13.82465,53.11474],[13.82509,53.11499],[13.82576,53.11537],[13.82618,53.11556],[13.82645,53.11566],[13.82752,53.11604],[13.82797,53.11621],[13.82837,53.11638],[13.82915,53.11674],[13.82962,53.11696],[13.83098,53.1176],[13.83151,53.11785],[13.83319,53.11864],[13.83536,53.11964],[13.83701,53.12041],[13.83802,53.12088],[13.83834,53.12105],[13.83843,53.12111],[13.83856,53.12122],[13.83876,53.1214],[13.83916,53.12177],[13.83958,53.12217],[13.84112,53.12362],[13.84204,53.12449],[13.84317,53.12556],[13.84344,53.12582],[13.84373,53.12606],[13.84395,53.12622],[13.8442,53.12635],[13.84438,53.12644],[13.84445,53.12646]]},"properties":{"sp":0,"o":"Flieth-Stegelitz (Uckermark) 5199 m.","s":"L241","von":"2026-06-01","bis":"2026-09-18","t":"Restarbeiten Deckenerneuerung\n\nIm angegebenen Zeitraum besteht auf der L241, ab Abzweig Fredenwalder Weg bis Abzweig Willmine eine halbseitige Sperrung mit wechselseitiger Verkehrsführung. bis 18.09.2026.\n\nUmleitung:\nL241  > L23, Milmersdorf  > L100 > B109, Mittenwalde > B109, Haßleben > L24, Gerswalde > L24 über Suckow > L241, Stegelitz und in umgekehrter Richtung.\n\nBitte der örtlichen Beschilderung folgen."}},{"type":"Feature","geometry":{"type":"LineString","coordinates":[[12.81688,52.92701],[12.81673,52.92698],[12.8166,52.92695],[12.81648,52.92692],[12.81583,52.92676],[12.81512,52.92659],[12.81492,52.92653],[12.81479,52.92651],[12.8146,52.92649],[12.81429,52.92648],[12.81394,52.92646],[12.81388,52.92646],[12.81383,52.92645],[12.81376,52.92645],[12.81368,52.92646],[12.81362,52.92647],[12.81355,52.92649],[12.81349,52.92651],[12.81343,52.92654],[12.81334,52.92658],[12.81177,52.92733],[12.81006,52.92819]]},"properties":{"sp":1,"o":"Neuruppin (Ostprignitz-Ruppin) 537 m.","s":"L167","von":"2026-04-29","bis":"2027-12-31","t":"Straßenbau \n\nGeplanter Gesamtzeitraum der Baumaßnahme: 23.06.2025 bis 31.07.2027\n\nVOLLSPERRUNG der L167, Neuruppin, Steinstraße\n\n> vom 29.04.2026 bis 31.12.2027\nvon Abzweig \"Ernst-Toller-Straße\" bis Abzweig \"Karl-Marx-Straße\"\n\nUmleitung:\nL167 > B167, Alt Ruppin > B167, Wulkow > B167, Herzberg (Mark) > L164, Radensleben > L167, Nietwerder und in umgekehrter Richtung.\n\nBitte beachten Sie die örtliche Verkehrsführung und Beschilderung."}},{"type":"Feature","geometry":{"type":"LineString","coordinates":[[14.6208,51.74977],[14.62076,51.74978],[14.62066,51.74981]]},"properties":{"sp":0,"o":"Forst (Spree-Neiße) 10 m.","s":"B112","von":"2026-09-11","bis":"2026-09-18","t":"Rückbau Gasarmatur\n\nIm angegebenen Zeitraum besteht eine halbseitige Sperrung mit wechselseitiger Verkehrsführung. \n\nBitte der örtlichen Beschilderung folgen."}},{"type":"Feature","geometry":{"type":"LineString","coordinates":[[12.95786,52.55655],[12.95769,52.55656],[12.95568,52.55656],[12.95325,52.55655]]},"properties":{"sp":1,"o":"Wustermark (Havelland) 312 m.","s":"B5","von":"2026-09-14","bis":"2026-10-09","t":"Deckenerneuerung /Verbreiterung Gehweg / Erneuerung Geh- und Radweg\nin drei Bauabschnitten\n\nGesamtzeitraum der Maßnahme: 20.08.2026 bis 31.10.2026\n\nVOLLSPERRUNG\n\n2. Bauabschnitt: 14.09.2026 bis 09.10.2026 auf der B5\n3. Bauabschnitt 12.10.2026 bis 30.10.2026 auf der L202\n\nEine entsprechende Umleitung ist ausgewiesen.\n\nFür Fußgänger, Radfahrer, Mopedfahrer, den Landwirtschaftlichen Verkehr sowie die Rettungswagen, Feuerwehren wird freigehalten.\n\nEs besteht zudem eine halbseitige Sperrung mit wechselseitiger Verkehrsführung.\n\nDie Verkehrsführung wird je nach Baufortschritt angepasst.\n\nBitte der örtlichen Beschilderung folgen."}},{"type":"Feature","geometry":{"type":"LineString","coordinates":[[12.31006,52.51721],[12.30979,52.5162],[12.30943,52.51486],[12.30937,52.51466],[12.30936,52.51455]]},"properties":{"sp":0,"o":"Milower Land (Havelland) 300 m.","s":"L96","von":"2025-05-16","bis":"2027-07-31","t":"Straßenbau\n\n> Vom 04.03.2024 bis 31.07.2027\nVOLLSPERRUNG auf der L96, OD Milow\n\nUmleitung:\nL96 über Kietz nach Bützer bis Knotenpunkt L964/L96 > L964, Vierietz > Landesgrenze Sachsen/Anhalt > B1, Richtung Neubensdorf > L96 über Nitzahn Richtung Milow und umgekehrt.\n\n> Im angegebenen Zeitraum besteht auf der L96, Karl-Marx-Straße bis Friedennstraße, eine halbseitige Sperrung mit wechselseitiger Verkehrsführung. \n\nDie Regelung erfolgt über eine Baustellenampel. \n\nBitte beachten Sie die örtliche Beschilderung und Verkehrsführung."}},{"type":"Feature","geometry":{"type":"LineString","coordinates":[[12.23581,53.30528],[12.23574,53.30519],[12.23566,53.3051],[12.23559,53.30502],[12.23552,53.30494],[12.2347,53.30394],[12.2339,53.30297],[12.2331,53.302],[12.23292,53.30178],[12.23279,53.3016],[12.23268,53.30142],[12.23259,53.30124],[12.23189,53.29931],[12.23122,53.29744],[12.23054,53.29556],[12.22986,53.29368],[12.22919,53.2918],[12.22851,53.28993],[12.22851,53.28993]]},"properties":{"sp":0,"o":"Meyenburg (Prignitz) 1787 m.","s":"B103","von":"2025-06-10","bis":"2026-12-18","t":"Straßenbau \n\nBis zum 18.12.2026 besteht eine halbseitige Sperrung mit wechselseitiger Verkehrsführung. \n\nDie Zufahrt zur K7020 von der B103 ist bis zum 14.08.2026 vollgesperrt.\n\nDie Verkehrsführung wird je nach Baufortschritt angepasst.\n\nBitte beachten Sie die örtliche Beschilderung und Verkehrsführung."}},{"type":"Feature","geometry":{"type":"LineString","coordinates":[[14.27633,53.13533],[14.27583,53.13544],[14.27554,53.13552],[14.27529,53.13559]]},"properties":{"sp":0,"o":"Schwedt/Oder (Uckermark) 75 m.","s":"L272","von":"2026-08-24","bis":"2026-09-15","t":"Breitbandausbau\n\nIm angegebenen Zeitraum besteht eine halbseitige Sperrung der Hohenfelder Dorfstraße, Zum Storchenhof und Moritzstraße mit wechselseitiger Verkehrsführung. \n\n\nBitte der örtlichen Beschilderung folgen."}},{"type":"Feature","geometry":{"type":"LineString","coordinates":[[13.28327,52.66614],[13.28324,52.66619]]},"properties":{"sp":1,"o":"Hohen Neuendorf (Oberhavel) 5 m.","s":"B96","von":"2026-09-07","bis":"2026-09-18","t":"Umgestaltung Einmündungsbereichs Poststraße\n\nVOLLSPERRUNG auf der B96, Berliner Straße\nvom 07.09.2026 bis 18.09.2026\n\nUmleitung:\nAlbert-Gottheiner-Straße > Bahnstraße > Poststraße und in umgekehrter Richtung.\n\nBitte der örtlichen Beschilderung folgen."}},{"type":"Feature","geometry":{"type":"LineString","coordinates":[[12.75843,53.064],[12.75845,53.06427]]},"properties":{"sp":0,"o":"Rheinsberg (Ostprignitz-Ruppin) 30 m.","s":"L16","von":"2026-07-22","bis":"2026-10-02","t":"Sanierung Asphalt\n\n> 2. Bauabschnitt vom 22.07.2026 bis 02.10.2026: \nVOLLSPERRUNG auf der L16, ab Knotenpunkt L16/K6812 bis OE Wallitz.\n\nEs besteht außerdem eine halbseitige Sperrung mit wechselseitiger Verkehrsführung.\nDie Regelung erfolgt über eine Baustellenampel. \n\nUmleitung:\nL16, Kuhburgberg > L18, Temnitzquell  > L18, Herzsprung > L14, Wittstock > L15, Schweinrich > L15, Flecken Zechling > L15, Dorf Zechlin > L16, Wallitz und in umgekehrter Richtung.\n\nBitte der örtlichen Beschilderung folgen."}},{"type":"Feature","geometry":{"type":"LineString","coordinates":[[13.84445,53.12646],[13.84438,53.12644],[13.8442,53.12635],[13.84395,53.12622],[13.84373,53.12606],[13.84344,53.12582],[13.84317,53.12556],[13.84204,53.12449],[13.84112,53.12362],[13.83958,53.12217],[13.83916,53.12177],[13.83876,53.1214],[13.83856,53.12122],[13.83843,53.12111],[13.83834,53.12105],[13.83802,53.12088],[13.83701,53.12041],[13.83536,53.11964],[13.83319,53.11864],[13.83151,53.11785],[13.83098,53.1176],[13.82962,53.11696],[13.82915,53.11674],[13.82837,53.11638],[13.82797,53.11621],[13.82752,53.11604],[13.82645,53.11566],[13.82618,53.11556],[13.82576,53.11537],[13.82509,53.11499],[13.82465,53.11474],[13.82373,53.11422],[13.8233,53.11398],[13.82311,53.11387],[13.82271,53.11364],[13.82254,53.11355],[13.82236,53.11346],[13.82208,53.11333],[13.82176,53.11321],[13.82156,53.11314],[13.82134,53.11307],[13.82106,53.113],[13.82052,53.11285],[13.81915,53.11247],[13.81819,53.11217],[13.81771,53.11201],[13.81729,53.11183],[13.81624,53.11133],[13.81592,53.11121],[13.81557,53.11112],[13.81535,53.11108],[13.81461,53.11097],[13.81331,53.11081],[13.81196,53.11064],[13.81141,53.11057],[13.81037,53.11044],[13.80963,53.11034],[13.80912,53.11027],[13.80861,53.11017],[13.80818,53.11009],[13.80662,53.1098],[13.80547,53.10959],[13.80501,53.10948],[13.80446,53.10934],[13.80378,53.10912],[13.8031,53.10888],[13.80262,53.10871],[13.80148,53.10831],[13.80073,53.10804],[13.79973,53.1077],[13.79891,53.10741],[13.79708,53.10682],[13.79609,53.10649],[13.79513,53.10619],[13.79455,53.10601],[13.79402,53.10588],[13.79351,53.10575],[13.79306,53.10565],[13.79252,53.10555],[13.7919,53.10543],[13.7904,53.10517],[13.78914,53.10495],[13.78807,53.10476],[13.78764,53.10467],[13.7871,53.10453],[13.78617,53.10428],[13.78497,53.10391],[13.78406,53.10359],[13.78283,53.1031],[13.78169,53.10264],[13.78045,53.10214]]},"properties":{"sp":0,"o":"Flieth-Stegelitz (Uckermark) 5199 m.","s":"L241","von":"2026-06-01","bis":"2026-09-18","t":"Restarbeiten Deckenerneuerung\n\nIm angegebenen Zeitraum besteht auf der L241, ab Abzweig Fredenwalder Weg bis Abzweig Willmine eine halbseitige Sperrung mit wechselseitiger Verkehrsführung. bis 18.09.2026.\n\nUmleitung:\nL241  > L23, Milmersdorf  > L100 > B109, Mittenwalde > B109, Haßleben > L24, Gerswalde > L24 über Suckow > L241, Stegelitz und in umgekehrter Richtung.\n\nBitte der örtlichen Beschilderung folgen."}},{"type":"Feature","geometry":{"type":"LineString","coordinates":[[14.04526,52.86315],[14.04527,52.86316],[14.04534,52.8632],[14.04538,52.86323],[14.04543,52.86326],[14.04545,52.86329],[14.04549,52.86335],[14.0455,52.86337],[14.04551,52.8634],[14.04551,52.86342],[14.04551,52.86345],[14.0454,52.86387],[14.0453,52.86427],[14.04518,52.86472],[14.04512,52.86498],[14.04508,52.86516],[14.04508,52.86524],[14.04508,52.86534],[14.04508,52.86541],[14.0451,52.86547],[14.04511,52.86552],[14.04514,52.86561],[14.04516,52.86568],[14.0452,52.86578]]},"properties":{"sp":0,"o":"Oderberg (Barnim) 300 m.","s":"B158","von":"2026-04-12","bis":"2026-09-12","t":"Neubau Brücke \n\nIm angegebenen Zeitraum kommt es zu Einschränkungen des Verkehrsraumes mit wechselseitiger Verkehrsführung in beiden Fahrtrichtungen.\n\nDie Regelung erfolgt über eine Baustellenampel. \n\n!Info GST!:\nKeine Befahrung für Großraum- und Schwertransporte möglich!\n\nVOLLSPERRUNG auf der 158 im Bereich der Bücke Alte Oder\nvom 12.09.2026 06:00 Uhr bis 12.09.2026 20:00 Uhr\n\nUmleitung:\nB158, Oderberg, Hermann Seidel Straße, >B158, Barlitz  > B158, Bad Freienwalde > B167, Kanalstraße, Eberswalder Straße > B167, Falkenberg > B167, Tornow > L29, Niederfinower Straße > L29, Odergberg und in umgekehrter Richtung.\n\n\nBitte beachten Sie die örtliche Beschilderung und Verkehrsführung."}},{"type":"Feature","geometry":{"type":"LineString","coordinates":[[12.04734,53.30056],[12.04731,53.30065]]},"properties":{"sp":0,"o":"Putlitz (Prignitz) 10 m.","s":"K7024","von":"2026-09-21","bis":"2026-10-05","t":"Sanierung Durchlass\n\n> Vom 21.09.2026 bis 05.10.2026 \nbesteht eine halbseitige Sperrung mit wechselseitiger Verkehrsführung. Die Regelung erfolgt über eine Baustellenampel. \n\n> Vom 05.10.2026 bis 12.10.2026\nVOLLSPERRUNG auf der K7024, Höhe Duhlenzer Berg\n\nUmleitung: \nK7024, Nettelbeck > L13, Telschow-Weitgendorf  > K7021, Frehne  > L14, Krempendorf  > K7024, Jännersdorf > K7024, Porep und in umgekehrter Richtung.\n\n> Vom 13.10.2026 bis 16.10.2026 \nbesteht eine halbseitige Sperrung mit wechselseitiger Verkehrsführung. Die Regelung erfolgt über eine Baustellenampel. \n\nDie Verkehrsführung wird je nach Baufortschritt angepasst.\n\nBitte der örtlichen Beschilderung folgen."}},{"type":"Feature","geometry":{"type":"LineString","coordinates":[[11.84507,53.08987],[11.84486,53.08981],[11.84472,53.08977],[11.84447,53.0897],[11.84403,53.08959],[11.84352,53.08945],[11.84322,53.08936],[11.84315,53.08933],[11.84307,53.08931],[11.84299,53.08927],[11.84292,53.08922],[11.84286,53.08917],[11.8428,53.08909],[11.84278,53.08903],[11.84277,53.08896],[11.84278,53.08889],[11.8428,53.08884],[11.84284,53.08878],[11.84289,53.08872],[11.84296,53.08867],[11.84304,53.08863],[11.84313,53.08859],[11.84323,53.08856],[11.84334,53.08854],[11.84345,53.08853],[11.84356,53.08853],[11.84367,53.08855],[11.84379,53.08857],[11.84391,53.08859],[11.84402,53.08863],[11.84447,53.08877],[11.84513,53.08898],[11.84559,53.08912],[11.8458,53.0892],[11.84597,53.08925],[11.8461,53.0893]]},"properties":{"sp":1,"o":"Perleberg (Prignitz) 463 m.","s":"B189","von":"2026-09-09","bis":"2026-10-30","t":"Sanierung Asphalt und Nebenanlagen \n\nVom 22.07.2026 bis 30.10.2026 kommt es zu Verkehrsraumeinschränkungen am Knotenpunkt AS Perleberg Nord mit wechselseitiger Verkehrsführung in beiden Fahrtrichtungen. Der Verkehr auf der B 189 wird mithilfe einer Ampel geregelt.\n\nVOLLSPERRUNG der Zu- und  Abfahrt von der B5 in Richtung Perleberg und Karstädt vom 22.07.2026 bis 30.10.2026\n\nUmleitung:\nB5 aus Richtung Karstädt  > Hamburger Chaussee > Perleberg > Putzlitzer Straße > Matthias-Hasse- Str. > B5 > B189 und in umgekehrter Richtung.\n\nUmleitung für LKW über 19,5 Tonnen:\nA14, AS Karstädt  > L131/K7037, Stavenow > L122 > L12, Perleberg > L10 > B189 und in umgekehrter Richtung.\n\nDie Verkehrsführung wird je nach Baufortschritt angepasst.\n\nBitte beachten Sie die örtliche Verkehrsführung und Beschilderung."}},{"type":"Feature","geometry":{"type":"LineString","coordinates":[[12.42698,52.41181],[12.42695,52.41181],[12.42672,52.41185],[12.42649,52.41189],[12.42626,52.41193],[12.42603,52.41197],[12.4258,52.41201],[12.42557,52.41205],[12.42534,52.41209],[12.42512,52.41213],[12.42489,52.41217],[12.42466,52.41221],[12.42443,52.41225],[12.4242,52.41229],[12.42397,52.41232],[12.42374,52.41236],[12.42351,52.41239],[12.42334,52.41242],[12.42317,52.41243],[12.42305,52.41244],[12.42294,52.41244],[12.42282,52.41245],[12.42276,52.41245],[12.42259,52.41244],[12.42253,52.41244],[12.42236,52.41242],[12.4223,52.41241],[12.42208,52.41238],[12.42202,52.41237],[12.42185,52.41234],[12.4218,52.41232],[12.42164,52.41228],[12.42159,52.41227],[12.42138,52.4122],[12.42117,52.41213],[12.42097,52.41205],[12.42076,52.41198],[12.42055,52.41191],[12.42035,52.41185],[12.42012,52.41177],[12.41992,52.41171],[12.41971,52.41164],[12.4195,52.41157],[12.41929,52.4115],[12.41908,52.41144],[12.41887,52.41137],[12.41866,52.4113],[12.41845,52.41123],[12.41824,52.41116],[12.41803,52.4111],[12.41782,52.41103],[12.41761,52.41096],[12.41739,52.4109],[12.41716,52.41084],[12.41696,52.41079],[12.41687,52.41077],[12.41673,52.41074],[12.4165,52.41069],[12.41633,52.41066],[12.4161,52.41062],[12.41586,52.41058],[12.41563,52.41056],[12.41542,52.41053],[12.4153,52.41052],[12.41504,52.4105],[12.4148,52.41049],[12.41459,52.41048],[12.41434,52.41048],[12.41409,52.41048],[12.41392,52.41049],[12.41366,52.4105],[12.41346,52.41051],[12.4132,52.41052],[12.41295,52.41054],[12.41272,52.41055],[12.41248,52.41057],[12.41225,52.41058],[12.41201,52.41059],[12.41179,52.4106],[12.41153,52.41061],[12.41127,52.41061],[12.41113,52.41061],[12.41102,52.41061],[12.4109,52.4106],[12.41076,52.4106],[12.41066,52.41059],[12.41053,52.41058],[12.41043,52.41058],[12.41032,52.41057],[12.4102,52.41055],[12.41009,52.41054],[12.40999,52.41053],[12.40992,52.41052],[12.40981,52.41051],[12.40972,52.41049],[12.40956,52.41046],[12.40947,52.41045],[12.40922,52.4104],[12.40899,52.41035],[12.40888,52.41032],[12.40877,52.41029],[12.40872,52.41027],[12.40861,52.41024],[12.4085,52.41021],[12.4083,52.41014],[12.40814,52.41009],[12.40796,52.41001],[12.40775,52.40993],[12.40757,52.40984],[12.40743,52.40977],[12.40728,52.4097],[12.40718,52.40964],[12.40713,52.40961],[12.40703,52.40955],[12.40691,52.40948],[12.40678,52.40939],[12.40668,52.40932],[12.4066,52.40926],[12.40645,52.40915],[12.40632,52.40904],[12.40617,52.40892],[12.40604,52.40881],[12.4059,52.40869],[12.40577,52.40857],[12.40563,52.40845],[12.40549,52.40833],[12.40536,52.40821],[12.40521,52.40809],[12.40507,52.40798],[12.40492,52.40786],[12.40476,52.40775],[12.4046,52.40765],[12.40451,52.4076],[12.40438,52.40752],[12.40428,52.40748],[12.40414,52.40741],[12.40409,52.40739],[12.40389,52.40731],[12.40373,52.40725],[12.40373,52.40725]]},"properties":{"sp":0,"o":"Brandenburg an der Havel (Brandenburg an der Havel) 1790 m.","s":"B1","von":"2026-03-16","bis":"2026-09-30","t":"Straßenbau Deckensanierung \n\nIm angegebenen Zeitraum kommt es zur halbseitigen Sperrung mit wechselseitiger Verkehrsführung. \n\nDie Regelung erfolgt über eine Baustellenampel. \n\nBitte beachten Sie die örtliche Beschilderung und Verkehrsführung."}},{"type":"Feature","geometry":{"type":"LineString","coordinates":[[13.64678,51.68382],[13.64673,51.68367],[13.64667,51.68351],[13.64649,51.68303],[13.64637,51.68272],[13.64629,51.68249],[13.64615,51.68209],[13.64596,51.68147],[13.6459,51.68127],[13.64583,51.68104],[13.64577,51.68086],[13.64574,51.68075],[13.64568,51.68056],[13.64563,51.68039],[13.64551,51.68005],[13.64545,51.67987],[13.64539,51.67973],[13.64533,51.67962],[13.64527,51.67951],[13.64518,51.67938],[13.64495,51.67911],[13.64482,51.67896],[13.64467,51.67881],[13.64429,51.67839],[13.64408,51.67813],[13.64396,51.67798],[13.64389,51.67788],[13.6438,51.67775],[13.6437,51.67758],[13.64359,51.67736],[13.64352,51.6772],[13.64341,51.67697],[13.64308,51.67623],[13.64293,51.67589],[13.64277,51.67554],[13.64237,51.67465],[13.64186,51.67352],[13.64177,51.67331],[13.64171,51.67309],[13.64168,51.67286],[13.64168,51.67266],[13.6417,51.67241],[13.64176,51.67208],[13.6421,51.67028],[13.64214,51.67015],[13.64225,51.6699],[13.64236,51.66969],[13.64248,51.66944],[13.64275,51.66887],[13.64281,51.66877],[13.64295,51.66855],[13.64341,51.66788],[13.64351,51.66772],[13.64355,51.66766],[13.64357,51.6676],[13.6436,51.66752],[13.64362,51.66745],[13.64363,51.66736],[13.64365,51.66725],[13.64368,51.66708],[13.64376,51.66662],[13.64381,51.66644],[13.6439,51.66622],[13.64403,51.66601],[13.64413,51.66589],[13.64422,51.6658],[13.64435,51.66569],[13.64449,51.66559],[13.64473,51.66545],[13.64521,51.66518],[13.64561,51.66496],[13.64582,51.66485],[13.64604,51.66474],[13.64633,51.66459],[13.64641,51.66455],[13.64662,51.66443],[13.64723,51.6641],[13.64747,51.66396],[13.64753,51.66393],[13.64791,51.66373],[13.64825,51.66355],[13.64849,51.66342],[13.6494,51.66292],[13.65007,51.66256],[13.65137,51.66186],[13.65209,51.66147],[13.65494,51.65993],[13.65574,51.65949],[13.65879,51.65786],[13.65914,51.65774],[13.6615,51.65699],[13.6649,51.6559],[13.6669,51.65526],[13.66904,51.65457],[13.66931,51.65448],[13.66989,51.6543],[13.67672,51.65211],[13.67758,51.65183],[13.68342,51.64997],[13.68363,51.6499],[13.68388,51.6498],[13.68484,51.64936],[13.6854,51.6491],[13.68591,51.64887],[13.68692,51.64841],[13.68807,51.64789],[13.68887,51.64752],[13.68912,51.6474],[13.68926,51.64734],[13.68952,51.64722],[13.68969,51.64715],[13.69003,51.64699],[13.6906,51.64673],[13.69067,51.6467],[13.69107,51.64652],[13.69132,51.6464],[13.69145,51.64634],[13.69159,51.64627],[13.69165,51.64624],[13.69193,51.64607],[13.69262,51.64561],[13.69295,51.64539],[13.69322,51.64521],[13.69334,51.64513],[13.69375,51.64486],[13.69411,51.64462],[13.69497,51.64405],[13.69577,51.64352],[13.69639,51.64313],[13.69666,51.64295]]},"properties":{"sp":1,"o":"Sonnewalde (Elbe-Elster) 6557 m.","s":"B96","von":"2026-07-13","bis":"2026-10-02","t":"Deckenerneuerung\n\nVOLLSPERRUNG auf der B96, zwischen Sonnewalde und Finsterwalde, inkl. dem Knotenpunkt der L60 mit der B96\nvom 13.07.2026 bis 02.10.2026.\n\nUmleitung:\nB96, Sonnewalde > L701, Schönewalde > L701, Frankena >L701, Sonnewalde > L70, Doberlug-Kirchhain  > L60, Hennersdorf > L60, Finsterwalde > B96, Finsterwalde und in umgekehrter Richtung.\n\nBitte beachten Sie die örtliche Beschilderung und Verkehrsführung."}},{"type":"Feature","geometry":{"type":"LineString","coordinates":[[13.62224,51.84956],[13.62206,51.84973],[13.62193,51.84986],[13.62188,51.84991],[13.62155,51.85021],[13.62125,51.85051],[13.62058,51.85117],[13.6204,51.85134],[13.62031,51.85143],[13.62,51.8517]]},"properties":{"sp":1,"o":"Heideblick (Dahme-Spreewald) 283 m.","s":"K6133","von":"2026-09-07","bis":"2026-10-16","t":"Straßenbau\n\nVOLLSPERRUNG auf der K6133\nvom 07.09.2026 bis 16.10.2026\n\nUmleitung:\nB87, Richtung Luckau >B102, Zöllmersdorf > B102, Uckro und in umgekehrter Richtung.\n\nBitte der örtlichen Beschilderung folgen."}},{"type":"Feature","geometry":{"type":"LineString","coordinates":[[14.41476,52.0173],[14.41461,52.01731],[14.41357,52.0174],[14.41346,52.01741]]},"properties":{"sp":0,"o":"Jamlitz (Dahme-Spreewald) 90 m.","s":"L452","von":"2026-06-08","bis":"2026-10-31","t":"Kabelverlegung, Hausanschluss-Versorgung\n\nIm angegebenen Zeitraum besteht eine halbseitige Sperrung mit wechselseitiger Verkehrsführung. \n\nBitte der örtlichen Beschilderung folgen."}},{"type":"Feature","geometry":{"type":"LineString","coordinates":[[11.83965,53.08808],[11.84002,53.08822],[11.84112,53.08866],[11.84134,53.08874],[11.84148,53.08878],[11.8416,53.08881],[11.84174,53.08884],[11.84191,53.08885],[11.84206,53.08885],[11.84222,53.08883],[11.84238,53.08881],[11.84256,53.08875],[11.84275,53.08868],[11.84282,53.08865],[11.84288,53.08863],[11.84298,53.08859],[11.84306,53.08856],[11.84314,53.08854],[11.84323,53.08851],[11.84332,53.0885],[11.84341,53.08849],[11.84351,53.08849],[11.8436,53.08849],[11.84369,53.08851],[11.84378,53.08853],[11.8439,53.08856],[11.84407,53.08861],[11.84494,53.08888],[11.84564,53.08909],[11.84579,53.08913],[11.84601,53.08919],[11.84618,53.08924]]},"properties":{"sp":1,"o":"Perleberg (Prignitz) 490 m.","s":"B189","von":"2026-09-09","bis":"2026-10-30","t":"Sanierung Asphalt und Nebenanlagen \n\nVom 22.07.2026 bis 30.10.2026 kommt es zu Verkehrsraumeinschränkungen am Knotenpunkt AS Perleberg Nord mit wechselseitiger Verkehrsführung in beiden Fahrtrichtungen. Der Verkehr auf der B 189 wird mithilfe einer Ampel geregelt.\n\nVOLLSPERRUNG der Zu- und  Abfahrt von der B5 in Richtung Perleberg und Karstädt vom 22.07.2026 bis 30.10.2026\n\nUmleitung:\nB5 aus Richtung Karstädt  > Hamburger Chaussee > Perleberg > Putzlitzer Straße > Matthias-Hasse- Str. > B5 > B189 und in umgekehrter Richtung.\n\nUmleitung für LKW über 19,5 Tonnen:\nA14, AS Karstädt  > L131/K7037, Stavenow > L122 > L12, Perleberg > L10 > B189 und in umgekehrter Richtung.\n\nDie Verkehrsführung wird je nach Baufortschritt angepasst.\n\nBitte beachten Sie die örtliche Verkehrsführung und Beschilderung."}},{"type":"Feature","geometry":{"type":"LineString","coordinates":[[14.26616,52.10355],[14.26633,52.10354],[14.26652,52.10353],[14.26703,52.10348],[14.26726,52.10347],[14.26773,52.10344],[14.26799,52.10342],[14.26824,52.10341],[14.26849,52.10341],[14.26872,52.10342],[14.26895,52.10342],[14.26918,52.10343],[14.2694,52.10344],[14.26962,52.10346],[14.26997,52.10347],[14.27016,52.10348],[14.27034,52.10348],[14.27264,52.10345],[14.27486,52.10342],[14.27708,52.10339],[14.27732,52.10338],[14.27748,52.10337],[14.27765,52.10335],[14.27781,52.10332],[14.27796,52.10327],[14.27809,52.10323],[14.27822,52.10318],[14.28084,52.10212],[14.28339,52.10109],[14.28595,52.10006],[14.2885,52.09902],[14.29105,52.09799],[14.29361,52.09696],[14.29519,52.09633],[14.29675,52.0957],[14.29831,52.09508],[14.29859,52.09497],[14.29881,52.0949],[14.29905,52.09484],[14.29928,52.09478],[14.30072,52.09448],[14.30208,52.09418],[14.3025,52.0941],[14.30281,52.09405],[14.30312,52.09403],[14.3034,52.09402],[14.30367,52.09401],[14.30411,52.09399],[14.30448,52.09395],[14.30483,52.09391],[14.30517,52.09385],[14.30551,52.09378],[14.30584,52.0937],[14.30703,52.09339],[14.30816,52.09311],[14.30837,52.09306],[14.30858,52.09301],[14.30888,52.09295],[14.30912,52.09291],[14.30937,52.09288],[14.30962,52.09286],[14.31322,52.09267],[14.31672,52.09248],[14.32024,52.0923],[14.32373,52.09213],[14.32722,52.09195],[14.33073,52.09176],[14.33423,52.09157],[14.33774,52.09138],[14.34124,52.09118],[14.34475,52.09101],[14.34499,52.09099],[14.34516,52.09098],[14.34535,52.09095],[14.34554,52.09092],[14.3457,52.09088],[14.34585,52.09084],[14.346,52.0908],[14.34843,52.09007],[14.3508,52.08938],[14.35317,52.08868],[14.35318,52.08868]]},"properties":{"sp":1,"o":"Friedland (Oder-Spree) 6350 m.","s":"L43","von":"2026-03-09","bis":"2026-09-30","t":"Deckenerneuerung in 6 Verkehrssicherungsabschnitten \n\nVOLLSPERRUNG auf der L43, Dorfstraße ab Weichensdorf bis zum Knotenpunkt B168/L43.\nvom 09.03.2026 bis 30.09.2026.\n\nUmleitung:\nB168, Friedland  > Beeskow  > B246, Krügersdorf > Schneeberg > Grunow > L435, Oelsen, Groß Briesen > Klein Briesen > Weichensdorf und in umgekehrter Richtung.\n\nDer Umleitungsverkehr wird in Weichensdorf mit Hilfe einer Ampel geregelt.\n\nIm Zuge der Bauarbeiten innerhalb der Strecke kommt es zu Einschränkungen des Verkehrsraumes mit wechselseitiger Verkehrsführung in beiden Fahrtrichtungen.\n\nBitte beachten Sie die örtliche Verkehrsführung und Beschilderung."}},{"type":"Feature","geometry":{"type":"LineString","coordinates":[[11.87119,53.2354],[11.87259,53.23501],[11.873,53.2349],[11.87332,53.23481],[11.87461,53.23446],[11.87466,53.23444]]},"properties":{"sp":1,"o":"Pirow (Prignitz) 255 m.","s":"K7041","von":"2026-06-08","bis":"2026-10-30","t":"Sanierung Ortsdurchfahrt\n\nVOLLSPERRUNG auf der K7041, Pirower Straße\nvom 08.06.2026 bis 30.100.2026\n\nUmleitung:\nL10, Bresch  > K7042, Pirow  > K7041 und in umgekehrter Richtung.\n\nBitte der örtlichen Beschilderung folgen."}},{"type":"Feature","geometry":{"type":"LineString","coordinates":[[12.30936,52.51455],[12.30937,52.51466],[12.30943,52.51486],[12.30979,52.5162],[12.31022,52.51782],[12.31068,52.51951],[12.3107,52.51961],[12.31074,52.51972],[12.31079,52.51982],[12.31084,52.51993],[12.3109,52.52003],[12.31099,52.52016],[12.31101,52.52021],[12.31113,52.52039],[12.31124,52.52058],[12.31134,52.52077],[12.31142,52.52097],[12.31149,52.52116],[12.31155,52.52141],[12.31162,52.5217],[12.31171,52.52209],[12.31174,52.52225],[12.31176,52.52241],[12.31178,52.52267],[12.31183,52.52344],[12.31188,52.52427],[12.31189,52.52436],[12.31188,52.52446],[12.31187,52.52456],[12.31184,52.52467],[12.31179,52.52478],[12.31176,52.52483],[12.31168,52.52496]]},"properties":{"sp":1,"o":"Milower Land (Havelland) 1178 m.","s":"L96","von":"2025-05-16","bis":"2027-07-31","t":"Straßenbau\n\n> Vom 04.03.2024 bis 31.07.2027\nVOLLSPERRUNG auf der L96, OD Milow\n\nUmleitung:\nL96 über Kietz nach Bützer bis Knotenpunkt L964/L96 > L964, Vierietz > Landesgrenze Sachsen/Anhalt > B1, Richtung Neubensdorf > L96 über Nitzahn Richtung Milow und umgekehrt.\n\n> Im angegebenen Zeitraum besteht auf der L96, Karl-Marx-Straße bis Friedennstraße, eine halbseitige Sperrung mit wechselseitiger Verkehrsführung. \n\nDie Regelung erfolgt über eine Baustellenampel. \n\nBitte beachten Sie die örtliche Beschilderung und Verkehrsführung."}},{"type":"Feature","geometry":{"type":"LineString","coordinates":[[13.14558,52.65598],[13.14554,52.65593],[13.1454,52.65574],[13.14528,52.65557]]},"properties":{"sp":0,"o":"Oberkrämer (Oberhavel) 50 m.","s":"L20","von":"2026-09-02","bis":"2026-09-14","t":"Reparatur Regenwasserleitung\n\nIm angegebenen Zeitraum besteht eine halbseitige Sperrung mit wechselseitiger Verkehrsführung. \n\nBitte der örtlichen Beschilderung folgen."}},{"type":"Feature","geometry":{"type":"LineString","coordinates":[[12.53983,52.68102],[12.5397,52.68088],[12.53931,52.68041],[12.53909,52.68014],[12.53897,52.67997],[12.53884,52.67977],[12.53869,52.67947],[12.53867,52.67937]]},"properties":{"sp":0,"o":"Kotzen (Havelland) 200 m.","s":"B188","von":"2026-04-20","bis":"2026-09-11","t":"Baugrunduntersuchung\n\nIm angegebenen Zeitraum kommt es zu Einschränkungen des Verkehrsraumes mit wechselseitiger Verkehrsführung in beiden Fahrtrichtungen.\n\nDie Regelung erfolgt über eine Baustellenampel. \n\nBitte beachten Sie die örtliche Beschilderung und Verkehrsführung."}},{"type":"Feature","geometry":{"type":"LineString","coordinates":[[14.42791,51.73054],[14.42809,51.73051],[14.42918,51.73036],[14.43046,51.73021]]},"properties":{"sp":0,"o":"Neuhausen/Spree (Spree-Neiße) 180 m.","s":"B168","von":"2025-08-28","bis":"2026-10-31","t":"Baubauarbeiten für die OU Cottbus \n\ngeplanter Gesamtzeitraum der Baumaßnahme: 13.03.2023 - 31.10.2026\n\nVom 28.08.2025 bis 31.10.2026:\nBau der neuen Anschlussstelle B97 / B168\n\nBitte beachten Sie die örtliche Beschilderung und Verkehrsführung."}},{"type":"Feature","geometry":{"type":"LineString","coordinates":[[13.52821,51.45161],[13.52831,51.45104],[13.52836,51.45075],[13.52836,51.45069],[13.52836,51.45066],[13.52834,51.45063]]},"properties":{"sp":1,"o":"Elsterwerda (Elbe-Elster) 110 m.","s":"B101","von":"2025-09-10","bis":"2026-10-31","t":"Ertüchtigung der Umleitungsstrecke\n\n2. Bauabschnitt:\n> VOLLSPERRUNG vom 10.09.2025 bs 31.10.2026\n- der B101, Dresdner Straße\n- der K6204, Merzdorfer Straße vom Knotenpunkt B101/K6204 bis Abzweig Krauschützer Mittelweg\n\nUmleitung:\nB101, Alte Elsterwerdaer Straße > B169, Prösen > L59, Röderland bis Reichenhain > L593, Prieschka > L593, Richtung Dobra > B101, Elsterwerda > B101, Krauschütz und in umgekehrter Richtung.\n\noder Umleitung:\nB101, Alte Elsterwerdaer Straße > B169, Prösen > B101, Wainsdorf > L59, Merzdorf > L59, Gröden > L59, Hirschfeld > L591 über Plessa-Süd nach Plessa >  B169 über Kahla nach Elsterwerda und in umgekehrter Richtung.\n\nDie Umleitung für die Sperrung der K6204 wird über die kommunalen Straßen Krauschützer Mittelweg und Eichenweg geführt.\n\nEs besteht zudem eine halbseitige Sperrung mit wechselseitiger Verkehrsführung. Die Regelung erfolgt über eine Baustellenampel"}},{"type":"Feature","geometry":{"type":"LineString","coordinates":[[12.9361,52.48466],[12.93666,52.48428],[12.9391,52.48266],[12.94153,52.48105],[12.94396,52.47943],[12.9464,52.47781],[12.94883,52.47619],[12.95104,52.47473]]},"properties":{"sp":0,"o":"Potsdam (Potsdam) 1500 m.","s":"L204","von":"2026-09-09","bis":"2026-11-11","t":"Radwegsanierung\n\nVOLLSPERRUNG auf der L92, Paretzer Straße\nvom 09.09.2026 bis 11.11.2026\n\nUmleitung:\nL204, Falkenrehde  > L862, Ketzin/Havel  > L86/ L92 Uetz-Paaren und in umgekehrter Richtung.\n\nBitte der örtlichen Beschilderung folgen."}},{"type":"Feature","geometry":{"type":"LineString","coordinates":[[12.31638,53.01943],[12.31705,53.01905],[12.31745,53.01884],[12.3177,53.01872],[12.31795,53.01859],[12.31821,53.01847],[12.31849,53.01836],[12.31899,53.01817]]},"properties":{"sp":1,"o":"Gumtow (Prignitz) 225 m.","s":"B103","von":"2026-07-27","bis":"2026-12-18","t":"Straßenbau in mehreren Abschnitten\nGesamtzeitraum der Maßnahme: 28.07.2025 bis 18.12.2026.\n\n> VOLLSPERRUNG auf der B103 vom 27.07.2026 bis 18.12.2026:\n- ab OA Gantikow bis Abzweig Kyritzer Straße und\n- ab Abzweig Pritzwalker Straße bis OA Vehlow\n\nUmleitung:\nB103, Kyritz > B5, Neu Schrepkow > B107, Pritzwalk > B103, Kolrep und in umgekehrter Richtung.\n\nDie Verkehrsführung wird je nach Baufortschritt angepasst.\n\nBitte beachten Sie die örtliche Verkehrsführung und Beschilderung."}},{"type":"Feature","geometry":{"type":"LineString","coordinates":[[13.64399,51.94992],[13.64403,51.94986],[13.64408,51.94979],[13.64413,51.94972],[13.64415,51.94968],[13.64426,51.94952],[13.64436,51.9494],[13.64446,51.94927],[13.64457,51.94915],[13.64472,51.94896],[13.64483,51.94882],[13.645,51.94864],[13.64505,51.94859]]},"properties":{"sp":0,"o":"Golßen (Dahme-Spreewald) 165 m.","s":"B96","von":"2026-09-14","bis":"2026-11-30","t":"Neubau Versorgungsleitung und Straßenbeleuchtung\n\nIm angegebenen Zeitraum besteht eine halbseitige Sperrung mit wechselseitiger Verkehrsführung. \n\nDa der Gehweg teilweise oder voll gesperrt wird, werden alle Verkehrsteilnehmer um erhöhte Aufmerksamkeit gebeten.\n\nBitte der örtlichen Beschilderung folgen."}},{"type":"Feature","geometry":{"type":"LineString","coordinates":[[13.19269,52.68648],[13.19269,52.68649],[13.19271,52.68656],[13.19273,52.6866],[13.19275,52.68664],[13.19278,52.68667],[13.1928,52.68671],[13.19286,52.68677],[13.19292,52.68683],[13.19304,52.68696],[13.19316,52.68708],[13.19328,52.68721],[13.1934,52.68733],[13.19352,52.68746],[13.19364,52.68759],[13.19376,52.68771],[13.19389,52.68784],[13.19401,52.68796],[13.19413,52.68809],[13.19425,52.68821],[13.19437,52.68834],[13.19449,52.68846],[13.19461,52.68859],[13.19474,52.68871],[13.19486,52.68883],[13.19499,52.68896],[13.19512,52.68908],[13.19526,52.6892],[13.19539,52.68932],[13.19552,52.68944],[13.19565,52.68956],[13.19579,52.68969],[13.19592,52.68981],[13.19605,52.68993],[13.19618,52.69005],[13.1963,52.69018],[13.19642,52.6903],[13.19654,52.69043],[13.19664,52.69056],[13.19675,52.69069],[13.19686,52.69082],[13.19696,52.69095],[13.19707,52.69108],[13.19717,52.69121],[13.19728,52.69135],[13.19738,52.69148],[13.19749,52.69161],[13.1975,52.69162]]},"properties":{"sp":0,"o":"Hohen Neuendorf (Oberhavel) 660 m.","s":"L20","von":"2026-06-24","bis":"2026-09-25","t":"Erneuerung Trinkwasserleitung\n\nIm angegebenen Zeitraum besteht eine halbseitige Sperrung mit wechselseitiger Verkehrsführung. \n\nBitte der örtlichen Beschilderung folgen."}},{"type":"Feature","geometry":{"type":"LineString","coordinates":[[14.49094,51.91611],[14.49389,51.91826],[14.49526,51.91927],[14.49664,51.92029],[14.49809,51.92136],[14.49852,51.92172],[14.49935,51.92224],[14.49959,51.92236],[14.49971,51.92244],[14.49984,51.92251],[14.50042,51.9228],[14.50124,51.9231],[14.50253,51.9235],[14.50437,51.92404],[14.50588,51.92449],[14.50737,51.92493],[14.50832,51.92523],[14.51077,51.92596],[14.51187,51.9263],[14.51198,51.92635],[14.51326,51.92674],[14.51549,51.92738],[14.51733,51.92793],[14.51747,51.92797],[14.5184,51.92827],[14.51888,51.92841],[14.51891,51.92842],[14.51983,51.9287],[14.52228,51.92944],[14.52362,51.92984],[14.5245,51.93012],[14.52559,51.93043],[14.52605,51.93058],[14.52622,51.93062],[14.52715,51.9309],[14.52787,51.9311],[14.52828,51.93121],[14.52872,51.93129],[14.5297,51.93144],[14.53149,51.93168],[14.53202,51.93176],[14.53306,51.93189],[14.5352,51.9322],[14.5381,51.9326],[14.54005,51.93287],[14.54017,51.93289],[14.54216,51.93317],[14.54574,51.93365],[14.5482,51.934],[14.55106,51.93438],[14.5512,51.9344],[14.55232,51.93457],[14.55414,51.93482],[14.55634,51.93513],[14.55774,51.93533],[14.55924,51.93553],[14.56018,51.93565],[14.56107,51.93579],[14.56115,51.9358],[14.56201,51.93591],[14.5632,51.9361],[14.56345,51.93617],[14.56361,51.93622],[14.5637,51.93627],[14.56376,51.9363],[14.564,51.93648],[14.56411,51.93659],[14.56423,51.93671],[14.56451,51.93699],[14.56477,51.93723],[14.5648,51.93726],[14.56521,51.9377],[14.56602,51.93852],[14.56637,51.93887],[14.56639,51.93889],[14.56657,51.93905],[14.56673,51.93918],[14.56678,51.93921],[14.56692,51.93931],[14.56719,51.93947],[14.5674,51.93962],[14.56769,51.93994],[14.56802,51.9404],[14.56814,51.9406],[14.5683,51.94084],[14.56831,51.94086],[14.56833,51.94089],[14.56856,51.94144],[14.56874,51.94182],[14.56889,51.94213],[14.56901,51.94234],[14.56914,51.94247],[14.56923,51.94256],[14.56939,51.94268],[14.56964,51.94281],[14.57009,51.94303],[14.57065,51.94329],[14.57088,51.94341],[14.57173,51.94382],[14.57297,51.9444],[14.57471,51.94525],[14.57602,51.94589],[14.57665,51.94618],[14.57675,51.94622],[14.57746,51.94656],[14.57866,51.94715],[14.57913,51.94738],[14.57925,51.94743],[14.57947,51.94753],[14.57966,51.94761],[14.58023,51.94783],[14.5809,51.94806],[14.58141,51.94821],[14.58294,51.94866],[14.58395,51.94892],[14.58428,51.94898],[14.58456,51.94903],[14.58494,51.94908],[14.58604,51.94919],[14.58732,51.9493],[14.5902,51.94953],[14.59107,51.9496],[14.59266,51.94972],[14.5938,51.94981],[14.59651,51.95006]]},"properties":{"sp":1,"o":"Schenkendöbern (Spree-Neiße) 8546 m.","s":"L50","von":"2026-09-07","bis":"2026-11-13","t":"Deckenerneuerung\nVOLLSPERRUNG auf der L50 zwischen Bärenklau und Schenkdöbern\nvom 07.09.2026 bis 13.11.2026\n\nUmleitung:\nB320, Schenkendöbern > B112, Klein Gastrose > B97 > und gt; L502, Tauer > L50 und in umgekehrter Richtung.\n\nUmleitung Richtung Peitz: B97, Guben  > L474, > Peitz  und in umgekehrter Richtung.\n\nUmleitung Richtung Cottbus: B97, Guben > B168 > L49 > Cottbus und in umgekehrter Richtung.\n\nDie Verbindungen der L 50 mit der K 7143, die zum Großsee führt, sowie der B 320 bleiben während der gesamten Maßnahme befahrbar.\n\nDie Verkehrsführung wird je nach Baufortschritt angepasst.\n\nBitte der örtlichen Beschilderung folgen."}},{"type":"Feature","geometry":{"type":"LineString","coordinates":[[12.93361,52.38118],[12.93358,52.38127],[12.93322,52.38231]]},"properties":{"sp":1,"o":"Werder (Potsdam-Mittelmark) 129 m.","s":"L90","von":"2026-08-10","bis":"2028-04-28","t":"Grundhafter Ausbau in 4 Bauabschnitten: \n\nVOLLSPERRUNG auf der L90, ab Kastanienweg bis \"An der Föhse\"\nvom 21.08.2026 bis 28.04.2028.\n\nUmleitung für Fahrzeuge bis 7,5 t:\nOT Kemnitz (Kemnitzer Chaussee/Phöbener Straße > B1 und in umgekehrter Richtung.\n\nUmleitung für Fahrzeuge über 7,5 t:\nB1 > A10 (AS Groß Kreutz und Phöben) und in umgekehrter Richtung.\n\nDer Linienbusverkehr wird nördlich und südlich an der Baustelle über Kemnitzer Straße/Kemnitzer Chaussee und Kesselgrund vorbeigeführt.\n\nBitte beachten Sie die örtliche Verkehrsführung und Beschilderung."}},{"type":"Feature","geometry":{"type":"LineString","coordinates":[[13.64964,52.49901],[13.64955,52.499],[13.64916,52.49895],[13.6487,52.49892],[13.64829,52.49891],[13.64787,52.49892],[13.64747,52.49894],[13.64709,52.49898],[13.6467,52.49904],[13.64634,52.4991]]},"properties":{"sp":0,"o":"Hoppegarten (Märkisch-Oderland) 226 m.","s":"B1","von":"2026-04-27","bis":"2026-12-31","t":"Tiefbauarbeiten\n\nIm angegebenen Zeitraum kommt es am Knotenpunkt B1/L339, Neuer Hönower Weg sowie am Knotenpunkt B1/L339, Köpenicker Straße zu temporären Sperrungen einer Fahrspur sowie zu Geschwindigkeitsbegrenzungen.\n\nBitte der örtlichen Beschilderung folgen."}},{"type":"Feature","geometry":{"type":"LineString","coordinates":[[12.95312,52.55549],[12.95256,52.55551],[12.95196,52.55556],[12.95182,52.55557],[12.95169,52.55559],[12.95156,52.55562],[12.95144,52.55566],[12.95135,52.5557],[12.95127,52.55575],[12.95121,52.5558],[12.95116,52.55585],[12.95112,52.55592],[12.9511,52.55599],[12.95111,52.55606],[12.95113,52.55612],[12.95116,52.55619],[12.95122,52.55625],[12.95128,52.55631],[12.95137,52.55636],[12.95146,52.5564],[12.95156,52.55643],[12.95167,52.55644],[12.95179,52.55646],[12.95191,52.55646],[12.95211,52.55646],[12.95319,52.55646],[12.95435,52.55646],[12.95527,52.55647]]},"properties":{"sp":1,"o":"Wustermark (Havelland) 474 m.","s":"B5","von":"2026-09-14","bis":"2026-10-09","t":"Absicherung zweier Schwerlasttransporte\n\nVOLLSPERRUNG der Auf- und Abfahrt, AS Wustermark/Zeestow auf der B5\nvom 14.09.2026 bis 02.10.2026.\n\nAuf der L202 sowie auf der kommunalen Hafenstraße und dem Kuhdammweg besteht eine halbseitige Sperrung mit wechselseitiger Verkehrsführung. \n\nEine entsprechende Umleitung ist ausgewiesen.\n\nBitte der örtlichen Beschilderung folgen."}},{"type":"Feature","geometry":{"type":"LineString","coordinates":[[13.69666,51.64295],[13.69639,51.64313],[13.69577,51.64352],[13.69497,51.64405],[13.69411,51.64462],[13.69375,51.64486],[13.69334,51.64513],[13.69322,51.64521],[13.69295,51.64539],[13.69262,51.64561],[13.69193,51.64607],[13.69165,51.64624],[13.69159,51.64627],[13.69145,51.64634],[13.69132,51.6464],[13.69107,51.64652],[13.69067,51.6467],[13.6906,51.64673],[13.69003,51.64699],[13.68969,51.64715],[13.68952,51.64722],[13.68926,51.64734],[13.68912,51.6474],[13.68887,51.64752],[13.68807,51.64789],[13.68692,51.64841],[13.68591,51.64887],[13.6854,51.6491],[13.68484,51.64936],[13.68388,51.6498],[13.68363,51.6499],[13.68342,51.64997],[13.67758,51.65183],[13.67672,51.65211],[13.66989,51.6543],[13.66931,51.65448],[13.66904,51.65457],[13.6669,51.65526],[13.6649,51.6559],[13.6615,51.65699],[13.65914,51.65774],[13.65879,51.65786],[13.65574,51.65949],[13.65494,51.65993],[13.65209,51.66147],[13.65137,51.66186],[13.65007,51.66256],[13.6494,51.66292],[13.64849,51.66342],[13.64825,51.66355],[13.64791,51.66373],[13.64753,51.66393],[13.64747,51.66396],[13.64723,51.6641],[13.64662,51.66443],[13.64641,51.66455],[13.64633,51.66459],[13.64604,51.66474],[13.64582,51.66485],[13.64561,51.66496],[13.64521,51.66518],[13.64473,51.66545],[13.64449,51.66559],[13.64435,51.66569],[13.64422,51.6658],[13.64413,51.66589],[13.64403,51.66601],[13.6439,51.66622],[13.64381,51.66644],[13.64376,51.66662],[13.64368,51.66708],[13.64365,51.66725],[13.64363,51.66736],[13.64362,51.66745],[13.6436,51.66752],[13.64357,51.6676],[13.64355,51.66766],[13.64351,51.66772],[13.64341,51.66788],[13.64295,51.66855],[13.64281,51.66877],[13.64275,51.66887],[13.64248,51.66944],[13.64236,51.66969],[13.64225,51.6699],[13.64214,51.67015],[13.6421,51.67028],[13.64176,51.67208],[13.6417,51.67241],[13.64168,51.67266],[13.64168,51.67286],[13.64171,51.67309],[13.64177,51.67331],[13.64186,51.67352],[13.64237,51.67465],[13.64277,51.67554],[13.64293,51.67589],[13.64308,51.67623],[13.64341,51.67697],[13.64352,51.6772],[13.64359,51.67736],[13.6437,51.67758],[13.6438,51.67775],[13.64389,51.67788],[13.64396,51.67798],[13.64408,51.67813],[13.64429,51.67839],[13.64467,51.67881],[13.64482,51.67896],[13.64495,51.67911],[13.64518,51.67938],[13.64527,51.67951],[13.64533,51.67962],[13.64539,51.67973],[13.64545,51.67987],[13.64551,51.68005],[13.64563,51.68039],[13.64568,51.68056],[13.64574,51.68075],[13.64577,51.68086],[13.64583,51.68104],[13.6459,51.68127],[13.64596,51.68147],[13.64615,51.68209],[13.64629,51.68249],[13.64637,51.68272],[13.64649,51.68303],[13.64667,51.68351],[13.64673,51.68367],[13.64678,51.68382]]},"properties":{"sp":1,"o":"Sonnewalde (Elbe-Elster) 6557 m.","s":"B96","von":"2026-07-13","bis":"2026-10-02","t":"Deckenerneuerung\n\nVOLLSPERRUNG auf der B96, zwischen Sonnewalde und Finsterwalde, inkl. dem Knotenpunkt der L60 mit der B96\nvom 13.07.2026 bis 02.10.2026.\n\nUmleitung:\nB96, Sonnewalde > L701, Schönewalde > L701, Frankena >L701, Sonnewalde > L70, Doberlug-Kirchhain  > L60, Hennersdorf > L60, Finsterwalde > B96, Finsterwalde und in umgekehrter Richtung.\n\nBitte beachten Sie die örtliche Beschilderung und Verkehrsführung."}},{"type":"Feature","geometry":{"type":"LineString","coordinates":[[12.90098,52.5545],[12.90179,52.55489],[12.90202,52.555],[12.90214,52.55506]]},"properties":{"sp":0,"o":"Wustermark (Havelland) 100 m.","s":"L863","von":"2026-09-07","bis":"2026-09-11","t":"Brückeninstandsetzung\n\nIm angegebenen Zeitraum besteht eine halbseitige Sperrung mit wechselseitiger Verkehrsführung. Die Regelung erfolgt über eine Baustellenampel. \n\nBitte der örtlichen Beschilderung folgen."}},{"type":"Feature","geometry":{"type":"LineString","coordinates":[[14.11456,52.73588],[14.11476,52.7365],[14.11489,52.73692],[14.11497,52.73717],[14.11504,52.73742],[14.11509,52.73767],[14.11512,52.73792],[14.11514,52.73818],[14.11514,52.73843],[14.11513,52.73869],[14.1151,52.73894],[14.11505,52.73919],[14.11498,52.73944],[14.1149,52.73969],[14.11481,52.73994],[14.1147,52.74019],[14.11457,52.74043],[14.11443,52.74067],[14.11427,52.7409],[14.1141,52.74113],[14.11391,52.74136],[14.11375,52.74154]]},"properties":{"sp":0,"o":"Wriezen (Märkisch-Oderland) 650 m.","s":"B167","von":"2026-05-26","bis":"2026-09-11","t":"Neubau der Entwässerungsanlage\n\nIm angegebenen Zeitraum besteht eine halbseitige Sperrung mit wechselseitiger Verkehrsführung. \n\nBitte der örtlichen Beschilderung folgen."}},{"type":"Feature","geometry":{"type":"LineString","coordinates":[[13.76546,51.8348],[13.76258,51.836],[13.75972,51.83721],[13.75686,51.83842],[13.754,51.83964],[13.75115,51.84087]]},"properties":{"sp":1,"o":"Luckau (Dahme-Spreewald) 1195 m.","s":"L52","von":"2026-08-03","bis":"2026-09-11","t":"Deckenerneuerung in mehreren Bauabschnitten\n\n> 4. Bauabschnitt vom 03.08.2026 bis 11.09.2026: \nVOLLSPERRUNG auf der L52 und L526, ab der Kreuzung Freesdorfer Weg bis Schlabendorf.\n\nUmleitung:\nab KP L52/B87 > B87, OU Luckau > KP B87/ B96, Wittmannsdorf > B96, Riedebeck > B96, Bornsdorf > KP B96/L561 > L561, Weißack > L561, Gahro > L56, Crinitz > L56, Fürstlich Drehna > L56, Klein Mehßow > L56, Mallenchen > bis KP L56/L52 und in umgekehrter Richtung.\n\nBitte beachten Sie die örtliche Beschilderung und Verkehrsführung."}},{"type":"Feature","geometry":{"type":"LineString","coordinates":[[12.50813,52.55889],[12.50811,52.55889],[12.508,52.55892],[12.50795,52.55894],[12.50784,52.55896],[12.50773,52.55898],[12.5075,52.55902],[12.50727,52.55906],[12.50705,52.5591],[12.50682,52.55914],[12.50659,52.55918],[12.50648,52.5592]]},"properties":{"sp":0,"o":"Nennhausen (Havelland) 117 m.","s":"L98","von":"2026-09-07","bis":"2026-09-14","t":"Beprobung Bankett\n\nIm angegebenen Zeitraum besteht eine halbseitige Sperrung mit wechselseitiger Verkehrsführung. \n\nBitte der örtlichen Beschilderung folgen."}},{"type":"Feature","geometry":{"type":"LineString","coordinates":[[14.56845,52.14823],[14.56859,52.14825]]},"properties":{"sp":0,"o":"Schlaubetal (Oder-Spree) 10 m.","s":"B246","von":"2025-04-22","bis":"2026-12-31","t":"Anbindungen zum Windpark \"Schierenberg\"\n\nIm angegebenen Zeitraum kommt es zu Einschränkungen des Verkehrsraumes mit wechselseitiger Verkehrsführung in beiden Fahrtrichtungen.\n\nDer Verkehr wird mithilfe einer Ampel geregelt.\n\nBitte beachten Sie die örtliche Beschilderung und Verkehrsführung."}},{"type":"Feature","geometry":{"type":"LineString","coordinates":[[13.69358,53.21606],[13.6937,53.21624],[13.69383,53.2164],[13.69398,53.21655],[13.69415,53.2167],[13.69436,53.21688],[13.69467,53.21712],[13.69501,53.21741],[13.69509,53.21748],[13.69521,53.21759],[13.69543,53.21778]]},"properties":{"sp":0,"o":"Nordwestuckermark (Uckermark) 228 m.","s":"B109","von":"2026-09-14","bis":"2026-09-19","t":"Bauliche Erhaltung\n\nIm angegebenen Zeitraum besteht eine halbseitige Sperrung mit wechselseitiger Verkehrsführung. Die Regelung erfolgt über eine Baustellenampel. \n\nBitte beachten Sie die örtliche Beschilderung und Verkehrsführung."}},{"type":"Feature","geometry":{"type":"LineString","coordinates":[[13.09353,51.99056],[13.09356,51.99056],[13.09369,51.99055],[13.09411,51.99048],[13.09455,51.99044],[13.09495,51.99043],[13.09506,51.99042],[13.09511,51.99041],[13.09516,51.99038],[13.09525,51.99033],[13.09528,51.99029],[13.09549,51.98984],[13.09555,51.98973],[13.09564,51.98963],[13.09586,51.98945],[13.09657,51.98888],[13.09672,51.98879],[13.09682,51.98874],[13.0969,51.9887],[13.0976,51.98842],[13.09779,51.98834],[13.09795,51.98825],[13.09814,51.98813],[13.09825,51.98806],[13.09834,51.98799],[13.09842,51.98792],[13.09861,51.98773],[13.09866,51.98768],[13.09875,51.98755],[13.09879,51.98744],[13.09882,51.98733],[13.09882,51.98731]]},"properties":{"sp":1,"o":"Jüterbog (Teltow-Fläming) 553 m.","s":"B102","von":"2026-03-02","bis":"2028-09-01","t":"Grundhafter Ausbau mit Kanal- und Straßenbau\n\nVOLLSPERRUNG auf der B102, OD Jüterbog, Hauptstraße ab Abzweig Stegeweg bis Vorstadt Neumarkt\nvom 02.03.2026 bis 01.09.2028.\n\nUmleitung:\nA) B102 über B101 > Luckenwalder Straße > Fuchsberge > Neuheimer Weg > Bülowstraße und in umgekehrter Richtung.\nB) L81 über Schloßstraße > Fuchsberge > Luckenwalder Straße > B101.\n\nAb dem 18.08.2026 besteht ab Abzweig Stegeweg bis Abzweig Dorfstraße eine proviorische Umfahrung. Es kommt zu Einschränkungen des Verkehrsraumes mit wechselseitiger Verkehrsführung in beiden Fahrtrichtungen kommen.\n\nDie Verkehrsführung wird je nach Baufortschritt angepasst.\n\nBitte beachten Sie die örtliche Verkehrsführung und Beschilderung."}},{"type":"Feature","geometry":{"type":"LineString","coordinates":[[13.75849,53.09648],[13.75846,53.09647],[13.7583,53.09645]]},"properties":{"sp":0,"o":"Temmen-Ringenwalde (Uckermark) 13 m.","s":"L241","von":"2026-09-02","bis":"2026-09-30","t":"Absicherung Fahrbahnschaden\n\nIm angegebenen Zeitraum besteht eine halbseitige Sperrung mit wechselseitiger Verkehrsführung. \n\nBitte der örtlichen Beschilderung folgen."}},{"type":"Feature","geometry":{"type":"LineString","coordinates":[[12.75432,52.52828],[12.75439,52.52835],[12.75465,52.52862],[12.75478,52.52876],[12.75487,52.52886],[12.75497,52.52898],[12.75505,52.5291],[12.75509,52.52916],[12.75514,52.52926],[12.75556,52.53012],[12.75596,52.53093],[12.75635,52.53172],[12.75638,52.53178],[12.7564,52.53181],[12.7564,52.53184],[12.7564,52.53187],[12.75639,52.53189],[12.75638,52.53191],[12.75637,52.53194],[12.75635,52.53197],[12.75633,52.532],[12.756,52.53237],[12.7557,52.53269],[12.75564,52.53275],[12.75563,52.53277],[12.75561,52.5328],[12.7556,52.53282],[12.75559,52.53285],[12.75559,52.53288],[12.75558,52.53291],[12.75559,52.53294],[12.7556,52.53296],[12.75561,52.53299],[12.75563,52.53301],[12.75566,52.53304],[12.75568,52.53306],[12.75572,52.53308],[12.75576,52.5331],[12.75598,52.53317],[12.75766,52.53371],[12.75795,52.5338],[12.75815,52.53388],[12.75829,52.53395],[12.75831,52.53396]]},"properties":{"sp":1,"o":"Nauen (Havelland) 778 m.","s":"L91","von":"2026-03-16","bis":"2026-10-31","t":"Erneuerung der Fahrbahn\n\n4. - 6. Bauabschnitt:\nVOLLSPERRUNG auf der L91, Wachow, Brandenburger Allee\nvom 16.03.2026 bis 31.10.2026.\n\nSPERRUNG der Einfahrten \"Zum Stützpunkt\", \"Zum Friedhof\" und \"Am Dorfteich\".\nZufahrt für Anwohner wird gewährleistet.\n\nUmleitung:\nL91, Gohlitz  > K6306, Niebede  > K6306, Tremmen >  K6307, Zachow > L92, Roskow > L91, Päwesin und in umgekehrter Richtung.\n\nBitte beachten Sie die örtliche Verkehrsführung und Beschilderung."}},{"type":"Feature","geometry":{"type":"LineString","coordinates":[[14.28041,52.18122],[14.279,52.18006],[14.27679,52.17824],[14.27458,52.17641],[14.27236,52.17458],[14.27229,52.17452],[14.27226,52.17449],[14.27206,52.17433],[14.27186,52.17418],[14.27164,52.17403],[14.27142,52.17388],[14.2712,52.17373],[14.27097,52.17359],[14.27073,52.17345],[14.27059,52.17338],[14.27044,52.17331],[14.26924,52.17273]]},"properties":{"sp":1,"o":"Beeskow (Oder-Spree) 1220 m.","s":"B168","von":"2026-08-24","bis":"2026-10-09","t":"Deckenerneuerung \nGesamtzeitraum der Maßnahme: 14.08.2026 bis 31.10.2026.\n\nVOLLSPERRUNG auf der B168\n> 1. Bauabschnitt vom 24.08.20026 bis vsl. 09.10.2026\nab dem Bahnübergang an der Frankfurter Chausee bis Höhe Ausbau Oegeln\n\nUmleitung:\nB168, OD Beeskow, Kreisel > B246, Krügersdorf > B246, Schneeberg > B246, Grunow > L435, Mixdorf > L435, Müllrose > Kreisel > B87, OU Müllrose -- B87, Ragow > B87, OU Beeskow und in umgekehrter Richtung.\n\nBitte der örtlichen Beschilderung folgen."}},{"type":"Feature","geometry":{"type":"LineString","coordinates":[[12.51816,52.13164],[12.51837,52.13165],[12.51857,52.13167],[12.51872,52.13169],[12.51907,52.13175],[12.51978,52.13186]]},"properties":{"sp":1,"o":"Bad Belzig (Potsdam-Mittelmark) 113 m.","s":"B246","von":"2026-07-06","bis":"2027-08-31","t":"Erneuerung der Ortsdurchfahrt Klein Glien\n\n> Vom 13.07.2026 bis 31.08.2027 \nVOLLSPERRUNG auf der B246, Klein Glien.\n\nUmleitung von Bad Belzig:\nB246, Bad Belzig > L95 über Benken > L95, Görzke > B107, Wiesenburg > B246, Klein Glien und in umgekehrter Richtung.\n\nBitte der örtlichen Beschilderung folgen."}},{"type":"Feature","geometry":{"type":"LineString","coordinates":[[12.04734,53.30056],[12.04731,53.30065]]},"properties":{"sp":0,"o":"Putlitz (Prignitz) 10 m.","s":"K7024","von":"2026-10-13","bis":"2026-10-16","t":"Sanierung Durchlass\n\n> Vom 21.09.2026 bis 05.10.2026 \nbesteht eine halbseitige Sperrung mit wechselseitiger Verkehrsführung. Die Regelung erfolgt über eine Baustellenampel. \n\n> Vom 05.10.2026 bis 12.10.2026\nVOLLSPERRUNG auf der K7024, Höhe Duhlenzer Berg\n\nUmleitung: \nK7024, Nettelbeck > L13, Telschow-Weitgendorf  > K7021, Frehne  > L14, Krempendorf  > K7024, Jännersdorf > K7024, Porep und in umgekehrter Richtung.\n\n> Vom 13.10.2026 bis 16.10.2026 \nbesteht eine halbseitige Sperrung mit wechselseitiger Verkehrsführung. Die Regelung erfolgt über eine Baustellenampel. \n\nDie Verkehrsführung wird je nach Baufortschritt angepasst.\n\nBitte der örtlichen Beschilderung folgen."}},{"type":"Feature","geometry":{"type":"LineString","coordinates":[[14.63461,52.09221],[14.63461,52.09217],[14.63464,52.09203],[14.63469,52.09188],[14.63487,52.09144],[14.63503,52.09105],[14.63509,52.09094],[14.63514,52.09086],[14.63519,52.09078],[14.63527,52.09071],[14.63536,52.09065],[14.63546,52.09059],[14.63558,52.09053],[14.63572,52.09048],[14.63588,52.09044],[14.63624,52.09036],[14.63652,52.0903],[14.6368,52.09023],[14.63699,52.09017],[14.63718,52.09009],[14.63733,52.09001],[14.63747,52.08991],[14.63758,52.08979],[14.63768,52.08968],[14.63785,52.08943],[14.63799,52.08923],[14.63809,52.08911],[14.63817,52.08904],[14.63826,52.08897],[14.63836,52.08892],[14.63848,52.08887],[14.63918,52.0886],[14.63982,52.08836],[14.64009,52.08827],[14.64028,52.08822],[14.6407,52.08813],[14.64103,52.08807],[14.64115,52.08804],[14.64119,52.08803],[14.64131,52.088],[14.64142,52.08796],[14.64153,52.08791],[14.64163,52.08786],[14.64174,52.08779],[14.64184,52.08771],[14.64192,52.08764],[14.64197,52.0876],[14.64216,52.08746],[14.64231,52.08738],[14.64246,52.08731],[14.64414,52.08676],[14.64539,52.08636],[14.64573,52.08625],[14.64583,52.08621]]},"properties":{"sp":0,"o":"Neuzelle (Oder-Spree) 1080 m.","s":"L431","von":"2026-08-17","bis":"2026-09-18","t":"Beseitigung Fahrbahnschäden\n\nIm angegebenen Zeitraum besteht eine halbseitige Sperrung mit wechselseitiger Verkehrsführung. Die Regelung erfolgt über eine Baustellenampel. \n\nBitte der örtlichen Beschilderung folgen."}},{"type":"Feature","geometry":{"type":"LineString","coordinates":[[13.93983,52.96358],[13.94016,52.96371],[13.94054,52.96385],[13.94059,52.96386]]},"properties":{"sp":0,"o":"Ziethen (Barnim) 60 m.","s":"B198","von":"2026-09-21","bis":"2026-10-02","t":"B198, bei Klein Ziethen\n\nIm angegebenen Zeitraum besteht eine halbseitige Sperrung mit wechselseitiger Verkehrsführung. Die Regelung erfolgt über eine Baustellenampel. \n\nBitte beachten Sie die örtliche Beschilderung und Verkehrsführung."}},{"type":"Feature","geometry":{"type":"LineString","coordinates":[[14.29919,51.97843],[14.30037,51.97718],[14.30058,51.97695]]},"properties":{"sp":0,"o":"Schwielochsee (Dahme-Spreewald) 190 m.","s":"B168","von":"2026-09-14","bis":"2026-11-30","t":"Kabeltiefbau\n\nIm angegebenen Zeitraum besteht eine halbseitige Sperrung mit wechselseitiger Verkehrsführung. \n\nBitte der örtlichen Beschilderung folgen."}},{"type":"Feature","geometry":{"type":"LineString","coordinates":[[14.39135,51.72021],[14.39149,51.72022],[14.39149,51.72022]]},"properties":{"sp":0,"o":"Cottbus (Cottbus) 10 m.","s":"L50","von":"2026-08-26","bis":"2026-09-30","t":"Errichtung Abwasserpumpwerk\n\nIm angegebenen Zeitraum besteht eine halbseitige Sperrung mit wechselseitiger Verkehrsführung. \n\nBitte der örtlichen Beschilderung folgen."}},{"type":"Feature","geometry":{"type":"LineString","coordinates":[[13.0604,52.45941],[13.06006,52.4594],[13.05969,52.45941],[13.05932,52.45942],[13.05895,52.45945],[13.05858,52.45948],[13.05822,52.45953],[13.05786,52.45958],[13.05751,52.45964],[13.05709,52.45972],[13.05679,52.45978]]},"properties":{"sp":0,"o":"Potsdam (Potsdam) 250 m.","s":"B2","von":"2026-07-06","bis":"2028-05-05","t":"Straßenbauarbeiten / Umbauarbeiten Knotenpunkt Krampnitz\n\nIm angegebenen Zeitraum besteht zwischen Hannoversche Straße und Rothkehlchenweg (inkl. Einmündung Schwedische Allee) eine halbseitige Sperrung mit wechselseitiger Verkehrsführung. \n\nDie Regelung erfolgt über eine Baustellenampel. \n\nBitte der örtlichen Beschilderung folgen."}},{"type":"Feature","geometry":{"type":"LineString","coordinates":[[14.25985,51.73952],[14.25989,51.73986],[14.25992,51.74047],[14.25994,51.74075],[14.25999,51.74145],[14.26,51.74148],[14.26004,51.7419],[14.26007,51.74201],[14.26021,51.74235],[14.26037,51.74273],[14.26052,51.74307],[14.26063,51.74332],[14.26119,51.74457],[14.26128,51.7448],[14.2613,51.74489]]},"properties":{"sp":1,"o":"Kolkwitz (Spree-Neiße) 610 m.","s":"L50","von":"2026-07-13","bis":"2026-10-16","t":"Verlegung Trinkwasserleitung\n\n> Vom 29.06.2026 bis 10.07.2026 besteht eine halbseitige Sperrung auf der L50, Abzweig Koschendorfer Straße. Die Regelung erfolgt über eine Baustellenampel.\n\n> Vom 13.07.2026 bis 16.10.2026 VOLLSPERRUNG auf der L50, Hänchener Straße.\n\nUmleitung:\nFeldstraße > Koschendorfer Straße und in umgekehrter Richtung.\nDie Regelung erfolgt über eine Baustellenampel. \n\nBitte beachten Sie die örtliche Beschilderung und Verkehrsführung."}},{"type":"Feature","geometry":{"type":"LineString","coordinates":[[13.62,51.8517],[13.62031,51.85143],[13.6204,51.85134],[13.62058,51.85117],[13.62125,51.85051],[13.62155,51.85021],[13.62188,51.84991],[13.62193,51.84986],[13.62206,51.84973],[13.62224,51.84956]]},"properties":{"sp":1,"o":"Heideblick (Dahme-Spreewald) 283 m.","s":"K6133","von":"2026-09-07","bis":"2026-10-16","t":"Straßenbau\n\nVOLLSPERRUNG auf der K6133\nvom 07.09.2026 bis 16.10.2026\n\nUmleitung:\nB87, Richtung Luckau >B102, Zöllmersdorf > B102, Uckro und in umgekehrter Richtung.\n\nBitte der örtlichen Beschilderung folgen."}},{"type":"Feature","geometry":{"type":"LineString","coordinates":[[13.51037,52.59862],[13.5097,52.59836],[13.50744,52.59746],[13.50517,52.59657]]},"properties":{"sp":0,"o":"Ahrensfelde (Barnim) 420 m.","s":"B2","von":"2026-07-13","bis":"2027-04-12","t":"Leitungsarbeiten der Stromnetz Berlin\n\nIm angegebenen Zeitraum besteht eine halbseitige Sperrung mit wechselseitiger Verkehrsführung. Die Regelung erfolgt über eine Baustellenampel. \n\nBitte der örtlichen Beschilderung folgen."}},{"type":"Feature","geometry":{"type":"LineString","coordinates":[[14.41605,52.01717],[14.41589,52.01719],[14.4156,52.01722],[14.41461,52.01731],[14.41357,52.0174],[14.41333,52.01741],[14.41309,52.01741],[14.41278,52.01738],[14.41143,52.01717],[14.41034,52.01699]]},"properties":{"sp":0,"o":"Jamlitz (Dahme-Spreewald) 400 m.","s":"L452","von":"2026-08-10","bis":"2027-02-28","t":"Verlegung von Mittel- und Niederspannungskabeln\n\nIm angegebenen Zeitraum kommt es zu Einschränkungen des Verkehrsraumes mit wechselseitiger Verkehrsführung in beiden Fahrtrichtungen.\n\nBitte beachten Sie die örtliche Beschilderung und Verkehrsführung."}},{"type":"Feature","geometry":{"type":"LineString","coordinates":[[14.26482,52.10276],[14.26482,52.10272],[14.26481,52.10267],[14.26468,52.10244],[14.2644,52.10189],[14.26431,52.10172],[14.26422,52.10158],[14.26248,52.0989],[14.25858,52.09297],[14.25841,52.0927],[14.25834,52.09256],[14.25827,52.09242],[14.25822,52.09228],[14.25814,52.092],[14.25812,52.09185],[14.2581,52.09168],[14.2581,52.09155],[14.25811,52.09141],[14.25817,52.09105],[14.25823,52.09077],[14.25872,52.08874]]},"properties":{"sp":0,"o":"Friedland (Oder-Spree) 1648 m.","s":"B168","von":"2026-04-20","bis":"2026-12-31","t":"Neubau Geh-/Radweg und\nNeubau der Brücke über das Wuggelmühlenfließ\n\nIm angegebenen Zeitraum kommt es zu Einschränkungen des Verkehrsraumes mit wechselseitiger Verkehrsführung in beiden Fahrtrichtungen.\n\nBitte beachten Sie die örtliche Beschilderung und Verkehrsführung."}},{"type":"Feature","geometry":{"type":"LineString","coordinates":[[14.35762,51.76863],[14.35763,51.76865],[14.35767,51.76875],[14.35772,51.76888],[14.35782,51.7691],[14.35792,51.76927],[14.35793,51.7693]]},"properties":{"sp":0,"o":"Cottbus (Cottbus) 76 m.","s":"B169","von":"2025-09-26","bis":"2027-12-21","t":"Grundhafter Ausbau in mehreren Bauphasen\n\nBauphase 2: \nAb 26.09.2025\nkommt es auf der B169 beim Kreisverkehr B169 Stadtring / Nordring zu einspuriger Verkehrsführung in beiden Fahrtrichtungen.\n\nAus Richtung Peitz kommend ist der Geh- und Radweg gesperrt. \nEs wird eine Umleitung eingerichtet.\n\nDann werden bis zum Abzweig \"Drewitzer Straße\" beide Richtungsfahrbahn auf eine Fahrbahn übergeleitet. \n\nZwischen dem Abzweig \"Am Großen Spreewehr\" und dem Bahnübergang werden beide Richtungsfahrbahnen auf eine Fahrbahn übergeleitet. \n\nHinweis: Die Zuwegung aus Merzdorf kommen zu \"Am Großen Spreewehr\" ist gewährleistet.\n\n________________________________\n\nVOLLSPERRUNG der \"Drewitzer Straße\" (Abzweig von der B169) ab 22.10.2025.\n\n\nDie Verkehrsführung wird je nach Baufortschritt angepasst\nBitte beachten Sie die örtliche Beschilderung und Verkehrsführung."}},{"type":"Feature","geometry":{"type":"LineString","coordinates":[[12.85522,52.52886],[12.85527,52.52893],[12.85535,52.529],[12.85543,52.52906],[12.85553,52.52912],[12.85563,52.52918],[12.85573,52.52923],[12.85581,52.52927],[12.85597,52.52935],[12.85627,52.52949],[12.85677,52.52971],[12.85736,52.52995],[12.85781,52.53013],[12.85808,52.53024],[12.85833,52.53033],[12.85863,52.53044],[12.85908,52.53059],[12.86026,52.53097],[12.8611,52.53124],[12.86136,52.5313],[12.86159,52.53137],[12.86174,52.53142],[12.8619,52.53147],[12.86205,52.53153],[12.86218,52.53157],[12.86249,52.5317],[12.86316,52.53198],[12.86365,52.53219],[12.86409,52.53237],[12.8642,52.53242],[12.86432,52.53248],[12.86443,52.53255],[12.86455,52.53262],[12.86465,52.53269],[12.86475,52.53277],[12.86484,52.53286],[12.86492,52.53294],[12.865,52.53303],[12.86504,52.53307],[12.86511,52.53316],[12.86523,52.5333],[12.86538,52.53349],[12.86546,52.53358],[12.86554,52.53366],[12.86563,52.53375],[12.86577,52.53388],[12.86686,52.53485],[12.86794,52.53583],[12.86851,52.53636],[12.86902,52.53682],[12.86934,52.53708],[12.87012,52.53778],[12.87127,52.5388],[12.87136,52.53888],[12.87145,52.53896],[12.87156,52.53902],[12.87168,52.53909],[12.8718,52.53915],[12.87199,52.53923],[12.8725,52.53942],[12.87317,52.53968],[12.87329,52.53973],[12.87341,52.53977],[12.87366,52.53988],[12.87403,52.54004],[12.87448,52.54024],[12.87462,52.5403],[12.87476,52.54037],[12.87489,52.54043],[12.87502,52.54051],[12.87514,52.54058],[12.87526,52.54066],[12.87537,52.54074],[12.87552,52.54086],[12.87568,52.54101],[12.87589,52.5412],[12.87594,52.54125],[12.87598,52.5413],[12.87605,52.5414],[12.87608,52.54144]]},"properties":{"sp":0,"o":"Ketzin/Havel (Havelland) 2037 m.","s":"L86","von":"2026-09-07","bis":"2026-09-14","t":"Beprobung Bankett\n\nIm angegebenen Zeitraum besteht eine halbseitige Sperrung mit wechselseitiger Verkehrsführung. \n\nBitte der örtlichen Beschilderung folgen."}},{"type":"Feature","geometry":{"type":"LineString","coordinates":[[13.28385,52.34516],[13.28391,52.34532],[13.28423,52.34606],[13.28462,52.34693],[13.28475,52.34719],[13.28486,52.34738],[13.28499,52.34758],[13.28511,52.34776],[13.28524,52.34794],[13.28539,52.34812],[13.28563,52.3484],[13.28581,52.34858]]},"properties":{"sp":0,"o":"Großbeeren (Teltow-Fläming) 405 m.","s":"B101","von":"2026-09-28","bis":"2026-10-02","t":"Gewährleistungsarbeiten\n\nIm angegebenen Zeitraum kommt es zu Einschränkungen des Verkehrsraumes mit einspuriger Verkehrsführung in beiden Fahrtrichtungen.\n\nBitte beachten Sie die örtliche Beschilderung und Verkehrsführung."}},{"type":"Feature","geometry":{"type":"LineString","coordinates":[[12.51212,52.13201],[12.51256,52.13206],[12.513,52.1321],[12.51318,52.13212],[12.51335,52.13212],[12.5135,52.13212],[12.51365,52.13212],[12.51386,52.1321],[12.51512,52.13197],[12.51626,52.13182],[12.51702,52.13173],[12.5173,52.1317],[12.51752,52.13167],[12.51773,52.13165],[12.51788,52.13164],[12.51802,52.13164],[12.51816,52.13164]]},"properties":{"sp":1,"o":"Bad Belzig (Potsdam-Mittelmark) 420 m.","s":"B246","von":"2026-07-06","bis":"2027-08-31","t":"Erneuerung der Ortsdurchfahrt Klein Glien\n\n> Vom 13.07.2026 bis 31.08.2027 \nVOLLSPERRUNG auf der B246, Klein Glien.\n\nUmleitung von Bad Belzig:\nB246, Bad Belzig > L95 über Benken > L95, Görzke > B107, Wiesenburg > B246, Klein Glien und in umgekehrter Richtung.\n\nBitte der örtlichen Beschilderung folgen."}},{"type":"Feature","geometry":{"type":"LineString","coordinates":[[12.77082,52.91292],[12.76979,52.91243],[12.76905,52.9121],[12.76861,52.91191],[12.76834,52.91179],[12.76799,52.91163],[12.76719,52.91127],[12.7664,52.91091],[12.76488,52.9102],[12.76332,52.90947],[12.76307,52.90936],[12.76281,52.90924],[12.76255,52.90912],[12.76222,52.90898],[12.76169,52.90874],[12.76108,52.90847],[12.76085,52.90837],[12.76062,52.90827],[12.7604,52.90817],[12.76018,52.90807],[12.75988,52.90793],[12.75832,52.9072],[12.75651,52.90635],[12.75634,52.90628],[12.75617,52.90621],[12.75587,52.9061],[12.75556,52.90601],[12.75526,52.90594],[12.75493,52.90588],[12.75462,52.90584],[12.75438,52.90582],[12.75421,52.90581],[12.75389,52.90579],[12.75339,52.90577],[12.75296,52.90575],[12.75266,52.90573],[12.7523,52.9057],[12.7519,52.90565],[12.75084,52.90552],[12.75003,52.90543],[12.74949,52.90537],[12.74907,52.90533],[12.74873,52.9053],[12.74836,52.90529],[12.74792,52.90528],[12.74756,52.90528],[12.74721,52.90529],[12.74685,52.90531],[12.74649,52.90534],[12.74628,52.90536],[12.74586,52.90541],[12.7453,52.90549],[12.74421,52.90567]]},"properties":{"sp":0,"o":"Neuruppin (Ostprignitz-Ruppin) 2060 m.","s":"B167","von":"2026-07-27","bis":"2027-04-30","t":"Deckensanierung Neubau Radweg\n\nIm angegebenen Zeitraum besteht eine halbseitige Sperrung mit wechselseitiger Verkehrsführung. Die Regelung erfolgt zudem über eine Baustellenampel. \n\nDer Radweg und Gehweg der Bechliner Chaussee ist ab dem KP Dorfstraße/Treskower Weg, OD Neuruppin gesperrt.\n\nIn dem Zeitraum vom 31.08.2026 bis 30.04.2027 kommt es bis zur AS Neuruppin zudem zu geringfügigen Verkehrseinschränkungen. \n\nBitte beachten Sie die örtliche Beschilderung und Verkehrsführung."}},{"type":"Feature","geometry":{"type":"LineString","coordinates":[[14.51314,52.55178],[14.51671,52.55227],[14.52028,52.55276],[14.52384,52.55326],[14.52741,52.55375],[14.53097,52.55425],[14.53453,52.55474],[14.5381,52.55524],[14.54166,52.55573],[14.54523,52.55623],[14.54879,52.55672],[14.55237,52.55722]]},"properties":{"sp":1,"o":"Küstriner Vorland (Märkisch-Oderland) 2728 m.","s":"B1","von":"2026-07-20","bis":"2026-09-25","t":"Deckenerneuerung \n\nVOLLSPERRUNG vom 20.07.2026 bis 25.09.2026\nauf der B1, zwischen dem Knotenpunkt der Frankfurter Straße (B112)/Berliner Straße (B1) in Manschnow und der OU Seelow.\n\nUmleitung:\nab KP B1/B112, Manschnow > B112, Rathstock > B112, Podelzig  > KV B112/B167, Lebus > B167, Schönfließ > B167, Libbenichen > KP B167/L332, Dolgelin > B167/B1, OU Seelow > KP B1/B167/L37, OU Seelow = U5 und in umgekehrter Richtung = U6.\n\nDie Regelung des Umleitungsverkehrs erfolgt über eine Baustellenampel. \n\nBitte beachten Sie die örtliche Beschilderung und Verkehrsführung."}},{"type":"Feature","geometry":{"type":"LineString","coordinates":[[12.90214,52.55506],[12.90202,52.555],[12.90179,52.55489],[12.90098,52.5545]]},"properties":{"sp":0,"o":"Wustermark (Havelland) 100 m.","s":"L863","von":"2026-09-07","bis":"2026-09-11","t":"Brückeninstandsetzung\n\nIm angegebenen Zeitraum besteht eine halbseitige Sperrung mit wechselseitiger Verkehrsführung. Die Regelung erfolgt über eine Baustellenampel. \n\nBitte der örtlichen Beschilderung folgen."}},{"type":"Feature","geometry":{"type":"LineString","coordinates":[[13.94059,52.96386],[13.94054,52.96385],[13.94016,52.96371],[13.93983,52.96358]]},"properties":{"sp":0,"o":"Ziethen (Barnim) 60 m.","s":"B198","von":"2026-09-21","bis":"2026-10-02","t":"B198, bei Klein Ziethen\n\nIm angegebenen Zeitraum besteht eine halbseitige Sperrung mit wechselseitiger Verkehrsführung. Die Regelung erfolgt über eine Baustellenampel. \n\nBitte beachten Sie die örtliche Beschilderung und Verkehrsführung."}},{"type":"Feature","geometry":{"type":"LineString","coordinates":[[12.30586,52.56232],[12.30595,52.56241],[12.30607,52.56254],[12.30619,52.56266],[12.30631,52.56279],[12.30643,52.56291],[12.30655,52.56303],[12.30668,52.56316],[12.3068,52.56328],[12.30692,52.56341],[12.30704,52.56353],[12.30716,52.56366],[12.30727,52.56379],[12.30738,52.56391],[12.30748,52.56404],[12.30752,52.56411],[12.30761,52.56424],[12.30764,52.56431],[12.30771,52.56445],[12.30776,52.56456],[12.30781,52.5647],[12.30783,52.56477],[12.30786,52.56491],[12.30787,52.56498],[12.30789,52.56513],[12.3079,52.56523],[12.30789,52.56538],[12.30789,52.56549],[12.30787,52.5656],[12.30784,52.56574],[12.30781,52.56585],[12.30777,52.56599],[12.30774,52.56606],[12.30768,52.5662],[12.30761,52.56634],[12.30754,52.56648],[12.30746,52.56661],[12.30739,52.56675],[12.30731,52.56689],[12.30723,52.56702],[12.30714,52.56716],[12.30706,52.5673],[12.30698,52.56744],[12.3069,52.56757],[12.30682,52.56771],[12.30674,52.56785],[12.30666,52.56798],[12.30658,52.56812],[12.3065,52.56826],[12.30642,52.56839],[12.30634,52.56853],[12.30626,52.56867],[12.30618,52.5688],[12.3061,52.56894],[12.30602,52.56908],[12.30594,52.56921],[12.30586,52.56935],[12.30578,52.56949],[12.3057,52.56962],[12.30562,52.56976],[12.30554,52.5699],[12.30546,52.57003],[12.30537,52.57017],[12.30529,52.57031],[12.30521,52.57044],[12.30513,52.57058],[12.30505,52.57072],[12.30497,52.57085],[12.30489,52.57099],[12.30481,52.57113],[12.30473,52.57126],[12.30465,52.5714],[12.30457,52.57154],[12.30449,52.57167],[12.30441,52.57181],[12.30434,52.57195],[12.30426,52.57208],[12.30418,52.57222],[12.3041,52.57236],[12.30402,52.57249],[12.30394,52.57263],[12.30386,52.57276],[12.30378,52.5729],[12.3037,52.57304],[12.30362,52.57317],[12.30354,52.57331],[12.30346,52.57345],[12.30338,52.57358],[12.3033,52.57372],[12.30322,52.57386],[12.30314,52.57399],[12.30306,52.57413],[12.30298,52.57427],[12.3029,52.5744],[12.30282,52.57454],[12.30274,52.57468],[12.30266,52.57481],[12.30258,52.57495],[12.3025,52.57509],[12.30242,52.57522],[12.30234,52.57536],[12.30226,52.5755],[12.30219,52.57563],[12.30211,52.57577],[12.30203,52.5759],[12.30195,52.57604],[12.30187,52.57618],[12.30179,52.57631],[12.30171,52.57645],[12.30163,52.57659],[12.30155,52.57672],[12.30147,52.57686],[12.30139,52.577],[12.30131,52.57713],[12.30123,52.57727],[12.30115,52.57741],[12.30107,52.57754],[12.30099,52.57768],[12.30091,52.57782],[12.30083,52.57795],[12.30075,52.57809],[12.30067,52.57823],[12.30059,52.57836],[12.30051,52.5785],[12.30043,52.57864],[12.30035,52.57877],[12.30027,52.57891],[12.30019,52.57905],[12.30011,52.57918],[12.30003,52.57932],[12.29995,52.57946],[12.29987,52.57959],[12.29979,52.57973],[12.29972,52.57987],[12.29964,52.58],[12.29957,52.58014],[12.29951,52.58028],[12.29944,52.58042],[12.29938,52.58056],[12.29932,52.5807],[12.29926,52.58084],[12.2992,52.58098],[12.29914,52.58112],[12.29908,52.58126],[12.29902,52.5814],[12.29896,52.58154],[12.2989,52.58168],[12.29884,52.58182],[12.29878,52.58196],[12.29872,52.5821],[12.29866,52.58224],[12.2986,52.58238],[12.29854,52.58252],[12.29848,52.58266],[12.29842,52.5828],[12.29836,52.58294],[12.2983,52.58308],[12.29823,52.58322],[12.29817,52.58336],[12.29811,52.5835],[12.29805,52.58364],[12.29799,52.58378],[12.29793,52.58392],[12.29787,52.58406],[12.29781,52.5842],[12.29774,52.58433],[12.29768,52.58447],[12.29762,52.58461],[12.29756,52.58475],[12.2975,52.58489],[12.29744,52.58503],[12.29738,52.58517],[12.29732,52.58531],[12.29726,52.58545],[12.2972,52.58559],[12.29714,52.58573],[12.29708,52.58587],[12.297,52.58605],[12.29694,52.58619],[12.29688,52.58633],[12.29682,52.58646],[12.29676,52.5866],[12.2967,52.58674],[12.29664,52.58688],[12.29658,52.58702],[12.29652,52.58716],[12.29646,52.5873],[12.2964,52.58744],[12.29634,52.58759],[12.29629,52.58773],[12.29624,52.58787],[12.29618,52.58801],[12.29613,52.58815],[12.29608,52.58829],[12.29603,52.58843],[12.29599,52.58857],[12.29595,52.58872],[12.29591,52.58886],[12.29587,52.589],[12.29584,52.58915],[12.29581,52.58929],[12.29579,52.58944],[12.29578,52.58958],[12.29577,52.58973],[12.29576,52.58987],[12.29575,52.59002],[12.29574,52.59016],[12.29573,52.5903],[12.29572,52.59045],[12.29572,52.59059],[12.29571,52.59074],[12.2957,52.59088],[12.29571,52.59096]]},"properties":{"sp":0,"o":"Rathenow (Havelland) 3347 m.","s":"L96","von":"2026-07-20","bis":"2027-05-28","t":"Straßen- und Radwegebau \n\nIm angegebenen Zeitraum besteht eine halbseitige Sperrung mit wechselseitiger Verkehrsführung. \n\nDie Regelung erfolgt über eine Baustellenampel. \n\nBitte der örtlichen Beschilderung folgen."}},{"type":"Feature","geometry":{"type":"LineString","coordinates":[[13.75476,52.95924],[13.75447,52.95922],[13.75438,52.9592],[13.7543,52.95919],[13.75422,52.95917],[13.75415,52.95914],[13.75409,52.9591],[13.75405,52.95906],[13.75398,52.95899],[13.75391,52.95889],[13.75383,52.95875],[13.75346,52.95796],[13.7534,52.95782],[13.7533,52.95756],[13.75324,52.95739],[13.75321,52.95725],[13.7532,52.95707],[13.7532,52.95698],[13.75321,52.95684],[13.75322,52.9567],[13.75378,52.95318],[13.75378,52.953],[13.75378,52.95291],[13.75376,52.95283],[13.75371,52.9527],[13.75364,52.95257],[13.75348,52.95232],[13.75239,52.95078],[13.7523,52.95066],[13.75217,52.95049],[13.75206,52.95038],[13.75198,52.95031],[13.75179,52.95017],[13.75169,52.95011],[13.75147,52.94999],[13.751,52.94976],[13.74957,52.9491],[13.7494,52.94902],[13.74911,52.94887],[13.749,52.9488],[13.74891,52.94873],[13.74883,52.94865],[13.74876,52.94856],[13.74871,52.94847],[13.74868,52.94838],[13.74867,52.94829],[13.74868,52.94815],[13.7487,52.94806],[13.74909,52.94664],[13.74911,52.94655],[13.74913,52.94637],[13.74911,52.94619],[13.74907,52.94606],[13.74904,52.94597],[13.74894,52.94581],[13.74879,52.9456],[13.74869,52.94548],[13.74855,52.94532],[13.74835,52.94513],[13.74817,52.94499],[13.74802,52.94489],[13.74787,52.94479],[13.7477,52.9447],[13.74735,52.94452],[13.74682,52.94428],[13.74608,52.94397],[13.74572,52.9438],[13.74539,52.94362],[13.74512,52.94346],[13.74483,52.94325],[13.74454,52.94304],[13.73987,52.93956],[13.73931,52.93914],[13.73903,52.93892],[13.73877,52.9387],[13.73864,52.93859],[13.73633,52.93641],[13.73599,52.93607],[13.73417,52.93419],[13.73407,52.93407],[13.73397,52.93394],[13.73389,52.93381],[13.73382,52.93363],[13.73377,52.93344],[13.73376,52.93331],[13.73376,52.93312],[13.73392,52.93067],[13.73393,52.93013],[13.7339,52.92945],[13.7338,52.92796],[13.73377,52.92769],[13.73375,52.92755],[13.7337,52.92738],[13.73362,52.9272],[13.73339,52.92678],[13.73181,52.9241],[13.72961,52.92039],[13.72948,52.92018],[13.72942,52.9201],[13.72935,52.92002],[13.72927,52.91995],[13.72918,52.91988],[13.72907,52.91982],[13.7289,52.91974],[13.7272,52.91916],[13.72701,52.91909],[13.72664,52.91893],[13.72267,52.91714],[13.72244,52.91703],[13.72232,52.91696],[13.72222,52.91689],[13.72209,52.91678],[13.72122,52.91599],[13.72104,52.91585],[13.72079,52.91568],[13.72047,52.91549],[13.71963,52.91504],[13.71678,52.91351],[13.71638,52.91331],[13.71615,52.91321],[13.71602,52.91316],[13.71527,52.91296],[13.71506,52.91291],[13.71442,52.91279],[13.71421,52.91274],[13.7138,52.91262],[13.71274,52.91229],[13.71247,52.91222],[13.71219,52.91215],[13.7117,52.91204],[13.71156,52.91202],[13.71143,52.91201],[13.71128,52.91202],[13.71069,52.91206],[13.71017,52.91208],[13.70943,52.91213],[13.70906,52.91217],[13.70877,52.91221],[13.70855,52.91223],[13.70803,52.91228],[13.70788,52.91229],[13.70772,52.91229],[13.70728,52.91226],[13.7069,52.91224],[13.70675,52.91222],[13.7066,52.91219],[13.70653,52.91218],[13.70645,52.91214],[13.70641,52.91209],[13.70639,52.91204],[13.7064,52.91199],[13.70642,52.91194],[13.70663,52.91155],[13.70668,52.91147],[13.70674,52.91138],[13.70682,52.9113],[13.70691,52.91122],[13.70744,52.91084],[13.70756,52.91074],[13.70763,52.91066],[13.70769,52.91058],[13.70773,52.91049],[13.70779,52.91036],[13.70784,52.91019],[13.70785,52.91006],[13.70784,52.91001],[13.7078,52.90984],[13.70772,52.90952],[13.70771,52.90938],[13.70772,52.90929],[13.70776,52.90915],[13.70854,52.90716],[13.70854,52.90713]]},"properties":{"sp":0,"o":"Joachimsthal (Barnim) 7400 m.","s":"L238","von":"2026-06-23","bis":"2026-09-30","t":"Deckenerneuerung\n\nVom 23.06.2026 bis 30.09.2026 kommt es aufgrund von Restarbeiten zur halbseitigen Sperrung mit wechselseitiger Verkehrsführung. \nDie Regelung erfolgt über eine Baustellenampel. \n\nBitte der örtlichen Beschilderung folgen.\n\nBitte beachten Sie die örtliche Verkehrsführung und Beschilderung."}},{"type":"Feature","geometry":{"type":"LineString","coordinates":[[13.75257,52.42377],[13.75237,52.42426],[13.75229,52.42443],[13.7522,52.42461],[13.75207,52.42477],[13.75183,52.425],[13.75181,52.42502]]},"properties":{"sp":1,"o":"Erkner (Oder-Spree) 150 m.","s":"L30","von":"2026-06-01","bis":"2026-12-18","t":"Grundhafter Ausbau der Friedrichstraße und Instandsetzung der Brücke über das Flakenfließ\n\n> Vom 15.04.2026 bis 18.12.2026\nVOLLSPERRUNG auf der L30, Friedrichstraße.\n\nDie innerstädtische Umleitung wird mithilfe einer Ampel geregelt:\nSeestraße  > Lange Straße > W.-Smolka-Straße > KV > Fürstenwalder Straße > Rudolf-Breitscheid-Straße > Julius-Rütgers-Straße und in umgekehrter \nRichtung.\n\nUm die Umleitung herum besteht eine halbseitige Sperrung mit wechselseitiger Verkehrsführung. Die Regelung erfolgt über eine Baustellenampel. \n\nEine überörtliche Umleitung ist ausgewiesen.\n\nAchtung! Für Fußgänger und Radfahrer ist der Weg frei.\n\nDie Verkehrsführung wird je nach Baufortschritt angepasst.\n\nBitte beachten Sie die örtliche Verkehrsführung und Beschilderung."}},{"type":"Feature","geometry":{"type":"LineString","coordinates":[[11.99535,53.02132],[11.99552,53.02125],[11.99596,53.02107]]},"properties":{"sp":0,"o":"Plattenburg (Prignitz) 50 m.","s":"B5","von":"2026-05-22","bis":"2027-05-21","t":"Sicherung Durchlass\n\nIm angegebenen Zeitraum besteht eine halbseitige Sperrung mit wechselseitiger Verkehrsführung. \n\nBitte der örtlichen Beschilderung folgen."}},{"type":"Feature","geometry":{"type":"LineString","coordinates":[[14.51551,51.97819],[14.51464,51.97819],[14.51398,51.97818],[14.51347,51.97819],[14.51333,51.9782]]},"properties":{"sp":0,"o":"Schenkendöbern (Spree-Neiße) 150 m.","s":"B320","von":"2026-09-15","bis":"2026-09-15","t":"Baumpflegearbeiten\n\nIm angegebenen Zeitraum besteht eine halbseitige Sperrung mit wechselseitiger Verkehrsführung. Die Regelung erfolgt über eine Baustellenampel. \n\nBitte der örtlichen Beschilderung folgen."}},{"type":"Feature","geometry":{"type":"LineString","coordinates":[[14.11796,51.91194],[14.11737,51.91213],[14.117,51.91225],[14.11675,51.91234],[14.11665,51.91238],[14.1157,51.91269],[14.11538,51.9128],[14.11513,51.91288],[14.11499,51.91292],[14.11484,51.91296],[14.11475,51.91298],[14.1146,51.91301],[14.11444,51.91304],[14.11429,51.91306],[14.11411,51.91308],[14.11391,51.9131],[14.11365,51.91312],[14.11339,51.91313],[14.1129,51.91316],[14.11264,51.91318],[14.1125,51.91319],[14.1124,51.9132],[14.1123,51.91322],[14.11216,51.91324],[14.11186,51.91329],[14.11175,51.91331]]},"properties":{"sp":1,"o":"Neu Zauche (Dahme-Spreewald) 460 m.","s":"L44","von":"2026-07-13","bis":"2026-10-15","t":"Neubau der Regenentwässerung\n\nGesamtzeitraum der Maßnahme: 08.07.2026 bis 15.10.2026.\n\n> Vom 13.07.2026 bis 15.10.2026, Kanalerneuerung\nVOLLSPERRUNG auf der L44, Lübbener Straße.\n\nUmleitung:\nL44, Burglehn > L444, Briesensee Richtung Groß Leine > B320, Goyatz > B320, Lamsfeld > L44, Straupitz und in umgekehrter Richtung.\n\nBitte der örtlichen Beschilderung folgen."}},{"type":"Feature","geometry":{"type":"LineString","coordinates":[[13.05167,52.43616],[13.05155,52.43627],[13.0514,52.43641],[13.05134,52.43647],[13.05129,52.43653],[13.05122,52.43666],[13.05096,52.43711],[13.05074,52.43749],[13.05063,52.43769],[13.05058,52.43781],[13.05054,52.43792],[13.0505,52.43809],[13.05046,52.43824],[13.05043,52.43831],[13.05035,52.43844],[13.05026,52.43856],[13.05017,52.43869],[13.05009,52.4388],[13.05002,52.4389],[13.04992,52.43904],[13.04961,52.43951],[13.04927,52.44003],[13.0492,52.44013],[13.0491,52.44029],[13.04899,52.44047],[13.04884,52.44071],[13.04875,52.44085],[13.04865,52.441],[13.04851,52.44119],[13.04812,52.44174],[13.04768,52.44234],[13.04762,52.44243],[13.04755,52.44253],[13.04744,52.44268],[13.04699,52.44327],[13.04648,52.44394],[13.04635,52.44413],[13.04625,52.44433],[13.04617,52.44453],[13.0461,52.44473],[13.04606,52.44494],[13.04604,52.44514],[13.04604,52.44541],[13.04605,52.44574]]},"properties":{"sp":0,"o":"Potsdam (Potsdam) 1141 m.","s":"B2","von":"2026-08-31","bis":"2026-09-11","t":"Schadstellensanierung\n\nIm angegebenen Zeitraum besteht eine halbseitige Sperrung mit wechselseitiger Verkehrsführung. Die Regelung erfolgt über eine Baustellenampel. \n\nBitte der örtlichen Beschilderung folgen."}},{"type":"Feature","geometry":{"type":"LineString","coordinates":[[13.29156,52.39189],[13.29281,52.39145],[13.29296,52.3914]]},"properties":{"sp":0,"o":"Teltow (Potsdam-Mittelmark) 110 m.","s":"K6960","von":"2026-08-31","bis":"2026-09-21","t":"Barrieregerechter Umbau - Bushaltestellen\nin zwei Bauabschnitten\n\nGesamtzeitraum der Maßnahme: 31.08.20026 bis 09.10.2026.\n\n1. Bauabschnitt: 31.08.2026 bis 21.09.2026\nAuf der K6960, Mozarstraße (Süd/stadtauswärts) kommt es zu einer halbseitigen Sperrung mit wechselseitiger Verkehrsführung. \n\nDie Regelung erfolgt über eine Baustellenampel. \n\nBitte der örtlichen Beschilderung folgen"}},{"type":"Feature","geometry":{"type":"LineString","coordinates":[[13.73125,52.02826],[13.73144,52.02828],[13.73162,52.02831],[13.7318,52.02833],[13.73185,52.02834],[13.73193,52.02835],[13.73207,52.02837],[13.73222,52.0284],[13.73575,52.029],[13.73912,52.02957],[13.74249,52.03014],[13.74586,52.03071],[13.74923,52.03129],[13.7526,52.03186],[13.7528,52.03189],[13.75326,52.03194],[13.7543,52.03205],[13.75549,52.03217],[13.75691,52.03231]]},"properties":{"sp":1,"o":"Krausnick-Groß Wasserburg (Dahme-Spreewald) 1819 m.","s":"K6168","von":"2026-09-07","bis":"2026-09-11","t":"Instandsetzung der Straße K6168\n\n> Vom 07.09.2026 bis 11.09.2026 kommt es zur VOLLSPERRUNG auf der K6168, Tropical-Islands-Allee.\n\nUmleitung:\nL711, Brandstraße Richtung Prierow > B115, Richtung Freiwalde > L71, Krausnick und in umgekehrter Richtung.\n\nBitte der örtlichen Beschilderung folgen."}},{"type":"Feature","geometry":{"type":"LineString","coordinates":[[13.28709,52.32191],[13.28706,52.32222]]},"properties":{"sp":0,"o":"Ludwigsfelde (Teltow-Fläming) 34 m.","s":"B101","von":"2026-09-28","bis":"2026-10-02","t":"Gewährleistungsarbeiten\n\nIm angegebenen Zeitraum kommt es zu Einschränkungen des Verkehrsraumes mit einspuriger Verkehrsführung in beiden Fahrtrichtungen.\n\nBitte beachten Sie die örtliche Beschilderung und Verkehrsführung."}},{"type":"Feature","geometry":{"type":"LineString","coordinates":[[13.75115,51.84087],[13.754,51.83964],[13.75686,51.83842],[13.75972,51.83721],[13.76258,51.836],[13.76546,51.8348]]},"properties":{"sp":1,"o":"Luckau (Dahme-Spreewald) 1195 m.","s":"L52","von":"2026-08-03","bis":"2026-09-11","t":"Deckenerneuerung in mehreren Bauabschnitten\n\n> 4. Bauabschnitt vom 03.08.2026 bis 11.09.2026: \nVOLLSPERRUNG auf der L52 und L526, ab der Kreuzung Freesdorfer Weg bis Schlabendorf.\n\nUmleitung:\nab KP L52/B87 > B87, OU Luckau > KP B87/ B96, Wittmannsdorf > B96, Riedebeck > B96, Bornsdorf > KP B96/L561 > L561, Weißack > L561, Gahro > L56, Crinitz > L56, Fürstlich Drehna > L56, Klein Mehßow > L56, Mallenchen > bis KP L56/L52 und in umgekehrter Richtung.\n\nBitte beachten Sie die örtliche Beschilderung und Verkehrsführung."}},{"type":"Feature","geometry":{"type":"LineString","coordinates":[[12.53082,52.41266],[12.53077,52.41298],[12.53074,52.41316],[12.53074,52.41335],[12.5308,52.41355],[12.53086,52.41375],[12.53088,52.41382],[12.5309,52.41389],[12.53097,52.41407],[12.53102,52.41426],[12.53106,52.41447],[12.53108,52.41464],[12.53109,52.41485],[12.53109,52.41487]]},"properties":{"sp":0,"o":"Brandenburg an der Havel (Brandenburg an der Havel) 248 m.","s":"B102","von":"2026-01-15","bis":"2028-08-31","t":"Verkehrssicherung\n\nVom 16.04.2026 bis 31.08.2028\nVOLLSPERRUNG auf der B1, Magdeburger Landstraße ab Knotenpunkt B1/B102 bis Höhe Friedrich-Franz-Straße.\n\nEine entsprechende Umleitung ist ausgewiesen.\n\nUm den Knotenpunkt B1/B102 besteht zudem eine halbseitige Sperrung mit wechselseitiger Verkehrsführung. \n\nDa der Gehweg teilweise oder voll gesperrt wird, werden alle Verkehrsteilnehmer um erhöhte Aufmerksamkeit gebeten\n\nBitte beachten Sie die örtliche Beschilderung und Verkehrsführung."}},{"type":"Feature","geometry":{"type":"LineString","coordinates":[[13.93046,51.95681],[13.9287,51.95602],[13.92699,51.95526],[13.92518,51.95444],[13.9249,51.95431],[13.92462,51.95417],[13.92435,51.95402],[13.92409,51.95387],[13.92385,51.9537],[13.92361,51.95354],[13.92339,51.95336],[13.92318,51.95318],[13.92298,51.953],[13.92272,51.95274],[13.92093,51.9509],[13.92087,51.95084]]},"properties":{"sp":0,"o":"Lübben (Dahme-Spreewald) 950 m.","s":"B87","von":"2026-08-10","bis":"2026-09-30","t":"Medienerschließung Spreewerk\n\nIm angegebenen Zeitraum kommt es zu Einschränkungen des Verkehrsraumes mit wechselseitiger Verkehrsführung in beiden Fahrtrichtungen.\n\nDer Verkehr wird mithilfe einer Ampel geregelt.\n\nBitte beachten Sie die örtliche Beschilderung und Verkehrsführung."}},{"type":"Feature","geometry":{"type":"LineString","coordinates":[[13.28307,52.31431],[13.28307,52.31432]]},"properties":{"sp":1,"o":"Ludwigsfelde (Teltow-Fläming) 0 m.","s":"L793","von":"2025-06-16","bis":"2026-12-31","t":"Erschließung Industriepark\n\nVOLLSPERRUNG der kommunalen Straße \" Am Birkengrund\", Abzweig von der L793\nab Kreisverkehr Birkengrund Süd bis Zufahrt OSZ Teltow-Fläming\n\nvom 16.06.025 bis 31.12.2026\n\nUmleitung:\nL793  > Nordverbinder  > Nicolaus-Otto-Straße > Brandenburgische Straße und in umgekehrter Richtung.\n\nEs kommt außerdem zu Einschränkungen des Verkehrsraumes mit wechselseitiger Verkehrsführung in beiden Fahrtrichtungen.\n\nDer Verkehr wird mithilfe einer Ampel geregelt.\n\nBitte beachten Sie die örtliche Verkehrsführung und Beschilderung."}},{"type":"Feature","geometry":{"type":"LineString","coordinates":[[14.3668,51.77862],[14.36677,51.77859],[14.36663,51.77844],[14.36651,51.77831],[14.36639,51.77819],[14.36627,51.77806],[14.36615,51.77794],[14.36603,51.77781],[14.36592,51.77769]]},"properties":{"sp":1,"o":"Cottbus (Cottbus) 120 m.","s":"B169","von":"2025-09-26","bis":"2027-12-21","t":"Grundhafter Ausbau in mehreren Bauphasen\n\nBauphase 2: \nAb 26.09.2025\nkommt es auf der B169 beim Kreisverkehr B169 Stadtring / Nordring zu einspuriger Verkehrsführung in beiden Fahrtrichtungen.\n\nAus Richtung Peitz kommend ist der Geh- und Radweg gesperrt. \nEs wird eine Umleitung eingerichtet.\n\nDann werden bis zum Abzweig \"Drewitzer Straße\" beide Richtungsfahrbahn auf eine Fahrbahn übergeleitet. \n\nZwischen dem Abzweig \"Am Großen Spreewehr\" und dem Bahnübergang werden beide Richtungsfahrbahnen auf eine Fahrbahn übergeleitet. \n\nHinweis: Die Zuwegung aus Merzdorf kommen zu \"Am Großen Spreewehr\" ist gewährleistet.\n\n________________________________\n\nVOLLSPERRUNG der \"Drewitzer Straße\" (Abzweig von der B169) ab 22.10.2025.\n\n\nDie Verkehrsführung wird je nach Baufortschritt angepasst\nBitte beachten Sie die örtliche Beschilderung und Verkehrsführung."}},{"type":"Feature","geometry":{"type":"LineString","coordinates":[[13.78045,53.10214],[13.77921,53.10165]]},"properties":{"sp":0,"o":"Temmen-Ringenwalde (Uckermark) 100 m.","s":"L241","von":"2026-06-01","bis":"2026-09-18","t":"Restarbeiten Deckenerneuerung\n\nIm angegebenen Zeitraum besteht auf der L241, ab Abzweig Fredenwalder Weg bis Abzweig Willmine eine halbseitige Sperrung mit wechselseitiger Verkehrsführung. bis 18.09.2026.\n\nUmleitung:\nL241  > L23, Milmersdorf  > L100 > B109, Mittenwalde > B109, Haßleben > L24, Gerswalde > L24 über Suckow > L241, Stegelitz und in umgekehrter Richtung.\n\nBitte der örtlichen Beschilderung folgen."}},{"type":"Feature","geometry":{"type":"LineString","coordinates":[[12.18015,53.13657],[12.17974,53.13656],[12.1781,53.13645]]},"properties":{"sp":0,"o":"Pritzwalk (Prignitz) 138 m.","s":"B189","von":"2026-09-09","bis":"2026-09-25","t":"Markierungsarbeiten \n\nIm angegebenen Zeitraum besteht eine halbseitige Sperrung.\n \nBitte der örtlichen Beschilderung folgen."}},{"type":"Feature","geometry":{"type":"LineString","coordinates":[[13.77993,51.82866],[13.78306,51.82732],[13.78617,51.826],[13.78928,51.82469],[13.79239,51.82337],[13.7955,51.82205],[13.79861,51.82073],[13.80173,51.81941],[13.80484,51.81809],[13.80795,51.81677],[13.80826,51.81664],[13.80849,51.81652],[13.80871,51.8164],[13.80892,51.81626],[13.80912,51.81612],[13.8093,51.81598],[13.81106,51.81456],[13.81277,51.81317],[13.81452,51.81176],[13.8162,51.81041]]},"properties":{"sp":1,"o":"Luckau (Dahme-Spreewald) 3250 m.","s":"L52","von":"2026-08-03","bis":"2026-09-11","t":"Deckenerneuerung in mehreren Bauabschnitten\n\n> 4. Bauabschnitt vom 03.08.2026 bis 11.09.2026: \nVOLLSPERRUNG auf der L52 und L526, ab der Kreuzung Freesdorfer Weg bis Schlabendorf.\n\nUmleitung:\nab KP L52/B87 > B87, OU Luckau > KP B87/ B96, Wittmannsdorf > B96, Riedebeck > B96, Bornsdorf > KP B96/L561 > L561, Weißack > L561, Gahro > L56, Crinitz > L56, Fürstlich Drehna > L56, Klein Mehßow > L56, Mallenchen > bis KP L56/L52 und in umgekehrter Richtung.\n\nBitte beachten Sie die örtliche Beschilderung und Verkehrsführung."}},{"type":"Feature","geometry":{"type":"LineString","coordinates":[[14.35793,51.7693],[14.35792,51.76927],[14.35782,51.7691],[14.35772,51.76888],[14.35767,51.76875],[14.35763,51.76865],[14.35762,51.76863]]},"properties":{"sp":0,"o":"Cottbus (Cottbus) 76 m.","s":"B169","von":"2025-09-26","bis":"2027-12-21","t":"Grundhafter Ausbau in mehreren Bauphasen\n\nBauphase 2: \nAb 26.09.2025\nkommt es auf der B169 beim Kreisverkehr B169 Stadtring / Nordring zu einspuriger Verkehrsführung in beiden Fahrtrichtungen.\n\nAus Richtung Peitz kommend ist der Geh- und Radweg gesperrt. \nEs wird eine Umleitung eingerichtet.\n\nDann werden bis zum Abzweig \"Drewitzer Straße\" beide Richtungsfahrbahn auf eine Fahrbahn übergeleitet. \n\nZwischen dem Abzweig \"Am Großen Spreewehr\" und dem Bahnübergang werden beide Richtungsfahrbahnen auf eine Fahrbahn übergeleitet. \n\nHinweis: Die Zuwegung aus Merzdorf kommen zu \"Am Großen Spreewehr\" ist gewährleistet.\n\n________________________________\n\nVOLLSPERRUNG der \"Drewitzer Straße\" (Abzweig von der B169) ab 22.10.2025.\n\n\nDie Verkehrsführung wird je nach Baufortschritt angepasst\nBitte beachten Sie die örtliche Beschilderung und Verkehrsführung."}},{"type":"Feature","geometry":{"type":"LineString","coordinates":[[12.22851,53.28993],[12.22833,53.28943],[12.22815,53.28894],[12.22807,53.28869],[12.22802,53.2885],[12.22798,53.28831],[12.22795,53.28812],[12.22793,53.28793],[12.22771,53.28599],[12.2275,53.2841],[12.22729,53.28221],[12.22708,53.28033],[12.22687,53.27844],[12.22685,53.27821],[12.22682,53.27804],[12.22679,53.27787],[12.22676,53.2777],[12.22672,53.27753],[12.22626,53.27551],[12.22581,53.27355],[12.22536,53.27158],[12.22491,53.26962],[12.22445,53.26765],[12.224,53.26569],[12.22355,53.26372],[12.22348,53.2635],[12.22342,53.26333],[12.22335,53.26317],[12.22326,53.26301],[12.22325,53.26299]]},"properties":{"sp":0,"o":"Meyenburg (Prignitz) 3020 m.","s":"B103","von":"2025-06-10","bis":"2026-12-18","t":"Straßenbau \n\nBis zum 18.12.2026 besteht eine halbseitige Sperrung mit wechselseitiger Verkehrsführung. \n\nDie Zufahrt zur K7020 von der B103 ist bis zum 14.08.2026 vollgesperrt.\n\nDie Verkehrsführung wird je nach Baufortschritt angepasst.\n\nBitte beachten Sie die örtliche Beschilderung und Verkehrsführung."}},{"type":"Feature","geometry":{"type":"LineString","coordinates":[[13.23111,52.24058],[13.23122,52.24072],[13.23143,52.24101],[13.23158,52.24124]]},"properties":{"sp":1,"o":"Trebbin (Teltow-Fläming) 80 m.","s":"B101","von":"2026-07-31","bis":"2026-09-30","t":"Brückenprüfung\n\nAb dem 31.07.2026 kommt es bis auf Weiteres zur VOLLSPERRUNG der B101 im Bereich der Grünbrücke der Ortsumfahrung Thyrow.\n\nUmleitung aus nördlicher Richtung:\nLudwigsfeld Süd > L79 bis Groß Schulzendorf > L792 über Werben nach Nunsdorf > B246, über Christinendorf > B 101 und in umgekehrter Richtung.\n\nUmleitung aus südlicher Richtung:\nB246, über Christinendorf > Nunsdorf > L795, über Märkisch Wilmersdorf > B101 in Thyrow und in umgekehrter Richtung.\n\nDAS GENANNTE ENDDATUM BILDET NICHT DAS TATSÄCHLICH ENDDATUM DER SPERRUNG AB. \nDIE DAUER DER VOLLSPERRUNG IST BIS AUF WEITRES OFFEN.\nAUS TECHNISCHEN GRÜNDEN MUSS IM SYSTEM EIN DATUM HINTERLEGT WERDEN.\n\nBitte beachten Sie die örtliche Beschilderung und Verkehrsführung."}},{"type":"Feature","geometry":{"type":"LineString","coordinates":[[13.52852,51.44998],[13.52847,51.45023],[13.52838,51.4505],[13.52834,51.45063]]},"properties":{"sp":1,"o":"Röderland (Elbe-Elster) 71 m.","s":"K6204","von":"2025-09-10","bis":"2026-10-31","t":"Ertüchtigung der Umleitungsstrecke\n\n2. Bauabschnitt:\n> VOLLSPERRUNG vom 10.09.2025 bs 31.10.2026\n- der B101, Dresdner Straße\n- der K6204, Merzdorfer Straße vom Knotenpunkt B101/K6204 bis Abzweig Krauschützer Mittelweg\n\nUmleitung:\nB101, Alte Elsterwerdaer Straße > B169, Prösen > L59, Röderland bis Reichenhain > L593, Prieschka > L593, Richtung Dobra > B101, Elsterwerda > B101, Krauschütz und in umgekehrter Richtung.\n\noder Umleitung:\nB101, Alte Elsterwerdaer Straße > B169, Prösen > B101, Wainsdorf > L59, Merzdorf > L59, Gröden > L59, Hirschfeld > L591 über Plessa-Süd nach Plessa >  B169 über Kahla nach Elsterwerda und in umgekehrter Richtung.\n\nDie Umleitung für die Sperrung der K6204 wird über die kommunalen Straßen Krauschützer Mittelweg und Eichenweg geführt.\n\nEs besteht zudem eine halbseitige Sperrung mit wechselseitiger Verkehrsführung. Die Regelung erfolgt über eine Baustellenampel"}},{"type":"Feature","geometry":{"type":"LineString","coordinates":[[13.13873,52.67684],[13.13924,52.67693],[13.13962,52.67698],[13.13987,52.67701],[13.14,52.67702],[13.14013,52.67703],[13.14035,52.67704],[13.14058,52.67703],[13.14087,52.67702],[13.14221,52.67698],[13.1426,52.67696],[13.14298,52.67694],[13.14327,52.6769],[13.14347,52.67687],[13.14415,52.67675],[13.1446,52.67667],[13.14494,52.67661],[13.14527,52.67656],[13.14552,52.67652],[13.14589,52.67648],[13.14619,52.67644],[13.14661,52.67639],[13.14695,52.67636],[13.14804,52.67626],[13.14875,52.6762],[13.14951,52.67613],[13.15028,52.67606],[13.15079,52.67601],[13.15106,52.67598],[13.15119,52.67596],[13.15132,52.67594],[13.1514,52.67592],[13.15143,52.67591],[13.15146,52.67589],[13.1515,52.67587],[13.15153,52.67585],[13.15157,52.67581],[13.15159,52.67576],[13.15159,52.67568],[13.15158,52.6755],[13.15156,52.67539],[13.15154,52.6753],[13.15151,52.67515],[13.15149,52.67506],[13.15149,52.67493],[13.15151,52.67482],[13.15154,52.67475],[13.15159,52.67466],[13.15164,52.6746],[13.15172,52.67453],[13.15187,52.6744],[13.15285,52.67365],[13.15355,52.67311]]},"properties":{"sp":1,"o":"Oberkrämer (Oberhavel) 1236 m.","s":"L17","von":"2026-07-20","bis":"2026-09-12","t":"Deckensanierung in mehreren Bauabschnitten\nGesamtdauer der Maßnahme vom 20.07.2026 bis 12.09.2026\n\n>  VOLLSPERRUNG auf der L17 ab Abzweig Breite Straße bis OA Marwitz vom 19.08.2026 bis 12.09.2026\n\nUmleitung:\nL20, Velten  > L172, Germendorf > L170, Schwante > L17, Marwitz und in umgekehrter Richtung.\n\nUm die Vollsperrung herum kann es außerdem zu einer halbseitigen Sperrung mit wechselseitiger Verkehrsführung kommen. \n\nBitte der örtlichen Beschilderung folgen."}},{"type":"Feature","geometry":{"type":"LineString","coordinates":[[13.71724,52.894],[13.71651,52.8949],[13.71587,52.89568]]},"properties":{"sp":0,"o":"Joachimsthal (Barnim) 208 m.","s":"L238","von":"2026-06-23","bis":"2026-09-30","t":"Deckenerneuerung\n\nVom 23.06.2026 bis 30.09.2026 kommt es aufgrund von Restarbeiten zur halbseitigen Sperrung mit wechselseitiger Verkehrsführung. \nDie Regelung erfolgt über eine Baustellenampel. \n\nBitte der örtlichen Beschilderung folgen.\n\nBitte beachten Sie die örtliche Verkehrsführung und Beschilderung."}},{"type":"Feature","geometry":{"type":"LineString","coordinates":[[14.09439,52.76715],[14.09431,52.76725],[14.09285,52.76895],[14.09167,52.77034],[14.09132,52.77074]]},"properties":{"sp":0,"o":"Wriezen (Märkisch-Oderland) 450 m.","s":"B167","von":"2026-09-07","bis":"2026-10-02","t":"Brückeninstandsetzungsarbeiten   \n\nIm angegebenen Zeitraum besteht eine halbseitige Sperrung mit wechselseitiger Verkehrsführung. Die Regelung erfolgt über eine Baustellenampel. \n\nBitte beachten Sie die örtliche Beschilderung und Verkehrsführung."}},{"type":"Feature","geometry":{"type":"LineString","coordinates":[[12.95325,52.55655],[12.95568,52.55656],[12.95769,52.55656],[12.95786,52.55655]]},"properties":{"sp":1,"o":"Wustermark (Havelland) 312 m.","s":"B5","von":"2026-09-14","bis":"2026-10-09","t":"Deckenerneuerung /Verbreiterung Gehweg / Erneuerung Geh- und Radweg\nin drei Bauabschnitten\n\nGesamtzeitraum der Maßnahme: 20.08.2026 bis 31.10.2026\n\nVOLLSPERRUNG\n\n2. Bauabschnitt: 14.09.2026 bis 09.10.2026 auf der B5\n3. Bauabschnitt 12.10.2026 bis 30.10.2026 auf der L202\n\nEine entsprechende Umleitung ist ausgewiesen.\n\nFür Fußgänger, Radfahrer, Mopedfahrer, den Landwirtschaftlichen Verkehr sowie die Rettungswagen, Feuerwehren wird freigehalten.\n\nEs besteht zudem eine halbseitige Sperrung mit wechselseitiger Verkehrsführung.\n\nDie Verkehrsführung wird je nach Baufortschritt angepasst.\n\nBitte der örtlichen Beschilderung folgen."}},{"type":"Feature","geometry":{"type":"LineString","coordinates":[[12.53675,52.40675],[12.53663,52.40691],[12.5365,52.40707],[12.53632,52.40727],[12.53626,52.40733],[12.53609,52.4075],[12.536,52.40759],[12.53592,52.40767],[12.53578,52.4078],[12.53457,52.40883],[12.53336,52.40989],[12.53247,52.41066],[12.53211,52.41097],[12.5319,52.41116],[12.53169,52.41135],[12.53148,52.41154],[12.5313,52.41175],[12.53114,52.41196],[12.531,52.41218],[12.53092,52.41234],[12.53088,52.41242],[12.53082,52.41266]]},"properties":{"sp":0,"o":"Brandenburg an der Havel (Brandenburg an der Havel) 776 m.","s":"B1","von":"2026-08-03","bis":"2027-05-31","t":"Verkehrssicherung\n\nVom 16.04.2026 bis 31.08.2028\nVOLLSPERRUNG auf der B1, Magdeburger Landstraße ab Knotenpunkt B1/B102 bis Höhe Friedrich-Franz-Straße.\n\nEine entsprechende Umleitung ist ausgewiesen.\n\nUm den Knotenpunkt B1/B102 besteht zudem eine halbseitige Sperrung mit wechselseitiger Verkehrsführung. \n\nDa der Gehweg teilweise oder voll gesperrt wird, werden alle Verkehrsteilnehmer um erhöhte Aufmerksamkeit gebeten\n\nBitte beachten Sie die örtliche Beschilderung und Verkehrsführung."}},{"type":"Feature","geometry":{"type":"LineString","coordinates":[[12.51978,52.13186],[12.51907,52.13175],[12.51872,52.13169],[12.51857,52.13167],[12.51837,52.13165],[12.51816,52.13164]]},"properties":{"sp":1,"o":"Bad Belzig (Potsdam-Mittelmark) 113 m.","s":"B246","von":"2026-07-06","bis":"2027-08-31","t":"Erneuerung der Ortsdurchfahrt Klein Glien\n\n> Vom 13.07.2026 bis 31.08.2027 \nVOLLSPERRUNG auf der B246, Klein Glien.\n\nUmleitung von Bad Belzig:\nB246, Bad Belzig > L95 über Benken > L95, Görzke > B107, Wiesenburg > B246, Klein Glien und in umgekehrter Richtung.\n\nBitte der örtlichen Beschilderung folgen."}},{"type":"Feature","geometry":{"type":"LineString","coordinates":[[13.93218,51.96471],[13.93217,51.96471],[13.93198,51.96515],[13.93191,51.9653],[13.93185,51.96546],[13.9318,51.96562],[13.93174,51.96581],[13.93109,51.96812],[13.93086,51.96894]]},"properties":{"sp":0,"o":"Lübben (Dahme-Spreewald) 480 m.","s":"L42","von":"2026-08-10","bis":"2026-09-30","t":"Medienerschließung Spreewerk\n\nIm angegebenen Zeitraum kommt es zu Einschränkungen des Verkehrsraumes mit wechselseitiger Verkehrsführung in beiden Fahrtrichtungen.\n\nDer Verkehr wird mithilfe einer Ampel geregelt.\n\nBitte beachten Sie die örtliche Beschilderung und Verkehrsführung."}},{"type":"Feature","geometry":{"type":"LineString","coordinates":[[12.53921,52.40349],[12.5394,52.40332],[12.53966,52.40314],[12.53993,52.40297],[12.54023,52.40281],[12.54054,52.40266],[12.54087,52.40253],[12.54121,52.40242],[12.54312,52.4019],[12.54494,52.4014],[12.54537,52.40127],[12.54573,52.40116],[12.54608,52.40105],[12.54642,52.40093],[12.54676,52.40081],[12.54709,52.40068],[12.54741,52.40054],[12.54772,52.40039],[12.54803,52.40025],[12.54834,52.40009],[12.5487,52.39986],[12.549,52.39968]]},"properties":{"sp":0,"o":"Brandenburg an der Havel (Brandenburg an der Havel) 800 m.","s":"B1","von":"2026-07-27","bis":"2029-08-21","t":"Baugrunduntersuchungen\n\nIm angegebenen Zeitraum besteht eine halbseitige Sperrung mit wechselseitiger Verkehrsführung. \n\nBitte der örtlichen Beschilderung folgen."}},{"type":"Feature","geometry":{"type":"LineString","coordinates":[[11.72374,52.98802],[11.72398,52.98779],[11.72457,52.9872],[11.72529,52.98649]]},"properties":{"sp":1,"o":"Wittenberge (Prignitz) 200 m.","s":"B189","von":"2026-09-08","bis":"2026-09-11","t":"Abriss und Neubau der Elbbrücke\n\nVOLLSPERRUNG Elbbrücke auf der B189\nvom 08.09.2026 bis 11.09.2026\n\nUmleitung:\nMärsche  L38> L2/Seehausen und in umgekehrter Richtung.\n\nBitte der örtlichen Beschilderung folgen."}},{"type":"Feature","geometry":{"type":"LineString","coordinates":[[13.13517,52.67681],[13.13539,52.67669],[13.13549,52.67664],[13.13562,52.67657],[13.13573,52.67653],[13.13583,52.67651],[13.13594,52.6765],[13.13605,52.67649],[13.1362,52.67649],[13.13629,52.6765],[13.13642,52.67651],[13.13687,52.67657],[13.13717,52.67661],[13.13745,52.67665],[13.13774,52.67669],[13.13802,52.67673],[13.13859,52.67682],[13.13924,52.67693],[13.13962,52.67698],[13.13987,52.67701],[13.14,52.67702],[13.14013,52.67703],[13.14035,52.67704],[13.14058,52.67703],[13.14087,52.67702],[13.14221,52.67698],[13.1426,52.67696],[13.14298,52.67694],[13.14327,52.6769],[13.14347,52.67687],[13.14415,52.67675],[13.1446,52.67667],[13.14494,52.67661],[13.14527,52.67656],[13.14552,52.67652],[13.14589,52.67648],[13.14619,52.67644],[13.14661,52.67639],[13.14695,52.67636],[13.14804,52.67626],[13.14875,52.6762],[13.14951,52.67613],[13.15028,52.67606],[13.15079,52.67601],[13.15106,52.67598],[13.15119,52.67596],[13.15132,52.67594],[13.1514,52.67592],[13.15143,52.67591],[13.15146,52.67589],[13.1515,52.67587],[13.15153,52.67585],[13.15157,52.67581],[13.15159,52.67576],[13.15159,52.67568],[13.15158,52.6755],[13.15156,52.67539],[13.15154,52.6753],[13.15151,52.67515],[13.15149,52.67506],[13.15149,52.67493],[13.15151,52.67482],[13.15154,52.67475],[13.15159,52.67466],[13.15164,52.6746],[13.15172,52.67453],[13.15187,52.6744],[13.15285,52.67365],[13.15355,52.67311]]},"properties":{"sp":0,"o":"Oberkrämer (Oberhavel) 1493 m.","s":"L17","von":"2026-07-16","bis":"2026-09-12","t":"Deckensanierung in mehreren Bauabschnitten\nGesamtdauer der Maßnahme vom 20.07.2026 bis 12.09.2026\n\n>  VOLLSPERRUNG auf der L17 ab Abzweig Breite Straße bis OA Marwitz vom 19.08.2026 bis 12.09.2026\n\nUmleitung:\nL20, Velten  > L172, Germendorf > L170, Schwante > L17, Marwitz und in umgekehrter Richtung.\n\nUm die Vollsperrung herum kann es außerdem zu einer halbseitigen Sperrung mit wechselseitiger Verkehrsführung kommen. \n\nBitte der örtlichen Beschilderung folgen."}},{"type":"Feature","geometry":{"type":"LineString","coordinates":[[13.79733,53.33608],[13.79718,53.33604],[13.7969,53.33598],[13.7966,53.33593],[13.79629,53.33591],[13.79599,53.33592],[13.79555,53.33599],[13.79505,53.3361],[13.79475,53.33617],[13.79428,53.33629],[13.79392,53.33639],[13.79355,53.3365],[13.79329,53.33656],[13.79306,53.33659],[13.79276,53.33662]]},"properties":{"sp":1,"o":"Prenzlau (Uckermark) 322 m.","s":"K7336","von":"2026-03-09","bis":"2026-12-11","t":"Grundhafter Ausbau\n\nVOLLSPERRUNG der K7336 (OD Basedow)\nvom 09.03.2026 bis 11.12.2026.\n\nUmleitung:\nL253 > Dedelow  > B198 und in umgekehrter Richtung.\n\nBitte beachten Sie die örtliche Verkehrsführung und Beschilderung."}},{"type":"Feature","geometry":{"type":"LineString","coordinates":[[13.9709,51.85515],[13.9709,51.85516],[13.97081,51.85533],[13.97075,51.85545],[13.97065,51.8556],[13.97055,51.85574],[13.97045,51.85588],[13.97038,51.85595],[13.9703,51.85604],[13.97018,51.85616],[13.96999,51.85632],[13.96967,51.85656],[13.96946,51.85673],[13.96923,51.85692],[13.96913,51.85702],[13.96904,51.85714],[13.96894,51.85729],[13.96869,51.85766]]},"properties":{"sp":1,"o":"Lübbenau/Spreewald (Oberspreewald-Lausitz) 320 m.","s":"L49","von":"2026-08-24","bis":"2026-09-11","t":"Herstellung Südkopf\nGesamtzeitraum der Maßnahme: 17.03.2025 bis 30.06.2027.\n\n> Vom 24.08.2028 bis 11.09.2026\nVOLLSPERRUNG auf der L49, zwischen Lübbenau und Boblitz.\n\nEine entsprechende Umleitung ist ausgewiesen. \n\nDie Restahrbahnbreite beträgt mind. 3,00 m.\n\nDie Verkehrsführung wird je nach Baufortschritt angepasst. \n\nBitte beachten Sie die örtliche Beschilderung und Verkehrsführung."}},{"type":"Feature","geometry":{"type":"LineString","coordinates":[[14.44195,52.02232],[14.44202,52.02234],[14.44336,52.02282],[14.44463,52.02328],[14.4459,52.02374],[14.4462,52.02384],[14.44647,52.02392],[14.44673,52.024],[14.44703,52.02407]]},"properties":{"sp":0,"o":"Jamlitz (Dahme-Spreewald) 400 m.","s":"L452","von":"2026-08-10","bis":"2027-02-28","t":"Verlegung von Mittel- und Niederspannungskabeln\n\nIm angegebenen Zeitraum kommt es zu Einschränkungen des Verkehrsraumes mit wechselseitiger Verkehrsführung in beiden Fahrtrichtungen.\n\nBitte beachten Sie die örtliche Beschilderung und Verkehrsführung."}},{"type":"Feature","geometry":{"type":"LineString","coordinates":[[13.77921,53.10165],[13.78045,53.10214]]},"properties":{"sp":0,"o":"Temmen-Ringenwalde (Uckermark) 100 m.","s":"L241","von":"2026-06-01","bis":"2026-09-18","t":"Restarbeiten Deckenerneuerung\n\nIm angegebenen Zeitraum besteht auf der L241, ab Abzweig Fredenwalder Weg bis Abzweig Willmine eine halbseitige Sperrung mit wechselseitiger Verkehrsführung. bis 18.09.2026.\n\nUmleitung:\nL241  > L23, Milmersdorf  > L100 > B109, Mittenwalde > B109, Haßleben > L24, Gerswalde > L24 über Suckow > L241, Stegelitz und in umgekehrter Richtung.\n\nBitte der örtlichen Beschilderung folgen."}},{"type":"Feature","geometry":{"type":"LineString","coordinates":[[13.82981,52.60501],[13.83034,52.60506],[13.83073,52.60509],[13.83107,52.60511],[13.83142,52.60511],[13.83176,52.60508],[13.83209,52.60505],[13.8324,52.60499],[13.83262,52.60493],[13.83271,52.60489],[13.8328,52.60485],[13.83288,52.60479],[13.83294,52.60473],[13.83298,52.60467],[13.83301,52.6046],[13.83303,52.60454],[13.83305,52.60432],[13.83307,52.60414],[13.83309,52.60406],[13.83311,52.604],[13.83314,52.60396],[13.83318,52.60391],[13.83321,52.60387],[13.83326,52.60384],[13.83331,52.6038],[13.83339,52.60377],[13.83348,52.60373],[13.83356,52.60371],[13.83477,52.60339],[13.83506,52.60331]]},"properties":{"sp":0,"o":"Altlandsberg (Märkisch-Oderland) 465 m.","s":"L235","von":"2026-08-10","bis":"2026-10-30","t":"Erneuerung Durchlass\nGesamtzeitraum der Maßnahme: 20.07.20026 bis 30.10.2026.\n\nGeschwindigkeitsreduzierung aufgrund fehlender Fahrbahnmarkierung nach Deckenerneuerung auf der L235, Wesendahler Chaussee\n\nBitte der örtlichen Beschilderung folgen."}},{"type":"Feature","geometry":{"type":"LineString","coordinates":[[14.00156,51.52825],[14.00174,51.52785],[14.00197,51.52739],[14.00236,51.52652]]},"properties":{"sp":1,"o":"Senftenberg (Oberspreewald-Lausitz) 200 m.","s":"K6612","von":"2026-05-04","bis":"2026-10-30","t":"Grundhafter Ausbau der Straße und des Geh- und Radweges\n\nVOLLSPERRUNG der Bahnhofstraße auf der K6612\nvom 04.05.2026 bis 30.10.2026.\n\nAb 09.06.2026 kommt es zusätzlich zur SPERRUNG der kommunalen Krankenhausstraße und Spremberger Straße.\n\nEine entsprechende Umleitung ist ausgewiesen.\n\nDa der Geh- und Radweg teilweise oder voll gesperrt wird, werden alle Verkehrsteilnehmer um erhöhte Aufmerksamkeit gebeten.\n\nBitte der örtlichen Beschilderung folgen."}},{"type":"Feature","geometry":{"type":"LineString","coordinates":[[13.86875,51.46139],[13.86871,51.46125],[13.86869,51.46117],[13.86868,51.46104],[13.8687,51.46083],[13.86872,51.46071],[13.86879,51.46053],[13.86881,51.4605]]},"properties":{"sp":0,"o":"Ruhland (Oberspreewald-Lausitz) 100 m.","s":"L55","von":"2026-08-24","bis":"2026-10-02","t":"Brückensanierung\n\nIm angegebenen Zeitraum besteht eine halbseitige Sperrung mit wechselseitiger Verkehrsführung. Die Regelung erfolgt über eine Baustellenampel. \n\nBitte der örtlichen Beschilderung folgen."}},{"type":"Feature","geometry":{"type":"LineString","coordinates":[[13.68776,52.66359],[13.68741,52.66351],[13.68719,52.66345],[13.68696,52.6634],[13.68673,52.66336],[13.68655,52.66334],[13.68637,52.66333],[13.68619,52.66332],[13.68482,52.66334],[13.68433,52.66335],[13.68419,52.66337],[13.68377,52.66342],[13.68371,52.66343]]},"properties":{"sp":0,"o":"Bernau bei Berlin (Barnim) 280 m.","s":"L236","von":"2026-08-24","bis":"2026-09-18","t":"Deckenerneuerung\n\nIm angegebenen Zeitraum besteht eine halbseitige Sperrung mit wechselseitiger Verkehrsführung. Die Regelung erfolgt über eine Baustellenampel. \n\nBitte der örtlichen Beschilderung folgen."}},{"type":"Feature","geometry":{"type":"LineString","coordinates":[[14.30058,51.97695],[14.30037,51.97718],[14.29919,51.97843]]},"properties":{"sp":0,"o":"Schwielochsee (Dahme-Spreewald) 190 m.","s":"B168","von":"2026-09-14","bis":"2026-11-30","t":"Kabeltiefbau\n\nIm angegebenen Zeitraum besteht eine halbseitige Sperrung mit wechselseitiger Verkehrsführung. \n\nBitte der örtlichen Beschilderung folgen."}},{"type":"Feature","geometry":{"type":"LineString","coordinates":[[12.85429,52.52204],[12.85429,52.52208],[12.85431,52.52264],[12.85432,52.52299],[12.85432,52.52308],[12.85433,52.52317],[12.85433,52.52326],[12.85434,52.52335],[12.85435,52.52344],[12.85436,52.52352],[12.85453,52.52458],[12.85472,52.52588],[12.85492,52.52722],[12.85508,52.52831],[12.8551,52.52845],[12.85512,52.52858],[12.85514,52.52867],[12.85515,52.52872],[12.85516,52.52876],[12.85518,52.52881],[12.85522,52.52886]]},"properties":{"sp":0,"o":"Ketzin/Havel (Havelland) 762 m.","s":"L86","von":"2026-09-07","bis":"2026-09-14","t":"Beprobung Bankett\n\nIm angegebenen Zeitraum besteht eine halbseitige Sperrung mit wechselseitiger Verkehrsführung. \n\nBitte der örtlichen Beschilderung folgen."}},{"type":"Feature","geometry":{"type":"LineString","coordinates":[[12.31998,53.01779],[12.32027,53.01765],[12.32052,53.01752],[12.32076,53.01737],[12.32099,53.01722],[12.32121,53.01706],[12.32265,53.01598],[12.32402,53.01493],[12.32539,53.01388],[12.32573,53.01362],[12.32592,53.01344],[12.3261,53.01325],[12.32626,53.01306],[12.3264,53.01286],[12.32652,53.01266],[12.32662,53.01245],[12.3267,53.01224],[12.32676,53.01203],[12.3268,53.01181],[12.32689,53.01118],[12.32696,53.0106],[12.32701,53.01032],[12.32708,53.0101],[12.32715,53.00988],[12.32725,53.00966],[12.32738,53.00944],[12.32752,53.00924],[12.32768,53.00904],[12.32788,53.00884],[12.32808,53.00865],[12.3283,53.00847],[12.3285,53.00828],[12.32917,53.00774],[12.3297,53.00737],[12.3309,53.00658],[12.33209,53.00579],[12.33241,53.00558],[12.33265,53.0054],[12.33287,53.00522],[12.33309,53.00503],[12.33329,53.00483],[12.33348,53.00464],[12.33366,53.00443],[12.33383,53.00423],[12.33495,53.00268],[12.33603,53.00119],[12.3371,52.9997],[12.33818,52.99821],[12.33834,52.99798],[12.33846,52.99777],[12.33857,52.99756],[12.33868,52.99735],[12.33877,52.99714],[12.33885,52.99693],[12.33901,52.99656],[12.33915,52.99622],[12.33927,52.99593],[12.33937,52.99569],[12.33949,52.99547],[12.33963,52.99524],[12.33978,52.99502],[12.33996,52.99481],[12.34016,52.9946],[12.34037,52.9944],[12.3406,52.99421],[12.34085,52.99402],[12.34111,52.99384],[12.34139,52.99367],[12.34168,52.99351],[12.34198,52.99336],[12.34312,52.99284],[12.34418,52.99236],[12.34457,52.99217],[12.34487,52.99201],[12.34516,52.99184],[12.34543,52.99166],[12.34568,52.99146],[12.34592,52.99127],[12.34614,52.99106],[12.34634,52.99085],[12.34653,52.99063],[12.34669,52.99041],[12.34683,52.99018],[12.34695,52.98994],[12.34705,52.98971],[12.34725,52.9892],[12.3474,52.98878],[12.34749,52.98852],[12.34756,52.98833],[12.34763,52.98814],[12.34769,52.98795],[12.34775,52.98776],[12.3482,52.98639],[12.34863,52.98508],[12.34905,52.98377],[12.34915,52.98348],[12.34924,52.98325],[12.34934,52.98302],[12.34945,52.98279],[12.34957,52.98256],[12.34971,52.98234],[12.34987,52.98212],[12.35003,52.98191],[12.35021,52.9817],[12.3504,52.98149],[12.35061,52.98129],[12.35082,52.98109],[12.35105,52.9809],[12.3521,52.98],[12.35308,52.97916],[12.35406,52.97832],[12.35432,52.9781],[12.35454,52.97792],[12.35477,52.97775],[12.35501,52.97759],[12.35527,52.97743],[12.35555,52.97729],[12.35583,52.97715],[12.35613,52.97702],[12.35882,52.97597],[12.36145,52.97495],[12.36408,52.97393],[12.3667,52.97291],[12.36933,52.97188],[12.36965,52.97176],[12.36989,52.97166],[12.37013,52.97155],[12.37037,52.97145],[12.37061,52.97134],[12.37281,52.97026],[12.37493,52.9692],[12.37706,52.96814],[12.37919,52.96709],[12.38131,52.96603],[12.38165,52.96587],[12.3819,52.96576],[12.38216,52.96566],[12.38242,52.96557],[12.38269,52.96548],[12.38296,52.9654],[12.38534,52.96484],[12.38761,52.9643],[12.38988,52.96376],[12.3904,52.96363],[12.39079,52.96353],[12.39117,52.96342],[12.39154,52.96329],[12.3919,52.96316],[12.39225,52.96301],[12.39227,52.963]]},"properties":{"sp":0,"o":"Gumtow (Prignitz) 8183 m.","s":"B103","von":"2026-04-14","bis":"2026-10-31","t":"Markierungsarbeiten\n\nIm angegebenen Zeitraum kommt es zu Einschränkungen des Verkehrsraumes mit wechselseitiger Verkehrsführung in beiden Fahrtrichtungen.\n\nBitte beachten Sie die örtliche Beschilderung und Verkehrsführung."}},{"type":"Feature","geometry":{"type":"LineString","coordinates":[[13.89487,52.02841],[13.89482,52.02842],[13.89476,52.02842],[13.89464,52.02843],[13.89459,52.02843],[13.89448,52.02843],[13.89424,52.02844],[13.89399,52.02845],[13.89368,52.02848],[13.89191,52.02864],[13.89017,52.02881],[13.88999,52.02882],[13.88981,52.02883],[13.88958,52.02882],[13.88947,52.02881],[13.88935,52.0288],[13.88922,52.0288],[13.8891,52.02881],[13.88894,52.02883],[13.88874,52.02886],[13.88847,52.0289],[13.88832,52.02892],[13.88817,52.02893],[13.88794,52.02894],[13.88731,52.02894],[13.88662,52.02895],[13.88655,52.02895],[13.88648,52.02895],[13.88642,52.02896],[13.88636,52.02897],[13.8863,52.02899],[13.88625,52.02901],[13.8862,52.02904],[13.88617,52.02907],[13.88613,52.0291],[13.88611,52.02914],[13.88609,52.02918],[13.88606,52.02925],[13.88594,52.02955],[13.88579,52.02989],[13.88578,52.02993],[13.88575,52.02998],[13.88573,52.03002],[13.88569,52.03006],[13.88564,52.0301],[13.88559,52.03013],[13.88553,52.03016],[13.88546,52.03019],[13.88535,52.03022],[13.88525,52.03024],[13.88501,52.0303],[13.88469,52.03038],[13.88443,52.03044],[13.88416,52.03048],[13.88388,52.03051],[13.88352,52.03053],[13.88289,52.03055],[13.88266,52.03055],[13.88242,52.03054],[13.88219,52.03052],[13.88188,52.03048],[13.88042,52.03025],[13.87888,52.03001],[13.87865,52.02998],[13.87841,52.02995],[13.87818,52.02994],[13.87786,52.02993],[13.87682,52.02991],[13.87569,52.02988],[13.87548,52.02988],[13.87527,52.02987],[13.87498,52.02987],[13.87313,52.02987],[13.87129,52.02986],[13.86939,52.02986],[13.86923,52.02987],[13.86907,52.02988],[13.86891,52.02991],[13.86876,52.02995],[13.86862,52.03],[13.86845,52.03009],[13.86711,52.03095],[13.86574,52.03181],[13.86557,52.03193],[13.86541,52.03205],[13.86527,52.03218],[13.8651,52.03234],[13.86438,52.03301],[13.86363,52.03373],[13.86351,52.03384],[13.86339,52.03393],[13.86327,52.03402],[13.86314,52.03409],[13.863,52.03416],[13.86284,52.03421],[13.86267,52.03425],[13.8625,52.03428],[13.86225,52.03429],[13.86034,52.03435],[13.85833,52.03442],[13.8565,52.03448],[13.85616,52.03448],[13.85585,52.03449],[13.85553,52.03449],[13.85522,52.03449],[13.8549,52.03449],[13.85457,52.03448],[13.8542,52.03447],[13.85217,52.03439],[13.85009,52.03431],[13.85005,52.03431],[13.85001,52.03431],[13.84997,52.03431],[13.84993,52.03431],[13.84989,52.03432],[13.84985,52.03433],[13.84982,52.03434],[13.84979,52.03436],[13.84977,52.03439]]},"properties":{"sp":0,"o":"Schlepzig (Dahme-Spreewald) 3437 m.","s":"L421","von":"2026-03-31","bis":"2027-12-31","t":"Tonnagebegrenzung auf 16 Tonnen\n\nAb dem 31.03.2026 wird auf der L421 zwischen Schlepzig und Krausnick eine Tonnagebegrenzung auf 16 Tonnen zulässiges tatsächliches Gewicht eingerichtet.\n\nGrund ist der Zustand von den vier Brückenbauwerken in diesem Abschnitt.\n\nUmleitung:\nL42 > B179 > L71 über Neu Lübbenau und Leibsch und in umgekehrter Richtung.\n\nBitte beachten Sie die örtliche Beschilderung."}},{"type":"Feature","geometry":{"type":"LineString","coordinates":[[13.99247,52.2647],[13.99169,52.2647],[13.98875,52.26465],[13.98504,52.26459],[13.98143,52.26452],[13.97789,52.26447],[13.97431,52.26443],[13.97088,52.26437]]},"properties":{"sp":1,"o":"Storkow (Oder-Spree) 1475 m.","s":"L412","von":"2026-07-10","bis":"2026-09-23","t":"Deckenerneuerung in mehreren Bauabschnitten\n\n1. Bauabschnitt\nVOLLSPERRUNG vom 01.06.2026 bis 27.07.2026\nauf der L412, ab Storkow bis OA Storkow, Reichenwalder Straße.\n\n2. Bauabschnitt\nVOLLSPERRUNG vom 10.07.2026 bis 23.09.2026\nauf der L412, ab OA Storkow bis in die Ortslage Reichenwalde.\n\nUmleitung:\nL23 , Storkow> B 246  > Wendisch Rietz/ Glienecke > L35 > Bad Saarow > Knotenpunkt > L 412 Reichenwalde und in umgekehrter Richtung.\n\nBitte beachten Sie die örtliche Verkehrsführung und Beschilderung."}},{"type":"Feature","geometry":{"type":"LineString","coordinates":[[13.21137,52.99967],[13.21149,52.99965],[13.21199,52.99954],[13.21236,52.99948],[13.2127,52.99943],[13.21354,52.99933],[13.21443,52.99924],[13.21614,52.99906],[13.21731,52.99895],[13.21772,52.9989],[13.21861,52.99882],[13.2191,52.99877],[13.2194,52.99875],[13.21967,52.99874],[13.22011,52.99873],[13.22034,52.99874],[13.2204,52.99874]]},"properties":{"sp":0,"o":"Zehdenick (Oberhavel) 617 m.","s":"L22","von":"2026-08-24","bis":"2026-09-25","t":"Verlegung Mittelspannungskabel\n\nIm angegebenen Zeitraum besteht eine halbseitige Sperrung mit wechselseitiger Verkehrsführung. Die Regelung erfolgt über eine Baustellenampel. \n\nBitte der örtlichen Beschilderung folgen."}},{"type":"Feature","geometry":{"type":"LineString","coordinates":[[13.04605,52.44574],[13.04606,52.44646],[13.04607,52.44751],[13.04608,52.44861],[13.04608,52.44877],[13.0461,52.44894],[13.04611,52.44911],[13.04613,52.44927],[13.04616,52.44948],[13.04622,52.44992],[13.04629,52.45039]]},"properties":{"sp":0,"o":"Potsdam (Potsdam) 519 m.","s":"B2","von":"2026-08-31","bis":"2026-09-11","t":"Schadstellensanierung\n\nIm angegebenen Zeitraum besteht eine halbseitige Sperrung mit wechselseitiger Verkehrsführung. Die Regelung erfolgt über eine Baustellenampel. \n\nBitte der örtlichen Beschilderung folgen."}},{"type":"Feature","geometry":{"type":"LineString","coordinates":[[13.72663,51.85121],[13.72942,51.85003],[13.73252,51.84872],[13.73562,51.84741],[13.73872,51.8461],[13.74183,51.84479],[13.74493,51.84348],[13.74793,51.84221],[13.75115,51.84087]]},"properties":{"sp":1,"o":"Luckau (Dahme-Spreewald) 2045 m.","s":"L52","von":"2026-08-03","bis":"2026-09-11","t":"Deckenerneuerung in mehreren Bauabschnitten\n\n> 4. Bauabschnitt vom 03.08.2026 bis 11.09.2026: \nVOLLSPERRUNG auf der L52 und L526, ab der Kreuzung Freesdorfer Weg bis Schlabendorf.\n\nUmleitung:\nab KP L52/B87 > B87, OU Luckau > KP B87/ B96, Wittmannsdorf > B96, Riedebeck > B96, Bornsdorf > KP B96/L561 > L561, Weißack > L561, Gahro > L56, Crinitz > L56, Fürstlich Drehna > L56, Klein Mehßow > L56, Mallenchen > bis KP L56/L52 und in umgekehrter Richtung.\n\nBitte beachten Sie die örtliche Beschilderung und Verkehrsführung."}},{"type":"Feature","geometry":{"type":"LineString","coordinates":[[14.3605,51.77206],[14.36048,51.77204],[14.36041,51.77197],[14.36036,51.77191],[14.36022,51.77177],[14.35957,51.77109],[14.35921,51.77072],[14.35871,51.77018],[14.35823,51.76966]]},"properties":{"sp":1,"o":"Cottbus (Cottbus) 310 m.","s":"B169","von":"2025-09-26","bis":"2027-12-21","t":"Grundhafter Ausbau in mehreren Bauphasen\n\nBauphase 2: \nAb 26.09.2025\nkommt es auf der B169 beim Kreisverkehr B169 Stadtring / Nordring zu einspuriger Verkehrsführung in beiden Fahrtrichtungen.\n\nAus Richtung Peitz kommend ist der Geh- und Radweg gesperrt. \nEs wird eine Umleitung eingerichtet.\n\nDann werden bis zum Abzweig \"Drewitzer Straße\" beide Richtungsfahrbahn auf eine Fahrbahn übergeleitet. \n\nZwischen dem Abzweig \"Am Großen Spreewehr\" und dem Bahnübergang werden beide Richtungsfahrbahnen auf eine Fahrbahn übergeleitet. \n\nHinweis: Die Zuwegung aus Merzdorf kommen zu \"Am Großen Spreewehr\" ist gewährleistet.\n\n________________________________\n\nVOLLSPERRUNG der \"Drewitzer Straße\" (Abzweig von der B169) ab 22.10.2025.\n\n\nDie Verkehrsführung wird je nach Baufortschritt angepasst\nBitte beachten Sie die örtliche Beschilderung und Verkehrsführung."}},{"type":"Feature","geometry":{"type":"LineString","coordinates":[[13.64196,52.50119],[13.64297,52.50237],[13.6439,52.50351],[13.64396,52.50359]]},"properties":{"sp":0,"o":"Hoppegarten (Märkisch-Oderland) 300 m.","s":"L339","von":"2026-04-27","bis":"2026-12-31","t":"Tiefbauarbeiten\n\nIm angegebenen Zeitraum kommt es am Knotenpunkt B1/L339, Neuer Hönower Weg sowie am Knotenpunkt B1/L339, Köpenicker Straße zu temporären Sperrungen einer Fahrspur sowie zu Geschwindigkeitsbegrenzungen.\n\nBitte der örtlichen Beschilderung folgen."}},{"type":"Feature","geometry":{"type":"LineString","coordinates":[[13.29283,52.35547],[13.29285,52.35551],[13.29301,52.35578],[13.29314,52.356],[13.29327,52.35623],[13.2934,52.35647],[13.29353,52.35674],[13.29365,52.357],[13.29378,52.35728],[13.29395,52.35771],[13.29405,52.35797],[13.29413,52.35823],[13.29421,52.35848],[13.29429,52.35875],[13.29437,52.35902],[13.29444,52.35927],[13.2945,52.35952],[13.29455,52.35974],[13.29462,52.36003],[13.29473,52.3606],[13.2949,52.36156],[13.29507,52.36243],[13.29512,52.36268],[13.29517,52.36293],[13.29522,52.36318],[13.29528,52.36343],[13.29535,52.36367],[13.29542,52.36392],[13.29551,52.36422],[13.2956,52.36448],[13.29568,52.3647],[13.29577,52.36495],[13.29587,52.36519],[13.29598,52.36543],[13.29608,52.36567],[13.2962,52.36593],[13.29633,52.36617],[13.29644,52.3664],[13.29657,52.36664],[13.29675,52.36693],[13.29701,52.36735],[13.29726,52.36773],[13.29746,52.368],[13.29762,52.36821],[13.29778,52.36842],[13.29803,52.36871],[13.29829,52.36901],[13.29856,52.36928],[13.29881,52.36951],[13.29905,52.36972],[13.29929,52.36992],[13.29955,52.37012],[13.29981,52.37031],[13.30007,52.37049],[13.30038,52.3707],[13.30071,52.37091],[13.30144,52.37133],[13.30233,52.37186],[13.30258,52.372]]},"properties":{"sp":0,"o":"Großbeeren (Teltow-Fläming) 2006 m.","s":"B101","von":"2026-09-28","bis":"2026-10-02","t":"Gewährleistungsarbeiten\n\nIm angegebenen Zeitraum kommt es zu Einschränkungen des Verkehrsraumes mit einspuriger Verkehrsführung in beiden Fahrtrichtungen.\n\nBitte beachten Sie die örtliche Beschilderung und Verkehrsführung."}},{"type":"Feature","geometry":{"type":"LineString","coordinates":[[13.66953,52.85163],[13.6705,52.8515],[13.67086,52.85145],[13.67148,52.85136],[13.6718,52.8513],[13.67346,52.85102],[13.67658,52.8505],[13.67683,52.85047],[13.6772,52.85045],[13.67973,52.85039],[13.67999,52.85039],[13.68026,52.85037],[13.68201,52.85018],[13.68431,52.84994],[13.68499,52.84987],[13.68508,52.84986]]},"properties":{"sp":1,"o":"Schorfheide (Barnim) 1070 m.","s":"B167","von":"2026-09-14","bis":"2026-10-30","t":"Deckenerneuerung\n\nVOLLSPERRUNG auf der B167 (Marienwerderstraße) zwischen der Tankstelle und der Anschlussstelle zur A11 vom 14.09.2026 bis 30.10.2026.\n\nUmleitungen:\nnördliche Route ab KP B167/L237, Eberswalde > KP B167/L238, Erberswalde > L238, Lichterfelde > L238, Altenhof > KP L238/L23 > KP L23/L220 > L220, Elsenau > L220, Eichhorst > bis KP L220/B167 und in umgekehrter Richtung.\n\nsüdliche Route ab KP B167/L100, Zerpenschleuse > KP L100/L315, Klosterfelde > KP L315/L31, Prenden > KP L31/L29, Lanke > L29, Biesenthal > KP L29/L200, Biesenthal > L200, Melchow > L200, Spechthausen > bis KP L200/B167, Eberswalde\n\nBitte beachten Sie die örtliche Beschilderung und Verkehrsführung."}},{"type":"Feature","geometry":{"type":"LineString","coordinates":[[13.52834,51.45063],[13.52838,51.4505],[13.52847,51.45023],[13.52852,51.44998]]},"properties":{"sp":1,"o":"Röderland (Elbe-Elster) 71 m.","s":"K6204","von":"2025-09-10","bis":"2026-10-31","t":"Ertüchtigung der Umleitungsstrecke\n\n2. Bauabschnitt:\n> VOLLSPERRUNG vom 10.09.2025 bs 31.10.2026\n- der B101, Dresdner Straße\n- der K6204, Merzdorfer Straße vom Knotenpunkt B101/K6204 bis Abzweig Krauschützer Mittelweg\n\nUmleitung:\nB101, Alte Elsterwerdaer Straße > B169, Prösen > L59, Röderland bis Reichenhain > L593, Prieschka > L593, Richtung Dobra > B101, Elsterwerda > B101, Krauschütz und in umgekehrter Richtung.\n\noder Umleitung:\nB101, Alte Elsterwerdaer Straße > B169, Prösen > B101, Wainsdorf > L59, Merzdorf > L59, Gröden > L59, Hirschfeld > L591 über Plessa-Süd nach Plessa >  B169 über Kahla nach Elsterwerda und in umgekehrter Richtung.\n\nDie Umleitung für die Sperrung der K6204 wird über die kommunalen Straßen Krauschützer Mittelweg und Eichenweg geführt.\n\nEs besteht zudem eine halbseitige Sperrung mit wechselseitiger Verkehrsführung. Die Regelung erfolgt über eine Baustellenampel"}},{"type":"Feature","geometry":{"type":"LineString","coordinates":[[13.42949,52.65657],[13.42947,52.65658],[13.42942,52.6566],[13.4292,52.65666],[13.42899,52.65673],[13.42897,52.65674]]},"properties":{"sp":1,"o":"Wandlitz (Barnim) 40 m.","s":"L305","von":"2026-09-14","bis":"2026-09-26","t":"Erneuerung Brückenbauwerk\n\nVOLLSPERRUNG der Brücke auf der L305  vom 14.09.2026 bis 26.09.2026.\n\nUmleitung:\nab L305 (Mühlenbecker Straße) > L305, Schönerlinde > OD Schönerlinde, Schönerlinder Dorfstraße > OD Schönerlinde, Alter Heerweg > bis KP OD Schönerlinde, Alter Heerweg/L305 und in umgekehrter Reihenfolge\n\nBitte achten Sie auf die örtliche Verkehrsführung und Beschilderung."}},{"type":"Feature","geometry":{"type":"LineString","coordinates":[[13.60647,52.27992],[13.60619,52.28068],[13.60617,52.28077],[13.60616,52.28082],[13.60617,52.28087],[13.6062,52.28097],[13.60626,52.28105],[13.60632,52.28109],[13.60648,52.28121],[13.60676,52.28139]]},"properties":{"sp":1,"o":"Mittenwalde (Dahme-Spreewald) 180 m.","s":"B179","von":"2026-08-24","bis":"2026-10-30","t":"Deckenerneuerung\nin mehreren Bauabschnitten\n\nGesamtzeitraum der Baumaßnahme: 15.06.2026 bis 30.10.2026\n\n4. Bauabschnitt: vom 24.08.2026 bis 30.10.2026\n> VOLLSPERRUNG der B179, ab Knotenpunkt L40/179 bis zur Brücke Abzweig Forsthaus/Kreisverkehr L30/B179.\n\nEntsprechende Umleitungen über die A10 und A13 für beide Fahrtrichtungen sind ausgewiesen.\n\nDie Verkehrsführung wird je nach Baufortschritt angepasst.\n\nBitte beachten Sie die örtliche Beschilderung und Verkehrsführung."}},{"type":"Feature","geometry":{"type":"LineString","coordinates":[[12.75507,52.52914],[12.75509,52.52916],[12.7551,52.52918]]},"properties":{"sp":1,"o":"Nauen (Havelland) 5 m.","s":"L91","von":"2026-03-16","bis":"2026-10-31","t":"Erneuerung der Fahrbahn\n\n4. - 6. Bauabschnitt:\nVOLLSPERRUNG auf der L91, Wachow, Brandenburger Allee\nvom 16.03.2026 bis 31.10.2026.\n\nSPERRUNG der Einfahrten \"Zum Stützpunkt\", \"Zum Friedhof\" und \"Am Dorfteich\".\nZufahrt für Anwohner wird gewährleistet.\n\nUmleitung:\nL91, Gohlitz  > K6306, Niebede  > K6306, Tremmen >  K6307, Zachow > L92, Roskow > L91, Päwesin und in umgekehrter Richtung.\n\nBitte beachten Sie die örtliche Verkehrsführung und Beschilderung."}},{"type":"Feature","geometry":{"type":"LineString","coordinates":[[12.04734,53.30056],[12.04731,53.30065]]},"properties":{"sp":1,"o":"Putlitz (Prignitz) 10 m.","s":"K7024","von":"2026-10-05","bis":"2026-10-13","t":"Sanierung Durchlass\n\n> Vom 21.09.2026 bis 05.10.2026 \nbesteht eine halbseitige Sperrung mit wechselseitiger Verkehrsführung. Die Regelung erfolgt über eine Baustellenampel. \n\n> Vom 05.10.2026 bis 12.10.2026\nVOLLSPERRUNG auf der K7024, Höhe Duhlenzer Berg\n\nUmleitung: \nK7024, Nettelbeck > L13, Telschow-Weitgendorf  > K7021, Frehne  > L14, Krempendorf  > K7024, Jännersdorf > K7024, Porep und in umgekehrter Richtung.\n\n> Vom 13.10.2026 bis 16.10.2026 \nbesteht eine halbseitige Sperrung mit wechselseitiger Verkehrsführung. Die Regelung erfolgt über eine Baustellenampel. \n\nDie Verkehrsführung wird je nach Baufortschritt angepasst.\n\nBitte der örtlichen Beschilderung folgen."}},{"type":"Feature","geometry":{"type":"LineString","coordinates":[[13.50517,52.59657],[13.50744,52.59746],[13.5097,52.59836],[13.51037,52.59862]]},"properties":{"sp":0,"o":"Ahrensfelde (Barnim) 420 m.","s":"B2","von":"2026-07-13","bis":"2027-04-12","t":"Leitungsarbeiten der Stromnetz Berlin\n\nIm angegebenen Zeitraum besteht eine halbseitige Sperrung mit wechselseitiger Verkehrsführung. Die Regelung erfolgt über eine Baustellenampel. \n\nBitte der örtlichen Beschilderung folgen."}},{"type":"Feature","geometry":{"type":"LineString","coordinates":[[13.6509,53.14499],[13.65066,53.14422]]},"properties":{"sp":1,"o":"Milmersdorf (Uckermark) 87 m.","s":"L100","von":"2026-09-09","bis":"2026-12-02","t":"Beseitigung Böschungsschaden\n\nVOLLSPERRUNG auf der L100 zwischen Krohnhorst und Milmersdorf und Verbot für Fahrzeuge mit einer zulässigen Gesamtmasse über 3,5 t \nvom 09.09.2026 bis 02.12.2026\n\nUmleitung:\nL100  >Milmersdorf  >L23 Templin >  B109 > L100 Krohnhorst und in umgekehrter Richtung.\n\nBitte der örtlichen Beschilderung folgen."}},{"type":"Feature","geometry":{"type":"LineString","coordinates":[[13.09797,51.98824],[13.09814,51.98813],[13.09825,51.98806],[13.09834,51.98799],[13.09842,51.98792],[13.09861,51.98773],[13.09866,51.98768],[13.09875,51.98755],[13.09879,51.98744],[13.0988,51.98741]]},"properties":{"sp":0,"o":"Jüterbog (Teltow-Fläming) 110 m.","s":"B102","von":"2026-03-12","bis":"2028-09-01","t":"Grundhafter Ausbau mit Kanal- und Straßenbau\n\nVOLLSPERRUNG auf der B102, OD Jüterbog, Hauptstraße ab Abzweig Stegeweg bis Vorstadt Neumarkt\nvom 02.03.2026 bis 01.09.2028.\n\nUmleitung:\nA) B102 über B101 > Luckenwalder Straße > Fuchsberge > Neuheimer Weg > Bülowstraße und in umgekehrter Richtung.\nB) L81 über Schloßstraße > Fuchsberge > Luckenwalder Straße > B101.\n\nAb dem 18.08.2026 besteht ab Abzweig Stegeweg bis Abzweig Dorfstraße eine proviorische Umfahrung. Es kommt zu Einschränkungen des Verkehrsraumes mit wechselseitiger Verkehrsführung in beiden Fahrtrichtungen kommen.\n\nDie Verkehrsführung wird je nach Baufortschritt angepasst.\n\nBitte beachten Sie die örtliche Verkehrsführung und Beschilderung."}},{"type":"Feature","geometry":{"type":"LineString","coordinates":[[13.97553,53.05598],[13.97444,53.05687],[13.97424,53.05702],[13.97402,53.05717],[13.9738,53.0573],[13.97357,53.05743],[13.97332,53.05756],[13.97306,53.05767],[13.97271,53.05782],[13.9712,53.05839]]},"properties":{"sp":0,"o":"Angermünde (Uckermark) 400 m.","s":"B198","von":"2025-03-20","bis":"2026-12-31","t":"Ersatzneubau der Bahnbrücke\n\nAufgrund von Bauarbeiten an der Bahnbrücke auf der B198 zwischen Angermünde und Greiffenberg wird der Verkehr vom\nvom 20.03.2025 bis 31.12.2026 auf jeweils eine Richtungsfahrbahn umgeleitet.\n\nDie Verkehrsführung über eine Lichtsignalanlage.\n\nBitte beachten Sie die örtliche Verkehrsführung und Beschilderung."}},{"type":"Feature","geometry":{"type":"LineString","coordinates":[[13.29628,51.46914],[13.29607,51.46908],[13.29536,51.46886],[13.2948,51.46869],[13.29463,51.46863],[13.29455,51.46859]]},"properties":{"sp":0,"o":"Bad Liebenwerda (Elbe-Elster) 135 m.","s":"L66","von":"2026-09-14","bis":"2026-09-25","t":"Deckenerneuerung\n\nIm angegebenen Zeitraum besteht eine halbseitige Sperrung mit wechselseitiger Verkehrsführung. Die Regelung erfolgt über eine Baustellenampel. \n\nBitte der örtlichen Beschilderung folgen."}},{"type":"Feature","geometry":{"type":"LineString","coordinates":[[12.59549,52.40411],[12.59559,52.40416],[12.59574,52.40424],[12.59593,52.40434],[12.59608,52.40442],[12.59627,52.40452],[12.59645,52.40461],[12.59663,52.40471],[12.59684,52.40482],[12.59701,52.40491],[12.5972,52.40501],[12.59739,52.40511],[12.59755,52.40519],[12.59778,52.40531],[12.59794,52.40539],[12.59812,52.40549],[12.5983,52.40558],[12.59848,52.40568],[12.59865,52.40577],[12.59883,52.40586],[12.59902,52.40596],[12.59928,52.40609],[12.59938,52.40615],[12.59955,52.40624],[12.59973,52.40633],[12.59991,52.40643],[12.60009,52.40652],[12.60027,52.40662],[12.60045,52.40671],[12.60066,52.40682],[12.60082,52.40691],[12.601,52.407],[12.60117,52.40709],[12.60135,52.40718],[12.60153,52.40728],[12.60171,52.40737],[12.60189,52.40747],[12.60206,52.40756],[12.60224,52.40766],[12.60243,52.40775],[12.6026,52.40785],[12.60278,52.40794],[12.60296,52.40804],[12.60314,52.40813],[12.60332,52.40822],[12.6035,52.40832],[12.60368,52.40841],[12.60386,52.40851],[12.60404,52.4086],[12.60422,52.4087],[12.6044,52.40879],[12.60458,52.40889],[12.60476,52.40898],[12.60494,52.40908],[12.60512,52.40917],[12.6053,52.40927],[12.60548,52.40936],[12.60564,52.40945],[12.60582,52.40954],[12.60601,52.40964],[12.60614,52.4097],[12.6062,52.40972],[12.60628,52.40976],[12.60634,52.40978],[12.6064,52.4098],[12.60649,52.40983],[12.60665,52.40987],[12.60686,52.40991],[12.6071,52.40996],[12.60733,52.41],[12.60756,52.41004],[12.60779,52.41009],[12.60803,52.41013],[12.60825,52.41017],[12.60849,52.41021],[12.60873,52.41024],[12.609,52.41028],[12.60919,52.4103],[12.60961,52.41035],[12.60988,52.41038],[12.61014,52.41041],[12.61037,52.41043],[12.61059,52.41046],[12.61085,52.41048],[12.61105,52.4105],[12.61128,52.41053],[12.61156,52.41055],[12.61177,52.41057],[12.61198,52.41058],[12.61228,52.4106],[12.61253,52.41061],[12.61392,52.41065],[12.61393,52.41065]]},"properties":{"sp":0,"o":"Brandenburg an der Havel (Brandenburg an der Havel) 1500 m.","s":"B1","von":"2025-09-29","bis":"2027-04-30","t":"Arbeiten am Bahnübergang Wust, B1\nvom 29.09.2025 bis 30.04.2027\n\nGroßräumige Umleitung nur für den LKW-Verkehr:\n\nB102, Schmerzke  > B102, Paterdamm  > L88, Prützke >  L88, Grebs > L88, Kloster Lehnin > L88, Lehnin > L86, Damsdorf > L86, Groß Kreutz > B1, Jeserig > B1, Gollwitz und in umgekehrter Richtung.\n\nBitte beachten Sie die örtliche Verkehrsführung und Beschilderung."}},{"type":"Feature","geometry":{"type":"LineString","coordinates":[[13.71587,52.89568],[13.71651,52.8949],[13.71724,52.894]]},"properties":{"sp":0,"o":"Joachimsthal (Barnim) 208 m.","s":"L238","von":"2026-06-23","bis":"2026-09-30","t":"Deckenerneuerung\n\nVom 23.06.2026 bis 30.09.2026 kommt es aufgrund von Restarbeiten zur halbseitigen Sperrung mit wechselseitiger Verkehrsführung. \nDie Regelung erfolgt über eine Baustellenampel. \n\nBitte der örtlichen Beschilderung folgen.\n\nBitte beachten Sie die örtliche Verkehrsführung und Beschilderung."}},{"type":"Feature","geometry":{"type":"LineString","coordinates":[[12.52359,52.41306],[12.52462,52.413],[12.52502,52.41297],[12.52833,52.4128],[12.53082,52.41266],[12.53164,52.41262]]},"properties":{"sp":1,"o":"Brandenburg an der Havel (Brandenburg an der Havel) 550 m.","s":"B1","von":"2026-04-16","bis":"2028-08-31","t":"Verkehrssicherung\n\nVom 16.04.2026 bis 31.08.2028\nVOLLSPERRUNG auf der B1, Magdeburger Landstraße ab Knotenpunkt B1/B102 bis Höhe Friedrich-Franz-Straße.\n\nEine entsprechende Umleitung ist ausgewiesen.\n\nUm den Knotenpunkt B1/B102 besteht zudem eine halbseitige Sperrung mit wechselseitiger Verkehrsführung. \n\nDa der Gehweg teilweise oder voll gesperrt wird, werden alle Verkehrsteilnehmer um erhöhte Aufmerksamkeit gebeten\n\nBitte beachten Sie die örtliche Beschilderung und Verkehrsführung."}},{"type":"Feature","geometry":{"type":"LineString","coordinates":[[14.44228,51.72964],[14.44179,51.72966],[14.44118,51.72968],[14.43982,51.72972]]},"properties":{"sp":0,"o":"Neuhausen/Spree (Spree-Neiße) 170 m.","s":"B168","von":"2025-08-28","bis":"2026-10-31","t":"Baubauarbeiten für die OU Cottbus \n\ngeplanter Gesamtzeitraum der Baumaßnahme: 13.03.2023 - 31.10.2026\n\nVom 28.08.2025 bis 31.10.2026:\nBau der neuen Anschlussstelle B97 / B168\n\nBitte beachten Sie die örtliche Beschilderung und Verkehrsführung."}},{"type":"Feature","geometry":{"type":"LineString","coordinates":[[14.12263,53.29096],[14.12136,53.29143]]},"properties":{"sp":1,"o":"Randowtal (Uckermark) 100 m.","s":"L25","von":"2026-08-03","bis":"2026-12-18","t":"Erneuerung Durchlass\n\nVOLLSPERRUNG auf der L25, zwischen Schölln und Grünz vom 03.08.2026 bis 18.12.2026.\n\nUmleitung:\nab Chausseestraße > L283, Grünz > L283, Sommerdorf > L283, Penkun > K85 (Str. Am Bahnhof), Wollin > K7360, Bagemühl > KP K7316/L251, Grünberg > L251, Schwaneberg > KP L251/L25, Schmölln und in umgekehrter Richtung.\n\nBitte beachten Sie die örtliche Beschilderung und Verkehrsführung."}},{"type":"Feature","geometry":{"type":"LineString","coordinates":[[14.0452,52.86578],[14.04516,52.86568],[14.04514,52.86561],[14.04511,52.86552],[14.0451,52.86547],[14.04508,52.86541],[14.04508,52.86534],[14.04508,52.86524],[14.04508,52.86516],[14.04512,52.86498],[14.04518,52.86472],[14.0453,52.86427],[14.0454,52.86387],[14.04551,52.86345],[14.04551,52.86342],[14.04551,52.8634],[14.0455,52.86337],[14.04549,52.86335],[14.04545,52.86329],[14.04543,52.86326],[14.04538,52.86323],[14.04534,52.8632],[14.04527,52.86316],[14.04526,52.86315]]},"properties":{"sp":0,"o":"Oderberg (Barnim) 300 m.","s":"B158","von":"2026-09-12","bis":"2026-12-31","t":"Neubau Brücke \n\nIm angegebenen Zeitraum kommt es zu Einschränkungen des Verkehrsraumes mit wechselseitiger Verkehrsführung in beiden Fahrtrichtungen.\n\nDie Regelung erfolgt über eine Baustellenampel. \n\n!Info GST!:\nKeine Befahrung für Großraum- und Schwertransporte möglich!\n\nVOLLSPERRUNG auf der 158 im Bereich der Bücke Alte Oder\nvom 12.09.2026 06:00 Uhr bis 12.09.2026 20:00 Uhr\n\nUmleitung:\nB158, Oderberg, Hermann Seidel Straße, >B158, Barlitz  > B158, Bad Freienwalde > B167, Kanalstraße, Eberswalder Straße > B167, Falkenberg > B167, Tornow > L29, Niederfinower Straße > L29, Odergberg und in umgekehrter Richtung.\n\n\nBitte beachten Sie die örtliche Beschilderung und Verkehrsführung."}},{"type":"Feature","geometry":{"type":"LineString","coordinates":[[14.59514,51.61637],[14.59537,51.6162],[14.59561,51.61603]]},"properties":{"sp":0,"o":"Döbern (Spree-Neiße) 50 m.","s":"B115","von":"2026-09-07","bis":"2026-09-25","t":"Instandsetzung Entwässerungsanlage\n\nIm angegebenen Zeitraum besteht eine halbseitige Sperrung mit wechselseitiger Verkehrsführung. Die Regelung erfolgt über eine Baustellenampel. \n\nBitte der örtlichen Beschilderung folgen."}},{"type":"Feature","geometry":{"type":"LineString","coordinates":[[14.39058,51.81249],[14.39062,51.81234],[14.39063,51.81225],[14.39064,51.81214],[14.39065,51.81198],[14.39065,51.8118],[14.39064,51.81162],[14.39062,51.81145],[14.39058,51.81128],[14.39054,51.81111],[14.3905,51.81096],[14.39046,51.81085],[14.39041,51.81069],[14.39035,51.81056],[14.39026,51.8104],[14.39018,51.81027],[14.3901,51.81013],[14.38998,51.80997],[14.38988,51.80984],[14.38975,51.80968],[14.38963,51.80956],[14.38951,51.80943],[14.38935,51.80928],[14.38922,51.80917],[14.38904,51.80902],[14.3889,51.80892],[14.38871,51.80878],[14.38856,51.80869],[14.3884,51.80859],[14.38821,51.80848],[14.38802,51.80838],[14.38777,51.80826],[14.3876,51.80818],[14.3874,51.80809],[14.38721,51.80801],[14.38702,51.80792],[14.38685,51.80785],[14.38664,51.80776],[14.38647,51.80769],[14.38626,51.80759],[14.38608,51.80751],[14.38589,51.80741],[14.38568,51.8073],[14.38551,51.8072],[14.38534,51.8071],[14.38518,51.807],[14.38504,51.80691],[14.38487,51.80679],[14.38471,51.80668],[14.38457,51.80656],[14.38443,51.80646],[14.38426,51.80632],[14.38419,51.80627],[14.3841,51.80619],[14.38404,51.80613],[14.38395,51.80603],[14.38392,51.806],[14.38382,51.80586],[14.3838,51.80583],[14.38371,51.80569],[14.38369,51.80565],[14.38362,51.80551],[14.38359,51.80544],[14.38354,51.80529],[14.3835,51.80515],[14.38345,51.805],[14.38341,51.80486],[14.38337,51.80472],[14.38332,51.80457],[14.38328,51.80443],[14.38323,51.80429],[14.38319,51.80415],[14.38315,51.804],[14.3831,51.80386],[14.38306,51.80372],[14.38302,51.80357],[14.38297,51.80343],[14.38293,51.80329],[14.38289,51.80314],[14.38284,51.803],[14.3828,51.80286],[14.38276,51.80271],[14.38271,51.80257],[14.38267,51.80243],[14.38262,51.80228],[14.38258,51.80214],[14.38254,51.802],[14.38249,51.80185],[14.38245,51.80171],[14.3824,51.80157],[14.38236,51.80142],[14.38232,51.80128],[14.38228,51.80114],[14.38223,51.801],[14.38219,51.80086],[14.38215,51.80071],[14.3821,51.80057],[14.38206,51.80043],[14.38202,51.80028],[14.38197,51.80014],[14.38193,51.79999],[14.38188,51.79985],[14.38184,51.79971],[14.3818,51.79956],[14.38176,51.79942],[14.38171,51.79928],[14.38167,51.79914],[14.38163,51.79899],[14.38158,51.79885],[14.38154,51.79871],[14.38149,51.79856],[14.38145,51.79842],[14.38141,51.79828],[14.38136,51.79814],[14.38131,51.798],[14.38126,51.79786],[14.38121,51.79772],[14.38115,51.79758],[14.38109,51.79744],[14.38102,51.7973],[14.38094,51.79713],[14.38092,51.7971]]},"properties":{"sp":0,"o":"Cottbus (Cottbus) 1914 m.","s":"B168","von":"2026-08-28","bis":"2026-10-07","t":"Deckenerneuerung in mehreren Bauabschnitten\nGesamtzeitraum der Maßnahme: 10.08.2026 bis 07.10.2026.\n\nVom 28.08.2026 bis 07.10.2026 kommt es auf der B168 ab dem Kreuzungsbereich B168/L473/Mauster Straße bis zum Kreuzungsbereich B168/Lakomer Chaussee/Lakomer Dorfstraße zur halbseitigen Sperrung mit wechselseitiger Verkehrsführung. \n\nDie Verkehrsführung wird je nach Baufortschritt angepasst.\n\nBitte beachten Sie die örtliche Beschilderung und Verkehrsführung."}},{"type":"Feature","geometry":{"type":"LineString","coordinates":[[12.77082,52.91292],[12.76979,52.91243],[12.76905,52.9121],[12.76861,52.91191],[12.76834,52.91179],[12.76799,52.91163],[12.76719,52.91127],[12.7664,52.91091],[12.76488,52.9102],[12.76332,52.90947],[12.76307,52.90936],[12.76281,52.90924],[12.76255,52.90912],[12.76222,52.90898],[12.76169,52.90874],[12.76108,52.90847],[12.76085,52.90837],[12.76062,52.90827],[12.7604,52.90817],[12.76018,52.90807],[12.75988,52.90793],[12.75832,52.9072],[12.75651,52.90635],[12.75634,52.90628],[12.75617,52.90621],[12.75587,52.9061],[12.75556,52.90601],[12.75526,52.90594],[12.75493,52.90588],[12.75462,52.90584],[12.75438,52.90582],[12.75421,52.90581],[12.75396,52.90579]]},"properties":{"sp":0,"o":"Neuruppin (Ostprignitz-Ruppin) 1394 m.","s":"B167","von":"2026-08-27","bis":"2027-04-30","t":"Deckensanierung Neubau Radweg\n\nIm angegebenen Zeitraum besteht eine halbseitige Sperrung mit wechselseitiger Verkehrsführung. Die Regelung erfolgt zudem über eine Baustellenampel. \n\nDer Radweg und Gehweg der Bechliner Chaussee ist ab dem KP Dorfstraße/Treskower Weg, OD Neuruppin gesperrt.\n\nIn dem Zeitraum vom 31.08.2026 bis 30.04.2027 kommt es bis zur AS Neuruppin zudem zu geringfügigen Verkehrseinschränkungen. \n\nBitte beachten Sie die örtliche Beschilderung und Verkehrsführung."}},{"type":"Feature","geometry":{"type":"LineString","coordinates":[[14.0452,52.86578],[14.04516,52.86568],[14.04514,52.86561],[14.04511,52.86552],[14.0451,52.86547],[14.04508,52.86541],[14.04508,52.86534],[14.04508,52.86524],[14.04508,52.86516],[14.04512,52.86498],[14.04518,52.86472],[14.0453,52.86427],[14.0454,52.86387],[14.04551,52.86345],[14.04551,52.86342],[14.04551,52.8634],[14.0455,52.86337],[14.04549,52.86335],[14.04545,52.86329],[14.04543,52.86326],[14.04538,52.86323],[14.04534,52.8632],[14.04527,52.86316],[14.04526,52.86315]]},"properties":{"sp":1,"o":"Oderberg (Barnim) 300 m.","s":"B158","von":"2026-09-12","bis":"2026-09-12","t":"Neubau Brücke \n\nIm angegebenen Zeitraum kommt es zu Einschränkungen des Verkehrsraumes mit wechselseitiger Verkehrsführung in beiden Fahrtrichtungen.\n\nDie Regelung erfolgt über eine Baustellenampel. \n\n!Info GST!:\nKeine Befahrung für Großraum- und Schwertransporte möglich!\n\nVOLLSPERRUNG auf der 158 im Bereich der Bücke Alte Oder\nvom 12.09.2026 06:00 Uhr bis 12.09.2026 20:00 Uhr\n\nUmleitung:\nB158, Oderberg, Hermann Seidel Straße, >B158, Barlitz  > B158, Bad Freienwalde > B167, Kanalstraße, Eberswalder Straße > B167, Falkenberg > B167, Tornow > L29, Niederfinower Straße > L29, Odergberg und in umgekehrter Richtung.\n\n\nBitte beachten Sie die örtliche Beschilderung und Verkehrsführung."}},{"type":"Feature","geometry":{"type":"LineString","coordinates":[[14.0452,52.86578],[14.04516,52.86568],[14.04514,52.86561],[14.04511,52.86552],[14.0451,52.86547],[14.04508,52.86541],[14.04508,52.86534],[14.04508,52.86524],[14.04508,52.86516],[14.04512,52.86498],[14.04518,52.86472],[14.0453,52.86427],[14.0454,52.86387],[14.04551,52.86345],[14.04551,52.86342],[14.04551,52.8634],[14.0455,52.86337],[14.04549,52.86335],[14.04545,52.86329],[14.04543,52.86326],[14.04538,52.86323],[14.04534,52.8632],[14.04527,52.86316],[14.04526,52.86315]]},"properties":{"sp":0,"o":"Oderberg (Barnim) 300 m.","s":"B158","von":"2026-04-12","bis":"2026-09-12","t":"Neubau Brücke \n\nIm angegebenen Zeitraum kommt es zu Einschränkungen des Verkehrsraumes mit wechselseitiger Verkehrsführung in beiden Fahrtrichtungen.\n\nDie Regelung erfolgt über eine Baustellenampel. \n\n!Info GST!:\nKeine Befahrung für Großraum- und Schwertransporte möglich!\n\nVOLLSPERRUNG auf der 158 im Bereich der Bücke Alte Oder\nvom 12.09.2026 06:00 Uhr bis 12.09.2026 20:00 Uhr\n\nUmleitung:\nB158, Oderberg, Hermann Seidel Straße, >B158, Barlitz  > B158, Bad Freienwalde > B167, Kanalstraße, Eberswalder Straße > B167, Falkenberg > B167, Tornow > L29, Niederfinower Straße > L29, Odergberg und in umgekehrter Richtung.\n\n\nBitte beachten Sie die örtliche Beschilderung und Verkehrsführung."}},{"type":"Feature","geometry":{"type":"LineString","coordinates":[[14.15772,51.77473],[14.1577,51.77469],[14.1577,51.77469]]},"properties":{"sp":1,"o":"Kolkwitz (Spree-Neiße) 5 m.","s":"K7132","von":"2026-09-09","bis":"2026-09-11","t":"Herstellung Kabeltrasse\n\nVOLLSPERRUNG des Bahnüberganges auf der K7132 \nvom 09.09.2026 bis 11.09.2026.\n\nBitte der örtlichen Beschilderung folgen."}},{"type":"Feature","geometry":{"type":"LineString","coordinates":[[14.32652,51.97716],[14.32815,51.97734],[14.32869,51.97737],[14.3291,51.97734],[14.32952,51.97726],[14.32957,51.97726],[14.32974,51.97724],[14.3298,51.97724],[14.33006,51.97726],[14.33063,51.97749],[14.33102,51.97767],[14.33114,51.97773],[14.33145,51.97788],[14.33169,51.97796],[14.332,51.97802],[14.33224,51.97809],[14.33229,51.9781],[14.33241,51.97815],[14.33262,51.97825],[14.33305,51.97853],[14.33388,51.97908],[14.33395,51.97913],[14.33535,51.98006],[14.33548,51.98014],[14.33584,51.98039],[14.33629,51.98071],[14.33645,51.98082],[14.33731,51.98138],[14.33761,51.98158],[14.33799,51.98184]]},"properties":{"sp":0,"o":"Lieberose (Dahme-Spreewald) 1000 m.","s":"K6102","von":"2026-05-11","bis":"2026-10-31","t":"Straßenarbeiten\n\nIm angegebenen Zeitraum besteht eine halbseitige Sperrung mit wechselseitiger Verkehrsführung. \n\nBitte der örtlichen Beschilderung folgen."}},{"type":"Feature","geometry":{"type":"LineString","coordinates":[[13.0035,52.74576],[13.00361,52.74585],[13.00374,52.74596],[13.00387,52.74607],[13.004,52.74618],[13.00413,52.74629],[13.0042,52.74635]]},"properties":{"sp":0,"o":"Kremmen (Oberhavel) 80 m.","s":"L170","von":"2026-09-21","bis":"2026-10-02","t":"Reparatur Schutzplanke\n\nIm angegebenen Zeitraum besteht eine halbseitige Sperrung mit wechselseitiger Verkehrsführung. Die Regelung erfolgt über eine Baustellenampel. \n\nBitte der örtlichen Beschilderung folgen."}},{"type":"Feature","geometry":{"type":"LineString","coordinates":[[12.91414,52.55778],[12.91414,52.55778],[12.9141,52.55775],[12.9141,52.55775]]},"properties":{"sp":1,"o":"Wustermark (Havelland) 5 m.","s":"L863","von":"2026-07-27","bis":"2026-10-31","t":"Straßen- und Gehwegbau\n\nVOLLSPERRUNG auf der Dorfstraße, Abzweig von der L863\nvom 27.07.2026 bis 31.10.2026.\n\nUmleitung:\nAm Pappelhain  > Niederhof  > Kreisverkehr zu B5 und in umgekehrter Richtung.\n\nÖPNV wird umgeleitet, Ersatzbushaltestellen im KV an den Abfahrten Bredow.\n\nBitte der örtlichen Beschilderung folgen."}},{"type":"Feature","geometry":{"type":"LineString","coordinates":[[13.60685,52.28145],[13.60703,52.28135],[13.60732,52.28121],[13.60782,52.28099],[13.60811,52.28088],[13.60853,52.28073],[13.60887,52.28062],[13.60912,52.28056],[13.60914,52.28056]]},"properties":{"sp":1,"o":"Königs Wusterhausen (Dahme-Spreewald) 185 m.","s":"B179","von":"2026-08-24","bis":"2026-10-30","t":"Deckenerneuerung\nin mehreren Bauabschnitten\n\nGesamtzeitraum der Baumaßnahme: 15.06.2026 bis 30.10.2026\n\n4. Bauabschnitt: vom 24.08.2026 bis 30.10.2026\n> VOLLSPERRUNG der B179, ab Knotenpunkt L40/179 bis zur Brücke Abzweig Forsthaus/Kreisverkehr L30/B179.\n\nEntsprechende Umleitungen über die A10 und A13 für beide Fahrtrichtungen sind ausgewiesen.\n\nDie Verkehrsführung wird je nach Baufortschritt angepasst.\n\nBitte beachten Sie die örtliche Beschilderung und Verkehrsführung."}},{"type":"Feature","geometry":{"type":"LineString","coordinates":[[13.18938,52.68633],[13.18992,52.68632],[13.19062,52.68631],[13.19077,52.68631],[13.19092,52.68631],[13.19114,52.68631],[13.19156,52.68631],[13.19233,52.68633]]},"properties":{"sp":0,"o":"Velten (Oberhavel) 200 m.","s":"L20","von":"2026-06-24","bis":"2026-09-25","t":"Erneuerung Trinkwasserleitung\n\nIm angegebenen Zeitraum besteht eine halbseitige Sperrung mit wechselseitiger Verkehrsführung. \n\nBitte der örtlichen Beschilderung folgen."}},{"type":"Feature","geometry":{"type":"LineString","coordinates":[[13.8279,53.30842],[13.82721,53.30873],[13.8257,53.30943],[13.82543,53.30955],[13.82515,53.30966],[13.82487,53.30976],[13.82448,53.30988],[13.82371,53.31009],[13.823,53.31029],[13.82298,53.31029]]},"properties":{"sp":1,"o":"Prenzlau (Uckermark) 390 m.","s":"L25","von":"2026-03-09","bis":"2026-12-11","t":"Ausbau des Geh und Radweges in mehreren Abschnitten, Erneuerung der Fahrbahndecke\n\nVOLLSPERRUNG der L25 (zwischen Abzweig Erika-Kliemann-Weg und Abzweig Vorstadtbahnhof)\nvom 09.03.2026 bis 11.12.2026\n\nUmleitung:\nL25  > L253  > B198 > B109 und in umgekehrter Richtung.\n\nSobald uns Informationen zu den weiteren Bauabschnitten vorliegen, werden diese hier ergänzt.\n\nBitte beachten Sie die örtliche Verkehrsführung und Beschilderung."}},{"type":"Feature","geometry":{"type":"LineString","coordinates":[[13.64729,51.53509],[13.64727,51.53509],[13.64704,51.53506],[13.64682,51.53503],[13.64659,51.535],[13.64636,51.53498],[13.64613,51.53495],[13.64591,51.53492],[13.64568,51.53489],[13.64545,51.53486],[13.64522,51.53483],[13.645,51.5348],[13.64477,51.53477],[13.64454,51.53474],[13.64431,51.53472],[13.64408,51.53469],[13.64385,51.53466],[13.64357,51.53462],[13.64334,51.53459],[13.64312,51.53457],[13.64289,51.53454],[13.64266,51.53451],[13.64244,51.53448],[13.64221,51.53445],[13.64198,51.53442],[13.64175,51.53439],[13.64152,51.53437],[13.6413,51.53434],[13.64107,51.53431],[13.64084,51.53428],[13.64061,51.53425],[13.64038,51.53422],[13.64016,51.53419],[13.63993,51.53416],[13.6397,51.53413],[13.63947,51.53411],[13.63925,51.53408],[13.63902,51.53405],[13.63882,51.53402]]},"properties":{"sp":0,"o":"Gorden-Staupitz (Elbe-Elster) 600 m.","s":"L62","von":"2026-09-14","bis":"2026-09-25","t":"Deckenerneuerung\n\nIm angegebenen Zeitraum besteht eine halbseitige Sperrung mit wechselseitiger Verkehrsführung. Die Regelung erfolgt über eine Baustellenampel. \n\nBitte der örtlichen Beschilderung folgen."}},{"type":"Feature","geometry":{"type":"LineString","coordinates":[[14.36236,51.77399],[14.36148,51.77308],[14.3605,51.77206]]},"properties":{"sp":0,"o":"Cottbus (Cottbus) 250 m.","s":"B169","von":"2025-09-26","bis":"2027-12-21","t":"Grundhafter Ausbau in mehreren Bauphasen\n\nBauphase 2: \nAb 26.09.2025\nkommt es auf der B169 beim Kreisverkehr B169 Stadtring / Nordring zu einspuriger Verkehrsführung in beiden Fahrtrichtungen.\n\nAus Richtung Peitz kommend ist der Geh- und Radweg gesperrt. \nEs wird eine Umleitung eingerichtet.\n\nDann werden bis zum Abzweig \"Drewitzer Straße\" beide Richtungsfahrbahn auf eine Fahrbahn übergeleitet. \n\nZwischen dem Abzweig \"Am Großen Spreewehr\" und dem Bahnübergang werden beide Richtungsfahrbahnen auf eine Fahrbahn übergeleitet. \n\nHinweis: Die Zuwegung aus Merzdorf kommen zu \"Am Großen Spreewehr\" ist gewährleistet.\n\n________________________________\n\nVOLLSPERRUNG der \"Drewitzer Straße\" (Abzweig von der B169) ab 22.10.2025.\n\n\nDie Verkehrsführung wird je nach Baufortschritt angepasst\nBitte beachten Sie die örtliche Beschilderung und Verkehrsführung."}},{"type":"Feature","geometry":{"type":"LineString","coordinates":[[14.3577,51.76882],[14.35772,51.76888],[14.35782,51.7691],[14.35788,51.76921]]},"properties":{"sp":0,"o":"Cottbus (Cottbus) 45 m.","s":"B169","von":"2025-09-15","bis":"2027-12-21","t":"Grundhafter Ausbau in mehreren Bauphasen\n\nBauphase 2: \nAb 26.09.2025\nkommt es auf der B169 beim Kreisverkehr B169 Stadtring / Nordring zu einspuriger Verkehrsführung in beiden Fahrtrichtungen.\n\nAus Richtung Peitz kommend ist der Geh- und Radweg gesperrt. \nEs wird eine Umleitung eingerichtet.\n\nDann werden bis zum Abzweig \"Drewitzer Straße\" beide Richtungsfahrbahn auf eine Fahrbahn übergeleitet. \n\nZwischen dem Abzweig \"Am Großen Spreewehr\" und dem Bahnübergang werden beide Richtungsfahrbahnen auf eine Fahrbahn übergeleitet. \n\nHinweis: Die Zuwegung aus Merzdorf kommen zu \"Am Großen Spreewehr\" ist gewährleistet.\n\n________________________________\n\nVOLLSPERRUNG der \"Drewitzer Straße\" (Abzweig von der B169) ab 22.10.2025.\n\n\nDie Verkehrsführung wird je nach Baufortschritt angepasst\nBitte beachten Sie die örtliche Beschilderung und Verkehrsführung."}},{"type":"Feature","geometry":{"type":"LineString","coordinates":[[13.30751,52.35367],[13.30779,52.35369],[13.30801,52.3537],[13.30821,52.35372],[13.3084,52.35375],[13.30926,52.35388],[13.3101,52.35401],[13.31051,52.35407],[13.31086,52.35408],[13.3112,52.35407],[13.31155,52.35406],[13.31198,52.35402],[13.31222,52.35396],[13.31256,52.35389],[13.31286,52.35381],[13.31498,52.35318],[13.31558,52.353]]},"properties":{"sp":0,"o":"Großbeeren (Teltow-Fläming) 580 m.","s":"L40","von":"2026-08-31","bis":"2026-09-18","t":"Glasfaserausbau\n\nIm angegebenen Zeitraum besteht eine halbseitige Sperrung mit wechselseitiger Verkehrsführung. Die Regelung erfolgt über eine Baustellenampel. \n\nBitte der örtlichen Beschilderung folgen."}},{"type":"Feature","geometry":{"type":"LineString","coordinates":[[13.52834,51.45063],[13.52836,51.45066],[13.52836,51.45069],[13.52836,51.45075],[13.52831,51.45104],[13.52821,51.45161]]},"properties":{"sp":1,"o":"Elsterwerda (Elbe-Elster) 110 m.","s":"B101","von":"2025-09-10","bis":"2026-10-31","t":"Ertüchtigung der Umleitungsstrecke\n\n2. Bauabschnitt:\n> VOLLSPERRUNG vom 10.09.2025 bs 31.10.2026\n- der B101, Dresdner Straße\n- der K6204, Merzdorfer Straße vom Knotenpunkt B101/K6204 bis Abzweig Krauschützer Mittelweg\n\nUmleitung:\nB101, Alte Elsterwerdaer Straße > B169, Prösen > L59, Röderland bis Reichenhain > L593, Prieschka > L593, Richtung Dobra > B101, Elsterwerda > B101, Krauschütz und in umgekehrter Richtung.\n\noder Umleitung:\nB101, Alte Elsterwerdaer Straße > B169, Prösen > B101, Wainsdorf > L59, Merzdorf > L59, Gröden > L59, Hirschfeld > L591 über Plessa-Süd nach Plessa >  B169 über Kahla nach Elsterwerda und in umgekehrter Richtung.\n\nDie Umleitung für die Sperrung der K6204 wird über die kommunalen Straßen Krauschützer Mittelweg und Eichenweg geführt.\n\nEs besteht zudem eine halbseitige Sperrung mit wechselseitiger Verkehrsführung. Die Regelung erfolgt über eine Baustellenampel"}},{"type":"Feature","geometry":{"type":"LineString","coordinates":[[13.75181,52.42502],[13.75183,52.425],[13.75207,52.42477],[13.7522,52.42461],[13.75229,52.42443],[13.75237,52.42426],[13.75257,52.42377]]},"properties":{"sp":1,"o":"Erkner (Oder-Spree) 150 m.","s":"L30","von":"2026-06-01","bis":"2026-12-18","t":"Grundhafter Ausbau der Friedrichstraße und Instandsetzung der Brücke über das Flakenfließ\n\n> Vom 15.04.2026 bis 18.12.2026\nVOLLSPERRUNG auf der L30, Friedrichstraße.\n\nDie innerstädtische Umleitung wird mithilfe einer Ampel geregelt:\nSeestraße  > Lange Straße > W.-Smolka-Straße > KV > Fürstenwalder Straße > Rudolf-Breitscheid-Straße > Julius-Rütgers-Straße und in umgekehrter \nRichtung.\n\nUm die Umleitung herum besteht eine halbseitige Sperrung mit wechselseitiger Verkehrsführung. Die Regelung erfolgt über eine Baustellenampel. \n\nEine überörtliche Umleitung ist ausgewiesen.\n\nAchtung! Für Fußgänger und Radfahrer ist der Weg frei.\n\nDie Verkehrsführung wird je nach Baufortschritt angepasst.\n\nBitte beachten Sie die örtliche Verkehrsführung und Beschilderung."}},{"type":"Feature","geometry":{"type":"LineString","coordinates":[[14.52205,52.31475],[14.52194,52.31486],[14.52153,52.3153]]},"properties":{"sp":0,"o":"Frankfurt (Frankfurt) 70 m.","s":"B112","von":"2026-08-18","bis":"2026-12-14","t":"Brückenprüfung- und instandsetzung\n\nIm angegebenen Zeitraum besteht eine halbseitige Sperrung mit wechselseitiger Verkehrsführung. Die Regelung erfolgt über eine Baustellenampel. \n\n!Info Großraum- und Schwerlasttransport!:\nDie Durchfahrtsbreite beträgt max. 3 m.\n\nBitte der örtlichen Beschilderung folgen."}},{"type":"Feature","geometry":{"type":"LineString","coordinates":[[13.55085,53.13173],[13.5508,53.13168],[13.55071,53.13158],[13.55063,53.13149],[13.55048,53.13133],[13.55035,53.13123],[13.55024,53.13117],[13.55012,53.13112],[13.55008,53.13111]]},"properties":{"sp":0,"o":"Templin (Uckermark) 88 m.","s":"B109","von":"2020-10-21","bis":"2026-12-30","t":"Sicherung des Brückenbauwerks \n\nAb 21.10.2020 kommt es zu Einschränkungen des Verkehrsraumes mit wechselseitiger Verkehrsführung in beiden Fahrtrichtungen.\n\nInfo GST: \nDer Abschnitt ist in beiden Fahrtrichtungen für GST (  und gt; 41,8 t) gesperrt.\n\nBitte beachten Sie die örtliche Verkehrführung und Beschilderung."}},{"type":"Feature","geometry":{"type":"LineString","coordinates":[[13.70624,51.63661],[13.70486,51.63626],[13.70477,51.63624]]},"properties":{"sp":1,"o":"Finsterwalde (Elbe-Elster) 110 m.","s":"L60","von":"2026-07-13","bis":"2026-10-02","t":"Deckenerneuerung\n\nVOLLSPERRUNG auf der B96, zwischen Sonnewalde und Finsterwalde, inkl. dem Knotenpunkt der L60 mit der B96\nvom 13.07.2026 bis 02.10.2026.\n\nUmleitung:\nB96, Sonnewalde > L701, Schönewalde > L701, Frankena >L701, Sonnewalde > L70, Doberlug-Kirchhain  > L60, Hennersdorf > L60, Finsterwalde > B96, Finsterwalde und in umgekehrter Richtung.\n\nBitte beachten Sie die örtliche Beschilderung und Verkehrsführung."}},{"type":"Feature","geometry":{"type":"LineString","coordinates":[[11.99596,53.02107],[11.99552,53.02125],[11.99535,53.02132]]},"properties":{"sp":0,"o":"Plattenburg (Prignitz) 50 m.","s":"B5","von":"2026-05-22","bis":"2027-05-21","t":"Sicherung Durchlass\n\nIm angegebenen Zeitraum besteht eine halbseitige Sperrung mit wechselseitiger Verkehrsführung. \n\nBitte der örtlichen Beschilderung folgen."}},{"type":"Feature","geometry":{"type":"LineString","coordinates":[[13.69543,53.21778],[13.69521,53.21759],[13.69509,53.21748],[13.69501,53.21741],[13.69467,53.21712],[13.69436,53.21688],[13.69415,53.2167],[13.69398,53.21655],[13.69383,53.2164],[13.6937,53.21624],[13.69358,53.21606]]},"properties":{"sp":0,"o":"Nordwestuckermark (Uckermark) 228 m.","s":"B109","von":"2026-09-14","bis":"2026-09-19","t":"Bauliche Erhaltung\n\nIm angegebenen Zeitraum besteht eine halbseitige Sperrung mit wechselseitiger Verkehrsführung. Die Regelung erfolgt über eine Baustellenampel. \n\nBitte beachten Sie die örtliche Beschilderung und Verkehrsführung."}},{"type":"Feature","geometry":{"type":"LineString","coordinates":[[14.60017,51.80639],[14.60018,51.80633],[14.60024,51.80616],[14.60034,51.80589],[14.6004,51.80573],[14.60047,51.80561],[14.60064,51.80534],[14.6008,51.80517],[14.60098,51.80501],[14.60131,51.8048],[14.60142,51.80473],[14.6015,51.80467],[14.60157,51.80459],[14.60162,51.80449],[14.60162,51.8044],[14.60161,51.80435],[14.60158,51.80431],[14.60149,51.80419],[14.6007,51.8034],[14.60056,51.80322],[14.60053,51.80315],[14.6005,51.80306],[14.60041,51.80276],[14.60002,51.80141],[14.6,51.80137]]},"properties":{"sp":0,"o":"Forst (Spree-Neiße) 610 m.","s":"B112","von":"2026-06-22","bis":"2026-09-30","t":"Glasfaserausbau\n\nIm angegebenen Zeitraum besteht eine halbseitige Sperrung mit wechselseitiger Verkehrsführung. \n\nBitte der örtlichen Beschilderung folgen."}},{"type":"Feature","geometry":{"type":"LineString","coordinates":[[13.38431,51.7077],[13.38386,51.70829],[13.38336,51.7095],[13.38312,51.71003],[13.38293,51.71046],[13.38288,51.71061],[13.38285,51.7107],[13.38282,51.71082],[13.38279,51.71095],[13.38286,51.71107],[13.38312,51.71155],[13.38322,51.71175],[13.38337,51.712],[13.38347,51.71219],[13.38362,51.71253],[13.38365,51.71268],[13.38366,51.71271],[13.38369,51.7128],[13.38378,51.71308],[13.38379,51.71312]]},"properties":{"sp":1,"o":"Schlieben (Elbe-Elster) 630 m.","s":"L68","von":"2026-03-30","bis":"2026-11-30","t":"Ersatzneubau Brücke über den Steigemühlengraben\n\nVOLLSPERRUNG der L68 vom 30.03.2026 bis 30.11.2026. \n\nUmleitung: \nL681 > L691, Frenkenhain > L69 > L68 und in umgekehrter Reihenfolge.\n\nBitte beachten Sie die örtliche Verkehrsführung und Beschilderung."}},{"type":"Feature","geometry":{"type":"LineString","coordinates":[[12.53082,52.41266],[12.53077,52.41298],[12.53074,52.41316],[12.53074,52.41335],[12.5308,52.41355],[12.53086,52.41375],[12.53088,52.41382],[12.5309,52.41389],[12.53097,52.41407],[12.53102,52.41426],[12.53106,52.41447],[12.53108,52.41464],[12.53109,52.41485],[12.53109,52.41506],[12.53108,52.4153],[12.53107,52.41544],[12.53106,52.41559],[12.53106,52.41582],[12.53109,52.41599],[12.53114,52.41618],[12.53116,52.41623]]},"properties":{"sp":0,"o":"Brandenburg an der Havel (Brandenburg an der Havel) 400 m.","s":"B102","von":"2026-08-03","bis":"2027-05-31","t":"Verkehrssicherung\n\nVom 16.04.2026 bis 31.08.2028\nVOLLSPERRUNG auf der B1, Magdeburger Landstraße ab Knotenpunkt B1/B102 bis Höhe Friedrich-Franz-Straße.\n\nEine entsprechende Umleitung ist ausgewiesen.\n\nUm den Knotenpunkt B1/B102 besteht zudem eine halbseitige Sperrung mit wechselseitiger Verkehrsführung. \n\nDa der Gehweg teilweise oder voll gesperrt wird, werden alle Verkehrsteilnehmer um erhöhte Aufmerksamkeit gebeten\n\nBitte beachten Sie die örtliche Beschilderung und Verkehrsführung."}},{"type":"Feature","geometry":{"type":"LineString","coordinates":[[12.53116,52.41623],[12.53114,52.41618],[12.53109,52.41599],[12.53106,52.41582],[12.53106,52.41559],[12.53107,52.41544],[12.53108,52.4153],[12.53109,52.41506],[12.53109,52.41485],[12.53108,52.41464],[12.53106,52.41447],[12.53102,52.41426],[12.53097,52.41407],[12.5309,52.41389],[12.53088,52.41382],[12.53086,52.41375],[12.5308,52.41355],[12.53074,52.41335],[12.53074,52.41316],[12.53077,52.41298],[12.53082,52.41266]]},"properties":{"sp":0,"o":"Brandenburg an der Havel (Brandenburg an der Havel) 400 m.","s":"B102","von":"2026-08-03","bis":"2027-05-31","t":"Verkehrssicherung\n\nVom 16.04.2026 bis 31.08.2028\nVOLLSPERRUNG auf der B1, Magdeburger Landstraße ab Knotenpunkt B1/B102 bis Höhe Friedrich-Franz-Straße.\n\nEine entsprechende Umleitung ist ausgewiesen.\n\nUm den Knotenpunkt B1/B102 besteht zudem eine halbseitige Sperrung mit wechselseitiger Verkehrsführung. \n\nDa der Gehweg teilweise oder voll gesperrt wird, werden alle Verkehrsteilnehmer um erhöhte Aufmerksamkeit gebeten\n\nBitte beachten Sie die örtliche Beschilderung und Verkehrsführung."}},{"type":"Feature","geometry":{"type":"LineString","coordinates":[[14.50759,51.82479],[14.50851,51.82495],[14.50889,51.82504],[14.50913,51.8251],[14.50943,51.82518],[14.5102,51.82541],[14.51168,51.82584],[14.51216,51.82599],[14.51337,51.82635],[14.51452,51.82669],[14.51514,51.82688],[14.51734,51.82753],[14.51762,51.82763],[14.5179,51.82773],[14.51827,51.8279],[14.51861,51.82807],[14.51882,51.82821],[14.51891,51.82829],[14.51897,51.82835],[14.51902,51.8284],[14.51905,51.82844],[14.51907,51.82849],[14.51911,51.82857],[14.51915,51.82867],[14.51919,51.82881],[14.51925,51.82893],[14.51931,51.82902],[14.51937,51.82909],[14.51944,51.82916],[14.51951,51.8292],[14.51961,51.82926],[14.51987,51.8294],[14.52009,51.8295]]},"properties":{"sp":0,"o":"Heinersbrück (Spree-Neiße) 1041 m.","s":"L474","von":"2026-08-19","bis":"2026-10-31","t":"Verlegung einer Kabeltrasse\n\nIm angegebenen Zeitraum besteht eine halbseitige Sperrung mit wechselseitiger Verkehrsführung. \n\nBitte der örtlichen Beschilderung folgen."}},{"type":"Feature","geometry":{"type":"LineString","coordinates":[[13.36711,52.13579],[13.36716,52.13476],[13.36718,52.13458],[13.36721,52.1344],[13.36726,52.13422],[13.36778,52.13253],[13.36781,52.1324],[13.36781,52.13231],[13.3678,52.13218],[13.36776,52.13205],[13.36745,52.13135],[13.36734,52.13108],[13.36729,52.13091],[13.36726,52.13072],[13.36693,52.12707],[13.36691,52.1267],[13.36691,52.12657],[13.36694,52.12642],[13.37016,52.11457],[13.37119,52.1108],[13.37178,52.10865],[13.37409,52.10021],[13.37411,52.10012]]},"properties":{"sp":1,"o":"Am Mellensee (Teltow-Fläming) 4019 m.","s":"L70","von":"2026-08-03","bis":"2026-10-31","t":"Neubau Radweg, Deckenerneuerung und Durchlassersatzneubau\n\nVOLLSPERRUNG auf der L70 zwischen Kummersdorf Gut und Sperenberg vom 03.08.2026 bis 31.10.2026.\n\nUmleitung:\nUmleitung:\nL70, Schönefeld  > L70, Stülpe > L73, Schöbendorf > L73, Paplitz > L73, Baruth/Mark > KV L73/B115/B96 > B96, Neuhof > K7226, Sperenberg und in umgekehrter Richtung.\n\n\nIm Bereich des Durchlassersatzneubaus erfolgt in der Zeit vom 21.08.2026 bis 31.10.2026 eine provisorische Umfahrung für Rettungskräfte und ÖPNV.\n\nBitte beachten Sie die örtliche Beschilderung und Verkehrsführung."}},{"type":"Feature","geometry":{"type":"LineString","coordinates":[[14.23998,51.66736],[14.23993,51.66737],[14.23948,51.66753],[14.23935,51.66758],[14.23922,51.66763],[14.23916,51.66765],[14.23873,51.66781]]},"properties":{"sp":1,"o":"Drebkau (Spree-Neiße) 100 m.","s":"K7125","von":"2026-08-26","bis":"2026-09-30","t":"Deckenerneuerung und Rinnensanierung\n\nVOLLSPERRUNG des Bahnüberganges auf der K7125, Laubst\nvom 26.08.2026 bis 30.09.2026\n\nUmleitung:\nK7125, Siewisch  > K7126, Koschendorf  > K7125, Leuthen > B169 und in umgekehrter Richtung.\n\nBitte der örtlichen Beschilderung folgen."}},{"type":"Feature","geometry":{"type":"LineString","coordinates":[[13.63882,51.53402],[13.63902,51.53405],[13.63925,51.53408],[13.63947,51.53411],[13.6397,51.53413],[13.63993,51.53416],[13.64016,51.53419],[13.64038,51.53422],[13.64061,51.53425],[13.64084,51.53428],[13.64107,51.53431],[13.6413,51.53434],[13.64152,51.53437],[13.64175,51.53439],[13.64198,51.53442],[13.64221,51.53445],[13.64244,51.53448],[13.64266,51.53451],[13.64289,51.53454],[13.64312,51.53457],[13.64334,51.53459],[13.64357,51.53462],[13.64385,51.53466],[13.64408,51.53469],[13.64431,51.53472],[13.64454,51.53474],[13.64477,51.53477],[13.645,51.5348],[13.64522,51.53483],[13.64545,51.53486],[13.64568,51.53489],[13.64591,51.53492],[13.64613,51.53495],[13.64636,51.53498],[13.64659,51.535],[13.64682,51.53503],[13.64704,51.53506],[13.64727,51.53509],[13.64729,51.53509]]},"properties":{"sp":0,"o":"Gorden-Staupitz (Elbe-Elster) 600 m.","s":"L62","von":"2026-09-14","bis":"2026-09-25","t":"Deckenerneuerung\n\nIm angegebenen Zeitraum besteht eine halbseitige Sperrung mit wechselseitiger Verkehrsführung. Die Regelung erfolgt über eine Baustellenampel. \n\nBitte der örtlichen Beschilderung folgen."}},{"type":"Feature","geometry":{"type":"LineString","coordinates":[[13.63844,52.89122],[13.63847,52.8913],[13.63851,52.89138],[13.63855,52.89146],[13.63859,52.8916],[13.6386,52.89171],[13.63858,52.89182],[13.63853,52.89195],[13.63845,52.89207],[13.63843,52.89209]]},"properties":{"sp":0,"o":"Schorfheide (Barnim) 100 m.","s":"L220","von":"2022-08-15","bis":"2028-12-31","t":"Tragfähigkeitsverbesserung\n\nIm angegebenen Zeitraum kommt es zu Einschränkungen des Verkehrsraumes mit wechselseitiger Verkehrsführung in beiden Fahrtrichtungen.\nDer Verkehr wird mithilfe einer Ampel geregelt.\n\nBitte beachten Sie die örtliche Verkehrsführung und Beschilderung."}},{"type":"Feature","geometry":{"type":"LineString","coordinates":[[13.04605,52.44574],[13.04604,52.44541],[13.04604,52.44514],[13.04606,52.44494],[13.0461,52.44473],[13.04617,52.44453],[13.04625,52.44433],[13.04635,52.44413],[13.04648,52.44394],[13.04699,52.44327],[13.04744,52.44268],[13.04755,52.44253],[13.04762,52.44243],[13.04768,52.44234],[13.04812,52.44174],[13.04851,52.44119],[13.04865,52.441],[13.04875,52.44085],[13.04884,52.44071],[13.04899,52.44047],[13.0491,52.44029],[13.0492,52.44013],[13.04927,52.44003],[13.04961,52.43951],[13.04992,52.43904],[13.05002,52.4389],[13.05009,52.4388],[13.05017,52.43869],[13.05026,52.43856],[13.05035,52.43844],[13.05043,52.43831],[13.05046,52.43824],[13.0505,52.43809],[13.05054,52.43792],[13.05058,52.43781],[13.05063,52.43769],[13.05074,52.43749],[13.05096,52.43711],[13.05122,52.43666],[13.05129,52.43653],[13.05134,52.43647],[13.0514,52.43641],[13.05155,52.43627],[13.05167,52.43616]]},"properties":{"sp":0,"o":"Potsdam (Potsdam) 1141 m.","s":"B2","von":"2026-08-31","bis":"2026-09-11","t":"Schadstellensanierung\n\nIm angegebenen Zeitraum besteht eine halbseitige Sperrung mit wechselseitiger Verkehrsführung. Die Regelung erfolgt über eine Baustellenampel. \n\nBitte der örtlichen Beschilderung folgen."}},{"type":"Feature","geometry":{"type":"LineString","coordinates":[[14.35318,52.08868],[14.35317,52.08868],[14.3508,52.08938],[14.34843,52.09007],[14.346,52.0908],[14.34585,52.09084],[14.3457,52.09088],[14.34554,52.09092],[14.34535,52.09095],[14.34516,52.09098],[14.34499,52.09099],[14.34475,52.09101],[14.34124,52.09118],[14.33774,52.09138],[14.33423,52.09157],[14.33073,52.09176],[14.32722,52.09195],[14.32373,52.09213],[14.32024,52.0923],[14.31672,52.09248],[14.31322,52.09267],[14.30962,52.09286],[14.30937,52.09288],[14.30912,52.09291],[14.30888,52.09295],[14.30858,52.09301],[14.30837,52.09306],[14.30816,52.09311],[14.30703,52.09339],[14.30584,52.0937],[14.30551,52.09378],[14.30517,52.09385],[14.30483,52.09391],[14.30448,52.09395],[14.30411,52.09399],[14.30367,52.09401],[14.3034,52.09402],[14.30312,52.09403],[14.30281,52.09405],[14.3025,52.0941],[14.30208,52.09418],[14.30072,52.09448],[14.29928,52.09478],[14.29905,52.09484],[14.29881,52.0949],[14.29859,52.09497],[14.29831,52.09508],[14.29675,52.0957],[14.29519,52.09633],[14.29361,52.09696],[14.29105,52.09799],[14.2885,52.09902],[14.28595,52.10006],[14.28339,52.10109],[14.28084,52.10212],[14.27822,52.10318],[14.27809,52.10323],[14.27796,52.10327],[14.27781,52.10332],[14.27765,52.10335],[14.27748,52.10337],[14.27732,52.10338],[14.27708,52.10339],[14.27486,52.10342],[14.27264,52.10345],[14.27034,52.10348],[14.27016,52.10348],[14.26997,52.10347],[14.26962,52.10346],[14.2694,52.10344],[14.26918,52.10343],[14.26895,52.10342],[14.26872,52.10342],[14.26849,52.10341],[14.26824,52.10341],[14.26799,52.10342],[14.26773,52.10344],[14.26726,52.10347],[14.26703,52.10348],[14.26652,52.10353],[14.26633,52.10354],[14.26616,52.10355]]},"properties":{"sp":1,"o":"Friedland (Oder-Spree) 6350 m.","s":"L43","von":"2026-03-09","bis":"2026-09-30","t":"Deckenerneuerung in 6 Verkehrssicherungsabschnitten \n\nVOLLSPERRUNG auf der L43, Dorfstraße ab Weichensdorf bis zum Knotenpunkt B168/L43.\nvom 09.03.2026 bis 30.09.2026.\n\nUmleitung:\nB168, Friedland  > Beeskow  > B246, Krügersdorf > Schneeberg > Grunow > L435, Oelsen, Groß Briesen > Klein Briesen > Weichensdorf und in umgekehrter Richtung.\n\nDer Umleitungsverkehr wird in Weichensdorf mit Hilfe einer Ampel geregelt.\n\nIm Zuge der Bauarbeiten innerhalb der Strecke kommt es zu Einschränkungen des Verkehrsraumes mit wechselseitiger Verkehrsführung in beiden Fahrtrichtungen.\n\nBitte beachten Sie die örtliche Verkehrsführung und Beschilderung."}},{"type":"Feature","geometry":{"type":"LineString","coordinates":[[13.62772,51.829],[13.62798,51.82908]]},"properties":{"sp":0,"o":"Heideblick (Dahme-Spreewald) 20 m.","s":"B87","von":"2026-10-05","bis":"2026-10-10","t":"Reparatur Bahnbrücke\n\nIm angegebenen Zeitraum besteht eine halbseitige Sperrung mit wechselseitiger Verkehrsführung. Die Regelung erfolgt über eine Baustellenampel. \n\nBitte der örtlichen Beschilderung folgen."}},{"type":"Feature","geometry":{"type":"LineString","coordinates":[[14.50759,51.82479],[14.50563,51.82461],[14.50334,51.8244],[14.50297,51.82436],[14.50261,51.82435],[14.50215,51.82433],[14.50184,51.82432],[14.50146,51.82432],[14.50111,51.82432],[14.50076,51.82434],[14.50038,51.82436],[14.49999,51.8244],[14.49972,51.82443],[14.49945,51.82447],[14.49905,51.82454],[14.49873,51.82461],[14.49843,51.82467],[14.49815,51.82474],[14.49784,51.82483],[14.49753,51.82493],[14.49722,51.82503],[14.49692,51.82514],[14.49663,51.82525],[14.49635,51.82538],[14.49608,51.82551],[14.4958,51.82565],[14.49448,51.82634],[14.49251,51.82736],[14.49066,51.82832],[14.48861,51.82938],[14.48816,51.82962],[14.48568,51.8309],[14.48474,51.83139],[14.48144,51.8331],[14.47973,51.83399],[14.47792,51.83497],[14.47754,51.83519],[14.47717,51.83542],[14.47682,51.83565],[14.47646,51.83589],[14.47612,51.83612],[14.47577,51.83637],[14.47543,51.83662],[14.47441,51.83735],[14.47363,51.83791],[14.47235,51.83883],[14.47196,51.8391],[14.4716,51.83933],[14.47124,51.83955],[14.47096,51.83972],[14.47068,51.83987],[14.47002,51.84022],[14.46939,51.84053],[14.46919,51.84063],[14.46894,51.84074],[14.4688,51.8408],[14.46856,51.84091],[14.46831,51.84101],[14.46809,51.84111],[14.46784,51.84121],[14.46751,51.84134],[14.46717,51.84146],[14.46687,51.84157],[14.46654,51.84168],[14.46595,51.84188],[14.46549,51.84201],[14.46502,51.84215],[14.4644,51.84231],[14.46376,51.84247],[14.46322,51.8426],[14.46125,51.84305],[14.46029,51.84326],[14.45994,51.84335],[14.45965,51.84342],[14.45949,51.84347],[14.45934,51.84353],[14.45911,51.84361],[14.45889,51.8437],[14.45868,51.8438],[14.45848,51.8439],[14.45829,51.84402],[14.45811,51.84413],[14.45788,51.84429],[14.45767,51.84445],[14.45758,51.84455],[14.45744,51.84469],[14.45728,51.84487],[14.45716,51.84502],[14.45705,51.84519],[14.45697,51.84533],[14.45686,51.84553],[14.4568,51.84566],[14.45674,51.84579],[14.45665,51.84599],[14.45647,51.84634],[14.45626,51.84668],[14.45615,51.84683],[14.45602,51.84698],[14.45589,51.84712],[14.45574,51.84725],[14.45555,51.8474],[14.45534,51.84754],[14.45509,51.84769],[14.45485,51.84782],[14.45466,51.84791],[14.45434,51.84804],[14.45414,51.84811],[14.45387,51.8482],[14.45365,51.84827],[14.45326,51.84837],[14.45237,51.84859],[14.45209,51.84866],[14.45169,51.84875],[14.4505,51.84903],[14.44786,51.84965],[14.44718,51.84982],[14.44595,51.8501],[14.44452,51.85044],[14.44262,51.85089],[14.44196,51.85104],[14.43936,51.85165],[14.43854,51.85185],[14.43803,51.85197],[14.43765,51.85205],[14.43735,51.85211],[14.43707,51.85216],[14.43674,51.85222],[14.43642,51.85226],[14.43609,51.85231],[14.43561,51.85236],[14.43526,51.85239],[14.43491,51.85241],[14.43455,51.85242],[14.43419,51.85243],[14.43367,51.85243],[14.43333,51.85242],[14.43284,51.8524],[14.43246,51.85237],[14.43206,51.85233],[14.43145,51.85226],[14.43114,51.85222],[14.43077,51.85215],[14.43027,51.85205],[14.42968,51.85192],[14.42933,51.85183],[14.42865,51.85162],[14.42829,51.8515],[14.42784,51.85133],[14.42756,51.85121],[14.42724,51.85107],[14.42695,51.85094],[14.42666,51.85079],[14.42641,51.85067],[14.42573,51.85033],[14.42541,51.85019],[14.42517,51.85009],[14.42484,51.84997],[14.42462,51.84991],[14.42438,51.84984],[14.42413,51.84978],[14.42389,51.84974],[14.42353,51.84968],[14.42326,51.84965],[14.42301,51.84963],[14.42275,51.84962],[14.42249,51.84961],[14.42223,51.84961],[14.42195,51.84962],[14.42168,51.84962],[14.42144,51.84963],[14.42117,51.84964],[14.42066,51.84965],[14.41977,51.84967],[14.41937,51.84968],[14.41846,51.8497],[14.41821,51.8497],[14.41794,51.84971],[14.41768,51.84972],[14.41742,51.84973],[14.41717,51.84975],[14.41692,51.84978],[14.41667,51.84981],[14.4164,51.84984],[14.41615,51.84988],[14.4159,51.84993],[14.41566,51.84998],[14.41543,51.85004],[14.41519,51.8501],[14.41496,51.85016],[14.41472,51.85024],[14.4145,51.85031],[14.41427,51.8504],[14.41406,51.85048],[14.41351,51.85069],[14.41317,51.85082],[14.41292,51.85091],[14.4127,51.85097],[14.41248,51.85102],[14.41222,51.85108],[14.41194,51.85112],[14.41172,51.85114],[14.41146,51.85117],[14.4112,51.85118],[14.41095,51.85119],[14.41071,51.85122],[14.41053,51.85124],[14.41031,51.85129],[14.41007,51.85134],[14.40983,51.85141],[14.4096,51.85148],[14.40944,51.85155],[14.40923,51.85164],[14.40907,51.85172],[14.40891,51.85181],[14.40875,51.85192],[14.40861,51.85203],[14.40842,51.85218],[14.40811,51.85242],[14.40787,51.85261],[14.40777,51.85269],[14.40767,51.85276],[14.40756,51.85282],[14.40741,51.85289]]},"properties":{"sp":0,"o":"Teichland (Spree-Neiße) 8228 m.","s":"L474","von":"2026-08-19","bis":"2026-10-31","t":"Verlegung einer Kabeltrasse\n\nIm angegebenen Zeitraum besteht eine halbseitige Sperrung mit wechselseitiger Verkehrsführung. \n\nBitte der örtlichen Beschilderung folgen."}},{"type":"Feature","geometry":{"type":"LineString","coordinates":[[14.44703,52.02407],[14.4479,52.02432],[14.44864,52.02448],[14.44923,52.02461],[14.45034,52.02482],[14.45059,52.02487],[14.45121,52.02501],[14.45174,52.02515],[14.45277,52.02544],[14.45303,52.02552],[14.45318,52.02556],[14.45371,52.02571],[14.45406,52.02581],[14.45589,52.02633],[14.45692,52.02663],[14.45786,52.02689],[14.45899,52.02722],[14.4606,52.02767],[14.46069,52.02769],[14.46076,52.02771],[14.4615,52.02792],[14.46167,52.02797],[14.46179,52.02803],[14.46183,52.02807],[14.46209,52.02818],[14.46227,52.02825],[14.46236,52.02828],[14.46245,52.0283],[14.46248,52.02832],[14.46262,52.02836],[14.46274,52.02838],[14.46282,52.0284],[14.46331,52.0284],[14.46372,52.02842],[14.4639,52.02843],[14.46407,52.02846],[14.46434,52.02852],[14.46453,52.02858],[14.46493,52.0287],[14.46531,52.0288],[14.46555,52.02883],[14.46576,52.02886],[14.46619,52.02889],[14.46653,52.0289],[14.46681,52.0289],[14.46694,52.02891]]},"properties":{"sp":0,"o":"Schenkendöbern (Spree-Neiße) 1481 m.","s":"L452","von":"2026-08-10","bis":"2027-02-28","t":"Verlegung von Mittel- und Niederspannungskabeln\n\nIm angegebenen Zeitraum kommt es zu Einschränkungen des Verkehrsraumes mit wechselseitiger Verkehrsführung in beiden Fahrtrichtungen.\n\nBitte beachten Sie die örtliche Beschilderung und Verkehrsführung."}},{"type":"Feature","geometry":{"type":"LineString","coordinates":[[13.89038,51.93721],[13.89063,51.93617],[13.89088,51.93515],[13.89113,51.93413],[13.89121,51.93386],[13.89129,51.93365],[13.89139,51.93344],[13.8915,51.93323],[13.89163,51.93302],[13.89177,51.93282],[13.89272,51.93139],[13.89361,51.93006],[13.8945,51.92873],[13.89539,51.9274],[13.89554,51.92715],[13.89563,51.92694],[13.89571,51.92673],[13.89576,51.92652],[13.8958,51.92631],[13.89582,51.92609],[13.89581,51.92588],[13.89569,51.92443],[13.89557,51.92305],[13.89545,51.92166],[13.89533,51.92027],[13.89533,51.9201],[13.89534,51.91998],[13.89536,51.91987],[13.89537,51.91983],[13.89539,51.91977],[13.89539,51.91974],[13.89539,51.9197],[13.89539,51.91965],[13.89538,51.91961],[13.89536,51.91956],[13.89534,51.91952],[13.89532,51.91948],[13.89528,51.91935],[13.89525,51.91926],[13.89524,51.91917],[13.89505,51.91696],[13.89486,51.9148],[13.89467,51.91264],[13.89448,51.91047],[13.89429,51.90831],[13.8941,51.90615],[13.89391,51.90398],[13.89372,51.90182],[13.8937,51.90146],[13.89371,51.90126],[13.89372,51.90105],[13.89374,51.90085],[13.89378,51.90064],[13.89382,51.90042],[13.89388,51.90021],[13.89394,51.9],[13.89402,51.89979],[13.8941,51.89958],[13.89419,51.89937],[13.89429,51.89916],[13.8944,51.89896],[13.89452,51.89877],[13.89464,51.89859],[13.89477,51.89841],[13.8949,51.89823],[13.89601,51.89681],[13.89711,51.89538],[13.89821,51.89396],[13.89933,51.89254]]},"properties":{"sp":0,"o":"Lübben (Dahme-Spreewald) 5121 m.","s":"L49","von":"2026-09-07","bis":"2026-10-30","t":"Einzug von Glasfaserkabel und Herstellung von Montagegruben\n\nIm angegebenen Zeitraum besteht zwischen der Puschkinstraße (OD Lübben) und dem OA Ragow, eine halbseitige Sperrung mit wechselseitiger Verkehrsführung. \n\nDa der Gehweg teilweise gesperrt wird, werden alle Verkehrs-teilnehmer um erhöhte Aufmerksamkeit gebeten.\n\nBitte beachten Sie die örtliche Beschilderung und Verkehrsführung."}},{"type":"Feature","geometry":{"type":"LineString","coordinates":[[13.36693,52.12647],[13.36691,52.12657],[13.36691,52.1267],[13.36693,52.12707],[13.36726,52.13072],[13.36729,52.13091],[13.36734,52.13108],[13.36745,52.13135],[13.36776,52.13205],[13.3678,52.13218],[13.36781,52.13231],[13.36781,52.1324],[13.36778,52.13253],[13.36726,52.13422],[13.36721,52.1344],[13.36718,52.13458],[13.36716,52.13476],[13.36715,52.13496]]},"properties":{"sp":1,"o":"Am Mellensee (Teltow-Fläming) 954 m.","s":"L70","von":"2026-08-03","bis":"2026-10-31","t":"Neubau Radweg, Deckenerneuerung und Durchlassersatzneubau\n\nVOLLSPERRUNG auf der L70 zwischen Kummersdorf Gut und Sperenberg vom 03.08.2026 bis 31.10.2026.\n\nUmleitung:\nUmleitung:\nL70, Schönefeld  > L70, Stülpe > L73, Schöbendorf > L73, Paplitz > L73, Baruth/Mark > KV L73/B115/B96 > B96, Neuhof > K7226, Sperenberg und in umgekehrter Richtung.\n\n\nIm Bereich des Durchlassersatzneubaus erfolgt in der Zeit vom 21.08.2026 bis 31.10.2026 eine provisorische Umfahrung für Rettungskräfte und ÖPNV.\n\nBitte beachten Sie die örtliche Beschilderung und Verkehrsführung."}},{"type":"Feature","geometry":{"type":"LineString","coordinates":[[12.549,52.39968],[12.5487,52.39986],[12.54834,52.40009],[12.54803,52.40025],[12.54772,52.40039],[12.54741,52.40054],[12.54709,52.40068],[12.54676,52.40081],[12.54642,52.40093],[12.54608,52.40105],[12.54573,52.40116],[12.54537,52.40127],[12.54494,52.4014],[12.54312,52.4019],[12.54121,52.40242],[12.54087,52.40253],[12.54054,52.40266],[12.54023,52.40281],[12.53993,52.40297],[12.53966,52.40314],[12.5394,52.40332],[12.53921,52.40349]]},"properties":{"sp":0,"o":"Brandenburg an der Havel (Brandenburg an der Havel) 800 m.","s":"B1","von":"2026-07-27","bis":"2029-08-21","t":"Baugrunduntersuchungen\n\nIm angegebenen Zeitraum besteht eine halbseitige Sperrung mit wechselseitiger Verkehrsführung. \n\nBitte der örtlichen Beschilderung folgen."}},{"type":"Feature","geometry":{"type":"LineString","coordinates":[[14.45507,52.13344],[14.45576,52.13379],[14.45639,52.13411],[14.45754,52.1347]]},"properties":{"sp":0,"o":"Grunow-Dammendorf (Oder-Spree) 220 m.","s":"B246","von":"2026-08-24","bis":"2026-09-30","t":"Instandsetzungsarbeiten (Fräßflickungen)\n\nIm angegebenen Zeitraum besteht auf der B246, Höhe Bremsdorfer Mühle, eine halbseitige Sperrung mit wechselseitiger Verkehrsführung. \nDie Regelung erfolgt über eine Baustellenampel. \n\nDer Radweg auf der B246, zwischen Dammendorf und Grunow, ist im angegebenen Zeitraum gesperrt.\n\nBitte der örtlichen Beschilderung folgen."}},{"type":"Feature","geometry":{"type":"LineString","coordinates":[[14.35142,51.71527],[14.35139,51.7153],[14.35122,51.71547],[14.35116,51.71553],[14.35109,51.71561],[14.35084,51.7159],[14.35072,51.71603],[14.35043,51.71636],[14.34998,51.7169]]},"properties":{"sp":0,"o":"Cottbus (Cottbus) 206 m.","s":"B97","von":"2026-09-14","bis":"2026-12-15","t":"Ausbau einer Strecke für Schwertransport (Windpark)\n\nIm angegebenen Zeitraum besteht eine halbseitige Sperrung mit wechselseitiger Verkehrsführung. \n\nRestfahrbahnbreite beträgt 3,00 m.\n\nRadfahrer bitte absteigen!\n\nBitte der örtlichen Beschilderung folgen."}},{"type":"Feature","geometry":{"type":"LineString","coordinates":[[12.95987,52.57091],[12.95988,52.57145]]},"properties":{"sp":0,"o":"Brieselang (Havelland) 60 m.","s":"L202","von":"2025-12-01","bis":"2026-10-31","t":"Abriss Haus Altbestand, Erstellung Rohbau Fertighaus\n\nIm angegebenen Zeitraum besteht eine halbseitige Sperrung mit wechselseitiger Verkehrsführung. \n\nBitte der örtlichen Beschilderung folgen."}},{"type":"Feature","geometry":{"type":"LineString","coordinates":[[14.11375,52.74154],[14.11391,52.74136],[14.1141,52.74113],[14.11427,52.7409],[14.11443,52.74067],[14.11457,52.74043],[14.1147,52.74019],[14.11481,52.73994],[14.1149,52.73969],[14.11498,52.73944],[14.11505,52.73919],[14.1151,52.73894],[14.11513,52.73869],[14.11514,52.73843],[14.11514,52.73818],[14.11512,52.73792],[14.11509,52.73767],[14.11504,52.73742],[14.11497,52.73717],[14.11489,52.73692],[14.11476,52.7365],[14.11456,52.73588]]},"properties":{"sp":0,"o":"Wriezen (Märkisch-Oderland) 650 m.","s":"B167","von":"2026-05-26","bis":"2026-09-11","t":"Neubau der Entwässerungsanlage\n\nIm angegebenen Zeitraum besteht eine halbseitige Sperrung mit wechselseitiger Verkehrsführung. \n\nBitte der örtlichen Beschilderung folgen."}},{"type":"Feature","geometry":{"type":"LineString","coordinates":[[13.72844,52.56798],[13.72837,52.56732],[13.72832,52.56697],[13.72818,52.56635],[13.72815,52.56619]]},"properties":{"sp":1,"o":"Altlandsberg (Märkisch-Oderland) 200 m.","s":"L30","von":"2026-07-13","bis":"2026-12-31","t":"Straßen- und Leitungsbau\n\nVOLLSPERRUNG auf der L30, Strausberger Straße, Teil der Bernauer Straße sowie Buchholzer Allee\nvom 13.07.2026  bis 31.12.2026\n\nUmleitung:\nL30, Krummenseestraße  > Mehrower Weg  > An der Mühle > Hönower Chaussee > KP L33/Hönower Chaussee > L33 > KP L33/Strausberger Straße/Zum Roggenfeld (=U1) und in umgekehrter Richtung (=U2).\n\nDie Verkehrsführung wird je nach Baufortschritt angepasst.\n\nBitte beachten Sie die örtliche Verkehrsführung und Beschilderung."}},{"type":"Feature","geometry":{"type":"LineString","coordinates":[[14.64583,52.08621],[14.64573,52.08625],[14.64539,52.08636],[14.64414,52.08676],[14.64246,52.08731],[14.64231,52.08738],[14.64216,52.08746],[14.64197,52.0876],[14.64192,52.08764],[14.64184,52.08771],[14.64174,52.08779],[14.64163,52.08786],[14.64153,52.08791],[14.64142,52.08796],[14.64131,52.088],[14.64119,52.08803],[14.64115,52.08804],[14.64103,52.08807],[14.6407,52.08813],[14.64028,52.08822],[14.64009,52.08827],[14.63982,52.08836],[14.63918,52.0886],[14.63848,52.08887],[14.63836,52.08892],[14.63826,52.08897],[14.63817,52.08904],[14.63809,52.08911],[14.63799,52.08923],[14.63785,52.08943],[14.63768,52.08968],[14.63758,52.08979],[14.63747,52.08991],[14.63733,52.09001],[14.63718,52.09009],[14.63699,52.09017],[14.6368,52.09023],[14.63652,52.0903],[14.63624,52.09036],[14.63588,52.09044],[14.63572,52.09048],[14.63558,52.09053],[14.63546,52.09059],[14.63536,52.09065],[14.63527,52.09071],[14.63519,52.09078],[14.63514,52.09086],[14.63509,52.09094],[14.63503,52.09105],[14.63487,52.09144],[14.63469,52.09188],[14.63464,52.09203],[14.63461,52.09217],[14.63461,52.09221]]},"properties":{"sp":0,"o":"Neuzelle (Oder-Spree) 1080 m.","s":"L431","von":"2026-08-17","bis":"2026-09-18","t":"Beseitigung Fahrbahnschäden\n\nIm angegebenen Zeitraum besteht eine halbseitige Sperrung mit wechselseitiger Verkehrsführung. Die Regelung erfolgt über eine Baustellenampel. \n\nBitte der örtlichen Beschilderung folgen."}},{"type":"Feature","geometry":{"type":"LineString","coordinates":[[13.14528,52.65557],[13.1454,52.65574],[13.14554,52.65593],[13.14558,52.65598]]},"properties":{"sp":0,"o":"Oberkrämer (Oberhavel) 50 m.","s":"L20","von":"2026-09-02","bis":"2026-09-14","t":"Reparatur Regenwasserleitung\n\nIm angegebenen Zeitraum besteht eine halbseitige Sperrung mit wechselseitiger Verkehrsführung. \n\nBitte der örtlichen Beschilderung folgen."}},{"type":"Feature","geometry":{"type":"LineString","coordinates":[[14.06917,53.12256],[14.06917,53.12255]]},"properties":{"sp":0,"o":"Mark Landin (Uckermark) 1 m.","s":"L28","von":"2026-09-12","bis":"2026-10-09","t":"Reparatur eines umgefahrenen  Kabelverzweigers (KVZ)\n\nIm angegebenen Zeitraum besteht eine halbseitige Sperrung mit wechselseitiger Verkehrsführung. \n\nBitte der örtlichen Beschilderung folgen."}},{"type":"Feature","geometry":{"type":"LineString","coordinates":[[14.04225,53.30358],[14.04549,53.30292],[14.04873,53.30227],[14.05197,53.30163],[14.05521,53.30098],[14.05844,53.30033],[14.06168,53.29968],[14.06492,53.29903],[14.06537,53.29895],[14.06575,53.29889],[14.06613,53.29885],[14.06652,53.29881],[14.06692,53.29879],[14.06731,53.29878],[14.0677,53.29878],[14.06809,53.2988],[14.0716,53.299],[14.07502,53.2992],[14.07738,53.29933],[14.07782,53.29935],[14.07818,53.29937],[14.07854,53.29937],[14.07889,53.29938],[14.07925,53.29937],[14.0796,53.29937],[14.07996,53.29936],[14.08032,53.29934],[14.08304,53.29918],[14.08376,53.29914]]},"properties":{"sp":0,"o":"Randowtal (Uckermark) 2856 m.","s":"L25","von":"2016-07-30","bis":"2027-12-31","t":"Straßenschäden - für LKW über 3,5 t gesperrt\n\nUmleitung: über A11 und A20 für LKW über 3,5 t = U31 und U42"}},{"type":"Feature","geometry":{"type":"LineString","coordinates":[[13.37411,52.10012],[13.37409,52.10021],[13.37178,52.10865],[13.37119,52.1108],[13.37016,52.11457],[13.36694,52.12642],[13.36691,52.12657],[13.36691,52.1267],[13.36693,52.12707],[13.36726,52.13072],[13.36729,52.13091],[13.36734,52.13108],[13.36745,52.13135],[13.36776,52.13205],[13.3678,52.13218],[13.36781,52.13231],[13.36781,52.1324],[13.36778,52.13253],[13.36726,52.13422],[13.36721,52.1344],[13.36718,52.13458],[13.36716,52.13476],[13.36711,52.13579]]},"properties":{"sp":1,"o":"Am Mellensee (Teltow-Fläming) 4019 m.","s":"L70","von":"2026-08-03","bis":"2026-10-31","t":"Neubau Radweg, Deckenerneuerung und Durchlassersatzneubau\n\nVOLLSPERRUNG auf der L70 zwischen Kummersdorf Gut und Sperenberg vom 03.08.2026 bis 31.10.2026.\n\nUmleitung:\nUmleitung:\nL70, Schönefeld  > L70, Stülpe > L73, Schöbendorf > L73, Paplitz > L73, Baruth/Mark > KV L73/B115/B96 > B96, Neuhof > K7226, Sperenberg und in umgekehrter Richtung.\n\n\nIm Bereich des Durchlassersatzneubaus erfolgt in der Zeit vom 21.08.2026 bis 31.10.2026 eine provisorische Umfahrung für Rettungskräfte und ÖPNV.\n\nBitte beachten Sie die örtliche Beschilderung und Verkehrsführung."}},{"type":"Feature","geometry":{"type":"LineString","coordinates":[[13.65401,52.15946],[13.65493,52.15961],[13.65556,52.15971],[13.65556,52.15971]]},"properties":{"sp":0,"o":"Groß Köris (Dahme-Spreewald) 110 m.","s":"L742","von":"2025-07-24","bis":"2027-08-31","t":"Erweiterung Grund- und Gesamtschule \n\n2.Bauphase: \nVom 24.07.2025 - 31.08.2027 kommt es zu Einschränkungen des Verkehrsraumes mit wechselseitiger Verkehrsführung in beiden Fahrtrichtunge. Der Verkehr wird mithilfe einer Ampel sowie mit einem Behelfsgehweg geregelt.\n\nWährend der gesamten Bauzeit:\n- gelten die Halteverbote \n- werden die Bushaltestellen verlegt.\n\nBitte beachten Sie die örtliche Beschilderung und Verkehrsführung"}},{"type":"Feature","geometry":{"type":"LineString","coordinates":[[13.2204,52.99874],[13.22034,52.99874],[13.22011,52.99873],[13.21967,52.99874],[13.2194,52.99875],[13.2191,52.99877],[13.21861,52.99882],[13.21772,52.9989],[13.21731,52.99895],[13.21614,52.99906],[13.21443,52.99924],[13.21354,52.99933],[13.2127,52.99943],[13.21236,52.99948],[13.21199,52.99954],[13.21149,52.99965],[13.21137,52.99967]]},"properties":{"sp":0,"o":"Zehdenick (Oberhavel) 617 m.","s":"L22","von":"2026-08-24","bis":"2026-09-25","t":"Verlegung Mittelspannungskabel\n\nIm angegebenen Zeitraum besteht eine halbseitige Sperrung mit wechselseitiger Verkehrsführung. Die Regelung erfolgt über eine Baustellenampel. \n\nBitte der örtlichen Beschilderung folgen."}},{"type":"Feature","geometry":{"type":"LineString","coordinates":[[13.92407,51.99302],[13.92456,51.99125],[13.92482,51.99036]]},"properties":{"sp":0,"o":"Lübben (Dahme-Spreewald) 300 m.","s":"L42","von":"2026-09-09","bis":"2026-11-27","t":"Anschluss Funkturm\n\nIm angegebenen Zeitraum besteht eine halbseitige Sperrung mit wechselseitiger Verkehrsführung. \n\nBitte der örtlichen Beschilderung folgen."}},{"type":"Feature","geometry":{"type":"LineString","coordinates":[[13.75066,52.99071],[13.75046,52.99065],[13.75008,52.99055],[13.74925,52.99036],[13.74878,52.99024],[13.74826,52.99012],[13.74787,52.99002],[13.74754,52.98991],[13.74712,52.98977],[13.74626,52.98948],[13.74564,52.98927],[13.74513,52.98911],[13.74454,52.98892],[13.74418,52.9888],[13.74377,52.98868],[13.74366,52.98861],[13.74356,52.98855],[13.74349,52.98848],[13.74345,52.98842]]},"properties":{"sp":0,"o":"Friedrichswalde (Barnim) 549 m.","s":"L239","von":"2026-08-17","bis":"2026-11-27","t":"Verlegung Glasfaserkabel\n\nIm angegebenen Zeitraum besteht eine halbseitige Sperrung mit wechselseitiger Verkehrsführung. \n\nDa der Geh- und Radweg teilweise oder voll gesperrt wird, werden alle Verkehrsteilnehmer um erhöhte Aufmerksamkeit gebeten.\nBitte der örtlichen Beschilderung folgen."}},{"type":"Feature","geometry":{"type":"LineString","coordinates":[[14.59976,51.80771],[14.60018,51.80633],[14.60024,51.80616],[14.60034,51.80589],[14.6004,51.80573],[14.60047,51.80561],[14.60064,51.80534],[14.6008,51.80517],[14.60098,51.80501],[14.60131,51.8048],[14.60142,51.80473],[14.6015,51.80467],[14.60157,51.80459],[14.60162,51.80449],[14.60162,51.8044],[14.60161,51.80435],[14.60158,51.80431],[14.60149,51.80419],[14.6007,51.8034],[14.60056,51.80322],[14.60053,51.80315],[14.6005,51.80306],[14.60041,51.80276],[14.60002,51.80141],[14.59998,51.8013],[14.59972,51.80085],[14.59961,51.80062],[14.59954,51.80039],[14.59949,51.80016],[14.59942,51.79992],[14.59935,51.79971],[14.59913,51.79917],[14.599,51.79886],[14.59892,51.79868],[14.59885,51.79854],[14.5988,51.79843],[14.59867,51.79811],[14.59834,51.79722],[14.59809,51.79656],[14.59781,51.79579],[14.59766,51.79536],[14.59754,51.79506],[14.59744,51.7948],[14.59737,51.79454],[14.59733,51.79437],[14.59733,51.79429],[14.59732,51.7942],[14.59731,51.79402]]},"properties":{"sp":0,"o":"Forst (Spree-Neiße) 1600 m.","s":"B112","von":"2026-06-22","bis":"2026-09-30","t":"Glasfaserausbau\n\nIm angegebenen Zeitraum besteht eine halbseitige Sperrung mit wechselseitiger Verkehrsführung. \n\nBitte der örtlichen Beschilderung folgen."}},{"type":"Feature","geometry":{"type":"LineString","coordinates":[[12.75831,52.53396],[12.75829,52.53395],[12.75815,52.53388],[12.75795,52.5338],[12.75766,52.53371],[12.75598,52.53317],[12.75576,52.5331],[12.75572,52.53308],[12.75568,52.53306],[12.75566,52.53304],[12.75563,52.53301],[12.75561,52.53299],[12.7556,52.53296],[12.75559,52.53294],[12.75558,52.53291],[12.75559,52.53288],[12.75559,52.53285],[12.7556,52.53282],[12.75561,52.5328],[12.75563,52.53277],[12.75564,52.53275],[12.7557,52.53269],[12.756,52.53237],[12.75633,52.532],[12.75635,52.53197],[12.75637,52.53194],[12.75638,52.53191],[12.75639,52.53189],[12.7564,52.53187],[12.7564,52.53184],[12.7564,52.53181],[12.75638,52.53178],[12.75635,52.53172],[12.75596,52.53093],[12.75556,52.53012],[12.75514,52.52926],[12.75509,52.52916],[12.75505,52.5291],[12.75497,52.52898],[12.75487,52.52886],[12.75478,52.52876],[12.75465,52.52862],[12.75439,52.52835],[12.75432,52.52828]]},"properties":{"sp":1,"o":"Nauen (Havelland) 778 m.","s":"L91","von":"2026-03-16","bis":"2026-10-31","t":"Erneuerung der Fahrbahn\n\n4. - 6. Bauabschnitt:\nVOLLSPERRUNG auf der L91, Wachow, Brandenburger Allee\nvom 16.03.2026 bis 31.10.2026.\n\nSPERRUNG der Einfahrten \"Zum Stützpunkt\", \"Zum Friedhof\" und \"Am Dorfteich\".\nZufahrt für Anwohner wird gewährleistet.\n\nUmleitung:\nL91, Gohlitz  > K6306, Niebede  > K6306, Tremmen >  K6307, Zachow > L92, Roskow > L91, Päwesin und in umgekehrter Richtung.\n\nBitte beachten Sie die örtliche Verkehrsführung und Beschilderung."}},{"type":"Feature","geometry":{"type":"LineString","coordinates":[[13.825,52.40685],[13.82498,52.40549],[13.82498,52.404],[13.82498,52.40312]]},"properties":{"sp":1,"o":"Grünheide (Oder-Spree) 415 m.","s":"L23","von":"2026-08-14","bis":"2026-11-11","t":"BÜ Beseitigung L386, Netzergänzung\nGesamtzeitraum der Maßnahme: 24.07.2026 bis 11.11.2026.\n\n2.Bauabschnitt:\n--  und gt;VOLLSPERRUNG vom 14.08.2026 bis 11.11.2026\nauf der L23, des Bahnüberganges Fangschleuse\n\nUmleitung:\nab KP L23/L38 > KP L38/L385, Hangelsberg > L385, Kienbaum > KP L385/B1 > KP B1/L232, Lichtenow > L232, Kagel > KP L232/L23 > L23, Altbruchhorst > KP L23/L231, Grünheide > KP L231/L38 > L38 > A10, AS Erkner bis A10, A10 Freienbrink = \"U61\" und in umgekehrter Richtung = \"U51\".\n\nAm KP L385/B1 erfolgt die Regelung der Verkehrsführung, im angegebenen Zeitraum, durch eine Baustellenampel.\n\nDie Verkehrsführung wird je nach Baufortschritt angepasst.\n\nBitte beachten Sie die örtliche Beschilderung und Verkehrsführung."}},{"type":"Feature","geometry":{"type":"LineString","coordinates":[[13.68189,52.60943],[13.68204,52.6092],[13.6822,52.60894],[13.68281,52.60797],[13.68294,52.60775]]},"properties":{"sp":1,"o":"Werneuchen (Barnim) 200 m.","s":"L30","von":"2026-09-11","bis":"2026-09-14","t":"Brückenabriss\n\n> Vom 11.09.2026 bis 14.09.2026 VOLLSPERRUNG auf der L30 für den Brückenabriss.\n\nBitte der örtlichen Beschilderung folgen."}},{"type":"Feature","geometry":{"type":"LineString","coordinates":[[13.49609,51.47242],[13.49619,51.47259],[13.4963,51.47277],[13.49642,51.47295],[13.49649,51.47307],[13.49656,51.47318],[13.49664,51.47331],[13.49672,51.47342],[13.49684,51.47362],[13.49695,51.4738],[13.49708,51.47399],[13.49721,51.4742],[13.49739,51.47448],[13.49754,51.47472],[13.49767,51.47498],[13.49775,51.47516],[13.4978,51.4753],[13.49786,51.47545],[13.49792,51.47562],[13.49797,51.47579],[13.49802,51.47595],[13.49805,51.47609],[13.49809,51.47626],[13.49811,51.47641],[13.49814,51.47659],[13.49816,51.47674],[13.49818,51.47697],[13.49819,51.47714],[13.49819,51.47732],[13.49818,51.47755],[13.49817,51.47771],[13.49816,51.4779],[13.49813,51.47806],[13.49809,51.47827],[13.49805,51.47848],[13.49801,51.47865],[13.49795,51.47885],[13.49789,51.47902],[13.49782,51.4792],[13.49774,51.47941],[13.49768,51.47955],[13.49759,51.47974],[13.49751,51.47988],[13.49737,51.48014],[13.49727,51.48028],[13.49719,51.48042],[13.49705,51.4806],[13.49695,51.48074],[13.49687,51.48085],[13.49679,51.48095],[13.49665,51.48113],[13.49654,51.48124],[13.49644,51.48135],[13.49629,51.48148],[13.49617,51.4816],[13.49606,51.4817],[13.49595,51.48179],[13.49582,51.4819],[13.49568,51.48201],[13.49547,51.48219],[13.49512,51.48246],[13.49465,51.48279]]},"properties":{"sp":1,"o":"Elsterwerda (Elbe-Elster) 1241 m.","s":"B101","von":"2026-09-07","bis":"2026-09-11","t":"Brückenprüfung\n\nVOLLSPERRUNG auf der B101, Elsterwerda, zwischen Berliner Straße und Haidaer Straße vom 07.09.2026 bis 11.09.2026\n\nEine entsprechende Umleitung ist ausgewiesen. \n\nBitte der örtlichen Beschilderung folgen."}},{"type":"Feature","geometry":{"type":"LineString","coordinates":[[14.41589,51.73258],[14.4161,51.73254],[14.41684,51.7324],[14.41752,51.73228],[14.4183,51.73215],[14.42007,51.73186]]},"properties":{"sp":0,"o":"Cottbus (Cottbus) 300 m.","s":"B168","von":"2026-09-01","bis":"2026-09-18","t":"Markierungsarbeiten\n\nIm angegebenen Zeitraum wird eine Tagesbaustelle mit Einschränkungen des Verkehrsraumes und wechselseitiger Verkehrsführung zur Ausführung der Arbeiten eingerichtet.\n\nBitte beachten Sie die örtliche Beschilderung und Verkehrsführung."}},{"type":"Feature","geometry":{"type":"LineString","coordinates":[[13.83506,52.60331],[13.83477,52.60339],[13.83356,52.60371],[13.83348,52.60373],[13.83339,52.60377],[13.83331,52.6038],[13.83326,52.60384],[13.83321,52.60387],[13.83318,52.60391],[13.83314,52.60396],[13.83311,52.604],[13.83309,52.60406],[13.83307,52.60414],[13.83305,52.60432],[13.83303,52.60454],[13.83301,52.6046],[13.83298,52.60467],[13.83294,52.60473],[13.83288,52.60479],[13.8328,52.60485],[13.83271,52.60489],[13.83262,52.60493],[13.8324,52.60499],[13.83209,52.60505],[13.83176,52.60508],[13.83142,52.60511],[13.83107,52.60511],[13.83073,52.60509],[13.83034,52.60506],[13.82981,52.60501]]},"properties":{"sp":0,"o":"Altlandsberg (Märkisch-Oderland) 465 m.","s":"L235","von":"2026-08-10","bis":"2026-10-30","t":"Erneuerung Durchlass\nGesamtzeitraum der Maßnahme: 20.07.20026 bis 30.10.2026.\n\nGeschwindigkeitsreduzierung aufgrund fehlender Fahrbahnmarkierung nach Deckenerneuerung auf der L235, Wesendahler Chaussee\n\nBitte der örtlichen Beschilderung folgen."}},{"type":"Feature","geometry":{"type":"LineString","coordinates":[[14.60976,51.60499],[14.6097,51.60513],[14.60944,51.60572],[14.60921,51.60626],[14.60904,51.60665],[14.60892,51.60694],[14.60878,51.60726],[14.60867,51.60749],[14.60862,51.6076],[14.60852,51.60781],[14.60834,51.60814],[14.60824,51.60832],[14.60806,51.60859],[14.6079,51.60882],[14.60762,51.60917],[14.60723,51.60959],[14.60698,51.60982],[14.60683,51.60995],[14.60668,51.61009],[14.60653,51.6102],[14.6063,51.61039],[14.60611,51.61054],[14.60589,51.6107],[14.60563,51.61088],[14.60537,51.61106],[14.60519,51.61118]]},"properties":{"sp":0,"o":"Döbern (Spree-Neiße) 770 m.","s":"B115","von":"2026-09-07","bis":"2026-09-25","t":"Instandsetzung Entwässerungsanlage\n\nIm angegebenen Zeitraum besteht eine halbseitige Sperrung mit wechselseitiger Verkehrsführung. Die Regelung erfolgt über eine Baustellenampel. \n\nBitte der örtlichen Beschilderung folgen."}},{"type":"Feature","geometry":{"type":"LineString","coordinates":[[13.94984,52.117],[13.94986,52.11703],[13.94987,52.11711],[13.94989,52.1172],[13.94993,52.11742],[13.94993,52.11745]]},"properties":{"sp":0,"o":"Märkische Heide (Dahme-Spreewald) 50 m.","s":"L42","von":"2026-09-14","bis":"2026-09-28","t":"Bauvorbereitende Maßnahme zur Modernisierung der Schleuse\n\nIm angegebenen Zeitraum besteht eine halbseitige Sperrung mit wechselseitiger Verkehrsführung. Die Regelung erfolgt über eine Baustellenampel. \n\nBitte der örtlichen Beschilderung folgen."}},{"type":"Feature","geometry":{"type":"LineString","coordinates":[[13.15355,52.67311],[13.15285,52.67365],[13.15187,52.6744],[13.15172,52.67453],[13.15164,52.6746],[13.15159,52.67466],[13.15154,52.67475],[13.15151,52.67482],[13.15149,52.67493],[13.15149,52.67506],[13.15151,52.67515],[13.15154,52.6753],[13.15156,52.67539],[13.15158,52.6755],[13.15159,52.67568],[13.15159,52.67576],[13.15157,52.67581],[13.15153,52.67585],[13.1515,52.67587],[13.15146,52.67589],[13.15143,52.67591],[13.1514,52.67592],[13.15132,52.67594],[13.15119,52.67596],[13.15106,52.67598],[13.15079,52.67601],[13.15028,52.67606],[13.14951,52.67613],[13.14875,52.6762],[13.14804,52.67626],[13.14695,52.67636],[13.14661,52.67639],[13.14619,52.67644],[13.14589,52.67648],[13.14552,52.67652],[13.14527,52.67656],[13.14494,52.67661],[13.1446,52.67667],[13.14415,52.67675],[13.14347,52.67687],[13.14327,52.6769],[13.14298,52.67694],[13.1426,52.67696],[13.14221,52.67698],[13.14087,52.67702],[13.14058,52.67703],[13.14035,52.67704],[13.14013,52.67703],[13.14,52.67702],[13.13987,52.67701],[13.13962,52.67698],[13.13924,52.67693],[13.13859,52.67682],[13.13802,52.67673],[13.13774,52.67669],[13.13745,52.67665],[13.13717,52.67661],[13.13687,52.67657],[13.13642,52.67651],[13.13629,52.6765],[13.1362,52.67649],[13.13605,52.67649],[13.13594,52.6765],[13.13583,52.67651],[13.13573,52.67653],[13.13562,52.67657],[13.13549,52.67664],[13.13539,52.67669],[13.13517,52.67681]]},"properties":{"sp":0,"o":"Oberkrämer (Oberhavel) 1493 m.","s":"L17","von":"2026-07-16","bis":"2026-09-12","t":"Deckensanierung in mehreren Bauabschnitten\nGesamtdauer der Maßnahme vom 20.07.2026 bis 12.09.2026\n\n>  VOLLSPERRUNG auf der L17 ab Abzweig Breite Straße bis OA Marwitz vom 19.08.2026 bis 12.09.2026\n\nUmleitung:\nL20, Velten  > L172, Germendorf > L170, Schwante > L17, Marwitz und in umgekehrter Richtung.\n\nUm die Vollsperrung herum kann es außerdem zu einer halbseitigen Sperrung mit wechselseitiger Verkehrsführung kommen. \n\nBitte der örtlichen Beschilderung folgen."}},{"type":"Feature","geometry":{"type":"LineString","coordinates":[[12.75544,52.52987],[12.75542,52.52982]]},"properties":{"sp":1,"o":"Nauen (Havelland) 5 m.","s":"L91","von":"2026-03-16","bis":"2026-10-31","t":"Erneuerung der Fahrbahn\n\n4. - 6. Bauabschnitt:\nVOLLSPERRUNG auf der L91, Wachow, Brandenburger Allee\nvom 16.03.2026 bis 31.10.2026.\n\nSPERRUNG der Einfahrten \"Zum Stützpunkt\", \"Zum Friedhof\" und \"Am Dorfteich\".\nZufahrt für Anwohner wird gewährleistet.\n\nUmleitung:\nL91, Gohlitz  > K6306, Niebede  > K6306, Tremmen >  K6307, Zachow > L92, Roskow > L91, Päwesin und in umgekehrter Richtung.\n\nBitte beachten Sie die örtliche Verkehrsführung und Beschilderung."}},{"type":"Feature","geometry":{"type":"LineString","coordinates":[[13.79276,53.33662],[13.79306,53.33659],[13.79329,53.33656],[13.79355,53.3365],[13.79392,53.33639],[13.79428,53.33629],[13.79475,53.33617],[13.79505,53.3361],[13.79555,53.33599],[13.79599,53.33592],[13.79629,53.33591],[13.7966,53.33593],[13.7969,53.33598],[13.79718,53.33604],[13.79733,53.33608]]},"properties":{"sp":1,"o":"Prenzlau (Uckermark) 322 m.","s":"K7336","von":"2026-03-09","bis":"2026-12-11","t":"Grundhafter Ausbau\n\nVOLLSPERRUNG der K7336 (OD Basedow)\nvom 09.03.2026 bis 11.12.2026.\n\nUmleitung:\nL253 > Dedelow  > B198 und in umgekehrter Richtung.\n\nBitte beachten Sie die örtliche Verkehrsführung und Beschilderung."}},{"type":"Feature","geometry":{"type":"LineString","coordinates":[[12.95128,52.47458],[12.95122,52.47455],[12.95117,52.47453],[12.95105,52.47449],[12.95099,52.47447],[12.95094,52.47446],[12.95088,52.47446],[12.95065,52.47442],[12.95042,52.47439],[12.95019,52.47435],[12.94996,52.47432],[12.94973,52.47428],[12.9495,52.47425],[12.94926,52.47421],[12.94903,52.47418],[12.9488,52.47414],[12.94857,52.47411],[12.94834,52.47407],[12.94811,52.47404],[12.94788,52.474],[12.94765,52.47397],[12.94742,52.47393],[12.94718,52.4739],[12.94695,52.47386],[12.94672,52.47383],[12.94649,52.47379],[12.94626,52.47376],[12.94603,52.47372],[12.9458,52.47369],[12.94557,52.47365],[12.94534,52.47361],[12.94517,52.47358],[12.94512,52.47357],[12.94501,52.47354],[12.94496,52.47353],[12.94491,52.47351],[12.94486,52.47349],[12.94481,52.47347],[12.94476,52.47345],[12.94467,52.47341],[12.94463,52.47339],[12.9445,52.47331],[12.94432,52.47321],[12.94415,52.47312],[12.94397,52.47302],[12.9438,52.47292],[12.94362,52.47282],[12.94345,52.47272],[12.94327,52.47262],[12.9431,52.47252],[12.94292,52.47243],[12.94275,52.47233],[12.94257,52.47223],[12.9424,52.47213],[12.94206,52.47194],[12.94188,52.47184],[12.94169,52.47173],[12.94122,52.47146],[12.94105,52.47136],[12.94088,52.47126],[12.9407,52.47116],[12.94053,52.47106],[12.94035,52.47097],[12.94018,52.47086],[12.94001,52.47076],[12.93993,52.47071],[12.93985,52.47066],[12.93981,52.47063],[12.9397,52.47054],[12.93964,52.47049],[12.93953,52.47039]]},"properties":{"sp":1,"o":"Potsdam (Potsdam) 955 m.","s":"L92","von":"2026-09-09","bis":"2026-11-11","t":"Radwegsanierung\n\nVOLLSPERRUNG auf der L92, Paretzer Straße\nvom 09.09.2026 bis 11.11.2026\n\nUmleitung:\nL204, Falkenrehde  > L862, Ketzin/Havel  > L86/ L92 Uetz-Paaren und in umgekehrter Richtung.\n\nBitte der örtlichen Beschilderung folgen."}},{"type":"Feature","geometry":{"type":"LineString","coordinates":[[12.95482,52.55663],[12.95479,52.55663],[12.95475,52.55663],[12.95472,52.55663],[12.95468,52.55664],[12.95464,52.55664],[12.95461,52.55664],[12.95457,52.55664],[12.95453,52.55664],[12.95449,52.55664],[12.95445,52.55664],[12.95441,52.55664],[12.95437,52.55664],[12.95433,52.55664],[12.95428,52.55664],[12.95424,52.55664],[12.9542,52.55664],[12.95415,52.55664],[12.95411,52.55664],[12.95406,52.55664],[12.95401,52.55664],[12.95397,52.55664],[12.95392,52.55664],[12.95387,52.55664],[12.95381,52.55664],[12.95376,52.55664],[12.9537,52.55664],[12.95365,52.55664],[12.95359,52.55664],[12.95353,52.55664],[12.95348,52.55664],[12.95293,52.55664],[12.95287,52.55664],[12.95281,52.55664],[12.95276,52.55664],[12.9527,52.55664],[12.95264,52.55664],[12.95259,52.55664],[12.95253,52.55664],[12.95247,52.55664],[12.95241,52.55664],[12.95235,52.55664],[12.95229,52.55664],[12.95223,52.55664],[12.95217,52.55664],[12.95211,52.55664],[12.95205,52.55664],[12.952,52.55664],[12.95194,52.55664],[12.95188,52.55664],[12.95182,52.55664],[12.95176,52.55665],[12.9517,52.55665],[12.95165,52.55665],[12.95159,52.55666],[12.95153,52.55667],[12.95147,52.55668],[12.95141,52.55669],[12.95136,52.55671],[12.95131,52.55672],[12.95126,52.55674],[12.95122,52.55677],[12.95117,52.55679],[12.95113,52.55682],[12.95109,52.55685],[12.95106,52.55689],[12.95103,52.55692],[12.95101,52.55696],[12.95099,52.557],[12.95098,52.55704],[12.95097,52.55708],[12.95097,52.55712],[12.95098,52.55716],[12.951,52.5572],[12.95102,52.55724],[12.95104,52.55728],[12.95107,52.55731],[12.95111,52.55734],[12.95114,52.55737],[12.95118,52.5574],[12.95123,52.55742],[12.95128,52.55745],[12.95133,52.55747],[12.95138,52.55748],[12.95144,52.5575],[12.9515,52.55752],[12.95158,52.55753],[12.95166,52.55753],[12.95171,52.55754],[12.95177,52.55754],[12.95184,52.55754],[12.95192,52.55755],[12.95199,52.55755],[12.95203,52.55755],[12.95209,52.55756],[12.95215,52.55756],[12.95223,52.55756],[12.95228,52.55756],[12.95234,52.55757],[12.95242,52.55757],[12.95252,52.55757],[12.9526,52.55758],[12.95265,52.55758],[12.95272,52.55758],[12.95289,52.55758],[12.95295,52.55759]]},"properties":{"sp":1,"o":"Wustermark (Havelland) 450 m.","s":"B5","von":"2026-09-14","bis":"2026-10-09","t":"Absicherung zweier Schwerlasttransporte\n\nVOLLSPERRUNG der Auf- und Abfahrt, AS Wustermark/Zeestow auf der B5\nvom 14.09.2026 bis 02.10.2026.\n\nAuf der L202 sowie auf der kommunalen Hafenstraße und dem Kuhdammweg besteht eine halbseitige Sperrung mit wechselseitiger Verkehrsführung. \n\nEine entsprechende Umleitung ist ausgewiesen.\n\nBitte der örtlichen Beschilderung folgen."}},{"type":"Feature","geometry":{"type":"LineString","coordinates":[[13.10559,52.57433],[13.10562,52.57445],[13.10566,52.57463],[13.1057,52.57477],[13.10573,52.57492],[13.10577,52.57506],[13.1058,52.5752],[13.10583,52.57535],[13.10587,52.57549],[13.1059,52.57563],[13.10594,52.57578],[13.10597,52.57592],[13.10601,52.57606],[13.10604,52.57621],[13.10607,52.57639],[13.10607,52.57642],[13.10607,52.57649],[13.10606,52.57653],[13.10605,52.57656],[13.10604,52.5766],[13.10603,52.57663],[13.10601,52.57666],[13.10597,52.57673],[13.10593,52.5768],[13.10584,52.57693],[13.10574,52.57706],[13.10564,52.57719],[13.10554,52.57732],[13.10544,52.57746],[13.10534,52.57759],[13.10524,52.57772],[13.10514,52.57785],[13.10503,52.57798],[13.10493,52.57811],[13.10483,52.57825],[13.10473,52.57838],[13.10463,52.57851],[13.10453,52.57864],[13.10443,52.57877],[13.10433,52.5789],[13.10423,52.57903],[13.10413,52.57917],[13.10403,52.5793],[13.10392,52.57943],[13.10382,52.57956],[13.10372,52.57969],[13.10362,52.57982],[13.10352,52.57996],[13.10342,52.58009],[13.10332,52.58022],[13.10321,52.58035],[13.10311,52.58048],[13.10301,52.58062],[13.10291,52.58075],[13.10281,52.58088],[13.1027,52.58101],[13.1026,52.58114],[13.1025,52.58127],[13.1024,52.58141],[13.1023,52.58154],[13.1022,52.58167],[13.1021,52.5818],[13.102,52.58193],[13.1019,52.58206],[13.1018,52.5822],[13.10169,52.58233],[13.10159,52.58246],[13.10149,52.58259],[13.10139,52.58272],[13.10129,52.58285],[13.10119,52.58299],[13.10109,52.58312],[13.10099,52.58325],[13.10089,52.58338],[13.1008,52.58351],[13.1007,52.58364],[13.1006,52.58378],[13.1005,52.58391],[13.1004,52.58404],[13.10031,52.58417],[13.10021,52.58431],[13.10011,52.58444],[13.10001,52.58457],[13.09992,52.5847],[13.09982,52.58484],[13.09972,52.58497],[13.09962,52.5851],[13.09952,52.58523],[13.09941,52.58536],[13.09931,52.58549],[13.09921,52.58563],[13.09911,52.58576],[13.09901,52.58589],[13.09892,52.58603],[13.09883,52.58616],[13.09873,52.58629],[13.09864,52.58643],[13.09855,52.58656],[13.09845,52.5867],[13.09837,52.58683],[13.09828,52.58697],[13.09823,52.58708],[13.09818,52.58718],[13.09812,52.58732],[13.09807,52.58747],[13.09803,52.58761],[13.098,52.58772],[13.09798,52.58783],[13.09797,52.5879]]},"properties":{"sp":0,"o":"Falkensee (Havelland) 1630 m.","s":"L20","von":"2026-07-30","bis":"2026-11-30","t":"Neuverlegung Mittelspannungskabel (MSK)\n\nIm angegebenen Zeitraum besteht eine halbseitige Sperrung mit wechselseitiger Verkehrsführung. Die Regelung erfolgt über eine Baustellenampel. \n\nBitte der örtlichen Beschilderung folgen."}},{"type":"Feature","geometry":{"type":"LineString","coordinates":[[13.71412,51.61471],[13.71412,51.61474],[13.71422,51.61564],[13.71419,51.61666],[13.71413,51.61704]]},"properties":{"sp":1,"o":"Finsterwalde (Elbe-Elster) 260 m.","s":"L62, Dresdener Straße","von":"2026-09-14","bis":"2026-12-07","t":"Tiefbau, Erneuerung der Trinkwasserleitung mit Hausanschlüssen\n\nVOLLSPERRUNG  auf der L62, Dresdener Straße\nvom 14.09.2026 bis 07.12.2026\n\nUmleitung:\nK6224, Drößiger Straße > K6225, Dorfstraße> K6262, Richtung Finsterwalde > L60, Langer Damm und in umgekehrter Richtung.\n\nBitte beachten Sie die örtliche Beschilderung und Verkehrsführung."}},{"type":"Feature","geometry":{"type":"LineString","coordinates":[[13.92087,51.95084],[13.92093,51.9509],[13.92272,51.95274],[13.92298,51.953],[13.92318,51.95318],[13.92339,51.95336],[13.92361,51.95354],[13.92385,51.9537],[13.92409,51.95387],[13.92435,51.95402],[13.92462,51.95417],[13.9249,51.95431],[13.92518,51.95444],[13.92699,51.95526],[13.9287,51.95602],[13.93046,51.95681]]},"properties":{"sp":0,"o":"Lübben (Dahme-Spreewald) 950 m.","s":"B87","von":"2026-08-03","bis":"2026-09-18","t":"Verlegung Trink- und Schmutzwasserleitung (Spreewerk)\n\nIm angegebenen Zeitraum besteht eine halbseitige Sperrung mit wechselseitiger Verkehrsführung. \n\nBitte beachten Sie die örtliche Beschilderung und Verkehrsführung."}},{"type":"Feature","geometry":{"type":"LineString","coordinates":[[12.52571,52.67107],[12.5255,52.67108],[12.52505,52.67107],[12.52476,52.67105],[12.52454,52.67103],[12.52404,52.67096],[12.52369,52.6709],[12.52342,52.67084],[12.52302,52.67073],[12.52286,52.67068]]},"properties":{"sp":0,"o":"Kotzen (Havelland) 200 m.","s":"B188","von":"2026-04-20","bis":"2026-09-11","t":"Baugrunduntersuchung\n\nIm angegebenen Zeitraum kommt es zu Einschränkungen des Verkehrsraumes mit wechselseitiger Verkehrsführung in beiden Fahrtrichtungen.\n\nDie Regelung erfolgt über eine Baustellenampel. \n\nBitte beachten Sie die örtliche Beschilderung und Verkehrsführung."}},{"type":"Feature","geometry":{"type":"LineString","coordinates":[[14.33672,51.7489],[14.33692,51.74891],[14.33726,51.74894],[14.3377,51.74898],[14.33816,51.74904],[14.33867,51.74911],[14.33923,51.74919],[14.34034,51.7494],[14.34121,51.74958]]},"properties":{"sp":0,"o":"Cottbus (Cottbus) 320 m.","s":"B169","von":"2026-08-25","bis":"2026-09-18","t":"Austausch einer defekten Fingerplatte\n\nIm angegebenen Zeitraum besteht eine halbseitige Sperrung mit wechselseitiger Verkehrsführung. \n\nBitte der örtlichen Beschilderung folgen."}},{"type":"Feature","geometry":{"type":"LineString","coordinates":[[13.86881,51.4605],[13.86879,51.46053],[13.86872,51.46071],[13.8687,51.46083],[13.86868,51.46104],[13.86869,51.46117],[13.86871,51.46125],[13.86875,51.46139]]},"properties":{"sp":0,"o":"Ruhland (Oberspreewald-Lausitz) 100 m.","s":"L55","von":"2026-08-24","bis":"2026-10-02","t":"Brückensanierung\n\nIm angegebenen Zeitraum besteht eine halbseitige Sperrung mit wechselseitiger Verkehrsführung. Die Regelung erfolgt über eine Baustellenampel. \n\nBitte der örtlichen Beschilderung folgen."}},{"type":"Feature","geometry":{"type":"LineString","coordinates":[[13.28311,52.31462],[13.28312,52.31463],[13.28312,52.31467]]},"properties":{"sp":0,"o":"Ludwigsfelde (Teltow-Fläming) 5 m.","s":"L793","von":"2025-06-16","bis":"2026-12-31","t":"Erschließung Industriepark\n\nVOLLSPERRUNG der kommunalen Straße \" Am Birkengrund\", Abzweig von der L793\nab Kreisverkehr Birkengrund Süd bis Zufahrt OSZ Teltow-Fläming\n\nvom 16.06.025 bis 31.12.2026\n\nUmleitung:\nL793  > Nordverbinder  > Nicolaus-Otto-Straße > Brandenburgische Straße und in umgekehrter Richtung.\n\nEs kommt außerdem zu Einschränkungen des Verkehrsraumes mit wechselseitiger Verkehrsführung in beiden Fahrtrichtungen.\n\nDer Verkehr wird mithilfe einer Ampel geregelt.\n\nBitte beachten Sie die örtliche Verkehrsführung und Beschilderung."}},{"type":"Feature","geometry":{"type":"LineString","coordinates":[[14.03984,52.78536],[14.03971,52.78528],[14.03934,52.78509],[14.03906,52.78496],[14.0387,52.78481],[14.03836,52.78468],[14.03801,52.78456],[14.03766,52.78445],[14.03728,52.78435],[14.03692,52.78426],[14.0365,52.78419],[14.03606,52.78411],[14.03557,52.78403],[14.03504,52.78394],[14.03473,52.78389]]},"properties":{"sp":1,"o":"Bad Freienwalde (Märkisch-Oderland) 386 m.","s":"B158","von":"2025-02-01","bis":"2027-12-20","t":"Überregionale Verkehrsführung\nUmbau der Verkehrsanlage im Kreuzungsbereich B158\n\nVOLLSPERRUNG auf der B158, Schiffmühler Straße\nvom 01.02.2025 bis 20.12.2027\n\nUmleitung:\nB167, Hohenfinow  > Falkenberg  > Bad Freienwalde > B167 OU Bad Freienwalde, Richtung Wriezen > L341, Schulzendorf >L41, Haselberg >  L35, Platzfelde über Dannenberg > Cöthen > L35 Höhenfinow > B167, Falkenberg > B167, Bad Freienwalde und in umgekehrter Richtung.\n\nDie Verkehrsführung wird je nach Baufortschritt angepasst.\n\nBitte beachten Sie die örtliche Verkehrsführung und Beschilderung."}},{"type":"Feature","geometry":{"type":"LineString","coordinates":[[12.57315,52.40465],[12.57317,52.40466],[12.57335,52.40475],[12.57353,52.40484],[12.57372,52.40494],[12.57389,52.40504],[12.57407,52.40513],[12.57426,52.40523],[12.57435,52.40528],[12.57452,52.40537],[12.57461,52.40541],[12.57468,52.40544],[12.57472,52.40546],[12.57475,52.40547],[12.57479,52.40549],[12.57482,52.4055],[12.57485,52.40551],[12.57495,52.40555],[12.57509,52.40559],[12.57521,52.40562],[12.57532,52.40565],[12.57546,52.40567],[12.57557,52.40569],[12.57572,52.40571],[12.57599,52.40573],[12.5762,52.40575],[12.57648,52.40577],[12.57669,52.40578],[12.57693,52.4058],[12.57716,52.40582],[12.57742,52.40584],[12.57765,52.40585],[12.57788,52.40587],[12.57812,52.40589],[12.57835,52.4059],[12.5786,52.40592],[12.57881,52.40594],[12.57904,52.40595],[12.57927,52.40597],[12.57949,52.40597],[12.57976,52.40598],[12.57998,52.40598],[12.58028,52.40598],[12.58048,52.40597],[12.58072,52.40596],[12.58095,52.40595],[12.58123,52.40592],[12.58147,52.4059],[12.58171,52.40587],[12.58195,52.40583],[12.58213,52.4058],[12.58221,52.40578],[12.58237,52.40575],[12.5826,52.4057],[12.58278,52.40566],[12.58301,52.4056],[12.58326,52.40554],[12.58348,52.40548],[12.58369,52.40541],[12.58385,52.40535],[12.58396,52.40531],[12.58417,52.40523],[12.58438,52.40515],[12.58458,52.40505],[12.58482,52.40494],[12.58504,52.40483],[12.58521,52.40474],[12.58541,52.40463],[12.58558,52.40454],[12.58575,52.40445],[12.58592,52.40435],[12.5861,52.40425],[12.58628,52.40415],[12.58646,52.40405],[12.5866,52.40397],[12.58681,52.40386],[12.58698,52.40377],[12.58715,52.40368],[12.58734,52.40357],[12.5875,52.40348],[12.58769,52.40338],[12.58787,52.40328],[12.58804,52.40318],[12.58822,52.40308],[12.58838,52.403],[12.58856,52.4029],[12.58875,52.4028],[12.58892,52.4027],[12.58909,52.40261],[12.58925,52.40252],[12.58937,52.40245],[12.58943,52.40242],[12.58953,52.40237],[12.58975,52.40225],[12.5898,52.40221],[12.58998,52.40211],[12.59014,52.40201],[12.59034,52.40187],[12.59038,52.40185],[12.59062,52.40166]]},"properties":{"sp":0,"o":"Brandenburg an der Havel (Brandenburg an der Havel) 1400 m.","s":"B1","von":"2026-02-01","bis":"2027-04-30","t":"Ersatzneubau Brücke\n\nEs kommt auf der Potsdamer Straße, Richtung Neuschmerzke, zu Einschränkungen des Verkehrsraumes mit einseitiger Verkehrsführung in beiden Fahrtrichtungen.\n\nDer Verkehr wird mithilfe einer Ampel geregelt.\n\nBitte achten Sie auf die örtliche Verkehrsführung und Beschilderung."}},{"type":"Feature","geometry":{"type":"LineString","coordinates":[[13.74345,52.98842],[13.74349,52.98848],[13.74356,52.98855],[13.74366,52.98861],[13.74377,52.98868],[13.74418,52.9888],[13.74454,52.98892],[13.74513,52.98911],[13.74564,52.98927],[13.74626,52.98948],[13.74712,52.98977],[13.74754,52.98991],[13.74787,52.99002],[13.74826,52.99012],[13.74878,52.99024],[13.74925,52.99036],[13.75008,52.99055],[13.75046,52.99065],[13.75066,52.99071]]},"properties":{"sp":0,"o":"Friedrichswalde (Barnim) 549 m.","s":"L239","von":"2026-08-17","bis":"2026-11-27","t":"Verlegung Glasfaserkabel\n\nIm angegebenen Zeitraum besteht eine halbseitige Sperrung mit wechselseitiger Verkehrsführung. \n\nDa der Geh- und Radweg teilweise oder voll gesperrt wird, werden alle Verkehrsteilnehmer um erhöhte Aufmerksamkeit gebeten.\nBitte der örtlichen Beschilderung folgen."}},{"type":"Feature","geometry":{"type":"LineString","coordinates":[[12.85429,52.52204],[12.85429,52.52208],[12.85431,52.52264],[12.85432,52.52299],[12.85432,52.52308],[12.85433,52.52317],[12.85433,52.52326],[12.85434,52.52335],[12.85435,52.52344],[12.85436,52.52352],[12.85453,52.52458],[12.85472,52.52588],[12.85492,52.52722],[12.85508,52.52831],[12.8551,52.52845],[12.85512,52.52858],[12.85514,52.52867],[12.85515,52.52872],[12.85516,52.52876],[12.85518,52.52881],[12.85522,52.52886]]},"properties":{"sp":0,"o":"Ketzin/Havel (Havelland) 762 m.","s":"L86","von":"2026-09-07","bis":"2026-09-14","t":"Beprobung Bankett\n\nIm angegebenen Zeitraum besteht eine halbseitige Sperrung mit wechselseitiger Verkehrsführung. \n\nBitte der örtlichen Beschilderung folgen."}},{"type":"Feature","geometry":{"type":"LineString","coordinates":[[13.0604,52.45941],[13.06006,52.4594],[13.05969,52.45941],[13.05932,52.45942],[13.05895,52.45945],[13.05858,52.45948],[13.05822,52.45953],[13.05786,52.45958],[13.05751,52.45964],[13.05709,52.45972],[13.05679,52.45978]]},"properties":{"sp":0,"o":"Potsdam (Potsdam) 250 m.","s":"B2","von":"2026-07-06","bis":"2028-05-05","t":"Straßenbauarbeiten / Umbauarbeiten Knotenpunkt Krampnitz\n\nIm angegebenen Zeitraum besteht zwischen Hannoversche Straße und Rothkehlchenweg (inkl. Einmündung Schwedische Allee) eine halbseitige Sperrung mit wechselseitiger Verkehrsführung. \n\nDie Regelung erfolgt über eine Baustellenampel. \n\nBitte der örtlichen Beschilderung folgen."}},{"type":"Feature","geometry":{"type":"LineString","coordinates":[[13.60676,52.28139],[13.60648,52.28121],[13.60632,52.28109],[13.60626,52.28105],[13.6062,52.28097],[13.60617,52.28087],[13.60616,52.28082],[13.60617,52.28077],[13.60619,52.28068],[13.60647,52.27992]]},"properties":{"sp":1,"o":"Mittenwalde (Dahme-Spreewald) 180 m.","s":"B179","von":"2026-08-24","bis":"2026-10-30","t":"Deckenerneuerung\nin mehreren Bauabschnitten\n\nGesamtzeitraum der Baumaßnahme: 15.06.2026 bis 30.10.2026\n\n4. Bauabschnitt: vom 24.08.2026 bis 30.10.2026\n> VOLLSPERRUNG der B179, ab Knotenpunkt L40/179 bis zur Brücke Abzweig Forsthaus/Kreisverkehr L30/B179.\n\nEntsprechende Umleitungen über die A10 und A13 für beide Fahrtrichtungen sind ausgewiesen.\n\nDie Verkehrsführung wird je nach Baufortschritt angepasst.\n\nBitte beachten Sie die örtliche Beschilderung und Verkehrsführung."}},{"type":"Feature","geometry":{"type":"LineString","coordinates":[[14.53523,52.33398],[14.53509,52.33384],[14.53497,52.33372],[14.53488,52.3336],[14.5348,52.33349],[14.53476,52.33342]]},"properties":{"sp":0,"o":"Frankfurt (Frankfurt) 70 m.","s":"B87","von":"2026-09-07","bis":"2026-09-11","t":"Beseitigung Fahrbahnschäden\n\nIm angegebenen Zeitraum besteht eine halbseitige Sperrung mit wechselseitiger Verkehrsführung. \n\nBitte der örtlichen Beschilderung folgen."}},{"type":"Feature","geometry":{"type":"LineString","coordinates":[[14.06272,52.35612],[14.06263,52.35626],[14.06252,52.35641],[14.06242,52.35656],[14.06231,52.35671],[14.06227,52.35675],[14.06221,52.35682],[14.06219,52.35684],[14.06211,52.35691],[14.06208,52.35693],[14.06199,52.35698],[14.06192,52.35702],[14.06172,52.35712],[14.06151,52.35725],[14.06147,52.35727],[14.06142,52.3573],[14.0614,52.35733],[14.06138,52.35736],[14.06136,52.35738],[14.06134,52.35742],[14.06133,52.35745],[14.06133,52.35747],[14.06132,52.35751],[14.06132,52.35756],[14.06132,52.35771],[14.06132,52.35787],[14.06132,52.35803],[14.06133,52.3582],[14.06134,52.35839],[14.06136,52.35852],[14.06139,52.35863],[14.06142,52.35874],[14.06148,52.3589],[14.06155,52.35905],[14.06161,52.35921],[14.06165,52.35929],[14.06167,52.35935],[14.06168,52.3594],[14.06168,52.35945],[14.06168,52.3595],[14.06165,52.35969],[14.06163,52.35984],[14.06161,52.35994],[14.06159,52.36009],[14.06156,52.3603],[14.06153,52.36035],[14.06148,52.3604],[14.06144,52.36043],[14.06138,52.36047],[14.06134,52.36049],[14.06128,52.36053],[14.06114,52.3606],[14.06094,52.36073],[14.06075,52.36085],[14.06056,52.36096],[14.06042,52.36106]]},"properties":{"sp":1,"o":"Fürstenwalde/Spree (Oder-Spree) 615 m.","s":"L35","von":"2026-07-27","bis":"2026-11-07","t":"Deckenerneuerung\n\nVOLLSPERRUNG auf der L35, OD Fürstenwalde, zwischen KP Eisenbahnstraße/Wassergasse bis KP Eisenbahnstraße/Str. Am Kaiserhof vom 27.07.2026 bis 07.11.2026\n\nUmleitung:\nab KV L38/L35, Fürstenwalde > L35 (Hegelstraße), Fürstenwalde > B168 (Weinbergsgrund), Fürstenwalde > B168 (Triftstraße), Fürstenwalde > KV B168/L36, Fürstenwalde > B168 (Steinhöfer Chaussee), Fürstenwalde > KP B168/L36, OA Fürstenwalde > KP B168/L38, OU Fürstenwalde > KP B168/L412 > L412, Alt Golm > L412, Neu Golm > bis KP L412/L35, Bad Saarow = \"U8\" und in umgekehrter Richtung = \"U7\".\n\nIm angegebenen Zeitraum besteht im Bereich des Goetheplatzes, OD Fürstenwalde eine halbseitige Sperrung mit wechselseitiger Verkehrsführung. Die Regelung erfolgt über eine Baustellenampel. \n\nBitte beachten Sie die örtliche Beschilderung und Verkehrsführung."}},{"type":"Feature","geometry":{"type":"LineString","coordinates":[[14.40922,51.98519],[14.40874,51.98522],[14.40821,51.98525],[14.40803,51.98528],[14.40772,51.98533],[14.40757,51.98536],[14.40747,51.98539],[14.4072,51.98547],[14.40682,51.98559],[14.40597,51.98585],[14.40522,51.98608],[14.40402,51.98646],[14.40352,51.98661],[14.4033,51.98667],[14.40311,51.98672],[14.40283,51.98679],[14.40259,51.98684],[14.40107,51.98711],[14.39987,51.98732],[14.39883,51.98751],[14.39761,51.98772],[14.39746,51.98774],[14.39723,51.98775],[14.39699,51.98774],[14.39675,51.98772],[14.39655,51.98768],[14.39608,51.98759],[14.39471,51.98731],[14.39455,51.98729],[14.39438,51.98727],[14.39423,51.98725],[14.39408,51.98725],[14.39393,51.98725],[14.3937,51.98727],[14.39347,51.98728],[14.39208,51.98738],[14.39133,51.98744],[14.38984,51.98755],[14.38948,51.98758],[14.38913,51.98762],[14.38837,51.98774],[14.38688,51.98796],[14.38543,51.98817],[14.38472,51.98827],[14.38425,51.98834],[14.38392,51.98839],[14.38367,51.98841],[14.38344,51.98843],[14.38311,51.98845],[14.38196,51.98852],[14.38061,51.9886],[14.38026,51.98862],[14.37999,51.98864],[14.37971,51.98867],[14.37933,51.98873],[14.37836,51.98888]]},"properties":{"sp":0,"o":"Schenkendöbern (Spree-Neiße) 2200 m.","s":"B320","von":"2026-09-16","bis":"2026-09-17","t":"Baumpflegearbeiten\n\nIm angegebenen Zeitraum besteht eine halbseitige Sperrung mit wechselseitiger Verkehrsführung. Die Regelung erfolgt über eine Baustellenampel. \n\nBitte der örtlichen Beschilderung folgen."}},{"type":"Feature","geometry":{"type":"LineString","coordinates":[[13.46375,52.74697],[13.46497,52.74799]]},"properties":{"sp":0,"o":"Wandlitz (Barnim) 140 m.","s":"L100","von":"2026-03-30","bis":"2027-03-31","t":"Provisorische Gehwegverbreiterung\n\nIm angegebenen Zeitraum kommt es zu Einschränkungen des Verkehrsraumes mit wechselseitiger Verkehrsführung in beiden Fahrtrichtungen.\n\nBitte beachten Sie die örtliche Beschilderung und Verkehrsführung."}},{"type":"Feature","geometry":{"type":"LineString","coordinates":[[13.82298,53.31029],[13.823,53.31029],[13.82371,53.31009],[13.82448,53.30988],[13.82487,53.30976],[13.82515,53.30966],[13.82543,53.30955],[13.8257,53.30943],[13.82721,53.30873],[13.8279,53.30842]]},"properties":{"sp":1,"o":"Prenzlau (Uckermark) 390 m.","s":"L25","von":"2026-03-09","bis":"2026-12-11","t":"Ausbau des Geh und Radweges in mehreren Abschnitten, Erneuerung der Fahrbahndecke\n\nVOLLSPERRUNG der L25 (zwischen Abzweig Erika-Kliemann-Weg und Abzweig Vorstadtbahnhof)\nvom 09.03.2026 bis 11.12.2026\n\nUmleitung:\nL25  > L253  > B198 > B109 und in umgekehrter Richtung.\n\nSobald uns Informationen zu den weiteren Bauabschnitten vorliegen, werden diese hier ergänzt.\n\nBitte beachten Sie die örtliche Verkehrsführung und Beschilderung."}},{"type":"Feature","geometry":{"type":"LineString","coordinates":[[13.72789,52.56494],[13.72788,52.56492],[13.72843,52.56488],[13.72892,52.56484],[13.72917,52.56483],[13.72944,52.56481],[13.72975,52.5648]]},"properties":{"sp":1,"o":"Altlandsberg (Märkisch-Oderland) 130 m.","s":"L30","von":"2026-12-01","bis":"2026-12-31","t":"Straßen- und Leitungsbau\n\nVOLLSPERRUNG auf der L30, Strausberger Straße, Teil der Bernauer Straße sowie Buchholzer Allee\nvom 13.07.2026  bis 31.12.2026\n\nUmleitung:\nL30, Krummenseestraße  > Mehrower Weg  > An der Mühle > Hönower Chaussee > KP L33/Hönower Chaussee > L33 > KP L33/Strausberger Straße/Zum Roggenfeld (=U1) und in umgekehrter Richtung (=U2).\n\nDie Verkehrsführung wird je nach Baufortschritt angepasst.\n\nBitte beachten Sie die örtliche Verkehrsführung und Beschilderung."}},{"type":"Feature","geometry":{"type":"LineString","coordinates":[[13.60685,52.28145],[13.60651,52.28165],[13.60622,52.28184],[13.60595,52.28204],[13.60568,52.28227],[13.60547,52.28248],[13.60532,52.28264],[13.60518,52.28282],[13.60498,52.28311],[13.6048,52.2834],[13.60466,52.2837],[13.60456,52.28402],[13.6045,52.28432],[13.60446,52.2846],[13.60443,52.28491],[13.60436,52.28593],[13.60431,52.28654],[13.60424,52.28717],[13.60419,52.28768],[13.6041,52.2883],[13.60397,52.28919],[13.60389,52.28967],[13.60377,52.29033],[13.60348,52.29171],[13.60324,52.29272],[13.60281,52.2943],[13.60276,52.29453],[13.60265,52.29488],[13.60253,52.29526]]},"properties":{"sp":1,"o":"Königs Wusterhausen (Dahme-Spreewald) 1592 m.","s":"B179","von":"2026-08-24","bis":"2026-10-30","t":"Deckenerneuerung\nin mehreren Bauabschnitten\n\nGesamtzeitraum der Baumaßnahme: 15.06.2026 bis 30.10.2026\n\n4. Bauabschnitt: vom 24.08.2026 bis 30.10.2026\n> VOLLSPERRUNG der B179, ab Knotenpunkt L40/179 bis zur Brücke Abzweig Forsthaus/Kreisverkehr L30/B179.\n\nEntsprechende Umleitungen über die A10 und A13 für beide Fahrtrichtungen sind ausgewiesen.\n\nDie Verkehrsführung wird je nach Baufortschritt angepasst.\n\nBitte beachten Sie die örtliche Beschilderung und Verkehrsführung."}},{"type":"Feature","geometry":{"type":"LineString","coordinates":[[14.16616,52.40636],[14.16641,52.40684],[14.1669,52.40782],[14.16701,52.40806],[14.16711,52.4083],[14.16716,52.40848],[14.16723,52.40873],[14.16811,52.41261],[14.16817,52.41282],[14.16827,52.41311],[14.16842,52.41354],[14.16861,52.41396],[14.16963,52.41606],[14.17036,52.41759],[14.17051,52.41787],[14.17061,52.41804],[14.17074,52.41821],[14.17089,52.41837],[14.17109,52.41855],[14.17442,52.42137],[14.17485,52.42173]]},"properties":{"sp":1,"o":"Steinhöfel (Oder-Spree) 1840 m.","s":"L36","von":"2026-08-10","bis":"2026-10-02","t":"Deckenerneuerung in drei Bauabschnitten\nGesamtzeitraum der Maßnahme: 11.05.2026 bis 02.10.2026.\n\n> VOLLSPERRUNG vom 10.08.2026 bis 02.10.2026\nauf der L36, Steinhöfel bis Heinersdorf.\n\nUmleitung:\nab KPB5 / L36, Heinersdorf  > OU Müncheberg  > B168, Schönefelde > B168, Beerfelde > B168, Fürstenwalde > L36, Steinhöfel und in umgekehrter Richtung.\n\nDer Verkehr wird an beiden Knotenpunkten per Ampel geregelt.\nDie Erreichbarkeit der Ort bleibt aus Richtung Steinhöfel kommend gewährleistet.\n\nBitte der örtlichen Beschilderung folgen."}},{"type":"Feature","geometry":{"type":"LineString","coordinates":[[14.59731,51.79402],[14.59732,51.7942],[14.59733,51.79429],[14.59733,51.79437],[14.59737,51.79454],[14.59744,51.7948],[14.59754,51.79506],[14.59766,51.79536],[14.59781,51.79579],[14.59809,51.79656],[14.59834,51.79722],[14.59867,51.79811],[14.5988,51.79843],[14.59885,51.79854],[14.59892,51.79868],[14.599,51.79886],[14.59913,51.79917],[14.59935,51.79971],[14.59942,51.79992],[14.59949,51.80016],[14.59954,51.80039],[14.59961,51.80062],[14.59972,51.80085],[14.59998,51.8013],[14.60002,51.80141],[14.60041,51.80276],[14.6005,51.80306],[14.60053,51.80315],[14.60056,51.80322],[14.6007,51.8034],[14.60149,51.80419],[14.60158,51.80431],[14.60161,51.80435],[14.60162,51.8044],[14.60162,51.80449],[14.60157,51.80459],[14.6015,51.80467],[14.60142,51.80473],[14.60131,51.8048],[14.60098,51.80501],[14.6008,51.80517],[14.60064,51.80534],[14.60047,51.80561],[14.6004,51.80573],[14.60034,51.80589],[14.60024,51.80616],[14.60018,51.80633],[14.59976,51.80771]]},"properties":{"sp":0,"o":"Forst (Spree-Neiße) 1600 m.","s":"B112","von":"2026-06-22","bis":"2026-09-30","t":"Glasfaserausbau\n\nIm angegebenen Zeitraum besteht eine halbseitige Sperrung mit wechselseitiger Verkehrsführung. \n\nBitte der örtlichen Beschilderung folgen."}},{"type":"Feature","geometry":{"type":"LineString","coordinates":[[14.2613,51.74489],[14.26128,51.7448],[14.26119,51.74457],[14.26063,51.74332],[14.26052,51.74307],[14.26037,51.74273],[14.26021,51.74235],[14.26007,51.74201],[14.26004,51.7419],[14.26,51.74148],[14.25999,51.74145],[14.25994,51.74075],[14.25992,51.74047],[14.25989,51.73986],[14.25985,51.73952]]},"properties":{"sp":1,"o":"Kolkwitz (Spree-Neiße) 610 m.","s":"L50","von":"2026-07-13","bis":"2026-10-16","t":"Verlegung Trinkwasserleitung\n\n> Vom 29.06.2026 bis 10.07.2026 besteht eine halbseitige Sperrung auf der L50, Abzweig Koschendorfer Straße. Die Regelung erfolgt über eine Baustellenampel.\n\n> Vom 13.07.2026 bis 16.10.2026 VOLLSPERRUNG auf der L50, Hänchener Straße.\n\nUmleitung:\nFeldstraße > Koschendorfer Straße und in umgekehrter Richtung.\nDie Regelung erfolgt über eine Baustellenampel. \n\nBitte beachten Sie die örtliche Beschilderung und Verkehrsführung."}},{"type":"Feature","geometry":{"type":"LineString","coordinates":[[14.56859,52.14825],[14.56845,52.14823]]},"properties":{"sp":0,"o":"Schlaubetal (Oder-Spree) 10 m.","s":"B246","von":"2025-04-22","bis":"2026-12-31","t":"Anbindungen zum Windpark \"Schierenberg\"\n\nIm angegebenen Zeitraum kommt es zu Einschränkungen des Verkehrsraumes mit wechselseitiger Verkehrsführung in beiden Fahrtrichtungen.\n\nDer Verkehr wird mithilfe einer Ampel geregelt.\n\nBitte beachten Sie die örtliche Beschilderung und Verkehrsführung."}},{"type":"Feature","geometry":{"type":"LineString","coordinates":[[11.84645,53.08911],[11.84588,53.08958]]},"properties":{"sp":0,"o":"Perleberg (Prignitz) 65 m.","s":"B5","von":"2026-09-09","bis":"2026-10-30","t":"Sanierung Asphalt und Nebenanlagen \n\nVom 22.07.2026 bis 30.10.2026 kommt es zu Verkehrsraumeinschränkungen am Knotenpunkt AS Perleberg Nord mit wechselseitiger Verkehrsführung in beiden Fahrtrichtungen. Der Verkehr auf der B 189 wird mithilfe einer Ampel geregelt.\n\nVOLLSPERRUNG der Zu- und  Abfahrt von der B5 in Richtung Perleberg und Karstädt vom 22.07.2026 bis 30.10.2026\n\nUmleitung:\nB5 aus Richtung Karstädt  > Hamburger Chaussee > Perleberg > Putzlitzer Straße > Matthias-Hasse- Str. > B5 > B189 und in umgekehrter Richtung.\n\nUmleitung für LKW über 19,5 Tonnen:\nA14, AS Karstädt  > L131/K7037, Stavenow > L122 > L12, Perleberg > L10 > B189 und in umgekehrter Richtung.\n\nDie Verkehrsführung wird je nach Baufortschritt angepasst.\n\nBitte beachten Sie die örtliche Verkehrsführung und Beschilderung."}},{"type":"Feature","geometry":{"type":"LineString","coordinates":[[13.96943,52.56706],[13.96931,52.567]]},"properties":{"sp":1,"o":"Strausberg (Märkisch-Oderland) 10 m.","s":"L34","von":"2025-09-15","bis":"2026-09-12","t":"Klosterfelder Straße, Strausberg (Abzweig von der L34)\n\nGrundhafter Ausbau der Straße einschl. Regenentwässerung\n\nVOLLSPERRUNG der kommunalen \"Klosterfelder Straße\" (Abzweig von der L34) vom 15.09.2025 bsi 12.09.2026.\n\nBitte beachten Sie die örtliche Verkehrsführung und Beschilderung."}},{"type":"Feature","geometry":{"type":"LineString","coordinates":[[12.31585,52.50908],[12.31519,52.5097],[12.31366,52.51115],[12.31361,52.5112],[12.31356,52.51124],[12.31348,52.5113],[12.3134,52.51136],[12.31335,52.51139],[12.31322,52.51146],[12.31227,52.51199],[12.31126,52.51256],[12.3111,52.51265],[12.31093,52.51275],[12.31079,52.51284],[12.31069,52.51292],[12.31062,52.51298],[12.31053,52.51307],[12.31044,52.51317],[12.31003,52.51363],[12.30953,52.51415],[12.30946,52.51423],[12.30942,52.5143],[12.30938,52.51438],[12.30936,52.51446],[12.30936,52.51455]]},"properties":{"sp":1,"o":"Milower Land (Havelland) 761 m.","s":"L96","von":"2025-05-16","bis":"2027-07-31","t":"Straßenbau\n\n> Vom 04.03.2024 bis 31.07.2027\nVOLLSPERRUNG auf der L96, OD Milow\n\nUmleitung:\nL96 über Kietz nach Bützer bis Knotenpunkt L964/L96 > L964, Vierietz > Landesgrenze Sachsen/Anhalt > B1, Richtung Neubensdorf > L96 über Nitzahn Richtung Milow und umgekehrt.\n\n> Im angegebenen Zeitraum besteht auf der L96, Karl-Marx-Straße bis Friedennstraße, eine halbseitige Sperrung mit wechselseitiger Verkehrsführung. \n\nDie Regelung erfolgt über eine Baustellenampel. \n\nBitte beachten Sie die örtliche Beschilderung und Verkehrsführung."}},{"type":"Feature","geometry":{"type":"LineString","coordinates":[[14.402,52.39528],[14.40186,52.39533],[14.40156,52.39544],[14.40126,52.39555],[14.40097,52.39567],[14.40069,52.3958],[14.40041,52.39593],[14.40009,52.3961],[14.39967,52.39633],[14.39919,52.3966],[14.3989,52.39674],[14.39859,52.39688],[14.39826,52.39699],[14.39791,52.39707],[14.39751,52.39714],[14.39714,52.39716],[14.39687,52.39715],[14.3966,52.39714],[14.39619,52.39712],[14.39575,52.39709],[14.39534,52.39704]]},"properties":{"sp":1,"o":"Treplin (Märkisch-Oderland) 521 m.","s":"B5","von":"2026-07-20","bis":"2026-11-01","t":"Grundhafter Straßenausbau in 4 Verkehrssicherungsabschnitten\n\nGesamtzeitraum der Baumaßnahme: 16.02.2026 bis 30.06.2027\n\n> VOLLSPERRUNG vom 20.07.2026 bis 01.11.2026\nauf der B5, Frankfurter Straße bis Knotenpunkt B5/L38\n\n!! Info GST - Umleitung für Kfz mit einer zul. Gesamtmasse über 3,5t:!!\nab Frankfurt (Oder) > B112 > Lebus > B167, OU Seelow > B1, OU Müncheberg = U17 und in umgekehrter Richtung.\n\noder\n\nab B5, Petershagen > L37, Petersdorf > L37, Jacobsdorf > L37/A12, AS Müllrose > L37, Biegen > L37, Dubrow > L37/B87, OU Müllrose > B87, Frankfurt(Oder), OT Markendorf bis KP B87/B112, Frankfurt(Oder) = U18 und in umgekehrter Richtung.\n\nDie Verkehrsführung wird je nach Baufortschritt angepasst.\n\nBitte beachten Sie die örtliche Verkehrsführung und Beschilderung."}},{"type":"Feature","geometry":{"type":"LineString","coordinates":[[13.69358,53.21606],[13.6935,53.21591],[13.69342,53.21576],[13.69336,53.21561],[13.69333,53.21554],[13.69331,53.21551],[13.69322,53.21531],[13.69313,53.21515],[13.69303,53.21499],[13.69293,53.21483],[13.69288,53.21477],[13.69287,53.21475],[13.69281,53.21466],[13.69278,53.21462],[13.6927,53.21451],[13.69263,53.2144],[13.69257,53.21429],[13.69253,53.2142],[13.69249,53.21411],[13.69245,53.21402],[13.69214,53.21325],[13.69195,53.21276]]},"properties":{"sp":0,"o":"Boitzenburger Land (Uckermark) 383 m.","s":"B109","von":"2026-09-14","bis":"2026-09-19","t":"Bauliche Erhaltung\n\nIm angegebenen Zeitraum besteht eine halbseitige Sperrung mit wechselseitiger Verkehrsführung. Die Regelung erfolgt über eine Baustellenampel. \n\nBitte beachten Sie die örtliche Beschilderung und Verkehrsführung."}},{"type":"Feature","geometry":{"type":"LineString","coordinates":[[14.1651,51.67551],[14.16713,51.67423]]},"properties":{"sp":0,"o":"Drebkau (Spree-Neiße) 200 m.","s":"L52","von":"2026-09-28","bis":"2026-10-02","t":"Montage Schutzgerüst\n\nIm angegebenen Zeitraum besteht eine halbseitige Sperrung mit wechselseitiger Verkehrsführung. Die Regelung erfolgt über eine Baustellenampel. \n\nBitte der örtlichen Beschilderung folgen."}},{"type":"Feature","geometry":{"type":"LineString","coordinates":[[14.02311,51.51471],[14.02294,51.51475],[14.02278,51.51479],[14.02262,51.51484],[14.02247,51.5149],[14.02233,51.51496],[14.02213,51.51507],[14.02202,51.51514],[14.02194,51.5152],[14.0218,51.51533],[14.02171,51.51542],[14.02159,51.51558],[14.02153,51.51569],[14.02148,51.51583],[14.02144,51.51598],[14.02144,51.5161],[14.02145,51.51626],[14.02146,51.51634],[14.02154,51.51665],[14.02162,51.51693]]},"properties":{"sp":0,"o":"Senftenberg (Oberspreewald-Lausitz) 300 m.","s":"B96","von":"2025-12-10","bis":"2026-11-30","t":"Ersatzneubau Brückenbauwerk\n\nVom 10.12.2025 bis 30.11.2026\nwird der Verkehr neben der Baustelle über eine zweispurige Baustellenumfahrung mit Behelfsbrücke geführt. Weitere Umleitungen sind nicht erforderlich. Der Verkehr wird mithilfe einer Ampel geregelt.\n\nEine Befahrung für Großraum- und Schwertransport ist nicht möglich.\n\nBitte beachten Sie die örtliche Beschilderung und Verkehrsführung."}},{"type":"Feature","geometry":{"type":"LineString","coordinates":[[12.30936,52.51455],[12.30936,52.51446],[12.30938,52.51438],[12.30942,52.5143],[12.30946,52.51423],[12.30953,52.51415],[12.31003,52.51363],[12.31044,52.51317],[12.31053,52.51307],[12.31062,52.51298],[12.31069,52.51292],[12.31079,52.51284],[12.31093,52.51275],[12.31096,52.51273]]},"properties":{"sp":0,"o":"Milower Land (Havelland) 232 m.","s":"L96","von":"2025-11-24","bis":"2027-07-31","t":"Straßenbau\n\n> Vom 04.03.2024 bis 31.07.2027\nVOLLSPERRUNG auf der L96, OD Milow\n\nUmleitung:\nL96 über Kietz nach Bützer bis Knotenpunkt L964/L96 > L964, Vierietz > Landesgrenze Sachsen/Anhalt > B1, Richtung Neubensdorf > L96 über Nitzahn Richtung Milow und umgekehrt.\n\n> Im angegebenen Zeitraum besteht auf der L96, Karl-Marx-Straße bis Friedennstraße, eine halbseitige Sperrung mit wechselseitiger Verkehrsführung. \n\nDie Regelung erfolgt über eine Baustellenampel. \n\nBitte beachten Sie die örtliche Beschilderung und Verkehrsführung."}},{"type":"Feature","geometry":{"type":"LineString","coordinates":[[12.04731,53.30065],[12.04734,53.30056]]},"properties":{"sp":1,"o":"Putlitz (Prignitz) 10 m.","s":"K7024","von":"2026-10-05","bis":"2026-10-13","t":"Sanierung Durchlass\n\n> Vom 21.09.2026 bis 05.10.2026 \nbesteht eine halbseitige Sperrung mit wechselseitiger Verkehrsführung. Die Regelung erfolgt über eine Baustellenampel. \n\n> Vom 05.10.2026 bis 12.10.2026\nVOLLSPERRUNG auf der K7024, Höhe Duhlenzer Berg\n\nUmleitung: \nK7024, Nettelbeck > L13, Telschow-Weitgendorf  > K7021, Frehne  > L14, Krempendorf  > K7024, Jännersdorf > K7024, Porep und in umgekehrter Richtung.\n\n> Vom 13.10.2026 bis 16.10.2026 \nbesteht eine halbseitige Sperrung mit wechselseitiger Verkehrsführung. Die Regelung erfolgt über eine Baustellenampel. \n\nDie Verkehrsführung wird je nach Baufortschritt angepasst.\n\nBitte der örtlichen Beschilderung folgen."}},{"type":"Feature","geometry":{"type":"LineString","coordinates":[[12.53867,52.67937],[12.53869,52.67947],[12.53884,52.67977],[12.53897,52.67997],[12.53909,52.68014],[12.53931,52.68041],[12.5397,52.68088],[12.53983,52.68102]]},"properties":{"sp":0,"o":"Kotzen (Havelland) 200 m.","s":"B188","von":"2026-04-20","bis":"2026-09-11","t":"Baugrunduntersuchung\n\nIm angegebenen Zeitraum kommt es zu Einschränkungen des Verkehrsraumes mit wechselseitiger Verkehrsführung in beiden Fahrtrichtungen.\n\nDie Regelung erfolgt über eine Baustellenampel. \n\nBitte beachten Sie die örtliche Beschilderung und Verkehrsführung."}},{"type":"Feature","geometry":{"type":"LineString","coordinates":[[13.96869,51.85766],[13.96894,51.85729],[13.96904,51.85714],[13.96913,51.85702],[13.96923,51.85692],[13.96946,51.85673],[13.96967,51.85656],[13.96999,51.85632],[13.97018,51.85616],[13.9703,51.85604],[13.97038,51.85595],[13.97045,51.85588],[13.97055,51.85574],[13.97065,51.8556],[13.97075,51.85545],[13.97081,51.85533],[13.9709,51.85516],[13.9709,51.85515]]},"properties":{"sp":1,"o":"Lübbenau/Spreewald (Oberspreewald-Lausitz) 320 m.","s":"L49","von":"2026-08-24","bis":"2026-09-11","t":"Herstellung Südkopf\nGesamtzeitraum der Maßnahme: 17.03.2025 bis 30.06.2027.\n\n> Vom 24.08.2028 bis 11.09.2026\nVOLLSPERRUNG auf der L49, zwischen Lübbenau und Boblitz.\n\nEine entsprechende Umleitung ist ausgewiesen. \n\nDie Restahrbahnbreite beträgt mind. 3,00 m.\n\nDie Verkehrsführung wird je nach Baufortschritt angepasst. \n\nBitte beachten Sie die örtliche Beschilderung und Verkehrsführung."}},{"type":"Feature","geometry":{"type":"LineString","coordinates":[[14.35615,52.08677],[14.35717,52.08687],[14.35728,52.08689]]},"properties":{"sp":1,"o":"Friedland (Oder-Spree) 76 m.","s":"L43","von":"2026-03-09","bis":"2026-09-30","t":"Deckenerneuerung in 6 Verkehrssicherungsabschnitten \n\nVOLLSPERRUNG auf der L43, Dorfstraße ab Weichensdorf bis zum Knotenpunkt B168/L43.\nvom 09.03.2026 bis 30.09.2026.\n\nUmleitung:\nB168, Friedland  > Beeskow  > B246, Krügersdorf > Schneeberg > Grunow > L435, Oelsen, Groß Briesen > Klein Briesen > Weichensdorf und in umgekehrter Richtung.\n\nDer Umleitungsverkehr wird in Weichensdorf mit Hilfe einer Ampel geregelt.\n\nIm Zuge der Bauarbeiten innerhalb der Strecke kommt es zu Einschränkungen des Verkehrsraumes mit wechselseitiger Verkehrsführung in beiden Fahrtrichtungen.\n\nBitte beachten Sie die örtliche Verkehrsführung und Beschilderung."}},{"type":"Feature","geometry":{"type":"LineString","coordinates":[[14.54778,51.97632],[14.54788,51.9763],[14.54846,51.97621],[14.54883,51.97616],[14.54924,51.97614],[14.54957,51.97613],[14.55006,51.97616],[14.55089,51.97622],[14.55141,51.97623],[14.55188,51.97619],[14.55231,51.97611],[14.55273,51.97598],[14.55311,51.97582],[14.55355,51.97563],[14.55387,51.97552],[14.55429,51.97541],[14.55541,51.97516],[14.55767,51.97467],[14.55923,51.97434],[14.55951,51.97427],[14.55987,51.97417],[14.56007,51.9741],[14.56073,51.97387],[14.56189,51.97346],[14.56282,51.97313],[14.56469,51.97248],[14.56607,51.97199],[14.56698,51.97167],[14.56763,51.97144],[14.56837,51.97118],[14.56881,51.97105],[14.56969,51.97083],[14.57071,51.97057],[14.5712,51.97044],[14.57183,51.97029],[14.57238,51.97018],[14.57275,51.97012],[14.57318,51.97007],[14.57425,51.96994],[14.57478,51.96989],[14.57572,51.96978],[14.57685,51.96966],[14.57743,51.9696],[14.57816,51.96953],[14.57971,51.9694],[14.58097,51.9693],[14.58151,51.96925],[14.58196,51.96921],[14.58253,51.96917],[14.58297,51.96912],[14.58336,51.96905],[14.58367,51.96899],[14.58394,51.96891],[14.58415,51.96885],[14.58431,51.96879],[14.58448,51.96873],[14.58468,51.96864],[14.58488,51.96854],[14.58503,51.96846],[14.58518,51.96837],[14.58532,51.96828],[14.5855,51.96814],[14.58568,51.96799],[14.5858,51.96787],[14.58598,51.96766],[14.5861,51.9675],[14.58622,51.9673],[14.58629,51.96715],[14.58636,51.96696],[14.58642,51.9667],[14.58645,51.96646]]},"properties":{"sp":0,"o":"Schenkendöbern (Spree-Neiße) 3000 m.","s":"B320","von":"2026-09-10","bis":"2026-09-15","t":"Baumpflegearbeiten\n\nIm angegebenen Zeitraum besteht eine halbseitige Sperrung mit wechselseitiger Verkehrsführung. Die Regelung erfolgt über eine Baustellenampel. \n\nBitte der örtlichen Beschilderung folgen."}},{"type":"Feature","geometry":{"type":"LineString","coordinates":[[13.36715,52.13496],[13.36716,52.13476],[13.36718,52.13458],[13.36721,52.1344],[13.36726,52.13422],[13.36778,52.13253],[13.36781,52.1324],[13.36781,52.13231],[13.3678,52.13218],[13.36776,52.13205],[13.36745,52.13135],[13.36734,52.13108],[13.36729,52.13091],[13.36726,52.13072],[13.36693,52.12707],[13.36691,52.1267],[13.36691,52.12657],[13.36693,52.12647]]},"properties":{"sp":1,"o":"Am Mellensee (Teltow-Fläming) 954 m.","s":"L70","von":"2026-08-03","bis":"2026-10-31","t":"Neubau Radweg, Deckenerneuerung und Durchlassersatzneubau\n\nVOLLSPERRUNG auf der L70 zwischen Kummersdorf Gut und Sperenberg vom 03.08.2026 bis 31.10.2026.\n\nUmleitung:\nUmleitung:\nL70, Schönefeld  > L70, Stülpe > L73, Schöbendorf > L73, Paplitz > L73, Baruth/Mark > KV L73/B115/B96 > B96, Neuhof > K7226, Sperenberg und in umgekehrter Richtung.\n\n\nIm Bereich des Durchlassersatzneubaus erfolgt in der Zeit vom 21.08.2026 bis 31.10.2026 eine provisorische Umfahrung für Rettungskräfte und ÖPNV.\n\nBitte beachten Sie die örtliche Beschilderung und Verkehrsführung."}},{"type":"Feature","geometry":{"type":"LineString","coordinates":[[14.09132,52.77074],[14.09167,52.77034],[14.09285,52.76895],[14.09431,52.76725],[14.09439,52.76715]]},"properties":{"sp":0,"o":"Wriezen (Märkisch-Oderland) 450 m.","s":"B167","von":"2026-09-07","bis":"2026-10-02","t":"Brückeninstandsetzungsarbeiten   \n\nIm angegebenen Zeitraum besteht eine halbseitige Sperrung mit wechselseitiger Verkehrsführung. Die Regelung erfolgt über eine Baustellenampel. \n\nBitte beachten Sie die örtliche Beschilderung und Verkehrsführung."}},{"type":"Feature","geometry":{"type":"LineString","coordinates":[[14.59651,51.95006],[14.5938,51.94981],[14.59266,51.94972],[14.59107,51.9496],[14.5902,51.94953],[14.58732,51.9493],[14.58604,51.94919],[14.58494,51.94908],[14.58456,51.94903],[14.58428,51.94898],[14.58395,51.94892],[14.58294,51.94866],[14.58141,51.94821],[14.5809,51.94806],[14.58023,51.94783],[14.57966,51.94761],[14.57947,51.94753],[14.57925,51.94743],[14.57913,51.94738],[14.57866,51.94715],[14.57746,51.94656],[14.57675,51.94622],[14.57665,51.94618],[14.57602,51.94589],[14.57471,51.94525],[14.57297,51.9444],[14.57173,51.94382],[14.57088,51.94341],[14.57065,51.94329],[14.57009,51.94303],[14.56964,51.94281],[14.56939,51.94268],[14.56923,51.94256],[14.56914,51.94247],[14.56901,51.94234],[14.56889,51.94213],[14.56874,51.94182],[14.56856,51.94144],[14.56833,51.94089],[14.56831,51.94086],[14.5683,51.94084],[14.56814,51.9406],[14.56802,51.9404],[14.56769,51.93994],[14.5674,51.93962],[14.56719,51.93947],[14.56692,51.93931],[14.56678,51.93921],[14.56673,51.93918],[14.56657,51.93905],[14.56639,51.93889],[14.56637,51.93887],[14.56602,51.93852],[14.56521,51.9377],[14.5648,51.93726],[14.56477,51.93723],[14.56451,51.93699],[14.56423,51.93671],[14.56411,51.93659],[14.564,51.93648],[14.56376,51.9363],[14.5637,51.93627],[14.56361,51.93622],[14.56345,51.93617],[14.5632,51.9361],[14.56201,51.93591],[14.56115,51.9358],[14.56107,51.93579],[14.56018,51.93565],[14.55924,51.93553],[14.55774,51.93533],[14.55634,51.93513],[14.55414,51.93482],[14.55232,51.93457],[14.5512,51.9344],[14.55106,51.93438],[14.5482,51.934],[14.54574,51.93365],[14.54216,51.93317],[14.54017,51.93289],[14.54005,51.93287],[14.5381,51.9326],[14.5352,51.9322],[14.53306,51.93189],[14.53202,51.93176],[14.53149,51.93168],[14.5297,51.93144],[14.52872,51.93129],[14.52828,51.93121],[14.52787,51.9311],[14.52715,51.9309],[14.52622,51.93062],[14.52605,51.93058],[14.52559,51.93043],[14.5245,51.93012],[14.52362,51.92984],[14.52228,51.92944],[14.51983,51.9287],[14.51891,51.92842],[14.51888,51.92841],[14.5184,51.92827],[14.51747,51.92797],[14.51733,51.92793],[14.51549,51.92738],[14.51326,51.92674],[14.51198,51.92635],[14.51187,51.9263],[14.51077,51.92596],[14.50832,51.92523],[14.50737,51.92493],[14.50588,51.92449],[14.50437,51.92404],[14.50253,51.9235],[14.50124,51.9231],[14.50042,51.9228],[14.49984,51.92251],[14.49971,51.92244],[14.49959,51.92236],[14.49935,51.92224],[14.49852,51.92172],[14.49809,51.92136],[14.49664,51.92029],[14.49526,51.91927],[14.49389,51.91826],[14.49094,51.91611]]},"properties":{"sp":1,"o":"Schenkendöbern (Spree-Neiße) 8546 m.","s":"L50","von":"2026-09-07","bis":"2026-11-13","t":"Deckenerneuerung\nVOLLSPERRUNG auf der L50 zwischen Bärenklau und Schenkdöbern\nvom 07.09.2026 bis 13.11.2026\n\nUmleitung:\nB320, Schenkendöbern > B112, Klein Gastrose > B97 > und gt; L502, Tauer > L50 und in umgekehrter Richtung.\n\nUmleitung Richtung Peitz: B97, Guben  > L474, > Peitz  und in umgekehrter Richtung.\n\nUmleitung Richtung Cottbus: B97, Guben > B168 > L49 > Cottbus und in umgekehrter Richtung.\n\nDie Verbindungen der L 50 mit der K 7143, die zum Großsee führt, sowie der B 320 bleiben während der gesamten Maßnahme befahrbar.\n\nDie Verkehrsführung wird je nach Baufortschritt angepasst.\n\nBitte der örtlichen Beschilderung folgen."}},{"type":"Feature","geometry":{"type":"LineString","coordinates":[[14.37836,51.98888],[14.37933,51.98873],[14.37971,51.98867],[14.37999,51.98864],[14.38026,51.98862],[14.38061,51.9886],[14.38196,51.98852],[14.38311,51.98845],[14.38344,51.98843],[14.38367,51.98841],[14.38392,51.98839],[14.38425,51.98834],[14.38472,51.98827],[14.38543,51.98817],[14.38688,51.98796],[14.38837,51.98774],[14.38913,51.98762],[14.38948,51.98758],[14.38984,51.98755],[14.39133,51.98744],[14.39208,51.98738],[14.39347,51.98728],[14.3937,51.98727],[14.39393,51.98725],[14.39408,51.98725],[14.39423,51.98725],[14.39438,51.98727],[14.39455,51.98729],[14.39471,51.98731],[14.39608,51.98759],[14.39655,51.98768],[14.39675,51.98772],[14.39699,51.98774],[14.39723,51.98775],[14.39746,51.98774],[14.39761,51.98772],[14.39883,51.98751],[14.39987,51.98732],[14.40107,51.98711],[14.40259,51.98684],[14.40283,51.98679],[14.40311,51.98672],[14.4033,51.98667],[14.40352,51.98661],[14.40402,51.98646],[14.40522,51.98608],[14.40597,51.98585],[14.40682,51.98559],[14.4072,51.98547],[14.40747,51.98539],[14.40757,51.98536],[14.40772,51.98533],[14.40803,51.98528],[14.40821,51.98525],[14.40874,51.98522],[14.40922,51.98519]]},"properties":{"sp":0,"o":"Schenkendöbern (Spree-Neiße) 2200 m.","s":"B320","von":"2026-09-16","bis":"2026-09-17","t":"Baumpflegearbeiten\n\nIm angegebenen Zeitraum besteht eine halbseitige Sperrung mit wechselseitiger Verkehrsführung. Die Regelung erfolgt über eine Baustellenampel. \n\nBitte der örtlichen Beschilderung folgen."}},{"type":"Feature","geometry":{"type":"LineString","coordinates":[[13.26332,52.37311],[13.26326,52.37328],[13.26322,52.37336],[13.26319,52.37342],[13.26317,52.37346],[13.26314,52.37353],[13.26309,52.3737],[13.26307,52.37376],[13.26305,52.37388],[13.26304,52.37401],[13.26304,52.37411],[13.26304,52.37417],[13.26306,52.37454],[13.26307,52.37473],[13.26307,52.37487],[13.26306,52.37494],[13.26303,52.37506],[13.26295,52.37527],[13.26288,52.37545],[13.26283,52.37559],[13.26278,52.37569],[13.26257,52.37609],[13.26254,52.37615]]},"properties":{"sp":0,"o":"Teltow (Potsdam-Mittelmark) 345 m.","s":"L794","von":"2025-02-10","bis":"2026-12-31","t":"Baumpflanzung, - pflege, -wässerung\n\nIm angegebenen Zeitraum werden witterungsabhängig Tagesbaustellen eingerichtet.\n\nEs kommt tagsüber zu Einschränkungen des Verkehrsraumes mit wechselseitiger Verkehrsführung in beiden Fahrtrichtungen. \n\nDie Verkehrsführung wird je nach Baufortschritt angepasst.\n\nBitte beachten Sie die örtliche Beschilderung und Verkehrsführung."}},{"type":"Feature","geometry":{"type":"LineString","coordinates":[[11.8461,53.0893],[11.84597,53.08925],[11.8458,53.0892],[11.84559,53.08912],[11.84513,53.08898],[11.84447,53.08877],[11.84402,53.08863],[11.84391,53.08859],[11.84379,53.08857],[11.84367,53.08855],[11.84356,53.08853],[11.84345,53.08853],[11.84334,53.08854],[11.84323,53.08856],[11.84313,53.08859],[11.84304,53.08863],[11.84296,53.08867],[11.84289,53.08872],[11.84284,53.08878],[11.8428,53.08884],[11.84278,53.08889],[11.84277,53.08896],[11.84278,53.08903],[11.8428,53.08909],[11.84286,53.08917],[11.84292,53.08922],[11.84299,53.08927],[11.84307,53.08931],[11.84315,53.08933],[11.84322,53.08936],[11.84352,53.08945],[11.84403,53.08959],[11.84447,53.0897],[11.84472,53.08977],[11.84486,53.08981],[11.84507,53.08987]]},"properties":{"sp":1,"o":"Perleberg (Prignitz) 463 m.","s":"B189","von":"2026-09-09","bis":"2026-10-30","t":"Sanierung Asphalt und Nebenanlagen \n\nVom 22.07.2026 bis 30.10.2026 kommt es zu Verkehrsraumeinschränkungen am Knotenpunkt AS Perleberg Nord mit wechselseitiger Verkehrsführung in beiden Fahrtrichtungen. Der Verkehr auf der B 189 wird mithilfe einer Ampel geregelt.\n\nVOLLSPERRUNG der Zu- und  Abfahrt von der B5 in Richtung Perleberg und Karstädt vom 22.07.2026 bis 30.10.2026\n\nUmleitung:\nB5 aus Richtung Karstädt  > Hamburger Chaussee > Perleberg > Putzlitzer Straße > Matthias-Hasse- Str. > B5 > B189 und in umgekehrter Richtung.\n\nUmleitung für LKW über 19,5 Tonnen:\nA14, AS Karstädt  > L131/K7037, Stavenow > L122 > L12, Perleberg > L10 > B189 und in umgekehrter Richtung.\n\nDie Verkehrsführung wird je nach Baufortschritt angepasst.\n\nBitte beachten Sie die örtliche Verkehrsführung und Beschilderung."}},{"type":"Feature","geometry":{"type":"LineString","coordinates":[[14.15725,52.52797],[14.15734,52.52805],[14.15761,52.52829],[14.15788,52.52852],[14.15801,52.52864],[14.15827,52.52887],[14.15854,52.52911],[14.15868,52.52922],[14.15881,52.52934],[14.15889,52.5294],[14.15901,52.52948],[14.15913,52.52956],[14.15927,52.52963],[14.15942,52.5297],[14.15952,52.52974],[14.15972,52.52982],[14.16012,52.52997],[14.16052,52.53013],[14.16092,52.53028],[14.16132,52.53044],[14.16171,52.53061],[14.16211,52.53076],[14.16251,52.53092],[14.16291,52.53108],[14.1631,52.53116],[14.16319,52.53121],[14.16327,52.53125],[14.16335,52.5313],[14.16343,52.53137],[14.16349,52.53142],[14.16354,52.53149],[14.16359,52.53155],[14.16364,52.53165],[14.16373,52.53182],[14.16376,52.53186],[14.16381,52.53195],[14.16387,52.53202],[14.16392,52.53208],[14.16394,52.53211],[14.164,52.53216],[14.16407,52.53223],[14.16427,52.53239],[14.16456,52.53261],[14.16473,52.53272],[14.16495,52.53284],[14.16528,52.533],[14.16565,52.53318],[14.16607,52.53338],[14.16612,52.5334],[14.16616,52.53343],[14.1662,52.53345],[14.16623,52.53348],[14.16627,52.53351],[14.1663,52.53354],[14.16632,52.53357],[14.16635,52.5336],[14.16637,52.53363],[14.16638,52.53366],[14.1664,52.53369],[14.16641,52.53373],[14.16642,52.53376],[14.16644,52.53387],[14.1665,52.53416],[14.16655,52.53447],[14.1666,52.53475],[14.16663,52.53489],[14.16665,52.53494],[14.16666,52.53497],[14.16667,52.535],[14.16668,52.53504],[14.1667,52.53509],[14.16672,52.53512],[14.16673,52.53515],[14.16675,52.53518],[14.16679,52.53524],[14.16684,52.53531],[14.16688,52.53537],[14.16711,52.53566],[14.16732,52.53592],[14.16752,52.53618],[14.16773,52.53646],[14.1679,52.53669],[14.1681,52.53697],[14.16831,52.53727],[14.16852,52.53761],[14.16862,52.53778],[14.1687,52.53791],[14.16879,52.53808],[14.16892,52.53832],[14.16893,52.53835],[14.16894,52.53839],[14.16895,52.53842],[14.16896,52.53845],[14.16897,52.5386],[14.16898,52.53878],[14.16899,52.53893],[14.169,52.53907],[14.16901,52.5391],[14.16902,52.53914],[14.16904,52.53919],[14.16908,52.53924],[14.16912,52.53928],[14.16917,52.53932],[14.1694,52.53949],[14.1697,52.53971],[14.16988,52.53985],[14.16992,52.53989],[14.16994,52.53991],[14.16995,52.53993]]},"properties":{"sp":0,"o":"Müncheberg (Märkisch-Oderland) 1658 m.","s":"L362","von":"2026-09-07","bis":"2026-10-19","t":"Erneuerung Mittelspannungsfreileitung /Verlegen Erdkabel\n\n> Vom 07.09.2026 bis 19.10.2026 besteht eine halbseitige Sperrung mit wechselseitiger Verkehrsführung. \n\n> Vom 19.10.2026 bis 30.10.2026\nVOLLSPERRUNG auf der L362, zwischen Müncheberg und Obersdorf.\n\nUmleitung:\nL362, Müncheberg > B1, Jahnsfelde > L36, über Trebnitz Richtung Kirschberg > L362 Richtung Obersdorf und in umgekehrter Richtung.\n\nDie Verkehrsführung wird je nach Baufortschritt angepasst.\n\nBitte beachten Sie die örtliche Beschilderung und Verkehrsführung."}},{"type":"Feature","geometry":{"type":"LineString","coordinates":[[13.75691,52.03231],[13.75549,52.03217],[13.7543,52.03205],[13.75326,52.03194],[13.7528,52.03189],[13.7526,52.03186],[13.74923,52.03129],[13.74586,52.03071],[13.74249,52.03014],[13.73912,52.02957],[13.73575,52.029],[13.73222,52.0284],[13.73207,52.02837],[13.73193,52.02835],[13.73185,52.02834],[13.7318,52.02833],[13.73162,52.02831],[13.73144,52.02828],[13.73125,52.02826]]},"properties":{"sp":1,"o":"Krausnick-Groß Wasserburg (Dahme-Spreewald) 1819 m.","s":"K6168","von":"2026-09-07","bis":"2026-09-11","t":"Instandsetzung der Straße K6168\n\n> Vom 07.09.2026 bis 11.09.2026 kommt es zur VOLLSPERRUNG auf der K6168, Tropical-Islands-Allee.\n\nUmleitung:\nL711, Brandstraße Richtung Prierow > B115, Richtung Freiwalde > L71, Krausnick und in umgekehrter Richtung.\n\nBitte der örtlichen Beschilderung folgen."}},{"type":"Feature","geometry":{"type":"LineString","coordinates":[[13.9712,53.05839],[13.97271,53.05782],[13.97306,53.05767],[13.97332,53.05756],[13.97357,53.05743],[13.9738,53.0573],[13.97402,53.05717],[13.97424,53.05702],[13.97444,53.05687],[13.97553,53.05598]]},"properties":{"sp":0,"o":"Angermünde (Uckermark) 400 m.","s":"B198","von":"2025-03-20","bis":"2026-12-31","t":"Ersatzneubau der Bahnbrücke\n\nAufgrund von Bauarbeiten an der Bahnbrücke auf der B198 zwischen Angermünde und Greiffenberg wird der Verkehr vom\nvom 20.03.2025 bis 31.12.2026 auf jeweils eine Richtungsfahrbahn umgeleitet.\n\nDie Verkehrsführung über eine Lichtsignalanlage.\n\nBitte beachten Sie die örtliche Verkehrsführung und Beschilderung."}},{"type":"Feature","geometry":{"type":"LineString","coordinates":[[13.58042,51.52549],[13.58033,51.52541],[13.58019,51.52529],[13.58005,51.52517],[13.57992,51.52506],[13.57978,51.52494],[13.57965,51.52482],[13.57951,51.5247],[13.57937,51.52459],[13.57924,51.52447],[13.57917,51.52441]]},"properties":{"sp":0,"o":"Gorden-Staupitz (Elbe-Elster) 148 m.","s":"L62","von":"2026-09-14","bis":"2026-09-25","t":"Deckensanierung\n\nIm angegebenen Zeitraum besteht eine halbseitige Sperrung mit wechselseitiger Verkehrsführung. Die Regelung erfolgt über eine Baustellenampel. \n\nBitte der örtlichen Beschilderung folgen."}},{"type":"Feature","geometry":{"type":"LineString","coordinates":[[12.75845,53.06427],[12.75843,53.064]]},"properties":{"sp":0,"o":"Rheinsberg (Ostprignitz-Ruppin) 30 m.","s":"L16","von":"2026-07-22","bis":"2026-10-02","t":"Sanierung Asphalt\n\n> 2. Bauabschnitt vom 22.07.2026 bis 02.10.2026: \nVOLLSPERRUNG auf der L16, ab Knotenpunkt L16/K6812 bis OE Wallitz.\n\nEs besteht außerdem eine halbseitige Sperrung mit wechselseitiger Verkehrsführung.\nDie Regelung erfolgt über eine Baustellenampel. \n\nUmleitung:\nL16, Kuhburgberg > L18, Temnitzquell  > L18, Herzsprung > L14, Wittstock > L15, Schweinrich > L15, Flecken Zechling > L15, Dorf Zechlin > L16, Wallitz und in umgekehrter Richtung.\n\nBitte der örtlichen Beschilderung folgen."}},{"type":"Feature","geometry":{"type":"LineString","coordinates":[[14.4053,51.56777],[14.40516,51.56776]]},"properties":{"sp":1,"o":"Spremberg (Spree-Neiße) 10 m.","s":"B156","von":"2026-09-22","bis":"2026-09-24","t":"Aus- und Einbau der Überwachungssignale\n\nVOLLSPERRUNG des Bahnüberganges auf der B156, Muskauer Straße\nvom 22.09.2026 bis 24.09.2026\n\nEine entsprechende Umleitung ist ausgewiesen.\n\nBitte der örtlichen Beschilderung folgen."}},{"type":"Feature","geometry":{"type":"LineString","coordinates":[[12.39227,52.963],[12.39225,52.96301],[12.3919,52.96316],[12.39154,52.96329],[12.39117,52.96342],[12.39079,52.96353],[12.3904,52.96363],[12.38988,52.96376],[12.38761,52.9643],[12.38534,52.96484],[12.38296,52.9654],[12.38269,52.96548],[12.38242,52.96557],[12.38216,52.96566],[12.3819,52.96576],[12.38165,52.96587],[12.38131,52.96603],[12.37919,52.96709],[12.37706,52.96814],[12.37493,52.9692],[12.37281,52.97026],[12.37061,52.97134],[12.37037,52.97145],[12.37013,52.97155],[12.36989,52.97166],[12.36965,52.97176],[12.36933,52.97188],[12.3667,52.97291],[12.36408,52.97393],[12.36145,52.97495],[12.35882,52.97597],[12.35613,52.97702],[12.35583,52.97715],[12.35555,52.97729],[12.35527,52.97743],[12.35501,52.97759],[12.35477,52.97775],[12.35454,52.97792],[12.35432,52.9781],[12.35406,52.97832],[12.35308,52.97916],[12.3521,52.98],[12.35105,52.9809],[12.35082,52.98109],[12.35061,52.98129],[12.3504,52.98149],[12.35021,52.9817],[12.35003,52.98191],[12.34987,52.98212],[12.34971,52.98234],[12.34957,52.98256],[12.34945,52.98279],[12.34934,52.98302],[12.34924,52.98325],[12.34915,52.98348],[12.34905,52.98377],[12.34863,52.98508],[12.3482,52.98639],[12.34775,52.98776],[12.34769,52.98795],[12.34763,52.98814],[12.34756,52.98833],[12.34749,52.98852],[12.3474,52.98878],[12.34725,52.9892],[12.34705,52.98971],[12.34695,52.98994],[12.34683,52.99018],[12.34669,52.99041],[12.34653,52.99063],[12.34634,52.99085],[12.34614,52.99106],[12.34592,52.99127],[12.34568,52.99146],[12.34543,52.99166],[12.34516,52.99184],[12.34487,52.99201],[12.34457,52.99217],[12.34418,52.99236],[12.34312,52.99284],[12.34198,52.99336],[12.34168,52.99351],[12.34139,52.99367],[12.34111,52.99384],[12.34085,52.99402],[12.3406,52.99421],[12.34037,52.9944],[12.34016,52.9946],[12.33996,52.99481],[12.33978,52.99502],[12.33963,52.99524],[12.33949,52.99547],[12.33937,52.99569],[12.33927,52.99593],[12.33915,52.99622],[12.33901,52.99656],[12.33885,52.99693],[12.33877,52.99714],[12.33868,52.99735],[12.33857,52.99756],[12.33846,52.99777],[12.33834,52.99798],[12.33818,52.99821],[12.3371,52.9997],[12.33603,53.00119],[12.33495,53.00268],[12.33383,53.00423],[12.33366,53.00443],[12.33348,53.00464],[12.33329,53.00483],[12.33309,53.00503],[12.33287,53.00522],[12.33265,53.0054],[12.33241,53.00558],[12.33209,53.00579],[12.3309,53.00658],[12.3297,53.00737],[12.32917,53.00774],[12.3285,53.00828],[12.3283,53.00847],[12.32808,53.00865],[12.32788,53.00884],[12.32768,53.00904],[12.32752,53.00924],[12.32738,53.00944],[12.32725,53.00966],[12.32715,53.00988],[12.32708,53.0101],[12.32701,53.01032],[12.32696,53.0106],[12.32689,53.01118],[12.3268,53.01181],[12.32676,53.01203],[12.3267,53.01224],[12.32662,53.01245],[12.32652,53.01266],[12.3264,53.01286],[12.32626,53.01306],[12.3261,53.01325],[12.32592,53.01344],[12.32573,53.01362],[12.32539,53.01388],[12.32402,53.01493],[12.32265,53.01598],[12.32121,53.01706],[12.32099,53.01722],[12.32076,53.01737],[12.32052,53.01752],[12.32027,53.01765],[12.31992,53.01782],[12.31929,53.01806],[12.31849,53.01836],[12.31821,53.01847],[12.31795,53.01859],[12.3177,53.01872],[12.31745,53.01884],[12.31705,53.01905],[12.31675,53.01922]]},"properties":{"sp":0,"o":"Gumtow (Prignitz) 8453 m.","s":"B103","von":"2026-04-14","bis":"2026-10-31","t":"Markierungsarbeiten\n\nIm angegebenen Zeitraum kommt es zu Einschränkungen des Verkehrsraumes mit wechselseitiger Verkehrsführung in beiden Fahrtrichtungen.\n\nBitte beachten Sie die örtliche Beschilderung und Verkehrsführung."}},{"type":"Feature","geometry":{"type":"LineString","coordinates":[[14.16713,51.67423],[14.1651,51.67551]]},"properties":{"sp":0,"o":"Drebkau (Spree-Neiße) 200 m.","s":"L52","von":"2026-09-28","bis":"2026-10-02","t":"Montage Schutzgerüst\n\nIm angegebenen Zeitraum besteht eine halbseitige Sperrung mit wechselseitiger Verkehrsführung. Die Regelung erfolgt über eine Baustellenampel. \n\nBitte der örtlichen Beschilderung folgen."}},{"type":"Feature","geometry":{"type":"LineString","coordinates":[[13.68294,52.60775],[13.68281,52.60797],[13.6822,52.60894],[13.68204,52.6092],[13.68189,52.60943]]},"properties":{"sp":1,"o":"Werneuchen (Barnim) 200 m.","s":"L30","von":"2026-09-11","bis":"2026-09-14","t":"Brückenabriss\n\n> Vom 11.09.2026 bis 14.09.2026 VOLLSPERRUNG auf der L30 für den Brückenabriss.\n\nBitte der örtlichen Beschilderung folgen."}},{"type":"Feature","geometry":{"type":"LineString","coordinates":[[14.36592,51.77769],[14.36603,51.77781],[14.36615,51.77794],[14.36627,51.77806],[14.36639,51.77819],[14.36651,51.77831],[14.36663,51.77844],[14.36677,51.77859],[14.3668,51.77862]]},"properties":{"sp":0,"o":"Cottbus (Cottbus) 120 m.","s":"B169","von":"2025-09-26","bis":"2027-12-21","t":"Grundhafter Ausbau in mehreren Bauphasen\n\nBauphase 2: \nAb 26.09.2025\nkommt es auf der B169 beim Kreisverkehr B169 Stadtring / Nordring zu einspuriger Verkehrsführung in beiden Fahrtrichtungen.\n\nAus Richtung Peitz kommend ist der Geh- und Radweg gesperrt. \nEs wird eine Umleitung eingerichtet.\n\nDann werden bis zum Abzweig \"Drewitzer Straße\" beide Richtungsfahrbahn auf eine Fahrbahn übergeleitet. \n\nZwischen dem Abzweig \"Am Großen Spreewehr\" und dem Bahnübergang werden beide Richtungsfahrbahnen auf eine Fahrbahn übergeleitet. \n\nHinweis: Die Zuwegung aus Merzdorf kommen zu \"Am Großen Spreewehr\" ist gewährleistet.\n\n________________________________\n\nVOLLSPERRUNG der \"Drewitzer Straße\" (Abzweig von der B169) ab 22.10.2025.\n\n\nDie Verkehrsführung wird je nach Baufortschritt angepasst\nBitte beachten Sie die örtliche Beschilderung und Verkehrsführung."}},{"type":"Feature","geometry":{"type":"LineString","coordinates":[[14.5972,51.78685],[14.5972,51.78685],[14.59719,51.78682],[14.59716,51.78661],[14.59716,51.78659]]},"properties":{"sp":0,"o":"Forst (Spree-Neiße) 30 m.","s":"B112","von":"2026-09-07","bis":"2026-09-11","t":"Glasfaserausbau\n\nIm angegebenen Zeitraum besteht eine halbseitige Sperrung mit wechselseitiger Verkehrsführung. \n\nBitte der örtlichen Beschilderung folgen."}},{"type":"Feature","geometry":{"type":"LineString","coordinates":[[14.47023,52.42056],[14.47037,52.42044],[14.47068,52.42018],[14.47109,52.41983],[14.47149,52.41952],[14.47178,52.41929],[14.47198,52.41913],[14.47238,52.41883],[14.4725,52.41874],[14.47281,52.41849],[14.4734,52.418],[14.47375,52.41772],[14.47378,52.4177]]},"properties":{"sp":0,"o":"Lebus (Märkisch-Oderland) 400 m.","s":"L383","von":"2026-09-10","bis":"2026-10-16","t":"Reinigung und Inspektion von Entwässerungs- und Sedimentationsanlagen\n\nIm angegebenen Zeitraum besteht eine halbseitige Sperrung mit wechselseitiger Verkehrsführung. \n\nBitte der örtlichen Beschilderung folgen."}},{"type":"Feature","geometry":{"type":"LineString","coordinates":[[13.49465,51.48279],[13.49512,51.48246],[13.49547,51.48219],[13.49568,51.48201],[13.49582,51.4819],[13.49595,51.48179],[13.49606,51.4817],[13.49617,51.4816],[13.49629,51.48148],[13.49644,51.48135],[13.49654,51.48124],[13.49665,51.48113],[13.49679,51.48095],[13.49687,51.48085],[13.49695,51.48074],[13.49705,51.4806],[13.49719,51.48042],[13.49727,51.48028],[13.49737,51.48014],[13.49751,51.47988],[13.49759,51.47974],[13.49768,51.47955],[13.49774,51.47941],[13.49782,51.4792],[13.49789,51.47902],[13.49795,51.47885],[13.49801,51.47865],[13.49805,51.47848],[13.49809,51.47827],[13.49813,51.47806],[13.49816,51.4779],[13.49817,51.47771],[13.49818,51.47755],[13.49819,51.47732],[13.49819,51.47714],[13.49818,51.47697],[13.49816,51.47674],[13.49814,51.47659],[13.49811,51.47641],[13.49809,51.47626],[13.49805,51.47609],[13.49802,51.47595],[13.49797,51.47579],[13.49792,51.47562],[13.49786,51.47545],[13.4978,51.4753],[13.49775,51.47516],[13.49767,51.47498],[13.49754,51.47472],[13.49739,51.47448],[13.49721,51.4742],[13.49708,51.47399],[13.49695,51.4738],[13.49684,51.47362],[13.49672,51.47342],[13.49664,51.47331],[13.49656,51.47318],[13.49649,51.47307],[13.49642,51.47295],[13.4963,51.47277],[13.49619,51.47259],[13.49609,51.47242]]},"properties":{"sp":1,"o":"Elsterwerda (Elbe-Elster) 1241 m.","s":"B101","von":"2026-09-07","bis":"2026-09-11","t":"Brückenprüfung\n\nVOLLSPERRUNG auf der B101, Elsterwerda, zwischen Berliner Straße und Haidaer Straße vom 07.09.2026 bis 11.09.2026\n\nEine entsprechende Umleitung ist ausgewiesen. \n\nBitte der örtlichen Beschilderung folgen."}},{"type":"Feature","geometry":{"type":"LineString","coordinates":[[13.64645,52.12016],[13.64641,52.12017]]},"properties":{"sp":0,"o":"Halbe (Dahme-Spreewald) 2 m.","s":"L74","von":"2026-09-03","bis":"2028-09-03","t":"Verkehrsbeschränkung\n\nDas Verbot ist auf den Durchgangsverkehr mit Nutzfahrzeugen, einschließlich ihrer Anhänger, mit einer zulässigen Gesamtmasse ab 7,5t beschränkt.\n\nBitte der örtlichen Beschilderung folgen."}},{"type":"Feature","geometry":{"type":"LineString","coordinates":[[14.23873,51.66781],[14.23916,51.66765],[14.23922,51.66763],[14.23935,51.66758],[14.23948,51.66753],[14.23993,51.66737],[14.23998,51.66736]]},"properties":{"sp":1,"o":"Drebkau (Spree-Neiße) 100 m.","s":"K7125","von":"2026-08-26","bis":"2026-09-30","t":"Deckenerneuerung und Rinnensanierung\n\nVOLLSPERRUNG des Bahnüberganges auf der K7125, Laubst\nvom 26.08.2026 bis 30.09.2026\n\nUmleitung:\nK7125, Siewisch  > K7126, Koschendorf  > K7125, Leuthen > B169 und in umgekehrter Richtung.\n\nBitte der örtlichen Beschilderung folgen."}},{"type":"Feature","geometry":{"type":"LineString","coordinates":[[13.60253,52.29526],[13.60265,52.29488],[13.60276,52.29453],[13.60281,52.2943],[13.60324,52.29272],[13.60348,52.29171],[13.60377,52.29033],[13.60389,52.28967],[13.60397,52.28919],[13.6041,52.2883],[13.60419,52.28768],[13.60424,52.28717],[13.60431,52.28654],[13.60436,52.28593],[13.60443,52.28491],[13.60446,52.2846],[13.6045,52.28432],[13.60456,52.28402],[13.60466,52.2837],[13.6048,52.2834],[13.60498,52.28311],[13.60518,52.28282],[13.60532,52.28264],[13.60547,52.28248],[13.60568,52.28227],[13.60595,52.28204],[13.60622,52.28184],[13.60651,52.28165],[13.60685,52.28145]]},"properties":{"sp":1,"o":"Königs Wusterhausen (Dahme-Spreewald) 1592 m.","s":"B179","von":"2026-08-24","bis":"2026-10-30","t":"Deckenerneuerung\nin mehreren Bauabschnitten\n\nGesamtzeitraum der Baumaßnahme: 15.06.2026 bis 30.10.2026\n\n4. Bauabschnitt: vom 24.08.2026 bis 30.10.2026\n> VOLLSPERRUNG der B179, ab Knotenpunkt L40/179 bis zur Brücke Abzweig Forsthaus/Kreisverkehr L30/B179.\n\nEntsprechende Umleitungen über die A10 und A13 für beide Fahrtrichtungen sind ausgewiesen.\n\nDie Verkehrsführung wird je nach Baufortschritt angepasst.\n\nBitte beachten Sie die örtliche Beschilderung und Verkehrsführung."}},{"type":"Feature","geometry":{"type":"LineString","coordinates":[[13.63843,52.89209],[13.63845,52.89207],[13.63853,52.89195],[13.63858,52.89182],[13.6386,52.89171],[13.63859,52.8916],[13.63855,52.89146],[13.63851,52.89138],[13.63847,52.8913],[13.63844,52.89122]]},"properties":{"sp":0,"o":"Schorfheide (Barnim) 100 m.","s":"L220","von":"2022-08-15","bis":"2028-12-31","t":"Tragfähigkeitsverbesserung\n\nIm angegebenen Zeitraum kommt es zu Einschränkungen des Verkehrsraumes mit wechselseitiger Verkehrsführung in beiden Fahrtrichtungen.\nDer Verkehr wird mithilfe einer Ampel geregelt.\n\nBitte beachten Sie die örtliche Verkehrsführung und Beschilderung."}},{"type":"Feature","geometry":{"type":"LineString","coordinates":[[12.75843,53.064],[12.7585,53.06401],[12.75894,53.06415]]},"properties":{"sp":0,"o":"Rheinsberg (Ostprignitz-Ruppin) 37 m.","s":"K6812","von":"2026-07-22","bis":"2026-10-02","t":"Sanierung Asphalt\n\n> 2. Bauabschnitt vom 22.07.2026 bis 02.10.2026: \nVOLLSPERRUNG auf der L16, ab Knotenpunkt L16/K6812 bis OE Wallitz.\n\nEs besteht außerdem eine halbseitige Sperrung mit wechselseitiger Verkehrsführung.\nDie Regelung erfolgt über eine Baustellenampel. \n\nUmleitung:\nL16, Kuhburgberg > L18, Temnitzquell  > L18, Herzsprung > L14, Wittstock > L15, Schweinrich > L15, Flecken Zechling > L15, Dorf Zechlin > L16, Wallitz und in umgekehrter Richtung.\n\nBitte der örtlichen Beschilderung folgen."}},{"type":"Feature","geometry":{"type":"LineString","coordinates":[[13.04629,52.45039],[13.04622,52.44992],[13.04616,52.44948],[13.04613,52.44927],[13.04611,52.44911],[13.0461,52.44894],[13.04608,52.44877],[13.04608,52.44861],[13.04607,52.44751],[13.04606,52.44646],[13.04605,52.44574]]},"properties":{"sp":0,"o":"Potsdam (Potsdam) 519 m.","s":"B2","von":"2026-08-31","bis":"2026-09-11","t":"Schadstellensanierung\n\nIm angegebenen Zeitraum besteht eine halbseitige Sperrung mit wechselseitiger Verkehrsführung. Die Regelung erfolgt über eine Baustellenampel. \n\nBitte der örtlichen Beschilderung folgen."}},{"type":"Feature","geometry":{"type":"LineString","coordinates":[[14.16995,52.53993],[14.16994,52.53991],[14.16992,52.53989],[14.16988,52.53985],[14.1697,52.53971],[14.1694,52.53949],[14.16917,52.53932],[14.16912,52.53928],[14.16908,52.53924],[14.16904,52.53919],[14.16902,52.53914],[14.16901,52.5391],[14.169,52.53907],[14.16899,52.53893],[14.16898,52.53878],[14.16897,52.5386],[14.16896,52.53845],[14.16895,52.53842],[14.16894,52.53839],[14.16893,52.53835],[14.16892,52.53832],[14.16879,52.53808],[14.1687,52.53791],[14.16862,52.53778],[14.16852,52.53761],[14.16831,52.53727],[14.1681,52.53697],[14.1679,52.53669],[14.16773,52.53646],[14.16752,52.53618],[14.16732,52.53592],[14.16711,52.53566],[14.16688,52.53537],[14.16684,52.53531],[14.16679,52.53524],[14.16675,52.53518],[14.16673,52.53515],[14.16672,52.53512],[14.1667,52.53509],[14.16668,52.53504],[14.16667,52.535],[14.16666,52.53497],[14.16665,52.53494],[14.16663,52.53489],[14.1666,52.53475],[14.16655,52.53447],[14.1665,52.53416],[14.16644,52.53387],[14.16642,52.53376],[14.16641,52.53373],[14.1664,52.53369],[14.16638,52.53366],[14.16637,52.53363],[14.16635,52.5336],[14.16632,52.53357],[14.1663,52.53354],[14.16627,52.53351],[14.16623,52.53348],[14.1662,52.53345],[14.16616,52.53343],[14.16612,52.5334],[14.16607,52.53338],[14.16565,52.53318],[14.16528,52.533],[14.16495,52.53284],[14.16473,52.53272],[14.16456,52.53261],[14.16427,52.53239],[14.16407,52.53223],[14.164,52.53216],[14.16394,52.53211],[14.16392,52.53208],[14.16387,52.53202],[14.16381,52.53195],[14.16376,52.53186],[14.16373,52.53182],[14.16364,52.53165],[14.16359,52.53155],[14.16354,52.53149],[14.16349,52.53142],[14.16343,52.53137],[14.16335,52.5313],[14.16327,52.53125],[14.16319,52.53121],[14.1631,52.53116],[14.16291,52.53108],[14.16251,52.53092],[14.16211,52.53076],[14.16171,52.53061],[14.16132,52.53044],[14.16092,52.53028],[14.16052,52.53013],[14.16012,52.52997],[14.15972,52.52982],[14.15952,52.52974],[14.15942,52.5297],[14.15927,52.52963],[14.15913,52.52956],[14.15901,52.52948],[14.15889,52.5294],[14.15881,52.52934],[14.15868,52.52922],[14.15854,52.52911],[14.15827,52.52887],[14.15801,52.52864],[14.15788,52.52852],[14.15761,52.52829],[14.15734,52.52805],[14.15725,52.52797]]},"properties":{"sp":1,"o":"Müncheberg (Märkisch-Oderland) 1658 m.","s":"L362","von":"2026-10-19","bis":"2026-10-30","t":"Erneuerung Mittelspannungsfreileitung /Verlegen Erdkabel\n\n> Vom 07.09.2026 bis 19.10.2026 besteht eine halbseitige Sperrung mit wechselseitiger Verkehrsführung. \n\n> Vom 19.10.2026 bis 30.10.2026\nVOLLSPERRUNG auf der L362, zwischen Müncheberg und Obersdorf.\n\nUmleitung:\nL362, Müncheberg > B1, Jahnsfelde > L36, über Trebnitz Richtung Kirschberg > L362 Richtung Obersdorf und in umgekehrter Richtung.\n\nDie Verkehrsführung wird je nach Baufortschritt angepasst.\n\nBitte beachten Sie die örtliche Beschilderung und Verkehrsführung."}},{"type":"Feature","geometry":{"type":"LineString","coordinates":[[14.6,51.80137],[14.60002,51.80141],[14.60041,51.80276],[14.6005,51.80306],[14.60053,51.80315],[14.60056,51.80322],[14.6007,51.8034],[14.60149,51.80419],[14.60158,51.80431],[14.60161,51.80435],[14.60162,51.8044],[14.60162,51.80449],[14.60157,51.80459],[14.6015,51.80467],[14.60142,51.80473],[14.60131,51.8048],[14.60098,51.80501],[14.6008,51.80517],[14.60064,51.80534],[14.60047,51.80561],[14.6004,51.80573],[14.60034,51.80589],[14.60024,51.80616],[14.60018,51.80633],[14.60017,51.80639]]},"properties":{"sp":0,"o":"Forst (Spree-Neiße) 610 m.","s":"B112","von":"2026-06-22","bis":"2026-09-30","t":"Glasfaserausbau\n\nIm angegebenen Zeitraum besteht eine halbseitige Sperrung mit wechselseitiger Verkehrsführung. \n\nBitte der örtlichen Beschilderung folgen."}},{"type":"Feature","geometry":{"type":"LineString","coordinates":[[11.84539,53.08998],[11.84527,53.08995],[11.84504,53.0899],[11.84482,53.08984],[11.84459,53.08978],[11.84437,53.08973],[11.84414,53.08967],[11.84392,53.08961],[11.8437,53.08955],[11.84348,53.08949],[11.84326,53.08943],[11.84304,53.08936],[11.84283,53.0893],[11.84261,53.08923],[11.8424,53.08916],[11.84219,53.08909],[11.84198,53.08902],[11.84177,53.08895],[11.84156,53.08888],[11.84135,53.0888],[11.84115,53.08873],[11.84094,53.08865],[11.84074,53.08858],[11.84053,53.0885],[11.84033,53.08842],[11.84012,53.08834],[11.83992,53.08826],[11.83973,53.08818],[11.83953,53.0881],[11.83948,53.08807]]},"properties":{"sp":0,"o":"Perleberg (Prignitz) 450 m.","s":"B189","von":"2026-07-22","bis":"2026-10-30","t":"Sanierung Asphalt und Nebenanlagen \n\nVom 22.07.2026 bis 30.10.2026 kommt es zu Verkehrsraumeinschränkungen am Knotenpunkt AS Perleberg Nord mit wechselseitiger Verkehrsführung in beiden Fahrtrichtungen. Der Verkehr auf der B 189 wird mithilfe einer Ampel geregelt.\n\nVOLLSPERRUNG der Zu- und  Abfahrt von der B5 in Richtung Perleberg und Karstädt vom 22.07.2026 bis 30.10.2026\n\nUmleitung:\nB5 aus Richtung Karstädt  > Hamburger Chaussee > Perleberg > Putzlitzer Straße > Matthias-Hasse- Str. > B5 > B189 und in umgekehrter Richtung.\n\nUmleitung für LKW über 19,5 Tonnen:\nA14, AS Karstädt  > L131/K7037, Stavenow > L122 > L12, Perleberg > L10 > B189 und in umgekehrter Richtung.\n\nDie Verkehrsführung wird je nach Baufortschritt angepasst.\n\nBitte beachten Sie die örtliche Verkehrsführung und Beschilderung."}},{"type":"Feature","geometry":{"type":"LineString","coordinates":[[14.45754,52.1347],[14.45639,52.13411],[14.45576,52.13379],[14.45507,52.13344]]},"properties":{"sp":0,"o":"Grunow-Dammendorf (Oder-Spree) 220 m.","s":"B246","von":"2026-08-24","bis":"2026-09-30","t":"Instandsetzungsarbeiten (Fräßflickungen)\n\nIm angegebenen Zeitraum besteht auf der B246, Höhe Bremsdorfer Mühle, eine halbseitige Sperrung mit wechselseitiger Verkehrsführung. \nDie Regelung erfolgt über eine Baustellenampel. \n\nDer Radweg auf der B246, zwischen Dammendorf und Grunow, ist im angegebenen Zeitraum gesperrt.\n\nBitte der örtlichen Beschilderung folgen."}},{"type":"Feature","geometry":{"type":"LineString","coordinates":[[14.35728,52.08689],[14.35717,52.08687],[14.35615,52.08677]]},"properties":{"sp":1,"o":"Friedland (Oder-Spree) 76 m.","s":"L43","von":"2026-03-09","bis":"2026-09-30","t":"Deckenerneuerung in 6 Verkehrssicherungsabschnitten \n\nVOLLSPERRUNG auf der L43, Dorfstraße ab Weichensdorf bis zum Knotenpunkt B168/L43.\nvom 09.03.2026 bis 30.09.2026.\n\nUmleitung:\nB168, Friedland  > Beeskow  > B246, Krügersdorf > Schneeberg > Grunow > L435, Oelsen, Groß Briesen > Klein Briesen > Weichensdorf und in umgekehrter Richtung.\n\nDer Umleitungsverkehr wird in Weichensdorf mit Hilfe einer Ampel geregelt.\n\nIm Zuge der Bauarbeiten innerhalb der Strecke kommt es zu Einschränkungen des Verkehrsraumes mit wechselseitiger Verkehrsführung in beiden Fahrtrichtungen.\n\nBitte beachten Sie die örtliche Verkehrsführung und Beschilderung."}},{"type":"Feature","geometry":{"type":"LineString","coordinates":[[14.4701,51.89854],[14.47002,51.89856],[14.46983,51.89859]]},"properties":{"sp":1,"o":"Tauer (Spree-Neiße) 20 m.","s":"L502","von":"2026-06-11","bis":"2026-11-30","t":"Erneuerung der Straße, Neuverlegung Trinkwasser\n\nVOLLSPERRUNG der Jänschwalder Straße\nvom 11.06.2026 bis 30.11.2026.\n\nBitte der örtlichen Beschilderung folgen."}},{"type":"Feature","geometry":{"type":"LineString","coordinates":[[13.52285,51.44963],[13.52295,51.44962],[13.52315,51.44962],[13.52358,51.44962],[13.52373,51.44963],[13.524,51.44964],[13.5242,51.44964],[13.52488,51.4497],[13.52535,51.44975],[13.52584,51.44984],[13.52671,51.45005],[13.52751,51.45024],[13.52796,51.45035],[13.5281,51.45041],[13.52822,51.45047],[13.52827,51.45054],[13.52834,51.45063]]},"properties":{"sp":1,"o":"Elsterwerda (Elbe-Elster) 409 m.","s":"B101","von":"2025-09-10","bis":"2026-10-31","t":"Ertüchtigung der Umleitungsstrecke\n\n2. Bauabschnitt:\n> VOLLSPERRUNG vom 10.09.2025 bs 31.10.2026\n- der B101, Dresdner Straße\n- der K6204, Merzdorfer Straße vom Knotenpunkt B101/K6204 bis Abzweig Krauschützer Mittelweg\n\nUmleitung:\nB101, Alte Elsterwerdaer Straße > B169, Prösen > L59, Röderland bis Reichenhain > L593, Prieschka > L593, Richtung Dobra > B101, Elsterwerda > B101, Krauschütz und in umgekehrter Richtung.\n\noder Umleitung:\nB101, Alte Elsterwerdaer Straße > B169, Prösen > B101, Wainsdorf > L59, Merzdorf > L59, Gröden > L59, Hirschfeld > L591 über Plessa-Süd nach Plessa >  B169 über Kahla nach Elsterwerda und in umgekehrter Richtung.\n\nDie Umleitung für die Sperrung der K6204 wird über die kommunalen Straßen Krauschützer Mittelweg und Eichenweg geführt.\n\nEs besteht zudem eine halbseitige Sperrung mit wechselseitiger Verkehrsführung. Die Regelung erfolgt über eine Baustellenampel"}},{"type":"Feature","geometry":{"type":"LineString","coordinates":[[14.03473,52.78389],[14.03504,52.78394],[14.03557,52.78403],[14.03606,52.78411],[14.0365,52.78419],[14.03692,52.78426],[14.03728,52.78435],[14.03766,52.78445],[14.03801,52.78456],[14.03836,52.78468],[14.0387,52.78481],[14.03906,52.78496],[14.03934,52.78509],[14.03971,52.78528],[14.03984,52.78536]]},"properties":{"sp":1,"o":"Bad Freienwalde (Märkisch-Oderland) 386 m.","s":"B158","von":"2025-02-01","bis":"2027-12-20","t":"Überregionale Verkehrsführung\nUmbau der Verkehrsanlage im Kreuzungsbereich B158\n\nVOLLSPERRUNG auf der B158, Schiffmühler Straße\nvom 01.02.2025 bis 20.12.2027\n\nUmleitung:\nB167, Hohenfinow  > Falkenberg  > Bad Freienwalde > B167 OU Bad Freienwalde, Richtung Wriezen > L341, Schulzendorf >L41, Haselberg >  L35, Platzfelde über Dannenberg > Cöthen > L35 Höhenfinow > B167, Falkenberg > B167, Bad Freienwalde und in umgekehrter Richtung.\n\nDie Verkehrsführung wird je nach Baufortschritt angepasst.\n\nBitte beachten Sie die örtliche Verkehrsführung und Beschilderung."}},{"type":"Feature","geometry":{"type":"LineString","coordinates":[[13.52474,51.45541],[13.52487,51.4553],[13.525,51.45517],[13.5251,51.45511],[13.52519,51.45508],[13.52528,51.45505],[13.52538,51.45503],[13.52562,51.45498],[13.52585,51.45494],[13.52615,51.45488],[13.52637,51.45484],[13.52647,51.45482],[13.52664,51.45478],[13.52683,51.45476],[13.52724,51.45474],[13.5275,51.45473],[13.52765,51.45472],[13.52782,51.45469],[13.52795,51.45464],[13.52809,51.45453],[13.52815,51.45437],[13.52817,51.45422],[13.52816,51.45412],[13.52815,51.45398],[13.52814,51.45363],[13.52816,51.45324],[13.52816,51.45288],[13.52815,51.45232],[13.52818,51.45181],[13.52831,51.45104],[13.52836,51.45075],[13.52836,51.45069],[13.52836,51.45066],[13.52834,51.45063]]},"properties":{"sp":0,"o":"Elsterwerda (Elbe-Elster) 700 m.","s":"B101","von":"2026-06-15","bis":"2026-10-31","t":"Ertüchtigung der Umleitungsstrecke\n\n2. Bauabschnitt:\n> VOLLSPERRUNG vom 10.09.2025 bs 31.10.2026\n- der B101, Dresdner Straße\n- der K6204, Merzdorfer Straße vom Knotenpunkt B101/K6204 bis Abzweig Krauschützer Mittelweg\n\nUmleitung:\nB101, Alte Elsterwerdaer Straße > B169, Prösen > L59, Röderland bis Reichenhain > L593, Prieschka > L593, Richtung Dobra > B101, Elsterwerda > B101, Krauschütz und in umgekehrter Richtung.\n\noder Umleitung:\nB101, Alte Elsterwerdaer Straße > B169, Prösen > B101, Wainsdorf > L59, Merzdorf > L59, Gröden > L59, Hirschfeld > L591 über Plessa-Süd nach Plessa >  B169 über Kahla nach Elsterwerda und in umgekehrter Richtung.\n\nDie Umleitung für die Sperrung der K6204 wird über die kommunalen Straßen Krauschützer Mittelweg und Eichenweg geführt.\n\nEs besteht zudem eine halbseitige Sperrung mit wechselseitiger Verkehrsführung. Die Regelung erfolgt über eine Baustellenampel"}},{"type":"Feature","geometry":{"type":"LineString","coordinates":[[12.75894,53.06415],[12.7585,53.06401],[12.75843,53.064]]},"properties":{"sp":0,"o":"Rheinsberg (Ostprignitz-Ruppin) 37 m.","s":"K6812","von":"2026-07-22","bis":"2026-10-02","t":"Sanierung Asphalt\n\n> 2. Bauabschnitt vom 22.07.2026 bis 02.10.2026: \nVOLLSPERRUNG auf der L16, ab Knotenpunkt L16/K6812 bis OE Wallitz.\n\nEs besteht außerdem eine halbseitige Sperrung mit wechselseitiger Verkehrsführung.\nDie Regelung erfolgt über eine Baustellenampel. \n\nUmleitung:\nL16, Kuhburgberg > L18, Temnitzquell  > L18, Herzsprung > L14, Wittstock > L15, Schweinrich > L15, Flecken Zechling > L15, Dorf Zechlin > L16, Wallitz und in umgekehrter Richtung.\n\nBitte der örtlichen Beschilderung folgen."}},{"type":"Feature","geometry":{"type":"LineString","coordinates":[[12.04731,53.30065],[12.04734,53.30056]]},"properties":{"sp":0,"o":"Putlitz (Prignitz) 10 m.","s":"K7024","von":"2026-09-13","bis":"2026-10-16","t":"Sanierung Durchlass\n\n> Vom 21.09.2026 bis 05.10.2026 \nbesteht eine halbseitige Sperrung mit wechselseitiger Verkehrsführung. Die Regelung erfolgt über eine Baustellenampel. \n\n> Vom 05.10.2026 bis 12.10.2026\nVOLLSPERRUNG auf der K7024, Höhe Duhlenzer Berg\n\nUmleitung: \nK7024, Nettelbeck > L13, Telschow-Weitgendorf  > K7021, Frehne  > L14, Krempendorf  > K7024, Jännersdorf > K7024, Porep und in umgekehrter Richtung.\n\n> Vom 13.10.2026 bis 16.10.2026 \nbesteht eine halbseitige Sperrung mit wechselseitiger Verkehrsführung. Die Regelung erfolgt über eine Baustellenampel. \n\nDie Verkehrsführung wird je nach Baufortschritt angepasst.\n\nBitte der örtlichen Beschilderung folgen."}},{"type":"Feature","geometry":{"type":"LineString","coordinates":[[14.11175,51.91331],[14.11186,51.91329],[14.11216,51.91324],[14.1123,51.91322],[14.1124,51.9132],[14.1125,51.91319],[14.11264,51.91318],[14.1129,51.91316],[14.11339,51.91313],[14.11365,51.91312],[14.11391,51.9131],[14.11411,51.91308],[14.11429,51.91306],[14.11444,51.91304],[14.1146,51.91301],[14.11475,51.91298],[14.11484,51.91296],[14.11499,51.91292],[14.11513,51.91288],[14.11538,51.9128],[14.1157,51.91269],[14.11665,51.91238],[14.11675,51.91234],[14.117,51.91225],[14.11737,51.91213],[14.11796,51.91194]]},"properties":{"sp":1,"o":"Neu Zauche (Dahme-Spreewald) 460 m.","s":"L44","von":"2026-07-13","bis":"2026-10-15","t":"Neubau der Regenentwässerung\n\nGesamtzeitraum der Maßnahme: 08.07.2026 bis 15.10.2026.\n\n> Vom 13.07.2026 bis 15.10.2026, Kanalerneuerung\nVOLLSPERRUNG auf der L44, Lübbener Straße.\n\nUmleitung:\nL44, Burglehn > L444, Briesensee Richtung Groß Leine > B320, Goyatz > B320, Lamsfeld > L44, Straupitz und in umgekehrter Richtung.\n\nBitte der örtlichen Beschilderung folgen."}},{"type":"Feature","geometry":{"type":"LineString","coordinates":[[13.29455,51.46859],[13.29463,51.46863],[13.2948,51.46869],[13.29536,51.46886],[13.29607,51.46908],[13.29628,51.46914]]},"properties":{"sp":0,"o":"Bad Liebenwerda (Elbe-Elster) 135 m.","s":"L66","von":"2026-09-14","bis":"2026-09-25","t":"Deckenerneuerung\n\nIm angegebenen Zeitraum besteht eine halbseitige Sperrung mit wechselseitiger Verkehrsführung. Die Regelung erfolgt über eine Baustellenampel. \n\nBitte der örtlichen Beschilderung folgen."}},{"type":"Feature","geometry":{"type":"LineString","coordinates":[[12.22851,53.28993],[12.22851,53.28993],[12.22919,53.2918],[12.22986,53.29368],[12.23054,53.29556],[12.23122,53.29744],[12.23189,53.29931],[12.23259,53.30124],[12.23268,53.30142],[12.23279,53.3016],[12.23292,53.30178],[12.2331,53.302],[12.2339,53.30297],[12.2347,53.30394],[12.23552,53.30494],[12.23559,53.30502],[12.23566,53.3051],[12.23574,53.30519],[12.23581,53.30528]]},"properties":{"sp":0,"o":"Meyenburg (Prignitz) 1787 m.","s":"B103","von":"2025-06-10","bis":"2026-12-18","t":"Straßenbau \n\nBis zum 18.12.2026 besteht eine halbseitige Sperrung mit wechselseitiger Verkehrsführung. \n\nDie Zufahrt zur K7020 von der B103 ist bis zum 14.08.2026 vollgesperrt.\n\nDie Verkehrsführung wird je nach Baufortschritt angepasst.\n\nBitte beachten Sie die örtliche Beschilderung und Verkehrsführung."}},{"type":"Feature","geometry":{"type":"LineString","coordinates":[[13.52834,51.45063],[13.52836,51.45066],[13.52836,51.45069],[13.52836,51.45075],[13.52831,51.45104],[13.52818,51.45181],[13.52815,51.45232],[13.52816,51.45288],[13.52816,51.45324],[13.52814,51.45363],[13.52815,51.45398],[13.52816,51.45412],[13.52817,51.45422],[13.52815,51.45437],[13.52809,51.45453],[13.52795,51.45464],[13.52782,51.45469],[13.52765,51.45472],[13.5275,51.45473],[13.52724,51.45474],[13.52683,51.45476],[13.52664,51.45478],[13.52647,51.45482],[13.52637,51.45484],[13.52615,51.45488],[13.52585,51.45494],[13.52562,51.45498],[13.52538,51.45503],[13.52528,51.45505],[13.52519,51.45508],[13.5251,51.45511],[13.525,51.45517],[13.52487,51.4553],[13.52474,51.45541]]},"properties":{"sp":0,"o":"Elsterwerda (Elbe-Elster) 700 m.","s":"B101","von":"2026-06-15","bis":"2026-10-31","t":"Ertüchtigung der Umleitungsstrecke\n\n2. Bauabschnitt:\n> VOLLSPERRUNG vom 10.09.2025 bs 31.10.2026\n- der B101, Dresdner Straße\n- der K6204, Merzdorfer Straße vom Knotenpunkt B101/K6204 bis Abzweig Krauschützer Mittelweg\n\nUmleitung:\nB101, Alte Elsterwerdaer Straße > B169, Prösen > L59, Röderland bis Reichenhain > L593, Prieschka > L593, Richtung Dobra > B101, Elsterwerda > B101, Krauschütz und in umgekehrter Richtung.\n\noder Umleitung:\nB101, Alte Elsterwerdaer Straße > B169, Prösen > B101, Wainsdorf > L59, Merzdorf > L59, Gröden > L59, Hirschfeld > L591 über Plessa-Süd nach Plessa >  B169 über Kahla nach Elsterwerda und in umgekehrter Richtung.\n\nDie Umleitung für die Sperrung der K6204 wird über die kommunalen Straßen Krauschützer Mittelweg und Eichenweg geführt.\n\nEs besteht zudem eine halbseitige Sperrung mit wechselseitiger Verkehrsführung. Die Regelung erfolgt über eine Baustellenampel"}},{"type":"Feature","geometry":{"type":"LineString","coordinates":[[13.7316,52.02831],[13.73153,52.0283]]},"properties":{"sp":0,"o":"Krausnick-Groß Wasserburg (Dahme-Spreewald) 5 m.","s":"K6168","von":"2026-09-03","bis":"2028-09-03","t":"Verkehrsbeschränkung\n\nDas Verbot ist auf den Durchgangsverkehr mit Nutzfahrzeugen, einschließlich ihrer Anhänger, mit einer zulässigen Gesamtmasse ab 7,5t beschränkt.\n\nBitte der örtlichen Beschilderung folgen."}},{"type":"Feature","geometry":{"type":"LineString","coordinates":[[14.41324,52.23062],[14.41324,52.23133],[14.41322,52.2321],[14.41319,52.23291],[14.41317,52.23363],[14.41312,52.23499],[14.41309,52.23522],[14.41305,52.23533],[14.41294,52.23555],[14.41252,52.23634],[14.41222,52.2369],[14.41212,52.23711],[14.4121,52.23717]]},"properties":{"sp":1,"o":"Müllrose (Oder-Spree) 739 m.","s":"L435","von":"2026-08-31","bis":"2026-09-18","t":"Deckensanierung mittels Dünnschichtbelag im Kalteinbau \n\nVOLLSPERRUNG auf der L435, Müllrose vom 31.08.2026 bis 18.09.2026\n\nUmleitung:\nL435, Mixdorf> L435, Grunow > B246, Schneeberg> B246, Beeskow > B168, Oegeln> B87, OU Müllrose > L435, Müllrose und in umgekehrter Richtung (U3 und umgekehrt U41).\n\nBitte beachten Sie die örtliche Verkehrsführung und Beschilderung."}},{"type":"Feature","geometry":{"type":"LineString","coordinates":[[13.09615,52.16367],[13.09614,52.16367],[13.09607,52.16368]]},"properties":{"sp":0,"o":"Nuthe-Urstromtal (Teltow-Fläming) 5 m.","s":"L73","von":"2026-09-09","bis":"2026-09-25","t":"Bauarbeiten vor Einfamilienhaus\n\nIm angegebenen Zeitraum besteht eine halbseitige Sperrung mit wechselseitiger Verkehrsführung. \n\nBitte der örtlichen Beschilderung folgen."}},{"type":"Feature","geometry":{"type":"LineString","coordinates":[[13.97088,52.26437],[13.97431,52.26443],[13.97789,52.26447],[13.98143,52.26452],[13.98504,52.26459],[13.98875,52.26465],[13.99169,52.2647],[13.99247,52.2647]]},"properties":{"sp":1,"o":"Storkow (Oder-Spree) 1475 m.","s":"L412","von":"2026-07-10","bis":"2026-09-23","t":"Deckenerneuerung in mehreren Bauabschnitten\n\n1. Bauabschnitt\nVOLLSPERRUNG vom 01.06.2026 bis 27.07.2026\nauf der L412, ab Storkow bis OA Storkow, Reichenwalder Straße.\n\n2. Bauabschnitt\nVOLLSPERRUNG vom 10.07.2026 bis 23.09.2026\nauf der L412, ab OA Storkow bis in die Ortslage Reichenwalde.\n\nUmleitung:\nL23 , Storkow> B 246  > Wendisch Rietz/ Glienecke > L35 > Bad Saarow > Knotenpunkt > L 412 Reichenwalde und in umgekehrter Richtung.\n\nBitte beachten Sie die örtliche Verkehrsführung und Beschilderung."}},{"type":"Feature","geometry":{"type":"LineString","coordinates":[[13.70854,52.90713],[13.70854,52.90716],[13.70776,52.90915],[13.70772,52.90929],[13.70771,52.90938],[13.70772,52.90952],[13.7078,52.90984],[13.70784,52.91001],[13.70785,52.91006],[13.70784,52.91019],[13.70779,52.91036],[13.70773,52.91049],[13.70769,52.91058],[13.70763,52.91066],[13.70756,52.91074],[13.70744,52.91084],[13.70691,52.91122],[13.70682,52.9113],[13.70674,52.91138],[13.70668,52.91147],[13.70663,52.91155],[13.70642,52.91194],[13.7064,52.91199],[13.70639,52.91204],[13.70641,52.91209],[13.70645,52.91214],[13.70653,52.91218],[13.7066,52.91219],[13.70675,52.91222],[13.7069,52.91224],[13.70728,52.91226],[13.70772,52.91229],[13.70788,52.91229],[13.70803,52.91228],[13.70855,52.91223],[13.70877,52.91221],[13.70906,52.91217],[13.70943,52.91213],[13.71017,52.91208],[13.71069,52.91206],[13.71128,52.91202],[13.71143,52.91201],[13.71156,52.91202],[13.7117,52.91204],[13.71219,52.91215],[13.71247,52.91222],[13.71274,52.91229],[13.7138,52.91262],[13.71421,52.91274],[13.71442,52.91279],[13.71506,52.91291],[13.71527,52.91296],[13.71602,52.91316],[13.71615,52.91321],[13.71638,52.91331],[13.71678,52.91351],[13.71963,52.91504],[13.72047,52.91549],[13.72079,52.91568],[13.72104,52.91585],[13.72122,52.91599],[13.72209,52.91678],[13.72222,52.91689],[13.72232,52.91696],[13.72244,52.91703],[13.72267,52.91714],[13.72664,52.91893],[13.72701,52.91909],[13.7272,52.91916],[13.7289,52.91974],[13.72907,52.91982],[13.72918,52.91988],[13.72927,52.91995],[13.72935,52.92002],[13.72942,52.9201],[13.72948,52.92018],[13.72961,52.92039],[13.73181,52.9241],[13.73339,52.92678],[13.73362,52.9272],[13.7337,52.92738],[13.73375,52.92755],[13.73377,52.92769],[13.7338,52.92796],[13.7339,52.92945],[13.73393,52.93013],[13.73392,52.93067],[13.73376,52.93312],[13.73376,52.93331],[13.73377,52.93344],[13.73382,52.93363],[13.73389,52.93381],[13.73397,52.93394],[13.73407,52.93407],[13.73417,52.93419],[13.73599,52.93607],[13.73633,52.93641],[13.73864,52.93859],[13.73877,52.9387],[13.73903,52.93892],[13.73931,52.93914],[13.73987,52.93956],[13.74454,52.94304],[13.74483,52.94325],[13.74512,52.94346],[13.74539,52.94362],[13.74572,52.9438],[13.74608,52.94397],[13.74682,52.94428],[13.74735,52.94452],[13.7477,52.9447],[13.74787,52.94479],[13.74802,52.94489],[13.74817,52.94499],[13.74835,52.94513],[13.74855,52.94532],[13.74869,52.94548],[13.74879,52.9456],[13.74894,52.94581],[13.74904,52.94597],[13.74907,52.94606],[13.74911,52.94619],[13.74913,52.94637],[13.74911,52.94655],[13.74909,52.94664],[13.7487,52.94806],[13.74868,52.94815],[13.74867,52.94829],[13.74868,52.94838],[13.74871,52.94847],[13.74876,52.94856],[13.74883,52.94865],[13.74891,52.94873],[13.749,52.9488],[13.74911,52.94887],[13.7494,52.94902],[13.74957,52.9491],[13.751,52.94976],[13.75147,52.94999],[13.75169,52.95011],[13.75179,52.95017],[13.75198,52.95031],[13.75206,52.95038],[13.75217,52.95049],[13.7523,52.95066],[13.75239,52.95078],[13.75348,52.95232],[13.75364,52.95257],[13.75371,52.9527],[13.75376,52.95283],[13.75378,52.95291],[13.75378,52.953],[13.75378,52.95318],[13.75322,52.9567],[13.75321,52.95684],[13.7532,52.95698],[13.7532,52.95707],[13.75321,52.95725],[13.75324,52.95739],[13.7533,52.95756],[13.7534,52.95782],[13.75346,52.95796],[13.75383,52.95875],[13.75391,52.95889],[13.75398,52.95899],[13.75405,52.95906],[13.75409,52.9591],[13.75415,52.95914],[13.75422,52.95917],[13.7543,52.95919],[13.75438,52.9592],[13.75447,52.95922],[13.75476,52.95924]]},"properties":{"sp":0,"o":"Joachimsthal (Barnim) 7400 m.","s":"L238","von":"2026-06-23","bis":"2026-09-30","t":"Deckenerneuerung\n\nVom 23.06.2026 bis 30.09.2026 kommt es aufgrund von Restarbeiten zur halbseitigen Sperrung mit wechselseitiger Verkehrsführung. \nDie Regelung erfolgt über eine Baustellenampel. \n\nBitte der örtlichen Beschilderung folgen.\n\nBitte beachten Sie die örtliche Verkehrsführung und Beschilderung."}},{"type":"Feature","geometry":{"type":"LineString","coordinates":[[14.04526,52.86315],[14.04527,52.86316],[14.04534,52.8632],[14.04538,52.86323],[14.04543,52.86326],[14.04545,52.86329],[14.04549,52.86335],[14.0455,52.86337],[14.04551,52.8634],[14.04551,52.86342],[14.04551,52.86345],[14.0454,52.86387],[14.0453,52.86427],[14.04518,52.86472],[14.04512,52.86498],[14.04508,52.86516],[14.04508,52.86524],[14.04508,52.86534],[14.04508,52.86541],[14.0451,52.86547],[14.04511,52.86552],[14.04514,52.86561],[14.04516,52.86568],[14.0452,52.86578]]},"properties":{"sp":1,"o":"Oderberg (Barnim) 300 m.","s":"B158","von":"2026-09-12","bis":"2026-09-12","t":"Neubau Brücke \n\nIm angegebenen Zeitraum kommt es zu Einschränkungen des Verkehrsraumes mit wechselseitiger Verkehrsführung in beiden Fahrtrichtungen.\n\nDie Regelung erfolgt über eine Baustellenampel. \n\n!Info GST!:\nKeine Befahrung für Großraum- und Schwertransporte möglich!\n\nVOLLSPERRUNG auf der 158 im Bereich der Bücke Alte Oder\nvom 12.09.2026 06:00 Uhr bis 12.09.2026 20:00 Uhr\n\nUmleitung:\nB158, Oderberg, Hermann Seidel Straße, >B158, Barlitz  > B158, Bad Freienwalde > B167, Kanalstraße, Eberswalder Straße > B167, Falkenberg > B167, Tornow > L29, Niederfinower Straße > L29, Odergberg und in umgekehrter Richtung.\n\n\nBitte beachten Sie die örtliche Beschilderung und Verkehrsführung."}},{"type":"Feature","geometry":{"type":"LineString","coordinates":[[14.53606,52.33472],[14.53583,52.33451],[14.53567,52.33438],[14.5354,52.33414],[14.53539,52.33413]]},"properties":{"sp":0,"o":"Frankfurt (Frankfurt) 80 m.","s":"B87","von":"2026-09-07","bis":"2026-09-11","t":"Beseitigung Fahrbahnschäden\n\nIm angegebenen Zeitraum besteht eine halbseitige Sperrung mit wechselseitiger Verkehrsführung. \n\nBitte der örtlichen Beschilderung folgen."}},{"type":"Feature","geometry":{"type":"LineString","coordinates":[[12.53164,52.41262],[12.53082,52.41266],[12.52833,52.4128],[12.52502,52.41297],[12.52462,52.413],[12.52359,52.41306]]},"properties":{"sp":1,"o":"Brandenburg an der Havel (Brandenburg an der Havel) 550 m.","s":"B1","von":"2026-04-16","bis":"2028-08-31","t":"Verkehrssicherung\n\nVom 16.04.2026 bis 31.08.2028\nVOLLSPERRUNG auf der B1, Magdeburger Landstraße ab Knotenpunkt B1/B102 bis Höhe Friedrich-Franz-Straße.\n\nEine entsprechende Umleitung ist ausgewiesen.\n\nUm den Knotenpunkt B1/B102 besteht zudem eine halbseitige Sperrung mit wechselseitiger Verkehrsführung. \n\nDa der Gehweg teilweise oder voll gesperrt wird, werden alle Verkehrsteilnehmer um erhöhte Aufmerksamkeit gebeten\n\nBitte beachten Sie die örtliche Beschilderung und Verkehrsführung."}},{"type":"Feature","geometry":{"type":"LineString","coordinates":[[14.03473,52.78389],[14.03439,52.78383],[14.0341,52.78377],[14.03381,52.78372],[14.03354,52.78366],[14.03314,52.78357],[14.03281,52.7835],[14.03242,52.78341],[14.03208,52.78333],[14.03177,52.78327],[14.03148,52.78322],[14.03117,52.78316],[14.03084,52.7831],[14.03058,52.78306],[14.03025,52.78301],[14.02995,52.78296],[14.02968,52.78292],[14.02955,52.78289]]},"properties":{"sp":1,"o":"Bad Freienwalde (Märkisch-Oderland) 367 m.","s":"B158","von":"2025-02-01","bis":"2027-12-20","t":"Überregionale Verkehrsführung\nUmbau der Verkehrsanlage im Kreuzungsbereich B158\n\nVOLLSPERRUNG auf der B158, Schiffmühler Straße\nvom 01.02.2025 bis 20.12.2027\n\nUmleitung:\nB167, Hohenfinow  > Falkenberg  > Bad Freienwalde > B167 OU Bad Freienwalde, Richtung Wriezen > L341, Schulzendorf >L41, Haselberg >  L35, Platzfelde über Dannenberg > Cöthen > L35 Höhenfinow > B167, Falkenberg > B167, Bad Freienwalde und in umgekehrter Richtung.\n\nDie Verkehrsführung wird je nach Baufortschritt angepasst.\n\nBitte beachten Sie die örtliche Verkehrsführung und Beschilderung."}},{"type":"Feature","geometry":{"type":"LineString","coordinates":[[13.87454,51.47617],[13.87443,51.47608],[13.8732,51.47496],[13.87223,51.47405],[13.87147,51.47339],[13.87049,51.47249],[13.86992,51.47197],[13.86977,51.47181],[13.8696,51.47159]]},"properties":{"sp":1,"o":"Schwarzheide (Oberspreewald-Lausitz) 615 m.","s":"L55","von":"2026-08-24","bis":"2026-09-18","t":"Deckenerneuerung in mehreren Bauabschnitten.\n\nGesamtzeitraum der Maßnahme vom 09.07.2026 bis 18.09.2026\n\nVOLLSPERRUNG der L55, Schipkauer Straße   \nvom 24.08.2026 bis 18.09.2026\n\nUmleitung:\nB169, AS Ruhland > K6608, Lauchhammer Ost > Ruhlander Straße Richtung Schwarzheide, L55 und in umgekehrter Richtung.\n\nDie Verkehrsführung wird je nach Baufortschritt angepasst.\n\nBitte der örtlichen Beschilderung folgen."}},{"type":"Feature","geometry":{"type":"LineString","coordinates":[[12.22325,53.26299],[12.22326,53.26301],[12.22335,53.26317],[12.22342,53.26333],[12.22348,53.2635],[12.22355,53.26372],[12.224,53.26569],[12.22445,53.26765],[12.22491,53.26962],[12.22536,53.27158],[12.22581,53.27355],[12.22621,53.27528]]},"properties":{"sp":0,"o":"Meyenburg (Prignitz) 1382 m.","s":"B103","von":"2026-05-18","bis":"2026-12-18","t":"Straßenbau \n\nBis zum 18.12.2026 besteht eine halbseitige Sperrung mit wechselseitiger Verkehrsführung. \n\nDie Zufahrt zur K7020 von der B103 ist bis zum 14.08.2026 vollgesperrt.\n\nDie Verkehrsführung wird je nach Baufortschritt angepasst.\n\nBitte beachten Sie die örtliche Beschilderung und Verkehrsführung."}},{"type":"Feature","geometry":{"type":"LineString","coordinates":[[12.7558,52.5306],[12.75582,52.53064]]},"properties":{"sp":1,"o":"Nauen (Havelland) 5 m.","s":"L91","von":"2026-03-16","bis":"2026-10-31","t":"Erneuerung der Fahrbahn\n\n4. - 6. Bauabschnitt:\nVOLLSPERRUNG auf der L91, Wachow, Brandenburger Allee\nvom 16.03.2026 bis 31.10.2026.\n\nSPERRUNG der Einfahrten \"Zum Stützpunkt\", \"Zum Friedhof\" und \"Am Dorfteich\".\nZufahrt für Anwohner wird gewährleistet.\n\nUmleitung:\nL91, Gohlitz  > K6306, Niebede  > K6306, Tremmen >  K6307, Zachow > L92, Roskow > L91, Päwesin und in umgekehrter Richtung.\n\nBitte beachten Sie die örtliche Verkehrsführung und Beschilderung."}},{"type":"Feature","geometry":{"type":"LineString","coordinates":[[12.33885,52.99693],[12.33885,52.99693],[12.33901,52.99656],[12.33915,52.99622],[12.33927,52.99593],[12.33937,52.99569],[12.33949,52.99547],[12.33963,52.99524],[12.33978,52.99502],[12.33996,52.99481],[12.34016,52.9946],[12.34037,52.9944],[12.3406,52.99421],[12.34085,52.99402],[12.34111,52.99384],[12.34139,52.99367],[12.34168,52.99351],[12.34198,52.99336],[12.34312,52.99284],[12.34418,52.99236],[12.34457,52.99217],[12.34487,52.99201],[12.34516,52.99184],[12.34543,52.99166],[12.34568,52.99146],[12.34592,52.99127],[12.34614,52.99106],[12.34634,52.99085],[12.34653,52.99063],[12.34669,52.99041],[12.34683,52.99018],[12.34695,52.98994],[12.34705,52.98971],[12.34725,52.9892],[12.3474,52.98878],[12.34749,52.98852],[12.34756,52.98833],[12.34763,52.98814],[12.34769,52.98795],[12.34775,52.98776],[12.3482,52.98639],[12.34863,52.98508],[12.3487,52.98485]]},"properties":{"sp":1,"o":"Gumtow (Prignitz) 1558 m.","s":"B103","von":"2026-07-27","bis":"2026-12-18","t":"Straßenbau in mehreren Abschnitten\nGesamtzeitraum der Maßnahme: 28.07.2025 bis 18.12.2026.\n\n> VOLLSPERRUNG auf der B103 vom 27.07.2026 bis 18.12.2026:\n- ab OA Gantikow bis Abzweig Kyritzer Straße und\n- ab Abzweig Pritzwalker Straße bis OA Vehlow\n\nUmleitung:\nB103, Kyritz > B5, Neu Schrepkow > B107, Pritzwalk > B103, Kolrep und in umgekehrter Richtung.\n\nDie Verkehrsführung wird je nach Baufortschritt angepasst.\n\nBitte beachten Sie die örtliche Verkehrsführung und Beschilderung."}},{"type":"Feature","geometry":{"type":"LineString","coordinates":[[13.82498,52.40312],[13.82498,52.404],[13.82498,52.40549],[13.825,52.40685]]},"properties":{"sp":1,"o":"Grünheide (Oder-Spree) 415 m.","s":"L23","von":"2026-08-14","bis":"2026-11-11","t":"BÜ Beseitigung L386, Netzergänzung\nGesamtzeitraum der Maßnahme: 24.07.2026 bis 11.11.2026.\n\n2.Bauabschnitt:\n--  und gt;VOLLSPERRUNG vom 14.08.2026 bis 11.11.2026\nauf der L23, des Bahnüberganges Fangschleuse\n\nUmleitung:\nab KP L23/L38 > KP L38/L385, Hangelsberg > L385, Kienbaum > KP L385/B1 > KP B1/L232, Lichtenow > L232, Kagel > KP L232/L23 > L23, Altbruchhorst > KP L23/L231, Grünheide > KP L231/L38 > L38 > A10, AS Erkner bis A10, A10 Freienbrink = \"U61\" und in umgekehrter Richtung = \"U51\".\n\nAm KP L385/B1 erfolgt die Regelung der Verkehrsführung, im angegebenen Zeitraum, durch eine Baustellenampel.\n\nDie Verkehrsführung wird je nach Baufortschritt angepasst.\n\nBitte beachten Sie die örtliche Beschilderung und Verkehrsführung."}},{"type":"Feature","geometry":{"type":"LineString","coordinates":[[12.95312,52.5552],[12.95317,52.55542],[12.95321,52.55564],[12.95324,52.55586],[12.95325,52.55608],[12.95326,52.5563],[12.95324,52.55652],[12.95322,52.55674],[12.95318,52.55696],[12.95317,52.55699]]},"properties":{"sp":1,"o":"Brieselang (Havelland) 200 m.","s":"L202","von":"2026-10-12","bis":"2026-10-31","t":"Deckenerneuerung /Verbreiterung Gehweg / Erneuerung Geh- und Radweg\nin drei Bauabschnitten\n\nGesamtzeitraum der Maßnahme: 20.08.2026 bis 31.10.2026\n\nVOLLSPERRUNG\n\n2. Bauabschnitt: 14.09.2026 bis 09.10.2026 auf der B5\n3. Bauabschnitt 12.10.2026 bis 30.10.2026 auf der L202\n\nEine entsprechende Umleitung ist ausgewiesen.\n\nFür Fußgänger, Radfahrer, Mopedfahrer, den Landwirtschaftlichen Verkehr sowie die Rettungswagen, Feuerwehren wird freigehalten.\n\nEs besteht zudem eine halbseitige Sperrung mit wechselseitiger Verkehrsführung.\n\nDie Verkehrsführung wird je nach Baufortschritt angepasst.\n\nBitte der örtlichen Beschilderung folgen."}},{"type":"Feature","geometry":{"type":"LineString","coordinates":[[13.04704,52.45441],[13.04705,52.45444],[13.04713,52.4547],[13.04737,52.45545],[13.0476,52.45621],[13.04765,52.45637],[13.04772,52.45651],[13.04778,52.45662],[13.04785,52.4567],[13.04793,52.4568],[13.04809,52.45695],[13.04827,52.45714],[13.04841,52.45727],[13.04854,52.45739],[13.04869,52.45754],[13.04892,52.45775],[13.04919,52.45799],[13.04934,52.45812],[13.04945,52.45819],[13.04958,52.45826],[13.04972,52.45832],[13.04985,52.45838],[13.05015,52.45848],[13.05141,52.45887],[13.05237,52.45917],[13.05302,52.45937],[13.05326,52.45944],[13.05368,52.45957],[13.05424,52.45974],[13.05445,52.4598],[13.05462,52.45984],[13.05477,52.45987],[13.05492,52.4599],[13.05517,52.45993],[13.05541,52.45994],[13.05558,52.45994],[13.05571,52.45994],[13.05588,52.45993],[13.05606,52.45991],[13.05628,52.45988],[13.05656,52.45983],[13.05678,52.45979]]},"properties":{"sp":0,"o":"Potsdam (Potsdam) 1007 m.","s":"B2","von":"2026-07-06","bis":"2028-05-05","t":"Straßenbauarbeiten / Umbauarbeiten Knotenpunkt Krampnitz\n\nIm angegebenen Zeitraum besteht zwischen Hannoversche Straße und Rothkehlchenweg (inkl. Einmündung Schwedische Allee) eine halbseitige Sperrung mit wechselseitiger Verkehrsführung. \n\nDie Regelung erfolgt über eine Baustellenampel. \n\nBitte der örtlichen Beschilderung folgen."}},{"type":"Feature","geometry":{"type":"LineString","coordinates":[[14.06917,53.12255],[14.06917,53.12256]]},"properties":{"sp":0,"o":"Mark Landin (Uckermark) 1 m.","s":"L28","von":"2026-09-12","bis":"2026-10-09","t":"Reparatur eines umgefahrenen  Kabelverzweigers (KVZ)\n\nIm angegebenen Zeitraum besteht eine halbseitige Sperrung mit wechselseitiger Verkehrsführung. \n\nBitte der örtlichen Beschilderung folgen."}},{"type":"Feature","geometry":{"type":"LineString","coordinates":[[13.75115,51.84087],[13.74793,51.84221],[13.74493,51.84348],[13.74183,51.84479],[13.73872,51.8461],[13.73562,51.84741],[13.73252,51.84872],[13.72942,51.85003],[13.72663,51.85121]]},"properties":{"sp":1,"o":"Luckau (Dahme-Spreewald) 2045 m.","s":"L52","von":"2026-08-03","bis":"2026-09-11","t":"Deckenerneuerung in mehreren Bauabschnitten\n\n> 4. Bauabschnitt vom 03.08.2026 bis 11.09.2026: \nVOLLSPERRUNG auf der L52 und L526, ab der Kreuzung Freesdorfer Weg bis Schlabendorf.\n\nUmleitung:\nab KP L52/B87 > B87, OU Luckau > KP B87/ B96, Wittmannsdorf > B96, Riedebeck > B96, Bornsdorf > KP B96/L561 > L561, Weißack > L561, Gahro > L56, Crinitz > L56, Fürstlich Drehna > L56, Klein Mehßow > L56, Mallenchen > bis KP L56/L52 und in umgekehrter Richtung.\n\nBitte beachten Sie die örtliche Beschilderung und Verkehrsführung."}},{"type":"Feature","geometry":{"type":"LineString","coordinates":[[12.95324,52.55592],[12.95324,52.55586],[12.95321,52.55564],[12.95317,52.55542],[12.95312,52.5552]]},"properties":{"sp":0,"o":"Brieselang (Havelland) 80 m.","s":"L202","von":"2026-09-14","bis":"2026-10-09","t":"Absicherung zweier Schwerlasttransporte\n\nVOLLSPERRUNG der Auf- und Abfahrt, AS Wustermark/Zeestow auf der B5\nvom 14.09.2026 bis 02.10.2026.\n\nAuf der L202 sowie auf der kommunalen Hafenstraße und dem Kuhdammweg besteht eine halbseitige Sperrung mit wechselseitiger Verkehrsführung. \n\nEine entsprechende Umleitung ist ausgewiesen.\n\nBitte der örtlichen Beschilderung folgen."}},{"type":"Feature","geometry":{"type":"LineString","coordinates":[[13.72537,52.63146],[13.72589,52.6315],[13.7266,52.63155],[13.72713,52.63156],[13.72731,52.63155],[13.72759,52.63153],[13.72771,52.63152],[13.72794,52.63149],[13.72817,52.63145],[13.72862,52.63137],[13.72908,52.63128],[13.72953,52.6312],[13.72999,52.63111],[13.73044,52.63102],[13.73082,52.63093]]},"properties":{"sp":0,"o":"Werneuchen (Barnim) 380 m.","s":"B158","von":"2026-08-03","bis":"2026-12-18","t":"Erneuerung Trinkwasserleitung in mehreren Bauabschnitten\n\nVom 03.08.2026 bis 18.12.2026 kommt es zu Einschränkungen des Verkehrsraumes mit einseitiger Verkehrsführung (Einbahnstraßenregelung) in beiden Fahrtrichtungen. \n\nInfo GST: Der Abschnitt ist in für GST ( und gt; 41,8 t) gesperrt.\n\nDa der Gehweg teilweise oder voll gesperrt wird, werden alle Verkehrsteilnehmer um erhöhte Aufmerksamkeit gebeten.\n\nBitte beachten Sie die örtliche Beschilderung und Verkehrsführung."}},{"type":"Feature","geometry":{"type":"LineString","coordinates":[[13.52834,51.45063],[13.52827,51.45054],[13.52822,51.45047],[13.5281,51.45041],[13.52796,51.45035],[13.52751,51.45024],[13.52671,51.45005],[13.52584,51.44984],[13.52535,51.44975],[13.52488,51.4497],[13.5242,51.44964],[13.524,51.44964],[13.52373,51.44963],[13.52358,51.44962],[13.52315,51.44962],[13.52295,51.44962],[13.52285,51.44963]]},"properties":{"sp":1,"o":"Elsterwerda (Elbe-Elster) 409 m.","s":"B101","von":"2025-09-10","bis":"2026-10-31","t":"Ertüchtigung der Umleitungsstrecke\n\n2. Bauabschnitt:\n> VOLLSPERRUNG vom 10.09.2025 bs 31.10.2026\n- der B101, Dresdner Straße\n- der K6204, Merzdorfer Straße vom Knotenpunkt B101/K6204 bis Abzweig Krauschützer Mittelweg\n\nUmleitung:\nB101, Alte Elsterwerdaer Straße > B169, Prösen > L59, Röderland bis Reichenhain > L593, Prieschka > L593, Richtung Dobra > B101, Elsterwerda > B101, Krauschütz und in umgekehrter Richtung.\n\noder Umleitung:\nB101, Alte Elsterwerdaer Straße > B169, Prösen > B101, Wainsdorf > L59, Merzdorf > L59, Gröden > L59, Hirschfeld > L591 über Plessa-Süd nach Plessa >  B169 über Kahla nach Elsterwerda und in umgekehrter Richtung.\n\nDie Umleitung für die Sperrung der K6204 wird über die kommunalen Straßen Krauschützer Mittelweg und Eichenweg geführt.\n\nEs besteht zudem eine halbseitige Sperrung mit wechselseitiger Verkehrsführung. Die Regelung erfolgt über eine Baustellenampel"}},{"type":"Feature","geometry":{"type":"LineString","coordinates":[[13.32105,52.07974],[13.32114,52.08001]]},"properties":{"sp":1,"o":"Am Mellensee (Teltow-Fläming) 30 m.","s":"L70","von":"2026-08-17","bis":"2026-09-25","t":"Tiefbauarbeiten, Austausch Trinkwasserleitung\n\nVOLLSPERRUNG auf der L70, Kummersdorfer Straße\nvom 17.08.2026 bis 25.09.2026.\n\nAuf der K7222, Gottower Straße bis Neuhofer Straße kommt es währenddessen zur halbseitigen Sperrung mit wechselseitiger Verkehrsführung. \n\nDie Regelung erfolgt über eine Baustellenampel. \n\nBitte der örtlichen Beschilderung folgen."}},{"type":"Feature","geometry":{"type":"LineString","coordinates":[[13.15355,52.67311],[13.15285,52.67365],[13.15187,52.6744],[13.15172,52.67453],[13.15164,52.6746],[13.15159,52.67466],[13.15154,52.67475],[13.15151,52.67482],[13.15149,52.67493],[13.15149,52.67506],[13.15151,52.67515],[13.15154,52.6753],[13.15156,52.67539],[13.15158,52.6755],[13.15159,52.67568],[13.15159,52.67576],[13.15157,52.67581],[13.15153,52.67585],[13.1515,52.67587],[13.15146,52.67589],[13.15143,52.67591],[13.1514,52.67592],[13.15132,52.67594],[13.15119,52.67596],[13.15106,52.67598],[13.15079,52.67601],[13.15028,52.67606],[13.14951,52.67613],[13.14875,52.6762],[13.14804,52.67626],[13.14695,52.67636],[13.14661,52.67639],[13.14619,52.67644],[13.14589,52.67648],[13.14552,52.67652],[13.14527,52.67656],[13.14494,52.67661],[13.1446,52.67667],[13.14415,52.67675],[13.14347,52.67687],[13.14327,52.6769],[13.14298,52.67694],[13.1426,52.67696],[13.14221,52.67698],[13.14087,52.67702],[13.14058,52.67703],[13.14035,52.67704],[13.14013,52.67703],[13.14,52.67702],[13.13987,52.67701],[13.13962,52.67698],[13.13924,52.67693],[13.13873,52.67684]]},"properties":{"sp":1,"o":"Oberkrämer (Oberhavel) 1236 m.","s":"L17","von":"2026-07-20","bis":"2026-09-12","t":"Deckensanierung in mehreren Bauabschnitten\nGesamtdauer der Maßnahme vom 20.07.2026 bis 12.09.2026\n\n>  VOLLSPERRUNG auf der L17 ab Abzweig Breite Straße bis OA Marwitz vom 19.08.2026 bis 12.09.2026\n\nUmleitung:\nL20, Velten  > L172, Germendorf > L170, Schwante > L17, Marwitz und in umgekehrter Richtung.\n\nUm die Vollsperrung herum kann es außerdem zu einer halbseitigen Sperrung mit wechselseitiger Verkehrsführung kommen. \n\nBitte der örtlichen Beschilderung folgen."}},{"type":"Feature","geometry":{"type":"LineString","coordinates":[[13.28324,52.66619],[13.28327,52.66614]]},"properties":{"sp":1,"o":"Hohen Neuendorf (Oberhavel) 5 m.","s":"B96","von":"2026-09-07","bis":"2026-09-18","t":"Umgestaltung Einmündungsbereichs Poststraße\n\nVOLLSPERRUNG auf der B96, Berliner Straße\nvom 07.09.2026 bis 18.09.2026\n\nUmleitung:\nAlbert-Gottheiner-Straße > Bahnstraße > Poststraße und in umgekehrter Richtung.\n\nBitte der örtlichen Beschilderung folgen."}},{"type":"Feature","geometry":{"type":"LineString","coordinates":[[13.43215,52.20523],[13.43215,52.20522],[13.43207,52.20517],[13.43203,52.20514],[13.43196,52.20508],[13.43193,52.20505],[13.4319,52.20501],[13.43187,52.20498],[13.43185,52.20495],[13.43182,52.20491],[13.4318,52.20488],[13.43178,52.20484],[13.43177,52.2048],[13.43176,52.20477],[13.43175,52.20473],[13.43174,52.20469],[13.43173,52.20458],[13.43172,52.20454],[13.43173,52.2044],[13.43173,52.20439]]},"properties":{"sp":0,"o":"Zossen (Teltow-Fläming) 100 m.","s":"L791","von":"2026-09-14","bis":"2026-10-16","t":"Umbau Bahnhof Zossen und Bahnübergang\n\nIm angegebenen Zeitraum besteht eine halbseitige Sperrung mit wechselseitiger Verkehrsführung. Die Regelung erfolgt über eine Baustellenampel. \n\nIn der Zeit vom 08.09. - 09.09.2026 erfolgen im Bereich des Bahnübergangs nahe des Johneweges Baumfällarbeiten.\n\nDa der Gehweg teilweise oder voll gesperrt wird, werden alle Verkehrsteilnehmer um erhöhte Aufmerksamkeit gebeten.\n\nBitte der örtlichen Beschilderung folgen."}},{"type":"Feature","geometry":{"type":"LineString","coordinates":[[13.57917,51.52441],[13.57924,51.52447],[13.57937,51.52459],[13.57951,51.5247],[13.57965,51.52482],[13.57978,51.52494],[13.57992,51.52506],[13.58005,51.52517],[13.58019,51.52529],[13.58033,51.52541],[13.58042,51.52549]]},"properties":{"sp":0,"o":"Gorden-Staupitz (Elbe-Elster) 148 m.","s":"L62","von":"2026-09-14","bis":"2026-09-25","t":"Deckensanierung\n\nIm angegebenen Zeitraum besteht eine halbseitige Sperrung mit wechselseitiger Verkehrsführung. Die Regelung erfolgt über eine Baustellenampel. \n\nBitte der örtlichen Beschilderung folgen."}},{"type":"Feature","geometry":{"type":"LineString","coordinates":[[14.41034,52.01699],[14.41143,52.01717],[14.41278,52.01738],[14.41309,52.01741],[14.41333,52.01741],[14.41357,52.0174],[14.41461,52.01731],[14.4156,52.01722],[14.41589,52.01719],[14.41605,52.01717]]},"properties":{"sp":0,"o":"Jamlitz (Dahme-Spreewald) 400 m.","s":"L452","von":"2026-08-10","bis":"2027-02-28","t":"Verlegung von Mittel- und Niederspannungskabeln\n\nIm angegebenen Zeitraum kommt es zu Einschränkungen des Verkehrsraumes mit wechselseitiger Verkehrsführung in beiden Fahrtrichtungen.\n\nBitte beachten Sie die örtliche Beschilderung und Verkehrsführung."}},{"type":"Feature","geometry":{"type":"LineString","coordinates":[[14.00236,51.52652],[14.00197,51.52739],[14.00174,51.52785],[14.00156,51.52825]]},"properties":{"sp":1,"o":"Senftenberg (Oberspreewald-Lausitz) 200 m.","s":"K6612","von":"2026-05-04","bis":"2026-10-30","t":"Grundhafter Ausbau der Straße und des Geh- und Radweges\n\nVOLLSPERRUNG der Bahnhofstraße auf der K6612\nvom 04.05.2026 bis 30.10.2026.\n\nAb 09.06.2026 kommt es zusätzlich zur SPERRUNG der kommunalen Krankenhausstraße und Spremberger Straße.\n\nEine entsprechende Umleitung ist ausgewiesen.\n\nDa der Geh- und Radweg teilweise oder voll gesperrt wird, werden alle Verkehrsteilnehmer um erhöhte Aufmerksamkeit gebeten.\n\nBitte der örtlichen Beschilderung folgen."}},{"type":"Feature","geometry":{"type":"LineString","coordinates":[[13.09797,52.5879],[13.09798,52.58783],[13.098,52.58772],[13.09803,52.58761],[13.09807,52.58747],[13.09812,52.58732],[13.09818,52.58718],[13.09823,52.58708],[13.09828,52.58697],[13.09837,52.58683],[13.09845,52.5867],[13.09855,52.58656],[13.09864,52.58643],[13.09873,52.58629],[13.09883,52.58616],[13.09892,52.58603],[13.09901,52.58589],[13.09911,52.58576],[13.09921,52.58563],[13.09931,52.58549],[13.09941,52.58536],[13.09952,52.58523],[13.09962,52.5851],[13.09972,52.58497],[13.09982,52.58484],[13.09992,52.5847],[13.10001,52.58457],[13.10011,52.58444],[13.10021,52.58431],[13.10031,52.58417],[13.1004,52.58404],[13.1005,52.58391],[13.1006,52.58378],[13.1007,52.58364],[13.1008,52.58351],[13.10089,52.58338],[13.10099,52.58325],[13.10109,52.58312],[13.10119,52.58299],[13.10129,52.58285],[13.10139,52.58272],[13.10149,52.58259],[13.10159,52.58246],[13.10169,52.58233],[13.1018,52.5822],[13.1019,52.58206],[13.102,52.58193],[13.1021,52.5818],[13.1022,52.58167],[13.1023,52.58154],[13.1024,52.58141],[13.1025,52.58127],[13.1026,52.58114],[13.1027,52.58101],[13.10281,52.58088],[13.10291,52.58075],[13.10301,52.58062],[13.10311,52.58048],[13.10321,52.58035],[13.10332,52.58022],[13.10342,52.58009],[13.10352,52.57996],[13.10362,52.57982],[13.10372,52.57969],[13.10382,52.57956],[13.10392,52.57943],[13.10403,52.5793],[13.10413,52.57917],[13.10423,52.57903],[13.10433,52.5789],[13.10443,52.57877],[13.10453,52.57864],[13.10463,52.57851],[13.10473,52.57838],[13.10483,52.57825],[13.10493,52.57811],[13.10503,52.57798],[13.10514,52.57785],[13.10524,52.57772],[13.10534,52.57759],[13.10544,52.57746],[13.10554,52.57732],[13.10564,52.57719],[13.10574,52.57706],[13.10584,52.57693],[13.10593,52.5768],[13.10597,52.57673],[13.10601,52.57666],[13.10603,52.57663],[13.10604,52.5766],[13.10605,52.57656],[13.10606,52.57653],[13.10607,52.57649],[13.10607,52.57642],[13.10607,52.57639],[13.10604,52.57621],[13.10601,52.57606],[13.10597,52.57592],[13.10594,52.57578],[13.1059,52.57563],[13.10587,52.57549],[13.10583,52.57535],[13.1058,52.5752],[13.10577,52.57506],[13.10573,52.57492],[13.1057,52.57477],[13.10566,52.57463],[13.10562,52.57445],[13.10559,52.57433]]},"properties":{"sp":0,"o":"Falkensee (Havelland) 1630 m.","s":"L20","von":"2026-07-30","bis":"2026-11-30","t":"Neuverlegung Mittelspannungskabel (MSK)\n\nIm angegebenen Zeitraum besteht eine halbseitige Sperrung mit wechselseitiger Verkehrsführung. Die Regelung erfolgt über eine Baustellenampel. \n\nBitte der örtlichen Beschilderung folgen."}},{"type":"Feature","geometry":{"type":"LineString","coordinates":[[14.51333,51.9782],[14.51347,51.97819],[14.51398,51.97818],[14.51464,51.97819],[14.51551,51.97819]]},"properties":{"sp":0,"o":"Schenkendöbern (Spree-Neiße) 150 m.","s":"B320","von":"2026-09-15","bis":"2026-09-15","t":"Baumpflegearbeiten\n\nIm angegebenen Zeitraum besteht eine halbseitige Sperrung mit wechselseitiger Verkehrsführung. Die Regelung erfolgt über eine Baustellenampel. \n\nBitte der örtlichen Beschilderung folgen."}},{"type":"Feature","geometry":{"type":"LineString","coordinates":[[14.26924,52.17273],[14.27044,52.17331],[14.27059,52.17338],[14.27073,52.17345],[14.27097,52.17359],[14.2712,52.17373],[14.27142,52.17388],[14.27164,52.17403],[14.27186,52.17418],[14.27206,52.17433],[14.27226,52.17449],[14.27229,52.17452],[14.27236,52.17458],[14.27458,52.17641],[14.27679,52.17824],[14.279,52.18006],[14.28041,52.18122]]},"properties":{"sp":1,"o":"Beeskow (Oder-Spree) 1220 m.","s":"B168","von":"2026-08-24","bis":"2026-10-09","t":"Deckenerneuerung \nGesamtzeitraum der Maßnahme: 14.08.2026 bis 31.10.2026.\n\nVOLLSPERRUNG auf der B168\n> 1. Bauabschnitt vom 24.08.20026 bis vsl. 09.10.2026\nab dem Bahnübergang an der Frankfurter Chausee bis Höhe Ausbau Oegeln\n\nUmleitung:\nB168, OD Beeskow, Kreisel > B246, Krügersdorf > B246, Schneeberg > B246, Grunow > L435, Mixdorf > L435, Müllrose > Kreisel > B87, OU Müllrose -- B87, Ragow > B87, OU Beeskow und in umgekehrter Richtung.\n\nBitte der örtlichen Beschilderung folgen."}},{"type":"Feature","geometry":{"type":"LineString","coordinates":[[13.71613,51.37958],[13.71763,51.37938],[13.71836,51.37928],[13.71995,51.37907],[13.72075,51.37896],[13.72218,51.37876],[13.7231,51.37866],[13.72371,51.37861],[13.72385,51.37861],[13.72395,51.37861],[13.72408,51.37862],[13.72415,51.37863]]},"properties":{"sp":1,"o":"Großkmehlen (Oberspreewald-Lausitz) 570 m.","s":"L59","von":"2026-04-20","bis":"2026-12-18","t":"Grundhafter Ausbau\n\nVOLLSPERRUNG der L59 (OD Großkmehlen)\n\n2. Bauabschnitt vom 20.04.2026 bis 18.12.2026 \nab Abzweig Blochwitzer Straße bis Ortsausgang Großkmehlen.\n\nDie Verkehrsführung wird je nach Baufortschritt angepasst.\n\nEine entsprechende Umleitung, teilweise mit Einbahnstraßenregelung, ist ausgeschildert.\nDer Umleitungsverkehr wird mithilfe einer Ampel geregelt.\n\nDa der Gehweg teilweise oder voll gesperrt wird, werden alle Verkehrsteilnehmer um erhöhte Aufmerksamkeit gebeten\n\nBitte beachten Sie die örtliche Verkehrsführung und Beschilderung."}},{"type":"Feature","geometry":{"type":"LineString","coordinates":[[14.40554,52.15335],[14.40552,52.15337],[14.40537,52.15354],[14.40515,52.15379],[14.40474,52.15422],[14.40432,52.15469],[14.40412,52.15488],[14.40391,52.15507],[14.40368,52.15526],[14.40343,52.15544],[14.40315,52.15561],[14.40288,52.15576],[14.40259,52.1559],[14.40228,52.15603],[14.40196,52.15615],[14.40166,52.15624]]},"properties":{"sp":0,"o":"Grunow-Dammendorf (Oder-Spree) 425 m.","s":"B246","von":"2026-08-24","bis":"2026-09-30","t":"Instandsetzungsarbeiten (Fräßflickungen)\n\nIm angegebenen Zeitraum besteht auf der B246, Höhe Bremsdorfer Mühle, eine halbseitige Sperrung mit wechselseitiger Verkehrsführung. \nDie Regelung erfolgt über eine Baustellenampel. \n\nDer Radweg auf der B246, zwischen Dammendorf und Grunow, ist im angegebenen Zeitraum gesperrt.\n\nBitte der örtlichen Beschilderung folgen."}},{"type":"Feature","geometry":{"type":"LineString","coordinates":[[13.75057,52.42633],[13.75058,52.42633],[13.7506,52.42624],[13.75064,52.42616],[13.75069,52.42607],[13.75077,52.42599],[13.75084,52.42591],[13.75124,52.42554]]},"properties":{"sp":1,"o":"Erkner (Oder-Spree) 100 m.","s":"L30","von":"2026-08-01","bis":"2026-11-30","t":"Grundhafter Ausbau der Friedrichstraße und Instandsetzung der Brücke über das Flakenfließ\n\n> Vom 15.04.2026 bis 18.12.2026\nVOLLSPERRUNG auf der L30, Friedrichstraße.\n\nDie innerstädtische Umleitung wird mithilfe einer Ampel geregelt:\nSeestraße  > Lange Straße > W.-Smolka-Straße > KV > Fürstenwalder Straße > Rudolf-Breitscheid-Straße > Julius-Rütgers-Straße und in umgekehrter \nRichtung.\n\nUm die Umleitung herum besteht eine halbseitige Sperrung mit wechselseitiger Verkehrsführung. Die Regelung erfolgt über eine Baustellenampel. \n\nEine überörtliche Umleitung ist ausgewiesen.\n\nAchtung! Für Fußgänger und Radfahrer ist der Weg frei.\n\nDie Verkehrsführung wird je nach Baufortschritt angepasst.\n\nBitte beachten Sie die örtliche Verkehrsführung und Beschilderung."}},{"type":"Feature","geometry":{"type":"LineString","coordinates":[[12.75843,53.064],[12.75852,53.06499],[12.75861,53.06633],[12.7587,53.0678],[12.75876,53.06874],[12.75886,53.06973],[12.75899,53.07124],[12.75911,53.0728],[12.75915,53.07352],[12.75922,53.0748],[12.75928,53.07566],[12.7594,53.07754],[12.75949,53.07913],[12.75968,53.08194],[12.7598,53.08381],[12.75987,53.08497],[12.75997,53.08664],[12.76007,53.08808],[12.76012,53.08911],[12.76017,53.09002],[12.76026,53.0914],[12.76031,53.09213],[12.76036,53.09296],[12.76042,53.09409],[12.76047,53.09528],[12.76051,53.09618],[12.76055,53.09701],[12.76064,53.09886],[12.76073,53.10047],[12.76083,53.10188],[12.76088,53.10262],[12.76092,53.10326],[12.76096,53.10392],[12.76104,53.1057],[12.7611,53.10697],[12.76114,53.10754],[12.76127,53.10954],[12.76136,53.1108],[12.76138,53.1111],[12.76146,53.11143],[12.76151,53.1116],[12.76158,53.11175],[12.76169,53.11199],[12.76177,53.11215],[12.76188,53.11232],[12.76203,53.11247],[12.76221,53.11261],[12.76245,53.11275],[12.76357,53.11329],[12.76477,53.11388],[12.76532,53.11416],[12.7658,53.11438],[12.76612,53.11452],[12.76657,53.11468],[12.76692,53.11479],[12.76875,53.11535],[12.76957,53.11559],[12.76987,53.11569]]},"properties":{"sp":1,"o":"Rheinsberg (Ostprignitz-Ruppin) 6045 m.","s":"L16","von":"2026-07-22","bis":"2026-10-02","t":"Sanierung Asphalt\n\n> 2. Bauabschnitt vom 22.07.2026 bis 02.10.2026: \nVOLLSPERRUNG auf der L16, ab Knotenpunkt L16/K6812 bis OE Wallitz.\n\nEs besteht außerdem eine halbseitige Sperrung mit wechselseitiger Verkehrsführung.\nDie Regelung erfolgt über eine Baustellenampel. \n\nUmleitung:\nL16, Kuhburgberg > L18, Temnitzquell  > L18, Herzsprung > L14, Wittstock > L15, Schweinrich > L15, Flecken Zechling > L15, Dorf Zechlin > L16, Wallitz und in umgekehrter Richtung.\n\nBitte der örtlichen Beschilderung folgen."}},{"type":"Feature","geometry":{"type":"LineString","coordinates":[[14.55237,52.55722],[14.54879,52.55672],[14.54523,52.55623],[14.54166,52.55573],[14.5381,52.55524],[14.53453,52.55474],[14.53097,52.55425],[14.52741,52.55375],[14.52384,52.55326],[14.52028,52.55276],[14.51671,52.55227],[14.51314,52.55178]]},"properties":{"sp":1,"o":"Küstriner Vorland (Märkisch-Oderland) 2728 m.","s":"B1","von":"2026-07-20","bis":"2026-09-25","t":"Deckenerneuerung \n\nVOLLSPERRUNG vom 20.07.2026 bis 25.09.2026\nauf der B1, zwischen dem Knotenpunkt der Frankfurter Straße (B112)/Berliner Straße (B1) in Manschnow und der OU Seelow.\n\nUmleitung:\nab KP B1/B112, Manschnow > B112, Rathstock > B112, Podelzig  > KV B112/B167, Lebus > B167, Schönfließ > B167, Libbenichen > KP B167/L332, Dolgelin > B167/B1, OU Seelow > KP B1/B167/L37, OU Seelow = U5 und in umgekehrter Richtung = U6.\n\nDie Regelung des Umleitungsverkehrs erfolgt über eine Baustellenampel. \n\nBitte beachten Sie die örtliche Beschilderung und Verkehrsführung."}},{"type":"Feature","geometry":{"type":"LineString","coordinates":[[13.77993,51.82866],[13.77752,51.82967],[13.7751,51.83069],[13.77269,51.83172],[13.77028,51.83274],[13.76787,51.83376],[13.76546,51.8348]]},"properties":{"sp":1,"o":"Luckau (Dahme-Spreewald) 1209 m.","s":"L52","von":"2026-08-03","bis":"2026-09-11","t":"Deckenerneuerung in mehreren Bauabschnitten\n\n> 4. Bauabschnitt vom 03.08.2026 bis 11.09.2026: \nVOLLSPERRUNG auf der L52 und L526, ab der Kreuzung Freesdorfer Weg bis Schlabendorf.\n\nUmleitung:\nab KP L52/B87 > B87, OU Luckau > KP B87/ B96, Wittmannsdorf > B96, Riedebeck > B96, Bornsdorf > KP B96/L561 > L561, Weißack > L561, Gahro > L56, Crinitz > L56, Fürstlich Drehna > L56, Klein Mehßow > L56, Mallenchen > bis KP L56/L52 und in umgekehrter Richtung.\n\nBitte beachten Sie die örtliche Beschilderung und Verkehrsführung."}},{"type":"Feature","geometry":{"type":"LineString","coordinates":[[12.22621,53.27528],[12.22581,53.27355],[12.22536,53.27158],[12.22491,53.26962],[12.22445,53.26765],[12.224,53.26569],[12.22355,53.26372],[12.22348,53.2635],[12.22342,53.26333],[12.22335,53.26317],[12.22326,53.26301],[12.22325,53.26299]]},"properties":{"sp":0,"o":"Meyenburg (Prignitz) 1382 m.","s":"B103","von":"2026-05-18","bis":"2026-12-18","t":"Straßenbau \n\nBis zum 18.12.2026 besteht eine halbseitige Sperrung mit wechselseitiger Verkehrsführung. \n\nDie Zufahrt zur K7020 von der B103 ist bis zum 14.08.2026 vollgesperrt.\n\nDie Verkehrsführung wird je nach Baufortschritt angepasst.\n\nBitte beachten Sie die örtliche Beschilderung und Verkehrsführung."}},{"type":"Feature","geometry":{"type":"LineString","coordinates":[[13.73082,52.63093],[13.73044,52.63102],[13.72999,52.63111],[13.72953,52.6312],[13.72908,52.63128],[13.72862,52.63137],[13.72817,52.63145],[13.72794,52.63149],[13.72771,52.63152],[13.72759,52.63153],[13.72731,52.63155],[13.72713,52.63156],[13.7266,52.63155],[13.72589,52.6315],[13.72537,52.63146]]},"properties":{"sp":0,"o":"Werneuchen (Barnim) 380 m.","s":"B158","von":"2026-08-03","bis":"2026-12-18","t":"Erneuerung Trinkwasserleitung in mehreren Bauabschnitten\n\nVom 03.08.2026 bis 18.12.2026 kommt es zu Einschränkungen des Verkehrsraumes mit einseitiger Verkehrsführung (Einbahnstraßenregelung) in beiden Fahrtrichtungen. \n\nInfo GST: Der Abschnitt ist in für GST ( und gt; 41,8 t) gesperrt.\n\nDa der Gehweg teilweise oder voll gesperrt wird, werden alle Verkehrsteilnehmer um erhöhte Aufmerksamkeit gebeten.\n\nBitte beachten Sie die örtliche Beschilderung und Verkehrsführung."}},{"type":"Feature","geometry":{"type":"LineString","coordinates":[[14.04526,52.86315],[14.04527,52.86316],[14.04534,52.8632],[14.04538,52.86323],[14.04543,52.86326],[14.04545,52.86329],[14.04549,52.86335],[14.0455,52.86337],[14.04551,52.8634],[14.04551,52.86342],[14.04551,52.86345],[14.0454,52.86387],[14.0453,52.86427],[14.04518,52.86472],[14.04512,52.86498],[14.04508,52.86516],[14.04508,52.86524],[14.04508,52.86534],[14.04508,52.86541],[14.0451,52.86547],[14.04511,52.86552],[14.04514,52.86561],[14.04516,52.86568],[14.0452,52.86578]]},"properties":{"sp":0,"o":"Oderberg (Barnim) 300 m.","s":"B158","von":"2026-09-12","bis":"2026-12-31","t":"Neubau Brücke \n\nIm angegebenen Zeitraum kommt es zu Einschränkungen des Verkehrsraumes mit wechselseitiger Verkehrsführung in beiden Fahrtrichtungen.\n\nDie Regelung erfolgt über eine Baustellenampel. \n\n!Info GST!:\nKeine Befahrung für Großraum- und Schwertransporte möglich!\n\nVOLLSPERRUNG auf der 158 im Bereich der Bücke Alte Oder\nvom 12.09.2026 06:00 Uhr bis 12.09.2026 20:00 Uhr\n\nUmleitung:\nB158, Oderberg, Hermann Seidel Straße, >B158, Barlitz  > B158, Bad Freienwalde > B167, Kanalstraße, Eberswalder Straße > B167, Falkenberg > B167, Tornow > L29, Niederfinower Straße > L29, Odergberg und in umgekehrter Richtung.\n\n\nBitte beachten Sie die örtliche Beschilderung und Verkehrsführung."}},{"type":"Feature","geometry":{"type":"LineString","coordinates":[[14.06042,52.36106],[14.06056,52.36096],[14.06075,52.36085],[14.06094,52.36073],[14.06114,52.3606],[14.06128,52.36053],[14.06134,52.36049],[14.06138,52.36047],[14.06144,52.36043],[14.06148,52.3604],[14.06153,52.36035],[14.06156,52.3603],[14.06159,52.36009],[14.06161,52.35994],[14.06163,52.35984],[14.06165,52.35969],[14.06168,52.3595],[14.06168,52.35945],[14.06168,52.3594],[14.06167,52.35935],[14.06165,52.35929],[14.06161,52.35921],[14.06155,52.35905],[14.06148,52.3589],[14.06142,52.35874],[14.06139,52.35863],[14.06136,52.35852],[14.06134,52.35839],[14.06133,52.3582],[14.06132,52.35803],[14.06132,52.35787],[14.06132,52.35771],[14.06132,52.35756],[14.06132,52.35751],[14.06133,52.35747],[14.06133,52.35745],[14.06134,52.35742],[14.06136,52.35738],[14.06138,52.35736],[14.0614,52.35733],[14.06142,52.3573],[14.06147,52.35727],[14.06151,52.35725],[14.06172,52.35712],[14.06192,52.35702],[14.06199,52.35698],[14.06208,52.35693],[14.06211,52.35691],[14.06219,52.35684],[14.06221,52.35682],[14.06227,52.35675],[14.06231,52.35671],[14.06242,52.35656],[14.06252,52.35641],[14.06263,52.35626],[14.06272,52.35612]]},"properties":{"sp":1,"o":"Fürstenwalde/Spree (Oder-Spree) 615 m.","s":"L35","von":"2026-07-27","bis":"2026-11-07","t":"Deckenerneuerung\n\nVOLLSPERRUNG auf der L35, OD Fürstenwalde, zwischen KP Eisenbahnstraße/Wassergasse bis KP Eisenbahnstraße/Str. Am Kaiserhof vom 27.07.2026 bis 07.11.2026\n\nUmleitung:\nab KV L38/L35, Fürstenwalde > L35 (Hegelstraße), Fürstenwalde > B168 (Weinbergsgrund), Fürstenwalde > B168 (Triftstraße), Fürstenwalde > KV B168/L36, Fürstenwalde > B168 (Steinhöfer Chaussee), Fürstenwalde > KP B168/L36, OA Fürstenwalde > KP B168/L38, OU Fürstenwalde > KP B168/L412 > L412, Alt Golm > L412, Neu Golm > bis KP L412/L35, Bad Saarow = \"U8\" und in umgekehrter Richtung = \"U7\".\n\nIm angegebenen Zeitraum besteht im Bereich des Goetheplatzes, OD Fürstenwalde eine halbseitige Sperrung mit wechselseitiger Verkehrsführung. Die Regelung erfolgt über eine Baustellenampel. \n\nBitte beachten Sie die örtliche Beschilderung und Verkehrsführung."}},{"type":"Feature","geometry":{"type":"LineString","coordinates":[[13.7279,52.56499],[13.72809,52.56593],[13.72815,52.56619]]},"properties":{"sp":1,"o":"Altlandsberg (Märkisch-Oderland) 135 m.","s":"L30","von":"2026-03-09","bis":"2026-12-31","t":"Straßen- und Leitungsbau\n\nVOLLSPERRUNG auf der L30, Strausberger Straße, Teil der Bernauer Straße sowie Buchholzer Allee\nvom 13.07.2026  bis 31.12.2026\n\nUmleitung:\nL30, Krummenseestraße  > Mehrower Weg  > An der Mühle > Hönower Chaussee > KP L33/Hönower Chaussee > L33 > KP L33/Strausberger Straße/Zum Roggenfeld (=U1) und in umgekehrter Richtung (=U2).\n\nDie Verkehrsführung wird je nach Baufortschritt angepasst.\n\nBitte beachten Sie die örtliche Verkehrsführung und Beschilderung."}},{"type":"Feature","geometry":{"type":"LineString","coordinates":[[13.72975,52.5648],[13.72944,52.56481],[13.72917,52.56483],[13.72892,52.56484],[13.72843,52.56488],[13.72788,52.56492],[13.72789,52.56494]]},"properties":{"sp":1,"o":"Altlandsberg (Märkisch-Oderland) 130 m.","s":"L30","von":"2026-12-01","bis":"2026-12-31","t":"Straßen- und Leitungsbau\n\nVOLLSPERRUNG auf der L30, Strausberger Straße, Teil der Bernauer Straße sowie Buchholzer Allee\nvom 13.07.2026  bis 31.12.2026\n\nUmleitung:\nL30, Krummenseestraße  > Mehrower Weg  > An der Mühle > Hönower Chaussee > KP L33/Hönower Chaussee > L33 > KP L33/Strausberger Straße/Zum Roggenfeld (=U1) und in umgekehrter Richtung (=U2).\n\nDie Verkehrsführung wird je nach Baufortschritt angepasst.\n\nBitte beachten Sie die örtliche Verkehrsführung und Beschilderung."}},{"type":"Feature","geometry":{"type":"LineString","coordinates":[[12.52286,52.67068],[12.52302,52.67073],[12.52342,52.67084],[12.52369,52.6709],[12.52404,52.67096],[12.52454,52.67103],[12.52476,52.67105],[12.52505,52.67107],[12.5255,52.67108],[12.52571,52.67107]]},"properties":{"sp":0,"o":"Kotzen (Havelland) 200 m.","s":"B188","von":"2026-04-20","bis":"2026-09-11","t":"Baugrunduntersuchung\n\nIm angegebenen Zeitraum kommt es zu Einschränkungen des Verkehrsraumes mit wechselseitiger Verkehrsführung in beiden Fahrtrichtungen.\n\nDie Regelung erfolgt über eine Baustellenampel. \n\nBitte beachten Sie die örtliche Beschilderung und Verkehrsführung."}},{"type":"Feature","geometry":{"type":"LineString","coordinates":[[13.72415,51.37863],[13.72408,51.37862],[13.72395,51.37861],[13.72385,51.37861],[13.72371,51.37861],[13.7231,51.37866],[13.72218,51.37876],[13.72075,51.37896],[13.71995,51.37907],[13.71836,51.37928],[13.71763,51.37938],[13.71613,51.37958]]},"properties":{"sp":1,"o":"Großkmehlen (Oberspreewald-Lausitz) 570 m.","s":"L59","von":"2026-04-20","bis":"2026-12-18","t":"Grundhafter Ausbau\n\nVOLLSPERRUNG der L59 (OD Großkmehlen)\n\n2. Bauabschnitt vom 20.04.2026 bis 18.12.2026 \nab Abzweig Blochwitzer Straße bis Ortsausgang Großkmehlen.\n\nDie Verkehrsführung wird je nach Baufortschritt angepasst.\n\nEine entsprechende Umleitung, teilweise mit Einbahnstraßenregelung, ist ausgeschildert.\nDer Umleitungsverkehr wird mithilfe einer Ampel geregelt.\n\nDa der Gehweg teilweise oder voll gesperrt wird, werden alle Verkehrsteilnehmer um erhöhte Aufmerksamkeit gebeten\n\nBitte beachten Sie die örtliche Verkehrsführung und Beschilderung."}},{"type":"Feature","geometry":{"type":"LineString","coordinates":[[14.25872,52.08874],[14.25823,52.09077],[14.25817,52.09105],[14.25811,52.09141],[14.2581,52.09155],[14.2581,52.09168],[14.25812,52.09185],[14.25814,52.092],[14.25822,52.09228],[14.25827,52.09242],[14.25834,52.09256],[14.25841,52.0927],[14.25858,52.09297],[14.26248,52.0989],[14.26422,52.10158],[14.26431,52.10172],[14.2644,52.10189],[14.26468,52.10244],[14.26481,52.10267],[14.26482,52.10272],[14.26482,52.10276]]},"properties":{"sp":0,"o":"Friedland (Oder-Spree) 1648 m.","s":"B168","von":"2026-04-20","bis":"2026-12-31","t":"Neubau Geh-/Radweg und\nNeubau der Brücke über das Wuggelmühlenfließ\n\nIm angegebenen Zeitraum kommt es zu Einschränkungen des Verkehrsraumes mit wechselseitiger Verkehrsführung in beiden Fahrtrichtungen.\n\nBitte beachten Sie die örtliche Beschilderung und Verkehrsführung."}},{"type":"Feature","geometry":{"type":"LineString","coordinates":[[13.72815,52.56619],[13.72818,52.56635],[13.72832,52.56697],[13.72837,52.56732],[13.72844,52.56798]]},"properties":{"sp":1,"o":"Altlandsberg (Märkisch-Oderland) 200 m.","s":"L30","von":"2026-07-13","bis":"2026-12-31","t":"Straßen- und Leitungsbau\n\nVOLLSPERRUNG auf der L30, Strausberger Straße, Teil der Bernauer Straße sowie Buchholzer Allee\nvom 13.07.2026  bis 31.12.2026\n\nUmleitung:\nL30, Krummenseestraße  > Mehrower Weg  > An der Mühle > Hönower Chaussee > KP L33/Hönower Chaussee > L33 > KP L33/Strausberger Straße/Zum Roggenfeld (=U1) und in umgekehrter Richtung (=U2).\n\nDie Verkehrsführung wird je nach Baufortschritt angepasst.\n\nBitte beachten Sie die örtliche Verkehrsführung und Beschilderung."}},{"type":"Feature","geometry":{"type":"LineString","coordinates":[[13.7583,53.09645],[13.75846,53.09647],[13.75849,53.09648]]},"properties":{"sp":0,"o":"Temmen-Ringenwalde (Uckermark) 13 m.","s":"L241","von":"2026-09-02","bis":"2026-09-30","t":"Absicherung Fahrbahnschaden\n\nIm angegebenen Zeitraum besteht eine halbseitige Sperrung mit wechselseitiger Verkehrsführung. \n\nBitte der örtlichen Beschilderung folgen."}},{"type":"Feature","geometry":{"type":"LineString","coordinates":[[13.71413,51.61704],[13.71419,51.61666],[13.71422,51.61564],[13.71412,51.61474],[13.71412,51.61471]]},"properties":{"sp":1,"o":"Finsterwalde (Elbe-Elster) 260 m.","s":"L62, Dresdener Straße","von":"2026-09-14","bis":"2026-12-07","t":"Tiefbau, Erneuerung der Trinkwasserleitung mit Hausanschlüssen\n\nVOLLSPERRUNG  auf der L62, Dresdener Straße\nvom 14.09.2026 bis 07.12.2026\n\nUmleitung:\nK6224, Drößiger Straße > K6225, Dorfstraße> K6262, Richtung Finsterwalde > L60, Langer Damm und in umgekehrter Richtung.\n\nBitte beachten Sie die örtliche Beschilderung und Verkehrsführung."}},{"type":"Feature","geometry":{"type":"LineString","coordinates":[[14.58645,51.96646],[14.58642,51.9667],[14.58636,51.96696],[14.58629,51.96715],[14.58622,51.9673],[14.5861,51.9675],[14.58598,51.96766],[14.5858,51.96787],[14.58568,51.96799],[14.5855,51.96814],[14.58532,51.96828],[14.58518,51.96837],[14.58503,51.96846],[14.58488,51.96854],[14.58468,51.96864],[14.58448,51.96873],[14.58431,51.96879],[14.58415,51.96885],[14.58394,51.96891],[14.58367,51.96899],[14.58336,51.96905],[14.58297,51.96912],[14.58253,51.96917],[14.58196,51.96921],[14.58151,51.96925],[14.58097,51.9693],[14.57971,51.9694],[14.57816,51.96953],[14.57743,51.9696],[14.57685,51.96966],[14.57572,51.96978],[14.57478,51.96989],[14.57425,51.96994],[14.57318,51.97007],[14.57275,51.97012],[14.57238,51.97018],[14.57183,51.97029],[14.5712,51.97044],[14.57071,51.97057],[14.56969,51.97083],[14.56881,51.97105],[14.56837,51.97118],[14.56763,51.97144],[14.56698,51.97167],[14.56607,51.97199],[14.56469,51.97248],[14.56282,51.97313],[14.56189,51.97346],[14.56073,51.97387],[14.56007,51.9741],[14.55987,51.97417],[14.55951,51.97427],[14.55923,51.97434],[14.55767,51.97467],[14.55541,51.97516],[14.55429,51.97541],[14.55387,51.97552],[14.55355,51.97563],[14.55311,51.97582],[14.55273,51.97598],[14.55231,51.97611],[14.55188,51.97619],[14.55141,51.97623],[14.55089,51.97622],[14.55006,51.97616],[14.54957,51.97613],[14.54924,51.97614],[14.54883,51.97616],[14.54846,51.97621],[14.54788,51.9763],[14.54778,51.97632]]},"properties":{"sp":0,"o":"Schenkendöbern (Spree-Neiße) 3000 m.","s":"B320","von":"2026-09-10","bis":"2026-09-15","t":"Baumpflegearbeiten\n\nIm angegebenen Zeitraum besteht eine halbseitige Sperrung mit wechselseitiger Verkehrsführung. Die Regelung erfolgt über eine Baustellenampel. \n\nBitte der örtlichen Beschilderung folgen."}},{"type":"Feature","geometry":{"type":"LineString","coordinates":[[12.31096,52.51273],[12.31093,52.51275],[12.31079,52.51284],[12.31069,52.51292],[12.31062,52.51298],[12.31053,52.51307],[12.31044,52.51317],[12.31003,52.51363],[12.30953,52.51415],[12.30946,52.51423],[12.30942,52.5143],[12.30938,52.51438],[12.30936,52.51446],[12.30936,52.51455]]},"properties":{"sp":0,"o":"Milower Land (Havelland) 232 m.","s":"L96","von":"2025-11-24","bis":"2027-07-31","t":"Straßenbau\n\n> Vom 04.03.2024 bis 31.07.2027\nVOLLSPERRUNG auf der L96, OD Milow\n\nUmleitung:\nL96 über Kietz nach Bützer bis Knotenpunkt L964/L96 > L964, Vierietz > Landesgrenze Sachsen/Anhalt > B1, Richtung Neubensdorf > L96 über Nitzahn Richtung Milow und umgekehrt.\n\n> Im angegebenen Zeitraum besteht auf der L96, Karl-Marx-Straße bis Friedennstraße, eine halbseitige Sperrung mit wechselseitiger Verkehrsführung. \n\nDie Regelung erfolgt über eine Baustellenampel. \n\nBitte beachten Sie die örtliche Beschilderung und Verkehrsführung."}},{"type":"Feature","geometry":{"type":"LineString","coordinates":[[12.97279,52.42974],[12.97278,52.42977],[12.97276,52.4298],[12.97273,52.42983],[12.9727,52.42985],[12.97266,52.42988],[12.97262,52.4299],[12.97257,52.42991],[12.97252,52.42993],[12.97247,52.42994],[12.97235,52.42996],[12.97088,52.43023],[12.96946,52.4305],[12.96918,52.43054],[12.96899,52.43057],[12.96874,52.43058],[12.96774,52.43058],[12.96752,52.43057],[12.96736,52.43058],[12.9672,52.43059],[12.96697,52.43061],[12.9668,52.43063],[12.96656,52.43066],[12.96633,52.43069],[12.96609,52.43072],[12.96585,52.43074],[12.96562,52.43076],[12.96537,52.43077],[12.96513,52.43078],[12.96489,52.43078],[12.96465,52.43077],[12.96457,52.43076],[12.96371,52.4307],[12.9628,52.43063],[12.96274,52.43063],[12.96268,52.43063],[12.96263,52.43063],[12.96258,52.43064],[12.96253,52.43065],[12.96248,52.43066],[12.96244,52.43067],[12.96241,52.43068],[12.96232,52.43072],[12.96158,52.43103],[12.96078,52.43136],[12.96055,52.43146],[12.9603,52.43156],[12.95996,52.43166],[12.95974,52.43175],[12.95968,52.43177],[12.9595,52.43182],[12.95938,52.43185],[12.95917,52.43188],[12.95902,52.4319],[12.95887,52.43192],[12.95877,52.43192],[12.95853,52.43193],[12.95844,52.43193]]},"properties":{"sp":1,"o":"Potsdam (Potsdam) 1039 m.","s":"L902","von":"2026-07-13","bis":"2026-12-18","t":"Fahrbahn- und Radwegsanierung\n\nVOLLSPERRUNG auf der L902 zwischen dem Laubenweg und der Straße Am Bahnhof vom 13.07.2026 bis 18.12.2026\n\nUmleitung für den Pkw-Verkehr:\nL902, Kreisverkehr > L902, Richtung Potsdam-Zentrum / OT Bornim  > B273, Potsdam, OT Bornim > B273, Schlänitzsee > A10, AS Potsdam-Nord > A10, AS Leest > L902, in Richtung Grube und in umgekehrter Richtung.\n\nEine entsprechende Umleitung für den Radverkehr ist separat ausgewiesen."}},{"type":"Feature","geometry":{"type":"LineString","coordinates":[[13.28276,52.33725],[13.28274,52.33815],[13.28271,52.33918],[13.2827,52.33943],[13.2827,52.33969],[13.28271,52.33994],[13.28272,52.3402],[13.28273,52.34045],[13.28275,52.3407],[13.28277,52.34096],[13.2828,52.34121],[13.28283,52.34147],[13.28287,52.34172],[13.28291,52.34198],[13.28296,52.34223],[13.28301,52.34248],[13.28307,52.34273],[13.28313,52.34299],[13.28319,52.34324],[13.28326,52.34349],[13.28334,52.34374],[13.28338,52.34386]]},"properties":{"sp":0,"o":"Großbeeren (Teltow-Fläming) 739 m.","s":"B101","von":"2026-09-28","bis":"2026-10-02","t":"Gewährleistungsarbeiten\n\nIm angegebenen Zeitraum kommt es zu Einschränkungen des Verkehrsraumes mit einspuriger Verkehrsführung in beiden Fahrtrichtungen.\n\nBitte beachten Sie die örtliche Beschilderung und Verkehrsführung."}},{"type":"Feature","geometry":{"type":"LineString","coordinates":[[12.549,52.39968],[12.5491,52.39963],[12.54927,52.39953],[12.54946,52.39943],[12.54964,52.39933],[12.54982,52.39923],[12.54999,52.39913],[12.55017,52.39903],[12.55038,52.39891],[12.55056,52.39881],[12.55074,52.39871],[12.55091,52.39862],[12.5511,52.39852],[12.55129,52.39843],[12.55148,52.39834],[12.55158,52.3983],[12.55179,52.39822],[12.552,52.39815],[12.5521,52.39811],[12.55232,52.39805],[12.55243,52.39802],[12.55261,52.39798],[12.55272,52.39796],[12.55295,52.39791],[12.55307,52.39789],[12.55331,52.39786],[12.55337,52.39786],[12.55355,52.39784],[12.55361,52.39783],[12.55385,52.39783],[12.55409,52.39782],[12.55428,52.39782],[12.5544,52.39783],[12.55458,52.39784],[12.5547,52.39785],[12.55488,52.39786],[12.55512,52.39789],[12.5553,52.39792],[12.55536,52.39793],[12.55553,52.39796],[12.5557,52.398],[12.55587,52.39805],[12.55604,52.39809],[12.5562,52.39814],[12.55631,52.39818],[12.55651,52.39826],[12.55671,52.39834],[12.55691,52.39842],[12.5571,52.39851],[12.5573,52.39859],[12.55749,52.39867],[12.55769,52.39876],[12.55788,52.39884],[12.55807,52.39892],[12.55827,52.39901],[12.55846,52.39909],[12.55865,52.39917],[12.55885,52.39925],[12.55905,52.39933],[12.55924,52.39941],[12.55948,52.3995]]},"properties":{"sp":0,"o":"Brandenburg an der Havel (Brandenburg an der Havel) 833 m.","s":"B1","von":"2026-07-27","bis":"2029-08-21","t":"Baugrunduntersuchungen\n\nIm angegebenen Zeitraum besteht eine halbseitige Sperrung mit wechselseitiger Verkehrsführung. \n\nBitte der örtlichen Beschilderung folgen."}},{"type":"Feature","geometry":{"type":"LineString","coordinates":[[14.17485,52.42173],[14.17442,52.42137],[14.17109,52.41855],[14.17089,52.41837],[14.17074,52.41821],[14.17061,52.41804],[14.17051,52.41787],[14.17036,52.41759],[14.16963,52.41606],[14.16861,52.41396],[14.16842,52.41354],[14.16827,52.41311],[14.16817,52.41282],[14.16811,52.41261],[14.16723,52.40873],[14.16716,52.40848],[14.16711,52.4083],[14.16701,52.40806],[14.1669,52.40782],[14.16641,52.40684],[14.16616,52.40636]]},"properties":{"sp":1,"o":"Steinhöfel (Oder-Spree) 1840 m.","s":"L36","von":"2026-08-10","bis":"2026-10-02","t":"Deckenerneuerung in drei Bauabschnitten\nGesamtzeitraum der Maßnahme: 11.05.2026 bis 02.10.2026.\n\n> VOLLSPERRUNG vom 10.08.2026 bis 02.10.2026\nauf der L36, Steinhöfel bis Heinersdorf.\n\nUmleitung:\nab KPB5 / L36, Heinersdorf  > OU Müncheberg  > B168, Schönefelde > B168, Beerfelde > B168, Fürstenwalde > L36, Steinhöfel und in umgekehrter Richtung.\n\nDer Verkehr wird an beiden Knotenpunkten per Ampel geregelt.\nDie Erreichbarkeit der Ort bleibt aus Richtung Steinhöfel kommend gewährleistet.\n\nBitte der örtlichen Beschilderung folgen."}},{"type":"Feature","geometry":{"type":"LineString","coordinates":[[12.88177,52.61119],[12.88185,52.61126],[12.88203,52.61141]]},"properties":{"sp":0,"o":"Nauen (Havelland) 30 m.","s":"B273","von":"2026-05-26","bis":"2026-09-25","t":"Haussanierung und Aufstockung\n\nIm angegebenen Zeitraum besteht eine halbseitige Sperrung mit wechselseitiger Verkehrsführung. \n\n!!Info Großraum- und Schwerlasttransport:!!\nRichtung Zentrum bitte den Kreisverkehr nutzen.\n\nDa der Gehweg teilweise oder voll gesperrt wird, werden alle Verkehrsteilnehmer um erhöhte Aufmerksamkeit gebeten.\n\nBitte der örtlichen Beschilderung folgen."}},{"type":"Feature","geometry":{"type":"LineString","coordinates":[[13.64468,52.49773],[13.64469,52.49774],[13.64474,52.49778],[13.64482,52.49786],[13.64558,52.49847],[13.64634,52.4991]]},"properties":{"sp":0,"o":"Hoppegarten (Märkisch-Oderland) 189 m.","s":"L339","von":"2026-04-27","bis":"2026-12-31","t":"Tiefbauarbeiten\n\nIm angegebenen Zeitraum kommt es am Knotenpunkt B1/L339, Neuer Hönower Weg sowie am Knotenpunkt B1/L339, Köpenicker Straße zu temporären Sperrungen einer Fahrspur sowie zu Geschwindigkeitsbegrenzungen.\n\nBitte der örtlichen Beschilderung folgen."}},{"type":"Feature","geometry":{"type":"LineString","coordinates":[[13.65066,53.14422],[13.6509,53.14499]]},"properties":{"sp":1,"o":"Milmersdorf (Uckermark) 87 m.","s":"L100","von":"2026-09-09","bis":"2026-12-02","t":"Beseitigung Böschungsschaden\n\nVOLLSPERRUNG auf der L100 zwischen Krohnhorst und Milmersdorf und Verbot für Fahrzeuge mit einer zulässigen Gesamtmasse über 3,5 t \nvom 09.09.2026 bis 02.12.2026\n\nUmleitung:\nL100  >Milmersdorf  >L23 Templin >  B109 > L100 Krohnhorst und in umgekehrter Richtung.\n\nBitte der örtlichen Beschilderung folgen."}},{"type":"Feature","geometry":{"type":"LineString","coordinates":[[13.38379,51.71312],[13.38378,51.71308],[13.38369,51.7128],[13.38366,51.71271],[13.38365,51.71268],[13.38362,51.71253],[13.38347,51.71219],[13.38337,51.712],[13.38322,51.71175],[13.38312,51.71155],[13.38286,51.71107],[13.38279,51.71095],[13.38282,51.71082],[13.38285,51.7107],[13.38288,51.71061],[13.38293,51.71046],[13.38312,51.71003],[13.38336,51.7095],[13.38386,51.70829],[13.38431,51.7077]]},"properties":{"sp":1,"o":"Schlieben (Elbe-Elster) 630 m.","s":"L68","von":"2026-03-30","bis":"2026-11-30","t":"Ersatzneubau Brücke über den Steigemühlengraben\n\nVOLLSPERRUNG der L68 vom 30.03.2026 bis 30.11.2026. \n\nUmleitung: \nL681 > L691, Frenkenhain > L69 > L68 und in umgekehrter Reihenfolge.\n\nBitte beachten Sie die örtliche Verkehrsführung und Beschilderung."}},{"type":"Feature","geometry":{"type":"LineString","coordinates":[[13.93431,51.45429],[13.9341,51.45429],[13.93339,51.45433],[13.9329,51.45437],[13.93265,51.45439],[13.93241,51.4544],[13.93209,51.45441],[13.93161,51.45443],[13.93122,51.45445],[13.93035,51.4545],[13.93008,51.45451],[13.92992,51.45453],[13.92975,51.45457],[13.92961,51.45463],[13.92943,51.45472],[13.92929,51.4548],[13.92916,51.45488],[13.92905,51.45493],[13.92892,51.45496],[13.92875,51.45497],[13.9284,51.45498],[13.9278,51.45497],[13.9273,51.45497],[13.92682,51.45499],[13.92649,51.45501],[13.9257,51.45503],[13.92531,51.45503],[13.92482,51.45503],[13.92444,51.45503],[13.9221,51.45509],[13.92179,51.4551],[13.92156,51.45508],[13.92128,51.45506],[13.92084,51.455],[13.92034,51.45493],[13.91922,51.45478],[13.91877,51.45472],[13.91855,51.45469],[13.91699,51.45447],[13.91492,51.45419],[13.91343,51.45399],[13.91298,51.45392],[13.9127,51.45389],[13.91173,51.45385],[13.9103,51.45379],[13.90949,51.45378],[13.90916,51.4538],[13.9089,51.45381],[13.90857,51.45384],[13.90798,51.45392],[13.9077,51.45397],[13.90732,51.45407],[13.90701,51.45416],[13.90673,51.45426],[13.90647,51.45435],[13.9063,51.45441],[13.90608,51.45449],[13.90547,51.45473],[13.90399,51.45531],[13.90242,51.45594],[13.90213,51.45604],[13.90201,51.45608],[13.90182,51.45612],[13.90159,51.45615],[13.90141,51.45617],[13.90125,51.4562],[13.90052,51.45638],[13.90032,51.45641],[13.89966,51.45651],[13.89894,51.45661],[13.89862,51.45665],[13.89823,51.45669],[13.89777,51.45675],[13.89665,51.45692],[13.89439,51.45724],[13.89155,51.45764],[13.88996,51.45787],[13.88905,51.458],[13.88866,51.45807],[13.88837,51.45811],[13.88754,51.45822],[13.88577,51.45849],[13.8833,51.45886],[13.88319,51.45887],[13.88307,51.45887],[13.88298,51.45886],[13.88287,51.45883],[13.88265,51.45879],[13.88203,51.45866],[13.8811,51.45849],[13.88061,51.45844],[13.88034,51.4584],[13.88008,51.45839],[13.87947,51.45837],[13.87901,51.45838],[13.87861,51.45838],[13.87825,51.45838],[13.87794,51.45839],[13.87743,51.4584],[13.87705,51.45841],[13.87638,51.45843],[13.87616,51.45841],[13.87601,51.45839],[13.87578,51.45833],[13.8755,51.45825],[13.87524,51.45816],[13.87495,51.45805],[13.87477,51.45797],[13.87461,51.45789],[13.87445,51.4578],[13.87432,51.45773],[13.87404,51.45754],[13.87366,51.45727]]},"properties":{"sp":1,"o":"Ruhland (Oberspreewald-Lausitz) 4404 m.","s":"L581","von":"2026-08-03","bis":"2026-11-27","t":"Ersatzneubau \n\nVOLLSPERRUNG auf der L581 zwischen OD Ruhland und OD Schwazbach vom 03.08.2026 bis 27.11.2026.\n\nUmleitung:\nab KP L57/L581, Ruhland > L57, Guteborn > KP L57/L58, Grünewald > L58, Hohenbocka > KPL58/L581, Hosena > L581, Schwarzbach > bis KP L581/K6604, Schwarzbach und in umgekehrter Richtung.\n\nBitte beachten Sie die örtliche Beschilderung und Verkehrsführung."}},{"type":"Feature","geometry":{"type":"LineString","coordinates":[[14.36017,51.77171],[14.36022,51.77177],[14.36035,51.7719]]},"properties":{"sp":1,"o":"Cottbus (Cottbus) 25 m.","s":"B169","von":"2025-10-22","bis":"2027-12-21","t":"Grundhafter Ausbau in mehreren Bauphasen\n\nBauphase 2: \nAb 26.09.2025\nkommt es auf der B169 beim Kreisverkehr B169 Stadtring / Nordring zu einspuriger Verkehrsführung in beiden Fahrtrichtungen.\n\nAus Richtung Peitz kommend ist der Geh- und Radweg gesperrt. \nEs wird eine Umleitung eingerichtet.\n\nDann werden bis zum Abzweig \"Drewitzer Straße\" beide Richtungsfahrbahn auf eine Fahrbahn übergeleitet. \n\nZwischen dem Abzweig \"Am Großen Spreewehr\" und dem Bahnübergang werden beide Richtungsfahrbahnen auf eine Fahrbahn übergeleitet. \n\nHinweis: Die Zuwegung aus Merzdorf kommen zu \"Am Großen Spreewehr\" ist gewährleistet.\n\n________________________________\n\nVOLLSPERRUNG der \"Drewitzer Straße\" (Abzweig von der B169) ab 22.10.2025.\n\n\nDie Verkehrsführung wird je nach Baufortschritt angepasst\nBitte beachten Sie die örtliche Beschilderung und Verkehrsführung."}},{"type":"Feature","geometry":{"type":"LineString","coordinates":[[14.35823,51.76966],[14.35871,51.77018],[14.35921,51.77072],[14.35957,51.77109],[14.36022,51.77177],[14.36036,51.77191],[14.36041,51.77197],[14.36048,51.77204],[14.3605,51.77206]]},"properties":{"sp":0,"o":"Cottbus (Cottbus) 310 m.","s":"B169","von":"2025-09-26","bis":"2027-12-21","t":"Grundhafter Ausbau in mehreren Bauphasen\n\nBauphase 2: \nAb 26.09.2025\nkommt es auf der B169 beim Kreisverkehr B169 Stadtring / Nordring zu einspuriger Verkehrsführung in beiden Fahrtrichtungen.\n\nAus Richtung Peitz kommend ist der Geh- und Radweg gesperrt. \nEs wird eine Umleitung eingerichtet.\n\nDann werden bis zum Abzweig \"Drewitzer Straße\" beide Richtungsfahrbahn auf eine Fahrbahn übergeleitet. \n\nZwischen dem Abzweig \"Am Großen Spreewehr\" und dem Bahnübergang werden beide Richtungsfahrbahnen auf eine Fahrbahn übergeleitet. \n\nHinweis: Die Zuwegung aus Merzdorf kommen zu \"Am Großen Spreewehr\" ist gewährleistet.\n\n________________________________\n\nVOLLSPERRUNG der \"Drewitzer Straße\" (Abzweig von der B169) ab 22.10.2025.\n\n\nDie Verkehrsführung wird je nach Baufortschritt angepasst\nBitte beachten Sie die örtliche Beschilderung und Verkehrsführung."}},{"type":"Feature","geometry":{"type":"LineString","coordinates":[[13.42897,52.65674],[13.42899,52.65673],[13.4292,52.65666],[13.42942,52.6566],[13.42947,52.65658],[13.42949,52.65657]]},"properties":{"sp":1,"o":"Wandlitz (Barnim) 40 m.","s":"L305","von":"2026-09-14","bis":"2026-09-26","t":"Erneuerung Brückenbauwerk\n\nVOLLSPERRUNG der Brücke auf der L305  vom 14.09.2026 bis 26.09.2026.\n\nUmleitung:\nab L305 (Mühlenbecker Straße) > L305, Schönerlinde > OD Schönerlinde, Schönerlinder Dorfstraße > OD Schönerlinde, Alter Heerweg > bis KP OD Schönerlinde, Alter Heerweg/L305 und in umgekehrter Reihenfolge\n\nBitte achten Sie auf die örtliche Verkehrsführung und Beschilderung."}},{"type":"Feature","geometry":{"type":"LineString","coordinates":[[13.32114,52.08001],[13.32105,52.07974]]},"properties":{"sp":1,"o":"Am Mellensee (Teltow-Fläming) 30 m.","s":"L70","von":"2026-08-17","bis":"2026-09-25","t":"Tiefbauarbeiten, Austausch Trinkwasserleitung\n\nVOLLSPERRUNG auf der L70, Kummersdorfer Straße\nvom 17.08.2026 bis 25.09.2026.\n\nAuf der K7222, Gottower Straße bis Neuhofer Straße kommt es währenddessen zur halbseitigen Sperrung mit wechselseitiger Verkehrsführung. \n\nDie Regelung erfolgt über eine Baustellenampel. \n\nBitte der örtlichen Beschilderung folgen."}},{"type":"Feature","geometry":{"type":"LineString","coordinates":[[13.87366,51.45727],[13.87404,51.45754],[13.87432,51.45773],[13.87445,51.4578],[13.87461,51.45789],[13.87477,51.45797],[13.87495,51.45805],[13.87524,51.45816],[13.8755,51.45825],[13.87578,51.45833],[13.87601,51.45839],[13.87616,51.45841],[13.87638,51.45843],[13.87705,51.45841],[13.87743,51.4584],[13.87794,51.45839],[13.87825,51.45838],[13.87861,51.45838],[13.87901,51.45838],[13.87947,51.45837],[13.88008,51.45839],[13.88034,51.4584],[13.88061,51.45844],[13.8811,51.45849],[13.88203,51.45866],[13.88265,51.45879],[13.88287,51.45883],[13.88298,51.45886],[13.88307,51.45887],[13.88319,51.45887],[13.8833,51.45886],[13.88577,51.45849],[13.88754,51.45822],[13.88837,51.45811],[13.88866,51.45807],[13.88905,51.458],[13.88996,51.45787],[13.89155,51.45764],[13.89439,51.45724],[13.89665,51.45692],[13.89777,51.45675],[13.89823,51.45669],[13.89862,51.45665],[13.89894,51.45661],[13.89966,51.45651],[13.90032,51.45641],[13.90052,51.45638],[13.90125,51.4562],[13.90141,51.45617],[13.90159,51.45615],[13.90182,51.45612],[13.90201,51.45608],[13.90213,51.45604],[13.90242,51.45594],[13.90399,51.45531],[13.90547,51.45473],[13.90608,51.45449],[13.9063,51.45441],[13.90647,51.45435],[13.90673,51.45426],[13.90701,51.45416],[13.90732,51.45407],[13.9077,51.45397],[13.90798,51.45392],[13.90857,51.45384],[13.9089,51.45381],[13.90916,51.4538],[13.90949,51.45378],[13.9103,51.45379],[13.91173,51.45385],[13.9127,51.45389],[13.91298,51.45392],[13.91343,51.45399],[13.91492,51.45419],[13.91699,51.45447],[13.91855,51.45469],[13.91877,51.45472],[13.91922,51.45478],[13.92034,51.45493],[13.92084,51.455],[13.92128,51.45506],[13.92156,51.45508],[13.92179,51.4551],[13.9221,51.45509],[13.92444,51.45503],[13.92482,51.45503],[13.92531,51.45503],[13.9257,51.45503],[13.92649,51.45501],[13.92682,51.45499],[13.9273,51.45497],[13.9278,51.45497],[13.9284,51.45498],[13.92875,51.45497],[13.92892,51.45496],[13.92905,51.45493],[13.92916,51.45488],[13.92929,51.4548],[13.92943,51.45472],[13.92961,51.45463],[13.92975,51.45457],[13.92992,51.45453],[13.93008,51.45451],[13.93035,51.4545],[13.93122,51.45445],[13.93161,51.45443],[13.93209,51.45441],[13.93241,51.4544],[13.93265,51.45439],[13.9329,51.45437],[13.93339,51.45433],[13.9341,51.45429],[13.93431,51.45429]]},"properties":{"sp":1,"o":"Ruhland (Oberspreewald-Lausitz) 4404 m.","s":"L581","von":"2026-08-03","bis":"2026-11-27","t":"Ersatzneubau \n\nVOLLSPERRUNG auf der L581 zwischen OD Ruhland und OD Schwazbach vom 03.08.2026 bis 27.11.2026.\n\nUmleitung:\nab KP L57/L581, Ruhland > L57, Guteborn > KP L57/L58, Grünewald > L58, Hohenbocka > KPL58/L581, Hosena > L581, Schwarzbach > bis KP L581/K6604, Schwarzbach und in umgekehrter Richtung.\n\nBitte beachten Sie die örtliche Beschilderung und Verkehrsführung."}},{"type":"Feature","geometry":{"type":"LineString","coordinates":[[13.77563,52.47343],[13.77581,52.47337],[13.77571,52.47325]]},"properties":{"sp":0,"o":"Woltersdorf (Oder-Spree) 30 m.","s":"L30","von":"2026-08-04","bis":"2026-09-29","t":"Verlegung Trinkwasserleitung\n\nIm angegebenen Zeitraum besteht auf der L30, KP Straße der Jugend/ Heinitzstraße eine halbseitige Sperrung mit wechselseitiger Verkehrsführung. \nDie Regelung erfolgt über eine Baustellenampel. \n\nEine innerörtliche Ausschilderung ist ausgewiesen.\n\nBitte der örtlichen Beschilderung folgen."}},{"type":"Feature","geometry":{"type":"LineString","coordinates":[[14.4053,51.56777],[14.40516,51.56776]]},"properties":{"sp":1,"o":"Spremberg (Spree-Neiße) 10 m.","s":"B156","von":"2026-09-22","bis":"2026-09-24","t":"Aus- und Einbau der Überwachungssignale\n\nVOLLSPERRUNG des Bahnüberganges auf der B156, Muskauer Straße\nvom 22.09.2026 bis 24.09.2026\n\nEine entsprechende Umleitung ist ausgewiesen.\n\nBitte der örtlichen Beschilderung folgen."}},{"type":"Feature","geometry":{"type":"LineString","coordinates":[[12.93322,52.38231],[12.93358,52.38127],[12.93361,52.38118]]},"properties":{"sp":1,"o":"Werder (Potsdam-Mittelmark) 129 m.","s":"L90","von":"2026-08-10","bis":"2028-04-28","t":"Grundhafter Ausbau in 4 Bauabschnitten: \n\nVOLLSPERRUNG auf der L90, ab Kastanienweg bis \"An der Föhse\"\nvom 21.08.2026 bis 28.04.2028.\n\nUmleitung für Fahrzeuge bis 7,5 t:\nOT Kemnitz (Kemnitzer Chaussee/Phöbener Straße > B1 und in umgekehrter Richtung.\n\nUmleitung für Fahrzeuge über 7,5 t:\nB1 > A10 (AS Groß Kreutz und Phöben) und in umgekehrter Richtung.\n\nDer Linienbusverkehr wird nördlich und südlich an der Baustelle über Kemnitzer Straße/Kemnitzer Chaussee und Kesselgrund vorbeigeführt.\n\nBitte beachten Sie die örtliche Verkehrsführung und Beschilderung."}},{"type":"Feature","geometry":{"type":"LineString","coordinates":[[12.32409,52.53565],[12.32349,52.53548],[12.32295,52.53533],[12.32274,52.53527],[12.32256,52.53522],[12.32231,52.53513],[12.32209,52.53505],[12.32186,52.53496],[12.32138,52.53476],[12.32038,52.53434],[12.31932,52.5339],[12.31917,52.53384],[12.31902,52.53377],[12.31888,52.5337],[12.31874,52.53363],[12.31861,52.53356],[12.3185,52.5335],[12.31772,52.53306],[12.31707,52.5327],[12.3167,52.53249],[12.31646,52.53236],[12.31623,52.53223],[12.31599,52.53209],[12.31576,52.53195],[12.31552,52.53179],[12.31527,52.53161],[12.31504,52.53142],[12.31486,52.53126],[12.31475,52.53113],[12.31458,52.53093],[12.31446,52.53074],[12.31436,52.53057],[12.31429,52.53045],[12.31423,52.53032],[12.31416,52.53013],[12.3139,52.52941],[12.31366,52.52879]]},"properties":{"sp":0,"o":"Premnitz (Havelland) 1090 m.","s":"L963","von":"2026-08-31","bis":"2026-12-31","t":"Erneuerung Stromkabel, Kabelgraben\n\nIm angegebenen Zeitraum besteht eine halbseitige Sperrung mit wechselseitiger Verkehrsführung.\n\nDie Regelung erfolgt über eine Baustellenampel. \n\nBitte der örtlichen Beschilderung folgen."}},{"type":"Feature","geometry":{"type":"LineString","coordinates":[[14.31286,51.8857],[14.31293,51.88543],[14.31302,51.88498],[14.31312,51.88444],[14.31323,51.8839],[14.31335,51.88332],[14.31345,51.88278],[14.31355,51.88229],[14.31367,51.88171],[14.31367,51.88167],[14.31368,51.88162],[14.31369,51.88158],[14.3137,51.88153],[14.31371,51.88149],[14.31372,51.88144],[14.31373,51.8814],[14.31382,51.88098]]},"properties":{"sp":1,"o":"Drehnow (Spree-Neiße) 530 m.","s":"K7138","von":"2026-09-14","bis":"2026-10-16","t":"Deckenerneuerung\n\nVOLLSPERRUNG auf der K7138 zwischen Drehnow und Drachhausen\nvom 14.09.2026 bis 16.10.2026\n\nUmleitung:\nK7138, Drehnow  >B168, Turnow > L50, Richtung Drachhausen und in umgekehrter Richtung.\n\nBitte der örtlichen Beschilderung folgen."}},{"type":"Feature","geometry":{"type":"LineString","coordinates":[[13.64634,52.4991],[13.64617,52.49913],[13.64584,52.49921],[13.64564,52.49927],[13.64534,52.49937],[13.64511,52.49945],[13.64494,52.49951],[13.64469,52.49962],[13.64444,52.49974],[13.64422,52.49985],[13.64399,52.49997],[13.64377,52.5001],[13.64351,52.50025],[13.6433,52.50038],[13.64304,52.50054],[13.64283,52.50067],[13.64261,52.5008],[13.64239,52.50092],[13.64217,52.50105],[13.64196,52.50119]]},"properties":{"sp":0,"o":"Hoppegarten (Märkisch-Oderland) 381 m.","s":"B1","von":"2026-04-27","bis":"2026-12-31","t":"Tiefbauarbeiten\n\nIm angegebenen Zeitraum kommt es am Knotenpunkt B1/L339, Neuer Hönower Weg sowie am Knotenpunkt B1/L339, Köpenicker Straße zu temporären Sperrungen einer Fahrspur sowie zu Geschwindigkeitsbegrenzungen.\n\nBitte der örtlichen Beschilderung folgen."}},{"type":"Feature","geometry":{"type":"LineString","coordinates":[[12.30936,52.51455],[12.30936,52.51446],[12.30938,52.51438],[12.30942,52.5143],[12.30946,52.51423],[12.30953,52.51415],[12.31003,52.51363],[12.31044,52.51317],[12.31053,52.51307],[12.31062,52.51298],[12.31069,52.51292],[12.31079,52.51284],[12.31093,52.51275],[12.3111,52.51265],[12.31126,52.51256],[12.31227,52.51199],[12.31322,52.51146],[12.31335,52.51139],[12.3134,52.51136],[12.31348,52.5113],[12.31356,52.51124],[12.31361,52.5112],[12.31366,52.51115],[12.31519,52.5097],[12.31585,52.50908]]},"properties":{"sp":1,"o":"Milower Land (Havelland) 761 m.","s":"L96","von":"2025-05-16","bis":"2027-07-31","t":"Straßenbau\n\n> Vom 04.03.2024 bis 31.07.2027\nVOLLSPERRUNG auf der L96, OD Milow\n\nUmleitung:\nL96 über Kietz nach Bützer bis Knotenpunkt L964/L96 > L964, Vierietz > Landesgrenze Sachsen/Anhalt > B1, Richtung Neubensdorf > L96 über Nitzahn Richtung Milow und umgekehrt.\n\n> Im angegebenen Zeitraum besteht auf der L96, Karl-Marx-Straße bis Friedennstraße, eine halbseitige Sperrung mit wechselseitiger Verkehrsführung. \n\nDie Regelung erfolgt über eine Baustellenampel. \n\nBitte beachten Sie die örtliche Beschilderung und Verkehrsführung."}},{"type":"Feature","geometry":{"type":"LineString","coordinates":[[12.50813,52.55889],[12.50811,52.55889],[12.508,52.55892],[12.50795,52.55894],[12.50784,52.55896],[12.50773,52.55898],[12.5075,52.55902],[12.50727,52.55906],[12.50705,52.5591],[12.50682,52.55914],[12.50659,52.55918],[12.50648,52.5592]]},"properties":{"sp":0,"o":"Nennhausen (Havelland) 117 m.","s":"L98","von":"2026-09-07","bis":"2026-09-14","t":"Beprobung Bankett\n\nIm angegebenen Zeitraum besteht eine halbseitige Sperrung mit wechselseitiger Verkehrsführung. \n\nBitte der örtlichen Beschilderung folgen."}},{"type":"Feature","geometry":{"type":"LineString","coordinates":[[13.8696,51.47159],[13.86977,51.47181],[13.86992,51.47197],[13.87049,51.47249],[13.87147,51.47339],[13.87223,51.47405],[13.8732,51.47496],[13.87443,51.47608],[13.87454,51.47617]]},"properties":{"sp":1,"o":"Schwarzheide (Oberspreewald-Lausitz) 615 m.","s":"L55","von":"2026-08-24","bis":"2026-09-18","t":"Deckenerneuerung in mehreren Bauabschnitten.\n\nGesamtzeitraum der Maßnahme vom 09.07.2026 bis 18.09.2026\n\nVOLLSPERRUNG der L55, Schipkauer Straße   \nvom 24.08.2026 bis 18.09.2026\n\nUmleitung:\nB169, AS Ruhland > K6608, Lauchhammer Ost > Ruhlander Straße Richtung Schwarzheide, L55 und in umgekehrter Richtung.\n\nDie Verkehrsführung wird je nach Baufortschritt angepasst.\n\nBitte der örtlichen Beschilderung folgen."}},{"type":"Feature","geometry":{"type":"LineString","coordinates":[[13.55008,53.13111],[13.55012,53.13112],[13.55024,53.13117],[13.55035,53.13123],[13.55048,53.13133],[13.55063,53.13149],[13.55071,53.13158],[13.5508,53.13168],[13.55085,53.13173]]},"properties":{"sp":0,"o":"Templin (Uckermark) 88 m.","s":"Brücke Fährkrug, B109","von":"2020-10-21","bis":"2026-12-31","t":"Sicherung des Brückenbauwerks \n\nAb 21.10.2020 kommt es zu Einschränkungen des Verkehrsraumes mit wechselseitiger Verkehrsführung in beiden Fahrtrichtungen.\n\nInfo GST: \nDer Abschnitt ist in beiden Fahrtrichtungen für GST (  und gt; 41,8 t) gesperrt.\n\nBitte beachten Sie die örtliche Verkehrführung und Beschilderung."}},{"type":"Feature","geometry":{"type":"LineString","coordinates":[[12.85522,52.52886],[12.85527,52.52893],[12.85535,52.529],[12.85543,52.52906],[12.85553,52.52912],[12.85563,52.52918],[12.85573,52.52923],[12.85581,52.52927],[12.85597,52.52935],[12.85627,52.52949],[12.85677,52.52971],[12.85736,52.52995],[12.85781,52.53013],[12.85808,52.53024],[12.85833,52.53033],[12.85863,52.53044],[12.85908,52.53059],[12.86026,52.53097],[12.8611,52.53124],[12.86136,52.5313],[12.86159,52.53137],[12.86174,52.53142],[12.8619,52.53147],[12.86205,52.53153],[12.86218,52.53157],[12.86249,52.5317],[12.86316,52.53198],[12.86365,52.53219],[12.86409,52.53237],[12.8642,52.53242],[12.86432,52.53248],[12.86443,52.53255],[12.86455,52.53262],[12.86465,52.53269],[12.86475,52.53277],[12.86484,52.53286],[12.86492,52.53294],[12.865,52.53303],[12.86504,52.53307],[12.86511,52.53316],[12.86523,52.5333],[12.86538,52.53349],[12.86546,52.53358],[12.86554,52.53366],[12.86563,52.53375],[12.86577,52.53388],[12.86686,52.53485],[12.86794,52.53583],[12.86851,52.53636],[12.86902,52.53682],[12.86934,52.53708],[12.87012,52.53778],[12.87127,52.5388],[12.87136,52.53888],[12.87145,52.53896],[12.87156,52.53902],[12.87168,52.53909],[12.8718,52.53915],[12.87199,52.53923],[12.8725,52.53942],[12.87317,52.53968],[12.87329,52.53973],[12.87341,52.53977],[12.87366,52.53988],[12.87403,52.54004],[12.87448,52.54024],[12.87462,52.5403],[12.87476,52.54037],[12.87489,52.54043],[12.87502,52.54051],[12.87514,52.54058],[12.87526,52.54066],[12.87537,52.54074],[12.87552,52.54086],[12.87568,52.54101],[12.87589,52.5412],[12.87594,52.54125],[12.87598,52.5413],[12.87605,52.5414],[12.87608,52.54144]]},"properties":{"sp":0,"o":"Ketzin/Havel (Havelland) 2037 m.","s":"L86","von":"2026-09-07","bis":"2026-09-14","t":"Beprobung Bankett\n\nIm angegebenen Zeitraum besteht eine halbseitige Sperrung mit wechselseitiger Verkehrsführung. \n\nBitte der örtlichen Beschilderung folgen."}},{"type":"Feature","geometry":{"type":"LineString","coordinates":[[13.70477,51.63624],[13.70486,51.63626],[13.70624,51.63661]]},"properties":{"sp":1,"o":"Finsterwalde (Elbe-Elster) 110 m.","s":"L60","von":"2026-07-13","bis":"2026-10-02","t":"Deckenerneuerung\n\nVOLLSPERRUNG auf der B96, zwischen Sonnewalde und Finsterwalde, inkl. dem Knotenpunkt der L60 mit der B96\nvom 13.07.2026 bis 02.10.2026.\n\nUmleitung:\nB96, Sonnewalde > L701, Schönewalde > L701, Frankena >L701, Sonnewalde > L70, Doberlug-Kirchhain  > L60, Hennersdorf > L60, Finsterwalde > B96, Finsterwalde und in umgekehrter Richtung.\n\nBitte beachten Sie die örtliche Beschilderung und Verkehrsführung."}},{"type":"Feature","geometry":{"type":"LineString","coordinates":[[11.84588,53.08958],[11.84645,53.08911]]},"properties":{"sp":0,"o":"Perleberg (Prignitz) 65 m.","s":"B5","von":"2026-09-09","bis":"2026-10-30","t":"Sanierung Asphalt und Nebenanlagen \n\nVom 22.07.2026 bis 30.10.2026 kommt es zu Verkehrsraumeinschränkungen am Knotenpunkt AS Perleberg Nord mit wechselseitiger Verkehrsführung in beiden Fahrtrichtungen. Der Verkehr auf der B 189 wird mithilfe einer Ampel geregelt.\n\nVOLLSPERRUNG der Zu- und  Abfahrt von der B5 in Richtung Perleberg und Karstädt vom 22.07.2026 bis 30.10.2026\n\nUmleitung:\nB5 aus Richtung Karstädt  > Hamburger Chaussee > Perleberg > Putzlitzer Straße > Matthias-Hasse- Str. > B5 > B189 und in umgekehrter Richtung.\n\nUmleitung für LKW über 19,5 Tonnen:\nA14, AS Karstädt  > L131/K7037, Stavenow > L122 > L12, Perleberg > L10 > B189 und in umgekehrter Richtung.\n\nDie Verkehrsführung wird je nach Baufortschritt angepasst.\n\nBitte beachten Sie die örtliche Verkehrsführung und Beschilderung."}},{"type":"Feature","geometry":{"type":"LineString","coordinates":[[13.68371,52.66343],[13.68377,52.66342],[13.68419,52.66337],[13.68433,52.66335],[13.68482,52.66334],[13.68619,52.66332],[13.68637,52.66333],[13.68655,52.66334],[13.68673,52.66336],[13.68696,52.6634],[13.68719,52.66345],[13.68741,52.66351],[13.68776,52.66359]]},"properties":{"sp":0,"o":"Bernau bei Berlin (Barnim) 280 m.","s":"L236","von":"2026-08-24","bis":"2026-09-18","t":"Deckenerneuerung\n\nIm angegebenen Zeitraum besteht eine halbseitige Sperrung mit wechselseitiger Verkehrsführung. Die Regelung erfolgt über eine Baustellenampel. \n\nBitte der örtlichen Beschilderung folgen."}},{"type":"Feature","geometry":{"type":"LineString","coordinates":[[12.22325,53.26299],[12.22326,53.26301],[12.22335,53.26317],[12.22342,53.26333],[12.22348,53.2635],[12.22355,53.26372],[12.224,53.26569],[12.22445,53.26765],[12.22491,53.26962],[12.22536,53.27158],[12.22581,53.27355],[12.22626,53.27551],[12.22672,53.27753],[12.22676,53.2777],[12.22679,53.27787],[12.22682,53.27804],[12.22685,53.27821],[12.22687,53.27844],[12.22708,53.28033],[12.22729,53.28221],[12.2275,53.2841],[12.22771,53.28599],[12.22793,53.28793],[12.22795,53.28812],[12.22798,53.28831],[12.22802,53.2885],[12.22807,53.28869],[12.22815,53.28894],[12.22833,53.28943],[12.22851,53.28993]]},"properties":{"sp":0,"o":"Meyenburg (Prignitz) 3020 m.","s":"B103","von":"2026-04-02","bis":"2026-10-30","t":"Markierungsarbeiten\n\nIm angegebenen Zeitraum kommt es zu Einschränkungen des Verkehrsraumes mit wechselseitiger Verkehrsführung in beiden Fahrtrichtungen.\n\nBitte beachten Sie die örtliche Beschilderung und Verkehrsführung."}},{"type":"Feature","geometry":{"type":"LineString","coordinates":[[12.95312,52.5552],[12.95317,52.55542],[12.95321,52.55564],[12.95324,52.55586],[12.95325,52.55608],[12.95326,52.5563],[12.95324,52.55652],[12.95322,52.55674],[12.95318,52.55696],[12.95317,52.55699]]},"properties":{"sp":1,"o":"Brieselang (Havelland) 200 m.","s":"L202","von":"2026-10-12","bis":"2026-10-31","t":"Deckenerneuerung /Verbreiterung Gehweg / Erneuerung Geh- und Radweg\nin drei Bauabschnitten\n\nGesamtzeitraum der Maßnahme: 20.08.2026 bis 31.10.2026\n\nVOLLSPERRUNG\n\n2. Bauabschnitt: 14.09.2026 bis 09.10.2026 auf der B5\n3. Bauabschnitt 12.10.2026 bis 30.10.2026 auf der L202\n\nEine entsprechende Umleitung ist ausgewiesen.\n\nFür Fußgänger, Radfahrer, Mopedfahrer, den Landwirtschaftlichen Verkehr sowie die Rettungswagen, Feuerwehren wird freigehalten.\n\nEs besteht zudem eine halbseitige Sperrung mit wechselseitiger Verkehrsführung.\n\nDie Verkehrsführung wird je nach Baufortschritt angepasst.\n\nBitte der örtlichen Beschilderung folgen."}},{"type":"Feature","geometry":{"type":"LineString","coordinates":[[14.12136,53.29143],[14.12263,53.29096]]},"properties":{"sp":1,"o":"Randowtal (Uckermark) 100 m.","s":"L25","von":"2026-08-03","bis":"2026-12-18","t":"Erneuerung Durchlass\n\nVOLLSPERRUNG auf der L25, zwischen Schölln und Grünz vom 03.08.2026 bis 18.12.2026.\n\nUmleitung:\nab Chausseestraße > L283, Grünz > L283, Sommerdorf > L283, Penkun > K85 (Str. Am Bahnhof), Wollin > K7360, Bagemühl > KP K7316/L251, Grünberg > L251, Schwaneberg > KP L251/L25, Schmölln und in umgekehrter Richtung.\n\nBitte beachten Sie die örtliche Beschilderung und Verkehrsführung."}},{"type":"Feature","geometry":{"type":"LineString","coordinates":[[14.13647,51.55669],[14.13645,51.5567],[14.13567,51.55672],[14.13532,51.55673]]},"properties":{"sp":0,"o":"Neu-Seeland (Oberspreewald-Lausitz) 80 m.","s":"B156","von":"2026-09-07","bis":"2026-10-31","t":"Reparatur im Gehwegbereich\n\nIm angegebenen Zeitraum besteht eine halbseitige Sperrung mit wechselseitiger Verkehrsführung. Die Regelung erfolgt über eine Baustellenampel. \n\nBitte der örtlichen Beschilderung folgen."}},{"type":"Feature","geometry":{"type":"LineString","coordinates":[[12.95312,52.5552],[12.95313,52.55525]]},"properties":{"sp":1,"o":"Brieselang (Havelland) 5 m.","s":"L202","von":"2026-08-20","bis":"2026-09-11","t":"Deckenerneuerung /Verbreiterung Gehweg / Erneuerung Geh- und Radweg\nin drei Bauabschnitten\n\nGesamtzeitraum der Maßnahme: 20.08.2026 bis 31.10.2026\n\nVOLLSPERRUNG\n\n2. Bauabschnitt: 14.09.2026 bis 09.10.2026 auf der B5\n3. Bauabschnitt 12.10.2026 bis 30.10.2026 auf der L202\n\nEine entsprechende Umleitung ist ausgewiesen.\n\nFür Fußgänger, Radfahrer, Mopedfahrer, den Landwirtschaftlichen Verkehr sowie die Rettungswagen, Feuerwehren wird freigehalten.\n\nEs besteht zudem eine halbseitige Sperrung mit wechselseitiger Verkehrsführung.\n\nDie Verkehrsführung wird je nach Baufortschritt angepasst.\n\nBitte der örtlichen Beschilderung folgen."}},{"type":"Feature","geometry":{"type":"LineString","coordinates":[[13.68508,52.84986],[13.68499,52.84987],[13.68431,52.84994],[13.68201,52.85018],[13.68026,52.85037],[13.67999,52.85039],[13.67973,52.85039],[13.6772,52.85045],[13.67683,52.85047],[13.67658,52.8505],[13.67346,52.85102],[13.6718,52.8513],[13.67148,52.85136],[13.67086,52.85145],[13.6705,52.8515],[13.66953,52.85163]]},"properties":{"sp":1,"o":"Schorfheide (Barnim) 1070 m.","s":"B167","von":"2026-09-14","bis":"2026-10-30","t":"Deckenerneuerung\n\nVOLLSPERRUNG auf der B167 (Marienwerderstraße) zwischen der Tankstelle und der Anschlussstelle zur A11 vom 14.09.2026 bis 30.10.2026.\n\nUmleitungen:\nnördliche Route ab KP B167/L237, Eberswalde > KP B167/L238, Erberswalde > L238, Lichterfelde > L238, Altenhof > KP L238/L23 > KP L23/L220 > L220, Elsenau > L220, Eichhorst > bis KP L220/B167 und in umgekehrter Richtung.\n\nsüdliche Route ab KP B167/L100, Zerpenschleuse > KP L100/L315, Klosterfelde > KP L315/L31, Prenden > KP L31/L29, Lanke > L29, Biesenthal > KP L29/L200, Biesenthal > L200, Melchow > L200, Spechthausen > bis KP L200/B167, Eberswalde\n\nBitte beachten Sie die örtliche Beschilderung und Verkehrsführung."}},{"type":"Feature","geometry":{"type":"LineString","coordinates":[[14.40741,51.85289],[14.40756,51.85282],[14.40767,51.85276],[14.40777,51.85269],[14.40787,51.85261],[14.40811,51.85242],[14.40842,51.85218],[14.40861,51.85203],[14.40875,51.85192],[14.40891,51.85181],[14.40907,51.85172],[14.40923,51.85164],[14.40944,51.85155],[14.4096,51.85148],[14.40983,51.85141],[14.41007,51.85134],[14.41031,51.85129],[14.41053,51.85124],[14.41071,51.85122],[14.41095,51.85119],[14.4112,51.85118],[14.41146,51.85117],[14.41172,51.85114],[14.41194,51.85112],[14.41222,51.85108],[14.41248,51.85102],[14.4127,51.85097],[14.41292,51.85091],[14.41317,51.85082],[14.41351,51.85069],[14.41406,51.85048],[14.41427,51.8504],[14.4145,51.85031],[14.41472,51.85024],[14.41496,51.85016],[14.41519,51.8501],[14.41543,51.85004],[14.41566,51.84998],[14.4159,51.84993],[14.41615,51.84988],[14.4164,51.84984],[14.41667,51.84981],[14.41692,51.84978],[14.41717,51.84975],[14.41742,51.84973],[14.41768,51.84972],[14.41794,51.84971],[14.41821,51.8497],[14.41846,51.8497],[14.41937,51.84968],[14.41977,51.84967],[14.42066,51.84965],[14.42117,51.84964],[14.42144,51.84963],[14.42168,51.84962],[14.42195,51.84962],[14.42223,51.84961],[14.42249,51.84961],[14.42275,51.84962],[14.42301,51.84963],[14.42326,51.84965],[14.42353,51.84968],[14.42389,51.84974],[14.42413,51.84978],[14.42438,51.84984],[14.42462,51.84991],[14.42484,51.84997],[14.42517,51.85009],[14.42541,51.85019],[14.42573,51.85033],[14.42641,51.85067],[14.42666,51.85079],[14.42695,51.85094],[14.42724,51.85107],[14.42756,51.85121],[14.42784,51.85133],[14.42829,51.8515],[14.42865,51.85162],[14.42933,51.85183],[14.42968,51.85192],[14.43027,51.85205],[14.43077,51.85215],[14.43114,51.85222],[14.43145,51.85226],[14.43206,51.85233],[14.43246,51.85237],[14.43284,51.8524],[14.43333,51.85242],[14.43367,51.85243],[14.43419,51.85243],[14.43455,51.85242],[14.43491,51.85241],[14.43526,51.85239],[14.43561,51.85236],[14.43609,51.85231],[14.43642,51.85226],[14.43674,51.85222],[14.43707,51.85216],[14.43735,51.85211],[14.43765,51.85205],[14.43803,51.85197],[14.43854,51.85185],[14.43936,51.85165],[14.44196,51.85104],[14.44262,51.85089],[14.44452,51.85044],[14.44595,51.8501],[14.44718,51.84982],[14.44786,51.84965],[14.4505,51.84903],[14.45169,51.84875],[14.45209,51.84866],[14.45237,51.84859],[14.45326,51.84837],[14.45365,51.84827],[14.45387,51.8482],[14.45414,51.84811],[14.45434,51.84804],[14.45466,51.84791],[14.45485,51.84782],[14.45509,51.84769],[14.45534,51.84754],[14.45555,51.8474],[14.45574,51.84725],[14.45589,51.84712],[14.45602,51.84698],[14.45615,51.84683],[14.45626,51.84668],[14.45647,51.84634],[14.45665,51.84599],[14.45674,51.84579],[14.4568,51.84566],[14.45686,51.84553],[14.45697,51.84533],[14.45705,51.84519],[14.45716,51.84502],[14.45728,51.84487],[14.45744,51.84469],[14.45758,51.84455],[14.45767,51.84445],[14.45788,51.84429],[14.45811,51.84413],[14.45829,51.84402],[14.45848,51.8439],[14.45868,51.8438],[14.45889,51.8437],[14.45911,51.84361],[14.45934,51.84353],[14.45949,51.84347],[14.45965,51.84342],[14.45994,51.84335],[14.46029,51.84326],[14.46125,51.84305],[14.46322,51.8426],[14.46376,51.84247],[14.4644,51.84231],[14.46502,51.84215],[14.46549,51.84201],[14.46595,51.84188],[14.46654,51.84168],[14.46687,51.84157],[14.46717,51.84146],[14.46751,51.84134],[14.46784,51.84121],[14.46809,51.84111],[14.46831,51.84101],[14.46856,51.84091],[14.4688,51.8408],[14.46894,51.84074],[14.46919,51.84063],[14.46939,51.84053],[14.47002,51.84022],[14.47068,51.83987],[14.47096,51.83972],[14.47124,51.83955],[14.4716,51.83933],[14.47196,51.8391],[14.47235,51.83883],[14.47363,51.83791],[14.47441,51.83735],[14.47543,51.83662],[14.47577,51.83637],[14.47612,51.83612],[14.47646,51.83589],[14.47682,51.83565],[14.47717,51.83542],[14.47754,51.83519],[14.47792,51.83497],[14.47973,51.83399],[14.48144,51.8331],[14.48474,51.83139],[14.48568,51.8309],[14.48816,51.82962],[14.48861,51.82938],[14.49066,51.82832],[14.49251,51.82736],[14.49448,51.82634],[14.4958,51.82565],[14.49608,51.82551],[14.49635,51.82538],[14.49663,51.82525],[14.49692,51.82514],[14.49722,51.82503],[14.49753,51.82493],[14.49784,51.82483],[14.49815,51.82474],[14.49843,51.82467],[14.49873,51.82461],[14.49905,51.82454],[14.49945,51.82447],[14.49972,51.82443],[14.49999,51.8244],[14.50038,51.82436],[14.50076,51.82434],[14.50111,51.82432],[14.50146,51.82432],[14.50184,51.82432],[14.50215,51.82433],[14.50261,51.82435],[14.50297,51.82436],[14.50334,51.8244],[14.50563,51.82461],[14.50759,51.82479]]},"properties":{"sp":0,"o":"Teichland (Spree-Neiße) 8228 m.","s":"L474","von":"2026-08-19","bis":"2026-10-31","t":"Verlegung einer Kabeltrasse\n\nIm angegebenen Zeitraum besteht eine halbseitige Sperrung mit wechselseitiger Verkehrsführung. \n\nBitte der örtlichen Beschilderung folgen."}},{"type":"Feature","geometry":{"type":"LineString","coordinates":[[12.22325,53.26299],[12.22326,53.26301],[12.22335,53.26317],[12.22342,53.26333],[12.22348,53.2635],[12.22355,53.26372],[12.224,53.26569],[12.22445,53.26765],[12.22491,53.26962],[12.22536,53.27158],[12.22581,53.27355],[12.22626,53.27551],[12.22672,53.27753],[12.22676,53.2777],[12.22679,53.27787],[12.22682,53.27804],[12.22685,53.27821],[12.22687,53.27844],[12.22708,53.28033],[12.22729,53.28221],[12.2275,53.2841],[12.22771,53.28599],[12.22793,53.28793],[12.22795,53.28812],[12.22798,53.28831],[12.22802,53.2885],[12.22807,53.28869],[12.22815,53.28894],[12.22833,53.28943],[12.22851,53.28993]]},"properties":{"sp":0,"o":"Meyenburg (Prignitz) 3020 m.","s":"B103","von":"2025-06-10","bis":"2026-12-18","t":"Straßenbau \n\nBis zum 18.12.2026 besteht eine halbseitige Sperrung mit wechselseitiger Verkehrsführung. \n\nDie Zufahrt zur K7020 von der B103 ist bis zum 14.08.2026 vollgesperrt.\n\nDie Verkehrsführung wird je nach Baufortschritt angepasst.\n\nBitte beachten Sie die örtliche Beschilderung und Verkehrsführung."}},{"type":"Feature","geometry":{"type":"LineString","coordinates":[[14.44703,52.02407],[14.44673,52.024],[14.44647,52.02392],[14.4462,52.02384],[14.4459,52.02374],[14.44463,52.02328],[14.44336,52.02282],[14.44202,52.02234],[14.44195,52.02232]]},"properties":{"sp":0,"o":"Jamlitz (Dahme-Spreewald) 400 m.","s":"L452","von":"2026-08-10","bis":"2027-02-28","t":"Verlegung von Mittel- und Niederspannungskabeln\n\nIm angegebenen Zeitraum kommt es zu Einschränkungen des Verkehrsraumes mit wechselseitiger Verkehrsführung in beiden Fahrtrichtungen.\n\nBitte beachten Sie die örtliche Beschilderung und Verkehrsführung."}},{"type":"Feature","geometry":{"type":"LineString","coordinates":[[13.04704,52.45441],[13.04705,52.45444],[13.04713,52.4547],[13.04737,52.45545],[13.0476,52.45621],[13.04765,52.45637],[13.04772,52.45651],[13.04778,52.45662],[13.04785,52.4567],[13.04793,52.4568],[13.04809,52.45695],[13.04827,52.45714],[13.04841,52.45727],[13.04854,52.45739],[13.04869,52.45754],[13.04892,52.45775],[13.04919,52.45799],[13.04934,52.45812],[13.04945,52.45819],[13.04958,52.45826],[13.04972,52.45832],[13.04985,52.45838],[13.05015,52.45848],[13.05141,52.45887],[13.05237,52.45917],[13.05302,52.45937],[13.05326,52.45944],[13.05368,52.45957],[13.05424,52.45974],[13.05445,52.4598],[13.05462,52.45984],[13.05477,52.45987],[13.05492,52.4599],[13.05517,52.45993],[13.05541,52.45994],[13.05558,52.45994],[13.05571,52.45994],[13.05588,52.45993],[13.05606,52.45991],[13.05628,52.45988],[13.05656,52.45983],[13.05678,52.45979]]},"properties":{"sp":0,"o":"Potsdam (Potsdam) 1007 m.","s":"B2","von":"2026-07-06","bis":"2028-05-05","t":"Straßenbauarbeiten / Umbauarbeiten Knotenpunkt Krampnitz\n\nIm angegebenen Zeitraum besteht zwischen Hannoversche Straße und Rothkehlchenweg (inkl. Einmündung Schwedische Allee) eine halbseitige Sperrung mit wechselseitiger Verkehrsführung. \n\nDie Regelung erfolgt über eine Baustellenampel. \n\nBitte der örtlichen Beschilderung folgen."}},{"type":"Feature","geometry":{"type":"LineString","coordinates":[[12.81006,52.92819],[12.81177,52.92733],[12.81334,52.92658],[12.81343,52.92654],[12.81349,52.92651],[12.81355,52.92649],[12.81362,52.92647],[12.81368,52.92646],[12.81376,52.92645],[12.81383,52.92645],[12.81388,52.92646],[12.81394,52.92646],[12.81429,52.92648],[12.8146,52.92649],[12.81479,52.92651],[12.81492,52.92653],[12.81512,52.92659],[12.81583,52.92676],[12.81648,52.92692],[12.8166,52.92695],[12.81673,52.92698],[12.81688,52.92701]]},"properties":{"sp":1,"o":"Neuruppin (Ostprignitz-Ruppin) 537 m.","s":"L167","von":"2026-04-29","bis":"2027-07-31","t":"Straßenbau \n\nGeplanter Gesamtzeitraum der Baumaßnahme: 23.06.2025 bis 31.07.2027\n\nVOLLSPERRUNG der L167, Neuruppin, Steinstraße\n\n> vom 29.04.2026 bis 31.12.2027\nvon Abzweig \"Ernst-Toller-Straße\" bis Abzweig \"Karl-Marx-Straße\"\n\nUmleitung:\nL167 > B167, Alt Ruppin > B167, Wulkow > B167, Herzberg (Mark) > L164, Radensleben > L167, Nietwerder und in umgekehrter Richtung.\n\nBitte beachten Sie die örtliche Verkehrsführung und Beschilderung."}},{"type":"Feature","geometry":{"type":"LineString","coordinates":[[13.93086,51.96894],[13.93109,51.96812],[13.93174,51.96581],[13.9318,51.96562],[13.93185,51.96546],[13.93191,51.9653],[13.93198,51.96515],[13.93217,51.96471],[13.93218,51.96471]]},"properties":{"sp":0,"o":"Lübben (Dahme-Spreewald) 480 m.","s":"L42","von":"2026-08-10","bis":"2026-09-30","t":"Medienerschließung Spreewerk\n\nIm angegebenen Zeitraum kommt es zu Einschränkungen des Verkehrsraumes mit wechselseitiger Verkehrsführung in beiden Fahrtrichtungen.\n\nDer Verkehr wird mithilfe einer Ampel geregelt.\n\nBitte beachten Sie die örtliche Beschilderung und Verkehrsführung."}},{"type":"Feature","geometry":{"type":"LineString","coordinates":[[14.35036,51.71644],[14.35043,51.71636],[14.35072,51.71603],[14.35084,51.7159],[14.35109,51.71561],[14.35116,51.71553],[14.35122,51.71547],[14.35139,51.7153],[14.35142,51.71527]]},"properties":{"sp":0,"o":"Cottbus (Cottbus) 150 m.","s":"B97","von":"2026-09-14","bis":"2026-12-15","t":"Ausbau einer Strecke für Schwertransport (Windpark)\n\nIm angegebenen Zeitraum besteht eine halbseitige Sperrung mit wechselseitiger Verkehrsführung. \n\nRestfahrbahnbreite beträgt 3,00 m.\n\nRadfahrer bitte absteigen!\n\nBitte der örtlichen Beschilderung folgen."}},{"type":"Feature","geometry":{"type":"LineString","coordinates":[[13.92087,51.95084],[13.92093,51.9509],[13.92272,51.95274],[13.92298,51.953],[13.92318,51.95318],[13.92339,51.95336],[13.92361,51.95354],[13.92385,51.9537],[13.92409,51.95387],[13.92435,51.95402],[13.92462,51.95417],[13.9249,51.95431],[13.92518,51.95444],[13.92699,51.95526],[13.9287,51.95602],[13.93046,51.95681]]},"properties":{"sp":0,"o":"Lübben (Dahme-Spreewald) 950 m.","s":"B87","von":"2026-08-10","bis":"2026-09-30","t":"Medienerschließung Spreewerk\n\nIm angegebenen Zeitraum kommt es zu Einschränkungen des Verkehrsraumes mit wechselseitiger Verkehrsführung in beiden Fahrtrichtungen.\n\nDer Verkehr wird mithilfe einer Ampel geregelt.\n\nBitte beachten Sie die örtliche Beschilderung und Verkehrsführung."}},{"type":"Feature","geometry":{"type":"LineString","coordinates":[[13.36555,51.54942],[13.36601,51.54933],[13.36639,51.54926],[13.36665,51.54922]]},"properties":{"sp":1,"o":"Uebigau-Wahrenbrück (Elbe-Elster) 80 m.","s":"L65","von":"2026-04-22","bis":"2026-12-31","t":"Vollsperrung der  Brücke über die Schwarze Elster\n\nVOLLSPERRUNG der Brücke auf der L65, Wahrenbrück\nvom 22.04.2026 bis 31.12.2026.\n\nUmleitung:\nL65, Wahrenbrück  > B183, Lausitz  > B183, Bad Liebenwerda > B101, Maasdorf > B101, Winkel > L65 und in umgekehrter Richtung.\n\nAb dem 04.06.2026 ist die Brücke für den Fußgängerverkehr freigegeben.\n\nBitte beachten Sie die örtliche Verkehrsführung und Beschilderung."}},{"type":"Feature","geometry":{"type":"LineString","coordinates":[[13.0042,52.74635],[13.00413,52.74629],[13.004,52.74618],[13.00387,52.74607],[13.00374,52.74596],[13.00361,52.74585],[13.0035,52.74576]]},"properties":{"sp":0,"o":"Kremmen (Oberhavel) 80 m.","s":"L170","von":"2026-09-21","bis":"2026-10-02","t":"Reparatur Schutzplanke\n\nIm angegebenen Zeitraum besteht eine halbseitige Sperrung mit wechselseitiger Verkehrsführung. Die Regelung erfolgt über eine Baustellenampel. \n\nBitte der örtlichen Beschilderung folgen."}},{"type":"Feature","geometry":{"type":"LineString","coordinates":[[13.78143,53.3182],[13.78158,53.31823],[13.78302,53.31862],[13.78325,53.3187],[13.7833,53.31883],[13.78353,53.31913],[13.78368,53.31933],[13.7839,53.3195],[13.78419,53.31963],[13.78444,53.31977],[13.78487,53.32003],[13.78524,53.32029],[13.78541,53.32051],[13.78555,53.32077],[13.78575,53.32116],[13.78592,53.32149],[13.78611,53.32181],[13.78621,53.32197],[13.78644,53.3221],[13.78681,53.32222],[13.78728,53.32234]]},"properties":{"sp":1,"o":"Prenzlau (Uckermark) 640 m.","s":"K7334","von":"2026-03-09","bis":"2026-12-18","t":"Grundhafter Ausbau\n\nVOLLSPERRUNG auf der K7334 zwischen dem Abzweig zur L25 und Ortsausgang Güstow\nvom 09.03.2026 bis 18.12.2026.\n\nUmleitung:\nL25  > L151  > K7335 und in umgekehrter Richtung.\n\nBitte beachten Sie die örtliche Verkehrsführung und Beschilderung."}},{"type":"Feature","geometry":{"type":"LineString","coordinates":[[13.72815,52.56619],[13.72809,52.56593],[13.7279,52.56499]]},"properties":{"sp":1,"o":"Altlandsberg (Märkisch-Oderland) 135 m.","s":"L30","von":"2026-03-09","bis":"2026-12-31","t":"Straßen- und Leitungsbau\n\nVOLLSPERRUNG auf der L30, Strausberger Straße, Teil der Bernauer Straße sowie Buchholzer Allee\nvom 13.07.2026  bis 31.12.2026\n\nUmleitung:\nL30, Krummenseestraße  > Mehrower Weg  > An der Mühle > Hönower Chaussee > KP L33/Hönower Chaussee > L33 > KP L33/Strausberger Straße/Zum Roggenfeld (=U1) und in umgekehrter Richtung (=U2).\n\nDie Verkehrsführung wird je nach Baufortschritt angepasst.\n\nBitte beachten Sie die örtliche Verkehrsführung und Beschilderung."}},{"type":"Feature","geometry":{"type":"LineString","coordinates":[[14.39534,52.39704],[14.39575,52.39709],[14.39619,52.39712],[14.3966,52.39714],[14.39687,52.39715],[14.39714,52.39716],[14.39751,52.39714],[14.39791,52.39707],[14.39826,52.39699],[14.39859,52.39688],[14.3989,52.39674],[14.39919,52.3966],[14.39967,52.39633],[14.40009,52.3961],[14.40041,52.39593],[14.40069,52.3958],[14.40097,52.39567],[14.40126,52.39555],[14.40156,52.39544],[14.40186,52.39533],[14.402,52.39528]]},"properties":{"sp":1,"o":"Treplin (Märkisch-Oderland) 521 m.","s":"B5","von":"2026-07-20","bis":"2026-11-01","t":"Grundhafter Straßenausbau in 4 Verkehrssicherungsabschnitten\n\nGesamtzeitraum der Baumaßnahme: 16.02.2026 bis 30.06.2027\n\n> VOLLSPERRUNG vom 20.07.2026 bis 01.11.2026\nauf der B5, Frankfurter Straße bis Knotenpunkt B5/L38\n\n!! Info GST - Umleitung für Kfz mit einer zul. Gesamtmasse über 3,5t:!!\nab Frankfurt (Oder) > B112 > Lebus > B167, OU Seelow > B1, OU Müncheberg = U17 und in umgekehrter Richtung.\n\noder\n\nab B5, Petershagen > L37, Petersdorf > L37, Jacobsdorf > L37/A12, AS Müllrose > L37, Biegen > L37, Dubrow > L37/B87, OU Müllrose > B87, Frankfurt(Oder), OT Markendorf bis KP B87/B112, Frankfurt(Oder) = U18 und in umgekehrter Richtung.\n\nDie Verkehrsführung wird je nach Baufortschritt angepasst.\n\nBitte beachten Sie die örtliche Verkehrsführung und Beschilderung."}},{"type":"Feature","geometry":{"type":"LineString","coordinates":[[14.38092,51.7971],[14.38094,51.79713],[14.38102,51.7973],[14.38109,51.79744],[14.38115,51.79758],[14.38121,51.79772],[14.38126,51.79786],[14.38131,51.798],[14.38136,51.79814],[14.38141,51.79828],[14.38145,51.79842],[14.38149,51.79856],[14.38154,51.79871],[14.38158,51.79885],[14.38163,51.79899],[14.38167,51.79914],[14.38171,51.79928],[14.38176,51.79942],[14.3818,51.79956],[14.38184,51.79971],[14.38188,51.79985],[14.38193,51.79999],[14.38197,51.80014],[14.38202,51.80028],[14.38206,51.80043],[14.3821,51.80057],[14.38215,51.80071],[14.38219,51.80086],[14.38223,51.801],[14.38228,51.80114],[14.38232,51.80128],[14.38236,51.80142],[14.3824,51.80157],[14.38245,51.80171],[14.38249,51.80185],[14.38254,51.802],[14.38258,51.80214],[14.38262,51.80228],[14.38267,51.80243],[14.38271,51.80257],[14.38276,51.80271],[14.3828,51.80286],[14.38284,51.803],[14.38289,51.80314],[14.38293,51.80329],[14.38297,51.80343],[14.38302,51.80357],[14.38306,51.80372],[14.3831,51.80386],[14.38315,51.804],[14.38319,51.80415],[14.38323,51.80429],[14.38328,51.80443],[14.38332,51.80457],[14.38337,51.80472],[14.38341,51.80486],[14.38345,51.805],[14.3835,51.80515],[14.38354,51.80529],[14.38359,51.80544],[14.38362,51.80551],[14.38369,51.80565],[14.38371,51.80569],[14.3838,51.80583],[14.38382,51.80586],[14.38392,51.806],[14.38395,51.80603],[14.38404,51.80613],[14.3841,51.80619],[14.38419,51.80627],[14.38426,51.80632],[14.38443,51.80646],[14.38457,51.80656],[14.38471,51.80668],[14.38487,51.80679],[14.38504,51.80691],[14.38518,51.807],[14.38534,51.8071],[14.38551,51.8072],[14.38568,51.8073],[14.38589,51.80741],[14.38608,51.80751],[14.38626,51.80759],[14.38647,51.80769],[14.38664,51.80776],[14.38685,51.80785],[14.38702,51.80792],[14.38721,51.80801],[14.3874,51.80809],[14.3876,51.80818],[14.38777,51.80826],[14.38802,51.80838],[14.38821,51.80848],[14.3884,51.80859],[14.38856,51.80869],[14.38871,51.80878],[14.3889,51.80892],[14.38904,51.80902],[14.38922,51.80917],[14.38935,51.80928],[14.38951,51.80943],[14.38963,51.80956],[14.38975,51.80968],[14.38988,51.80984],[14.38998,51.80997],[14.3901,51.81013],[14.39018,51.81027],[14.39026,51.8104],[14.39035,51.81056],[14.39041,51.81069],[14.39046,51.81085],[14.3905,51.81096],[14.39054,51.81111],[14.39058,51.81128],[14.39062,51.81145],[14.39064,51.81162],[14.39065,51.8118],[14.39065,51.81198],[14.39064,51.81214],[14.39063,51.81225],[14.39062,51.81234],[14.39058,51.81249]]},"properties":{"sp":0,"o":"Cottbus (Cottbus) 1914 m.","s":"B168","von":"2026-08-28","bis":"2026-10-07","t":"Deckenerneuerung in mehreren Bauabschnitten\nGesamtzeitraum der Maßnahme: 10.08.2026 bis 07.10.2026.\n\nVom 28.08.2026 bis 07.10.2026 kommt es auf der B168 ab dem Kreuzungsbereich B168/L473/Mauster Straße bis zum Kreuzungsbereich B168/Lakomer Chaussee/Lakomer Dorfstraße zur halbseitigen Sperrung mit wechselseitiger Verkehrsführung. \n\nDie Verkehrsführung wird je nach Baufortschritt angepasst.\n\nBitte beachten Sie die örtliche Beschilderung und Verkehrsführung."}},{"type":"Feature","geometry":{"type":"LineString","coordinates":[[13.78728,53.32234],[13.78681,53.32222],[13.78644,53.3221],[13.78621,53.32197],[13.78611,53.32181],[13.78592,53.32149],[13.78575,53.32116],[13.78555,53.32077],[13.78541,53.32051],[13.78524,53.32029],[13.78487,53.32003],[13.78444,53.31977],[13.78419,53.31963],[13.7839,53.3195],[13.78368,53.31933],[13.78353,53.31913],[13.7833,53.31883],[13.78325,53.3187],[13.78302,53.31862],[13.78158,53.31823],[13.78143,53.3182]]},"properties":{"sp":1,"o":"Prenzlau (Uckermark) 640 m.","s":"K7334","von":"2026-03-09","bis":"2026-12-18","t":"Grundhafter Ausbau\n\nVOLLSPERRUNG auf der K7334 zwischen dem Abzweig zur L25 und Ortsausgang Güstow\nvom 09.03.2026 bis 18.12.2026.\n\nUmleitung:\nL25  > L151  > K7335 und in umgekehrter Richtung.\n\nBitte beachten Sie die örtliche Verkehrsführung und Beschilderung."}},{"type":"Feature","geometry":{"type":"LineString","coordinates":[[13.13873,52.67684],[13.13859,52.67682],[13.13802,52.67673],[13.13774,52.67669],[13.13745,52.67665],[13.13717,52.67661],[13.13687,52.67657],[13.13642,52.67651],[13.13629,52.6765],[13.1362,52.67649],[13.13605,52.67649],[13.13594,52.6765],[13.13583,52.67651],[13.13573,52.67653],[13.13562,52.67657],[13.13549,52.67664],[13.13539,52.67669],[13.13517,52.67681]]},"properties":{"sp":1,"o":"Oberkrämer (Oberhavel) 257 m.","s":"L17","von":"2026-07-20","bis":"2026-09-12","t":"Deckensanierung in mehreren Bauabschnitten\nGesamtdauer der Maßnahme vom 20.07.2026 bis 12.09.2026\n\n>  VOLLSPERRUNG auf der L17 ab Abzweig Breite Straße bis OA Marwitz vom 19.08.2026 bis 12.09.2026\n\nUmleitung:\nL20, Velten  > L172, Germendorf > L170, Schwante > L17, Marwitz und in umgekehrter Richtung.\n\nUm die Vollsperrung herum kann es außerdem zu einer halbseitigen Sperrung mit wechselseitiger Verkehrsführung kommen. \n\nBitte der örtlichen Beschilderung folgen."}},{"type":"Feature","geometry":{"type":"LineString","coordinates":[[14.08376,53.29914],[14.08304,53.29918],[14.08032,53.29934],[14.07996,53.29936],[14.0796,53.29937],[14.07925,53.29937],[14.07889,53.29938],[14.07854,53.29937],[14.07818,53.29937],[14.07782,53.29935],[14.07738,53.29933],[14.07502,53.2992],[14.0716,53.299],[14.06809,53.2988],[14.0677,53.29878],[14.06731,53.29878],[14.06692,53.29879],[14.06652,53.29881],[14.06613,53.29885],[14.06575,53.29889],[14.06537,53.29895],[14.06492,53.29903],[14.06168,53.29968],[14.05844,53.30033],[14.05521,53.30098],[14.05197,53.30163],[14.04873,53.30227],[14.04549,53.30292],[14.04225,53.30358]]},"properties":{"sp":0,"o":"Randowtal (Uckermark) 2856 m.","s":"L25","von":"2016-07-30","bis":"2027-12-31","t":"Straßenschäden - für LKW über 3,5 t gesperrt\n\nUmleitung: über A11 und A20 für LKW über 3,5 t = U31 und U42"}},{"type":"Feature","geometry":{"type":"LineString","coordinates":[[11.72529,52.98649],[11.72457,52.9872],[11.72398,52.98779],[11.72374,52.98802]]},"properties":{"sp":1,"o":"Wittenberge (Prignitz) 200 m.","s":"B189","von":"2026-09-08","bis":"2026-09-11","t":"Abriss und Neubau der Elbbrücke\n\nVOLLSPERRUNG Elbbrücke auf der B189\nvom 08.09.2026 bis 11.09.2026\n\nUmleitung:\nMärsche  L38> L2/Seehausen und in umgekehrter Richtung.\n\nBitte der örtlichen Beschilderung folgen."}},{"type":"Feature","geometry":{"type":"LineString","coordinates":[[12.22851,53.28993],[12.22851,53.28993],[12.22919,53.2918],[12.22986,53.29368],[12.23054,53.29556],[12.23122,53.29744],[12.23189,53.29931],[12.23259,53.30124],[12.23268,53.30142],[12.23279,53.3016],[12.23292,53.30178],[12.2331,53.302],[12.2339,53.30297],[12.2347,53.30394],[12.23552,53.30494],[12.23559,53.30502],[12.23566,53.3051],[12.23574,53.30519],[12.23581,53.30528]]},"properties":{"sp":0,"o":"Meyenburg (Prignitz) 1787 m.","s":"B103","von":"2026-04-02","bis":"2026-10-30","t":"Markierungsarbeiten\n\nIm angegebenen Zeitraum kommt es zu Einschränkungen des Verkehrsraumes mit wechselseitiger Verkehrsführung in beiden Fahrtrichtungen.\n\nBitte beachten Sie die örtliche Beschilderung und Verkehrsführung."}},{"type":"Feature","geometry":{"type":"LineString","coordinates":[[12.51816,52.13164],[12.51802,52.13164],[12.51788,52.13164],[12.51773,52.13165],[12.51752,52.13167],[12.5173,52.1317],[12.51702,52.13173],[12.51626,52.13182],[12.51512,52.13197],[12.51386,52.1321],[12.51365,52.13212],[12.5135,52.13212],[12.51335,52.13212],[12.51318,52.13212],[12.513,52.1321],[12.51256,52.13206],[12.51212,52.13201]]},"properties":{"sp":1,"o":"Bad Belzig (Potsdam-Mittelmark) 420 m.","s":"B246","von":"2026-07-06","bis":"2027-08-31","t":"Erneuerung der Ortsdurchfahrt Klein Glien\n\n> Vom 13.07.2026 bis 31.08.2027 \nVOLLSPERRUNG auf der B246, Klein Glien.\n\nUmleitung von Bad Belzig:\nB246, Bad Belzig > L95 über Benken > L95, Görzke > B107, Wiesenburg > B246, Klein Glien und in umgekehrter Richtung.\n\nBitte der örtlichen Beschilderung folgen."}},{"type":"Feature","geometry":{"type":"LineString","coordinates":[[14.56795,52.1332],[14.56793,52.13321],[14.56791,52.13321],[14.56643,52.13342],[14.56511,52.13358],[14.5651,52.13358]]},"properties":{"sp":0,"o":"Schlaubetal (Oder-Spree) 200 m.","s":"K6708","von":"2025-04-22","bis":"2026-12-31","t":"Anbindungen zum Windpark \"Schierenberg\"\n\nIm angegebenen Zeitraum kommt es zu Einschränkungen des Verkehrsraumes mit wechselseitiger Verkehrsführung in beiden Fahrtrichtungen.\n\nDer Verkehr wird mithilfe einer Ampel geregelt.\n\nBitte beachten Sie die örtliche Beschilderung und Verkehrsführung."}},{"type":"Feature","geometry":{"type":"LineString","coordinates":[[12.77082,52.91292],[12.76979,52.91243],[12.76905,52.9121],[12.76861,52.91191],[12.76834,52.91179],[12.76799,52.91163],[12.76719,52.91127],[12.7664,52.91091],[12.76488,52.9102],[12.76332,52.90947],[12.76307,52.90936],[12.76281,52.90924],[12.76255,52.90912],[12.76222,52.90898],[12.76169,52.90874],[12.76108,52.90847],[12.76085,52.90837],[12.76062,52.90827],[12.7604,52.90817],[12.76018,52.90807],[12.75988,52.90793],[12.75832,52.9072],[12.75651,52.90635],[12.75634,52.90628],[12.75617,52.90621],[12.75587,52.9061],[12.75556,52.90601],[12.75526,52.90594],[12.75493,52.90588],[12.75462,52.90584],[12.75438,52.90582],[12.75421,52.90581],[12.75389,52.90579],[12.75339,52.90577],[12.75296,52.90575],[12.75266,52.90573],[12.7523,52.9057],[12.7519,52.90565],[12.75146,52.9056]]},"properties":{"sp":0,"o":"Neuruppin (Ostprignitz-Ruppin) 1564 m.","s":"B167","von":"2026-07-27","bis":"2027-04-30","t":"Deckensanierung Neubau Radweg\n\nIm angegebenen Zeitraum besteht eine halbseitige Sperrung mit wechselseitiger Verkehrsführung. Die Regelung erfolgt zudem über eine Baustellenampel. \n\nDer Radweg und Gehweg der Bechliner Chaussee ist ab dem KP Dorfstraße/Treskower Weg, OD Neuruppin gesperrt.\n\nIn dem Zeitraum vom 31.08.2026 bis 30.04.2027 kommt es bis zur AS Neuruppin zudem zu geringfügigen Verkehrseinschränkungen. \n\nBitte beachten Sie die örtliche Beschilderung und Verkehrsführung."}},{"type":"Feature","geometry":{"type":"LineString","coordinates":[[13.92482,51.99036],[13.92456,51.99125],[13.92407,51.99302]]},"properties":{"sp":0,"o":"Lübben (Dahme-Spreewald) 300 m.","s":"L42","von":"2026-09-09","bis":"2026-11-27","t":"Anschluss Funkturm\n\nIm angegebenen Zeitraum besteht eine halbseitige Sperrung mit wechselseitiger Verkehrsführung. \n\nBitte der örtlichen Beschilderung folgen."}},{"type":"Feature","geometry":{"type":"LineString","coordinates":[[11.83948,53.08807],[11.83953,53.0881],[11.83973,53.08818],[11.83992,53.08826],[11.84012,53.08834],[11.84033,53.08842],[11.84053,53.0885],[11.84074,53.08858],[11.84094,53.08865],[11.84115,53.08873],[11.84135,53.0888],[11.84156,53.08888],[11.84177,53.08895],[11.84198,53.08902],[11.84219,53.08909],[11.8424,53.08916],[11.84261,53.08923],[11.84283,53.0893],[11.84304,53.08936],[11.84326,53.08943],[11.84348,53.08949],[11.8437,53.08955],[11.84392,53.08961],[11.84414,53.08967],[11.84437,53.08973],[11.84459,53.08978],[11.84482,53.08984],[11.84504,53.0899],[11.84527,53.08995],[11.84539,53.08998]]},"properties":{"sp":0,"o":"Perleberg (Prignitz) 450 m.","s":"B189","von":"2026-07-22","bis":"2026-10-30","t":"Sanierung Asphalt und Nebenanlagen \n\nVom 22.07.2026 bis 30.10.2026 kommt es zu Verkehrsraumeinschränkungen am Knotenpunkt AS Perleberg Nord mit wechselseitiger Verkehrsführung in beiden Fahrtrichtungen. Der Verkehr auf der B 189 wird mithilfe einer Ampel geregelt.\n\nVOLLSPERRUNG der Zu- und  Abfahrt von der B5 in Richtung Perleberg und Karstädt vom 22.07.2026 bis 30.10.2026\n\nUmleitung:\nB5 aus Richtung Karstädt  > Hamburger Chaussee > Perleberg > Putzlitzer Straße > Matthias-Hasse- Str. > B5 > B189 und in umgekehrter Richtung.\n\nUmleitung für LKW über 19,5 Tonnen:\nA14, AS Karstädt  > L131/K7037, Stavenow > L122 > L12, Perleberg > L10 > B189 und in umgekehrter Richtung.\n\nDie Verkehrsführung wird je nach Baufortschritt angepasst.\n\nBitte beachten Sie die örtliche Verkehrsführung und Beschilderung."}},{"type":"Feature","geometry":{"type":"LineString","coordinates":[[13.89933,51.89254],[13.89821,51.89396],[13.89711,51.89538],[13.89601,51.89681],[13.8949,51.89823],[13.89477,51.89841],[13.89464,51.89859],[13.89452,51.89877],[13.8944,51.89896],[13.89429,51.89916],[13.89419,51.89937],[13.8941,51.89958],[13.89402,51.89979],[13.89394,51.9],[13.89388,51.90021],[13.89382,51.90042],[13.89378,51.90064],[13.89374,51.90085],[13.89372,51.90105],[13.89371,51.90126],[13.8937,51.90146],[13.89372,51.90182],[13.89391,51.90398],[13.8941,51.90615],[13.89429,51.90831],[13.89448,51.91047],[13.89467,51.91264],[13.89486,51.9148],[13.89505,51.91696],[13.89524,51.91917],[13.89525,51.91926],[13.89528,51.91935],[13.89532,51.91948],[13.89534,51.91952],[13.89536,51.91956],[13.89538,51.91961],[13.89539,51.91965],[13.89539,51.9197],[13.89539,51.91974],[13.89539,51.91977],[13.89537,51.91983],[13.89536,51.91987],[13.89534,51.91998],[13.89533,51.9201],[13.89533,51.92027],[13.89545,51.92166],[13.89557,51.92305],[13.89569,51.92443],[13.89581,51.92588],[13.89582,51.92609],[13.8958,51.92631],[13.89576,51.92652],[13.89571,51.92673],[13.89563,51.92694],[13.89554,51.92715],[13.89539,51.9274],[13.8945,51.92873],[13.89361,51.93006],[13.89272,51.93139],[13.89177,51.93282],[13.89163,51.93302],[13.8915,51.93323],[13.89139,51.93344],[13.89129,51.93365],[13.89121,51.93386],[13.89113,51.93413],[13.89088,51.93515],[13.89063,51.93617],[13.89038,51.93721]]},"properties":{"sp":0,"o":"Lübben (Dahme-Spreewald) 5121 m.","s":"L49","von":"2026-09-07","bis":"2026-10-30","t":"Einzug von Glasfaserkabel und Herstellung von Montagegruben\n\nIm angegebenen Zeitraum besteht zwischen der Puschkinstraße (OD Lübben) und dem OA Ragow, eine halbseitige Sperrung mit wechselseitiger Verkehrsführung. \n\nDa der Gehweg teilweise gesperrt wird, werden alle Verkehrs-teilnehmer um erhöhte Aufmerksamkeit gebeten.\n\nBitte beachten Sie die örtliche Beschilderung und Verkehrsführung."}},{"type":"Feature","geometry":{"type":"LineString","coordinates":[[14.52009,51.8295],[14.51987,51.8294],[14.51961,51.82926],[14.51951,51.8292],[14.51944,51.82916],[14.51937,51.82909],[14.51931,51.82902],[14.51925,51.82893],[14.51919,51.82881],[14.51915,51.82867],[14.51911,51.82857],[14.51907,51.82849],[14.51905,51.82844],[14.51902,51.8284],[14.51897,51.82835],[14.51891,51.82829],[14.51882,51.82821],[14.51861,51.82807],[14.51827,51.8279],[14.5179,51.82773],[14.51762,51.82763],[14.51734,51.82753],[14.51514,51.82688],[14.51452,51.82669],[14.51337,51.82635],[14.51216,51.82599],[14.51168,51.82584],[14.5102,51.82541],[14.50943,51.82518],[14.50913,51.8251],[14.50889,51.82504],[14.50851,51.82495],[14.50759,51.82479]]},"properties":{"sp":0,"o":"Heinersbrück (Spree-Neiße) 1041 m.","s":"L474","von":"2026-08-19","bis":"2026-10-31","t":"Verlegung einer Kabeltrasse\n\nIm angegebenen Zeitraum besteht eine halbseitige Sperrung mit wechselseitiger Verkehrsführung. \n\nBitte der örtlichen Beschilderung folgen."}},{"type":"Feature","geometry":{"type":"LineString","coordinates":[[14.06918,53.12254],[14.06917,53.12255]]},"properties":{"sp":0,"o":"Mark Landin (Uckermark) 1 m.","s":"L28, Grünower Dorfstraße","von":"2026-08-31","bis":"2026-09-11","t":"Reparatur eines Kabelverzweigers (KVZ)\n\nIm angegebenen Zeitraum besteht eine halbseitige Sperrung mit wechselseitiger Verkehrsführung. \n\nBitte der örtlichen Beschilderung folgen."}},{"type":"Feature","geometry":{"type":"LineString","coordinates":[[14.51314,52.55178],[14.50934,52.55125],[14.50555,52.55072],[14.50176,52.5502],[14.49796,52.54967],[14.49417,52.54915],[14.49038,52.54862],[14.48659,52.5481],[14.48279,52.54757],[14.479,52.54705],[14.47521,52.54652],[14.47142,52.546],[14.46762,52.54547],[14.46381,52.54493],[14.46381,52.54493],[14.46001,52.5444],[14.45622,52.54387],[14.45242,52.54335],[14.44863,52.54282],[14.44483,52.54229],[14.44103,52.54176],[14.43724,52.54123],[14.43344,52.5407],[14.4317,52.54046],[14.43125,52.54039]]},"properties":{"sp":1,"o":"Seelow (Märkisch-Oderland) 5700 m.","s":"B1","von":"2026-07-20","bis":"2026-09-25","t":"Deckenerneuerung \n\nVOLLSPERRUNG vom 20.07.2026 bis 25.09.2026\nauf der B1, zwischen dem Knotenpunkt der Frankfurter Straße (B112)/Berliner Straße (B1) in Manschnow und der OU Seelow.\n\nUmleitung:\nab KP B1/B112, Manschnow > B112, Rathstock > B112, Podelzig  > KV B112/B167, Lebus > B167, Schönfließ > B167, Libbenichen > KP B167/L332, Dolgelin > B167/B1, OU Seelow > KP B1/B167/L37, OU Seelow = U5 und in umgekehrter Richtung = U6.\n\nDie Regelung des Umleitungsverkehrs erfolgt über eine Baustellenampel. \n\nBitte beachten Sie die örtliche Beschilderung und Verkehrsführung."}},{"type":"Feature","geometry":{"type":"LineString","coordinates":[[13.36665,51.54922],[13.36639,51.54926],[13.36601,51.54933],[13.36555,51.54942]]},"properties":{"sp":1,"o":"Uebigau-Wahrenbrück (Elbe-Elster) 80 m.","s":"L65","von":"2026-04-22","bis":"2026-12-31","t":"Vollsperrung der  Brücke über die Schwarze Elster\n\nVOLLSPERRUNG der Brücke auf der L65, Wahrenbrück\nvom 22.04.2026 bis 31.12.2026.\n\nUmleitung:\nL65, Wahrenbrück  > B183, Lausitz  > B183, Bad Liebenwerda > B101, Maasdorf > B101, Winkel > L65 und in umgekehrter Richtung.\n\nAb dem 04.06.2026 ist die Brücke für den Fußgängerverkehr freigegeben.\n\nBitte beachten Sie die örtliche Verkehrsführung und Beschilderung."}},{"type":"Feature","geometry":{"type":"LineString","coordinates":[[12.40373,52.40725],[12.40373,52.40725],[12.40389,52.40731],[12.40409,52.40739],[12.40414,52.40741],[12.40428,52.40748],[12.40438,52.40752],[12.40451,52.4076],[12.4046,52.40765],[12.40476,52.40775],[12.40492,52.40786],[12.40507,52.40798],[12.40521,52.40809],[12.40536,52.40821],[12.40549,52.40833],[12.40563,52.40845],[12.40577,52.40857],[12.4059,52.40869],[12.40604,52.40881],[12.40617,52.40892],[12.40632,52.40904],[12.40645,52.40915],[12.4066,52.40926],[12.40668,52.40932],[12.40678,52.40939],[12.40691,52.40948],[12.40703,52.40955],[12.40713,52.40961],[12.40718,52.40964],[12.40728,52.4097],[12.40743,52.40977],[12.40757,52.40984],[12.40775,52.40993],[12.40796,52.41001],[12.40814,52.41009],[12.4083,52.41014],[12.4085,52.41021],[12.40861,52.41024],[12.40872,52.41027],[12.40877,52.41029],[12.40888,52.41032],[12.40899,52.41035],[12.40922,52.4104],[12.40947,52.41045],[12.40956,52.41046],[12.40972,52.41049],[12.40981,52.41051],[12.40992,52.41052],[12.40999,52.41053],[12.41009,52.41054],[12.4102,52.41055],[12.41032,52.41057],[12.41043,52.41058],[12.41053,52.41058],[12.41066,52.41059],[12.41076,52.4106],[12.4109,52.4106],[12.41102,52.41061],[12.41113,52.41061],[12.41127,52.41061],[12.41153,52.41061],[12.41179,52.4106],[12.41201,52.41059],[12.41225,52.41058],[12.41248,52.41057],[12.41272,52.41055],[12.41295,52.41054],[12.4132,52.41052],[12.41346,52.41051],[12.41366,52.4105],[12.41392,52.41049],[12.41409,52.41048],[12.41434,52.41048],[12.41459,52.41048],[12.4148,52.41049],[12.41504,52.4105],[12.4153,52.41052],[12.41542,52.41053],[12.41563,52.41056],[12.41586,52.41058],[12.4161,52.41062],[12.41633,52.41066],[12.4165,52.41069],[12.41673,52.41074],[12.41687,52.41077],[12.41696,52.41079],[12.41716,52.41084],[12.41739,52.4109],[12.41761,52.41096],[12.41782,52.41103],[12.41803,52.4111],[12.41824,52.41116],[12.41845,52.41123],[12.41866,52.4113],[12.41887,52.41137],[12.41908,52.41144],[12.41929,52.4115],[12.4195,52.41157],[12.41971,52.41164],[12.41992,52.41171],[12.42012,52.41177],[12.42035,52.41185],[12.42055,52.41191],[12.42076,52.41198],[12.42097,52.41205],[12.42117,52.41213],[12.42138,52.4122],[12.42159,52.41227],[12.42164,52.41228],[12.4218,52.41232],[12.42185,52.41234],[12.42202,52.41237],[12.42208,52.41238],[12.4223,52.41241],[12.42236,52.41242],[12.42253,52.41244],[12.42259,52.41244],[12.42276,52.41245],[12.42282,52.41245],[12.42294,52.41244],[12.42305,52.41244],[12.42317,52.41243],[12.42334,52.41242],[12.42351,52.41239],[12.42374,52.41236],[12.42397,52.41232],[12.4242,52.41229],[12.42443,52.41225],[12.42466,52.41221],[12.42489,52.41217],[12.42512,52.41213],[12.42534,52.41209],[12.42557,52.41205],[12.4258,52.41201],[12.42603,52.41197],[12.42626,52.41193],[12.42649,52.41189],[12.42672,52.41185],[12.42695,52.41181],[12.42698,52.41181]]},"properties":{"sp":0,"o":"Brandenburg an der Havel (Brandenburg an der Havel) 1790 m.","s":"B1","von":"2026-03-16","bis":"2026-09-30","t":"Straßenbau Deckensanierung \n\nIm angegebenen Zeitraum kommt es zur halbseitigen Sperrung mit wechselseitiger Verkehrsführung. \n\nDie Regelung erfolgt über eine Baustellenampel. \n\nBitte beachten Sie die örtliche Beschilderung und Verkehrsführung."}},{"type":"Feature","geometry":{"type":"LineString","coordinates":[[14.31382,51.88098],[14.31373,51.8814],[14.31372,51.88144],[14.31371,51.88149],[14.3137,51.88153],[14.31369,51.88158],[14.31368,51.88162],[14.31367,51.88167],[14.31367,51.88171],[14.31355,51.88229],[14.31345,51.88278],[14.31335,51.88332],[14.31323,51.8839],[14.31312,51.88444],[14.31302,51.88498],[14.31293,51.88543],[14.31286,51.8857]]},"properties":{"sp":1,"o":"Drehnow (Spree-Neiße) 530 m.","s":"K7138","von":"2026-09-14","bis":"2026-10-16","t":"Deckenerneuerung\n\nVOLLSPERRUNG auf der K7138 zwischen Drehnow und Drachhausen\nvom 14.09.2026 bis 16.10.2026\n\nUmleitung:\nK7138, Drehnow  >B168, Turnow > L50, Richtung Drachhausen und in umgekehrter Richtung.\n\nBitte der örtlichen Beschilderung folgen."}},{"type":"Feature","geometry":{"type":"LineString","coordinates":[[11.84618,53.08924],[11.84601,53.08919],[11.84579,53.08913],[11.84564,53.08909],[11.84494,53.08888],[11.84407,53.08861],[11.8439,53.08856],[11.84378,53.08853],[11.84369,53.08851],[11.8436,53.08849],[11.84351,53.08849],[11.84341,53.08849],[11.84332,53.0885],[11.84323,53.08851],[11.84314,53.08854],[11.84306,53.08856],[11.84298,53.08859],[11.84288,53.08863],[11.84282,53.08865],[11.84275,53.08868],[11.84256,53.08875],[11.84238,53.08881],[11.84222,53.08883],[11.84206,53.08885],[11.84191,53.08885],[11.84174,53.08884],[11.8416,53.08881],[11.84148,53.08878],[11.84134,53.08874],[11.84112,53.08866],[11.84002,53.08822],[11.83965,53.08808]]},"properties":{"sp":1,"o":"Perleberg (Prignitz) 490 m.","s":"B189","von":"2026-09-09","bis":"2026-10-30","t":"Sanierung Asphalt und Nebenanlagen \n\nVom 22.07.2026 bis 30.10.2026 kommt es zu Verkehrsraumeinschränkungen am Knotenpunkt AS Perleberg Nord mit wechselseitiger Verkehrsführung in beiden Fahrtrichtungen. Der Verkehr auf der B 189 wird mithilfe einer Ampel geregelt.\n\nVOLLSPERRUNG der Zu- und  Abfahrt von der B5 in Richtung Perleberg und Karstädt vom 22.07.2026 bis 30.10.2026\n\nUmleitung:\nB5 aus Richtung Karstädt  > Hamburger Chaussee > Perleberg > Putzlitzer Straße > Matthias-Hasse- Str. > B5 > B189 und in umgekehrter Richtung.\n\nUmleitung für LKW über 19,5 Tonnen:\nA14, AS Karstädt  > L131/K7037, Stavenow > L122 > L12, Perleberg > L10 > B189 und in umgekehrter Richtung.\n\nDie Verkehrsführung wird je nach Baufortschritt angepasst.\n\nBitte beachten Sie die örtliche Verkehrsführung und Beschilderung."}},{"type":"Feature","geometry":{"type":"LineString","coordinates":[[14.53464,52.33316],[14.53468,52.33327],[14.53474,52.33339],[14.53476,52.33342]]},"properties":{"sp":0,"o":"Frankfurt (Frankfurt) 30 m.","s":"B87","von":"2026-09-07","bis":"2026-09-11","t":"Beseitigung Fahrbahnschäden\n\nIm angegebenen Zeitraum besteht eine halbseitige Sperrung mit wechselseitiger Verkehrsführung. \n\nBitte der örtlichen Beschilderung folgen."}},{"type":"Feature","geometry":{"type":"LineString","coordinates":[[12.61393,52.41065],[12.61392,52.41065],[12.61253,52.41061],[12.61228,52.4106],[12.61198,52.41058],[12.61177,52.41057],[12.61156,52.41055],[12.61128,52.41053],[12.61105,52.4105],[12.61085,52.41048],[12.61059,52.41046],[12.61037,52.41043],[12.61014,52.41041],[12.60988,52.41038],[12.60961,52.41035],[12.60919,52.4103],[12.609,52.41028],[12.60873,52.41024],[12.60849,52.41021],[12.60825,52.41017],[12.60803,52.41013],[12.60779,52.41009],[12.60756,52.41004],[12.60733,52.41],[12.6071,52.40996],[12.60686,52.40991],[12.60665,52.40987],[12.60649,52.40983],[12.6064,52.4098],[12.60634,52.40978],[12.60628,52.40976],[12.6062,52.40972],[12.60614,52.4097],[12.60601,52.40964],[12.60582,52.40954],[12.60564,52.40945],[12.60548,52.40936],[12.6053,52.40927],[12.60512,52.40917],[12.60494,52.40908],[12.60476,52.40898],[12.60458,52.40889],[12.6044,52.40879],[12.60422,52.4087],[12.60404,52.4086],[12.60386,52.40851],[12.60368,52.40841],[12.6035,52.40832],[12.60332,52.40822],[12.60314,52.40813],[12.60296,52.40804],[12.60278,52.40794],[12.6026,52.40785],[12.60243,52.40775],[12.60224,52.40766],[12.60206,52.40756],[12.60189,52.40747],[12.60171,52.40737],[12.60153,52.40728],[12.60135,52.40718],[12.60117,52.40709],[12.601,52.407],[12.60082,52.40691],[12.60066,52.40682],[12.60045,52.40671],[12.60027,52.40662],[12.60009,52.40652],[12.59991,52.40643],[12.59973,52.40633],[12.59955,52.40624],[12.59938,52.40615],[12.59928,52.40609],[12.59902,52.40596],[12.59883,52.40586],[12.59865,52.40577],[12.59848,52.40568],[12.5983,52.40558],[12.59812,52.40549],[12.59794,52.40539],[12.59778,52.40531],[12.59755,52.40519],[12.59739,52.40511],[12.5972,52.40501],[12.59701,52.40491],[12.59684,52.40482],[12.59663,52.40471],[12.59645,52.40461],[12.59627,52.40452],[12.59608,52.40442],[12.59593,52.40434],[12.59574,52.40424],[12.59559,52.40416],[12.59549,52.40411]]},"properties":{"sp":0,"o":"Brandenburg an der Havel (Brandenburg an der Havel) 1500 m.","s":"B1","von":"2025-09-29","bis":"2027-04-30","t":"Arbeiten am Bahnübergang Wust, B1\nvom 29.09.2025 bis 30.04.2027\n\nGroßräumige Umleitung nur für den LKW-Verkehr:\n\nB102, Schmerzke  > B102, Paterdamm  > L88, Prützke >  L88, Grebs > L88, Kloster Lehnin > L88, Lehnin > L86, Damsdorf > L86, Groß Kreutz > B1, Jeserig > B1, Gollwitz und in umgekehrter Richtung.\n\nBitte beachten Sie die örtliche Verkehrsführung und Beschilderung."}},{"type":"Feature","geometry":{"type":"LineString","coordinates":[[14.47378,52.4177],[14.47375,52.41772],[14.4734,52.418],[14.47281,52.41849],[14.4725,52.41874],[14.47238,52.41883],[14.47198,52.41913],[14.47178,52.41929],[14.47149,52.41952],[14.47109,52.41983],[14.47068,52.42018],[14.47037,52.42044],[14.47023,52.42056]]},"properties":{"sp":0,"o":"Lebus (Märkisch-Oderland) 400 m.","s":"L383","von":"2026-09-10","bis":"2026-10-16","t":"Reinigung und Inspektion von Entwässerungs- und Sedimentationsanlagen\n\nIm angegebenen Zeitraum besteht eine halbseitige Sperrung mit wechselseitiger Verkehrsführung. \n\nBitte der örtlichen Beschilderung folgen."}},{"type":"Feature","geometry":{"type":"LineString","coordinates":[[13.2205,52.22344],[13.22158,52.22416],[13.22284,52.22498],[13.22305,52.22513],[13.22327,52.22527],[13.22347,52.22543],[13.22368,52.22558],[13.22388,52.22574],[13.22412,52.22593],[13.22447,52.22622],[13.22488,52.22657],[13.22508,52.22673],[13.22527,52.22689],[13.22546,52.22706],[13.22556,52.22716]]},"properties":{"sp":0,"o":"Trebbin (Teltow-Fläming) 540 m.","s":"L70","von":"2026-09-07","bis":"2026-09-30","t":"Tiefbauarbeiten, Kabelverlegung\n\nIm angegebenen Zeitraum besteht eine halbseitige Sperrung mit wechselseitiger Verkehrsführung. \n\nBitte der örtlichen Beschilderung folgen."}},{"type":"Feature","geometry":{"type":"LineString","coordinates":[[13.22556,52.22716],[13.22546,52.22706],[13.22527,52.22689],[13.22508,52.22673],[13.22488,52.22657],[13.22447,52.22622],[13.22412,52.22593],[13.22388,52.22574],[13.22368,52.22558],[13.22347,52.22543],[13.22327,52.22527],[13.22305,52.22513],[13.22284,52.22498],[13.22158,52.22416],[13.2205,52.22344]]},"properties":{"sp":0,"o":"Trebbin (Teltow-Fläming) 540 m.","s":"L70","von":"2026-09-07","bis":"2026-09-30","t":"Tiefbauarbeiten, Kabelverlegung\n\nIm angegebenen Zeitraum besteht eine halbseitige Sperrung mit wechselseitiger Verkehrsführung. \n\nBitte der örtlichen Beschilderung folgen."}},{"type":"Feature","geometry":{"type":"LineString","coordinates":[[12.31168,52.52496],[12.31176,52.52483],[12.31179,52.52478],[12.31184,52.52467],[12.31187,52.52456],[12.31188,52.52446],[12.31189,52.52436],[12.31188,52.52427],[12.31183,52.52344],[12.31178,52.52267],[12.31176,52.52241],[12.31174,52.52225],[12.31171,52.52209],[12.31162,52.5217],[12.31155,52.52141],[12.31149,52.52116],[12.31142,52.52097],[12.31134,52.52077],[12.31124,52.52058],[12.31113,52.52039],[12.31101,52.52021],[12.31099,52.52016],[12.3109,52.52003],[12.31084,52.51993],[12.31079,52.51982],[12.31074,52.51972],[12.3107,52.51961],[12.31068,52.51951],[12.31022,52.51782],[12.30979,52.5162],[12.30943,52.51486],[12.30937,52.51466],[12.30936,52.51455]]},"properties":{"sp":1,"o":"Milower Land (Havelland) 1178 m.","s":"L96","von":"2025-05-16","bis":"2027-07-31","t":"Straßenbau\n\n> Vom 04.03.2024 bis 31.07.2027\nVOLLSPERRUNG auf der L96, OD Milow\n\nUmleitung:\nL96 über Kietz nach Bützer bis Knotenpunkt L964/L96 > L964, Vierietz > Landesgrenze Sachsen/Anhalt > B1, Richtung Neubensdorf > L96 über Nitzahn Richtung Milow und umgekehrt.\n\n> Im angegebenen Zeitraum besteht auf der L96, Karl-Marx-Straße bis Friedennstraße, eine halbseitige Sperrung mit wechselseitiger Verkehrsführung. \n\nDie Regelung erfolgt über eine Baustellenampel. \n\nBitte beachten Sie die örtliche Beschilderung und Verkehrsführung."}},{"type":"Feature","geometry":{"type":"LineString","coordinates":[[12.53109,52.41487],[12.53109,52.41485],[12.53108,52.41464],[12.53106,52.41447],[12.53102,52.41426],[12.53097,52.41407],[12.5309,52.41389],[12.53088,52.41382],[12.53086,52.41375],[12.5308,52.41355],[12.53074,52.41335],[12.53074,52.41316],[12.53077,52.41298],[12.53082,52.41266]]},"properties":{"sp":0,"o":"Brandenburg an der Havel (Brandenburg an der Havel) 248 m.","s":"B102","von":"2026-01-15","bis":"2028-08-31","t":"Verkehrssicherung\n\nVom 16.04.2026 bis 31.08.2028\nVOLLSPERRUNG auf der B1, Magdeburger Landstraße ab Knotenpunkt B1/B102 bis Höhe Friedrich-Franz-Straße.\n\nEine entsprechende Umleitung ist ausgewiesen.\n\nUm den Knotenpunkt B1/B102 besteht zudem eine halbseitige Sperrung mit wechselseitiger Verkehrsführung. \n\nDa der Gehweg teilweise oder voll gesperrt wird, werden alle Verkehrsteilnehmer um erhöhte Aufmerksamkeit gebeten\n\nBitte beachten Sie die örtliche Beschilderung und Verkehrsführung."}},{"type":"Feature","geometry":{"type":"LineString","coordinates":[[13.75124,52.42554],[13.75084,52.42591],[13.75077,52.42599],[13.75069,52.42607],[13.75064,52.42616],[13.7506,52.42624],[13.75058,52.42633],[13.75057,52.42633]]},"properties":{"sp":1,"o":"Erkner (Oder-Spree) 100 m.","s":"L30","von":"2026-08-01","bis":"2026-11-30","t":"Grundhafter Ausbau der Friedrichstraße und Instandsetzung der Brücke über das Flakenfließ\n\n> Vom 15.04.2026 bis 18.12.2026\nVOLLSPERRUNG auf der L30, Friedrichstraße.\n\nDie innerstädtische Umleitung wird mithilfe einer Ampel geregelt:\nSeestraße  > Lange Straße > W.-Smolka-Straße > KV > Fürstenwalder Straße > Rudolf-Breitscheid-Straße > Julius-Rütgers-Straße und in umgekehrter \nRichtung.\n\nUm die Umleitung herum besteht eine halbseitige Sperrung mit wechselseitiger Verkehrsführung. Die Regelung erfolgt über eine Baustellenampel. \n\nEine überörtliche Umleitung ist ausgewiesen.\n\nAchtung! Für Fußgänger und Radfahrer ist der Weg frei.\n\nDie Verkehrsführung wird je nach Baufortschritt angepasst.\n\nBitte beachten Sie die örtliche Verkehrsführung und Beschilderung."}},{"type":"Feature","geometry":{"type":"LineString","coordinates":[[13.76546,51.8348],[13.76787,51.83376],[13.77028,51.83274],[13.77269,51.83172],[13.7751,51.83069],[13.77752,51.82967],[13.77993,51.82866]]},"properties":{"sp":1,"o":"Luckau (Dahme-Spreewald) 1209 m.","s":"L52","von":"2026-08-03","bis":"2026-09-11","t":"Deckenerneuerung in mehreren Bauabschnitten\n\n> 4. Bauabschnitt vom 03.08.2026 bis 11.09.2026: \nVOLLSPERRUNG auf der L52 und L526, ab der Kreuzung Freesdorfer Weg bis Schlabendorf.\n\nUmleitung:\nab KP L52/B87 > B87, OU Luckau > KP B87/ B96, Wittmannsdorf > B96, Riedebeck > B96, Bornsdorf > KP B96/L561 > L561, Weißack > L561, Gahro > L56, Crinitz > L56, Fürstlich Drehna > L56, Klein Mehßow > L56, Mallenchen > bis KP L56/L52 und in umgekehrter Richtung.\n\nBitte beachten Sie die örtliche Beschilderung und Verkehrsführung."}},{"type":"Feature","geometry":{"type":"LineString","coordinates":[[13.62243,52.34633],[13.62231,52.34628]]},"properties":{"sp":1,"o":"Zeuthen (Dahme-Spreewald) 10 m.","s":"L402","von":"2026-03-02","bis":"2026-12-31","t":"Forstallee, Zeuthen (Abzweig von der L402)\n\nGrundhafter Ausbau\n\nVOLLSPERRUNG der kommunalen Forstallee zwischen Birkenallee und Fasanenstraße vom 02.03.2026 bis 31.12.2026. \n\nEine entsprechende Umleitung über die Miersdorfer Chausse, L402, ist ausgeschildert.\n\nDer Verkehr wird mithilfe einer Ampel geregelt.\n\nDie Verkehrsführung wird je nach Baufortschritt angepasst.\n\nBitte beachten Sie die örtliche Verkehrsführung und Beschilderung."}},{"type":"Feature","geometry":{"type":"LineString","coordinates":[[12.30936,52.51455],[12.30937,52.51466],[12.30943,52.51486],[12.30979,52.5162],[12.31006,52.51721]]},"properties":{"sp":0,"o":"Milower Land (Havelland) 300 m.","s":"L96","von":"2025-05-16","bis":"2027-07-31","t":"Straßenbau\n\n> Vom 04.03.2024 bis 31.07.2027\nVOLLSPERRUNG auf der L96, OD Milow\n\nUmleitung:\nL96 über Kietz nach Bützer bis Knotenpunkt L964/L96 > L964, Vierietz > Landesgrenze Sachsen/Anhalt > B1, Richtung Neubensdorf > L96 über Nitzahn Richtung Milow und umgekehrt.\n\n> Im angegebenen Zeitraum besteht auf der L96, Karl-Marx-Straße bis Friedennstraße, eine halbseitige Sperrung mit wechselseitiger Verkehrsführung. \n\nDie Regelung erfolgt über eine Baustellenampel. \n\nBitte beachten Sie die örtliche Beschilderung und Verkehrsführung."}},{"type":"Feature","geometry":{"type":"LineString","coordinates":[[14.42007,51.73186],[14.4183,51.73215],[14.41752,51.73228],[14.41684,51.7324],[14.4161,51.73254],[14.41589,51.73258]]},"properties":{"sp":0,"o":"Cottbus (Cottbus) 300 m.","s":"B168","von":"2026-09-01","bis":"2026-09-18","t":"Markierungsarbeiten\n\nIm angegebenen Zeitraum wird eine Tagesbaustelle mit Einschränkungen des Verkehrsraumes und wechselseitiger Verkehrsführung zur Ausführung der Arbeiten eingerichtet.\n\nBitte beachten Sie die örtliche Beschilderung und Verkehrsführung."}},{"type":"Feature","geometry":{"type":"LineString","coordinates":[[14.5651,52.13358],[14.56511,52.13358],[14.56643,52.13342],[14.56791,52.13321],[14.56793,52.13321],[14.56795,52.1332]]},"properties":{"sp":0,"o":"Schlaubetal (Oder-Spree) 200 m.","s":"K6708","von":"2025-04-22","bis":"2026-12-31","t":"Anbindungen zum Windpark \"Schierenberg\"\n\nIm angegebenen Zeitraum kommt es zu Einschränkungen des Verkehrsraumes mit wechselseitiger Verkehrsführung in beiden Fahrtrichtungen.\n\nDer Verkehr wird mithilfe einer Ampel geregelt.\n\nBitte beachten Sie die örtliche Beschilderung und Verkehrsführung."}},{"type":"Feature","geometry":{"type":"LineString","coordinates":[[14.33799,51.98184],[14.33761,51.98158],[14.33731,51.98138],[14.33645,51.98082],[14.33629,51.98071],[14.33584,51.98039],[14.33548,51.98014],[14.33535,51.98006],[14.33395,51.97913],[14.33388,51.97908],[14.33305,51.97853],[14.33262,51.97825],[14.33241,51.97815],[14.33229,51.9781],[14.33224,51.97809],[14.332,51.97802],[14.33169,51.97796],[14.33145,51.97788],[14.33114,51.97773],[14.33102,51.97767],[14.33063,51.97749],[14.33006,51.97726],[14.3298,51.97724],[14.32974,51.97724],[14.32957,51.97726],[14.32952,51.97726],[14.3291,51.97734],[14.32869,51.97737],[14.32815,51.97734],[14.32652,51.97716]]},"properties":{"sp":0,"o":"Lieberose (Dahme-Spreewald) 1000 m.","s":"K6102","von":"2026-05-11","bis":"2026-10-31","t":"Straßenarbeiten\n\nIm angegebenen Zeitraum besteht eine halbseitige Sperrung mit wechselseitiger Verkehrsführung. \n\nBitte der örtlichen Beschilderung folgen."}},{"type":"Feature","geometry":{"type":"LineString","coordinates":[[12.04731,53.30065],[12.04734,53.30056]]},"properties":{"sp":0,"o":"Putlitz (Prignitz) 10 m.","s":"K7024","von":"2026-09-21","bis":"2026-10-05","t":"Sanierung Durchlass\n\n> Vom 21.09.2026 bis 05.10.2026 \nbesteht eine halbseitige Sperrung mit wechselseitiger Verkehrsführung. Die Regelung erfolgt über eine Baustellenampel. \n\n> Vom 05.10.2026 bis 12.10.2026\nVOLLSPERRUNG auf der K7024, Höhe Duhlenzer Berg\n\nUmleitung: \nK7024, Nettelbeck > L13, Telschow-Weitgendorf  > K7021, Frehne  > L14, Krempendorf  > K7024, Jännersdorf > K7024, Porep und in umgekehrter Richtung.\n\n> Vom 13.10.2026 bis 16.10.2026 \nbesteht eine halbseitige Sperrung mit wechselseitiger Verkehrsführung. Die Regelung erfolgt über eine Baustellenampel. \n\nDie Verkehrsführung wird je nach Baufortschritt angepasst.\n\nBitte der örtlichen Beschilderung folgen."}},{"type":"Feature","geometry":{"type":"LineString","coordinates":[[14.15725,52.52797],[14.15734,52.52805],[14.15761,52.52829],[14.15788,52.52852],[14.15801,52.52864],[14.15827,52.52887],[14.15854,52.52911],[14.15868,52.52922],[14.15881,52.52934],[14.15889,52.5294],[14.15901,52.52948],[14.15913,52.52956],[14.15927,52.52963],[14.15942,52.5297],[14.15952,52.52974],[14.15972,52.52982],[14.16012,52.52997],[14.16052,52.53013],[14.16092,52.53028],[14.16132,52.53044],[14.16171,52.53061],[14.16211,52.53076],[14.16251,52.53092],[14.16291,52.53108],[14.1631,52.53116],[14.16319,52.53121],[14.16327,52.53125],[14.16335,52.5313],[14.16343,52.53137],[14.16349,52.53142],[14.16354,52.53149],[14.16359,52.53155],[14.16364,52.53165],[14.16373,52.53182],[14.16376,52.53186],[14.16381,52.53195],[14.16387,52.53202],[14.16392,52.53208],[14.16394,52.53211],[14.164,52.53216],[14.16407,52.53223],[14.16427,52.53239],[14.16456,52.53261],[14.16473,52.53272],[14.16495,52.53284],[14.16528,52.533],[14.16565,52.53318],[14.16607,52.53338],[14.16612,52.5334],[14.16616,52.53343],[14.1662,52.53345],[14.16623,52.53348],[14.16627,52.53351],[14.1663,52.53354],[14.16632,52.53357],[14.16635,52.5336],[14.16637,52.53363],[14.16638,52.53366],[14.1664,52.53369],[14.16641,52.53373],[14.16642,52.53376],[14.16644,52.53387],[14.1665,52.53416],[14.16655,52.53447],[14.1666,52.53475],[14.16663,52.53489],[14.16665,52.53494],[14.16666,52.53497],[14.16667,52.535],[14.16668,52.53504],[14.1667,52.53509],[14.16672,52.53512],[14.16673,52.53515],[14.16675,52.53518],[14.16679,52.53524],[14.16684,52.53531],[14.16688,52.53537],[14.16711,52.53566],[14.16732,52.53592],[14.16752,52.53618],[14.16773,52.53646],[14.1679,52.53669],[14.1681,52.53697],[14.16831,52.53727],[14.16852,52.53761],[14.16862,52.53778],[14.1687,52.53791],[14.16879,52.53808],[14.16892,52.53832],[14.16893,52.53835],[14.16894,52.53839],[14.16895,52.53842],[14.16896,52.53845],[14.16897,52.5386],[14.16898,52.53878],[14.16899,52.53893],[14.169,52.53907],[14.16901,52.5391],[14.16902,52.53914],[14.16904,52.53919],[14.16908,52.53924],[14.16912,52.53928],[14.16917,52.53932],[14.1694,52.53949],[14.1697,52.53971],[14.16988,52.53985],[14.16992,52.53989],[14.16994,52.53991],[14.16995,52.53993]]},"properties":{"sp":1,"o":"Müncheberg (Märkisch-Oderland) 1658 m.","s":"L362","von":"2026-10-19","bis":"2026-10-30","t":"Erneuerung Mittelspannungsfreileitung /Verlegen Erdkabel\n\n> Vom 07.09.2026 bis 19.10.2026 besteht eine halbseitige Sperrung mit wechselseitiger Verkehrsführung. \n\n> Vom 19.10.2026 bis 30.10.2026\nVOLLSPERRUNG auf der L362, zwischen Müncheberg und Obersdorf.\n\nUmleitung:\nL362, Müncheberg > B1, Jahnsfelde > L36, über Trebnitz Richtung Kirschberg > L362 Richtung Obersdorf und in umgekehrter Richtung.\n\nDie Verkehrsführung wird je nach Baufortschritt angepasst.\n\nBitte beachten Sie die örtliche Beschilderung und Verkehrsführung."}},{"type":"Feature","geometry":{"type":"LineString","coordinates":[[14.1577,51.77469],[14.1577,51.77469],[14.15772,51.77473]]},"properties":{"sp":1,"o":"Kolkwitz (Spree-Neiße) 5 m.","s":"K7132","von":"2026-09-09","bis":"2026-09-11","t":"Herstellung Kabeltrasse\n\nVOLLSPERRUNG des Bahnüberganges auf der K7132 \nvom 09.09.2026 bis 11.09.2026.\n\nBitte der örtlichen Beschilderung folgen."}},{"type":"Feature","geometry":{"type":"LineString","coordinates":[[12.95844,52.43193],[12.95853,52.43193],[12.95877,52.43192],[12.95887,52.43192],[12.95902,52.4319],[12.95917,52.43188],[12.95938,52.43185],[12.9595,52.43182],[12.95968,52.43177],[12.95974,52.43175],[12.95996,52.43166],[12.9603,52.43156],[12.96055,52.43146],[12.96078,52.43136],[12.96158,52.43103],[12.96232,52.43072],[12.96241,52.43068],[12.96244,52.43067],[12.96248,52.43066],[12.96253,52.43065],[12.96258,52.43064],[12.96263,52.43063],[12.96268,52.43063],[12.96274,52.43063],[12.9628,52.43063],[12.96371,52.4307],[12.96457,52.43076],[12.96465,52.43077],[12.96489,52.43078],[12.96513,52.43078],[12.96537,52.43077],[12.96562,52.43076],[12.96585,52.43074],[12.96609,52.43072],[12.96633,52.43069],[12.96656,52.43066],[12.9668,52.43063],[12.96697,52.43061],[12.9672,52.43059],[12.96736,52.43058],[12.96752,52.43057],[12.96774,52.43058],[12.96874,52.43058],[12.96899,52.43057],[12.96918,52.43054],[12.96946,52.4305],[12.97088,52.43023],[12.97235,52.42996],[12.97247,52.42994],[12.97252,52.42993],[12.97257,52.42991],[12.97262,52.4299],[12.97266,52.42988],[12.9727,52.42985],[12.97273,52.42983],[12.97276,52.4298],[12.97278,52.42977],[12.97279,52.42974]]},"properties":{"sp":1,"o":"Potsdam (Potsdam) 1039 m.","s":"L902","von":"2026-07-13","bis":"2026-12-18","t":"Fahrbahn- und Radwegsanierung\n\nVOLLSPERRUNG auf der L902 zwischen dem Laubenweg und der Straße Am Bahnhof vom 13.07.2026 bis 18.12.2026\n\nUmleitung für den Pkw-Verkehr:\nL902, Kreisverkehr > L902, Richtung Potsdam-Zentrum / OT Bornim  > B273, Potsdam, OT Bornim > B273, Schlänitzsee > A10, AS Potsdam-Nord > A10, AS Leest > L902, in Richtung Grube und in umgekehrter Richtung.\n\nEine entsprechende Umleitung für den Radverkehr ist separat ausgewiesen."}},{"type":"Feature","geometry":{"type":"LineString","coordinates":[[14.36592,51.77769],[14.36548,51.77724],[14.36402,51.77573],[14.36286,51.77451],[14.36236,51.77399]]},"properties":{"sp":1,"o":"Cottbus (Cottbus) 480 m.","s":"B169","von":"2025-09-26","bis":"2027-12-21","t":"Grundhafter Ausbau in mehreren Bauphasen\n\nBauphase 2: \nAb 26.09.2025\nkommt es auf der B169 beim Kreisverkehr B169 Stadtring / Nordring zu einspuriger Verkehrsführung in beiden Fahrtrichtungen.\n\nAus Richtung Peitz kommend ist der Geh- und Radweg gesperrt. \nEs wird eine Umleitung eingerichtet.\n\nDann werden bis zum Abzweig \"Drewitzer Straße\" beide Richtungsfahrbahn auf eine Fahrbahn übergeleitet. \n\nZwischen dem Abzweig \"Am Großen Spreewehr\" und dem Bahnübergang werden beide Richtungsfahrbahnen auf eine Fahrbahn übergeleitet. \n\nHinweis: Die Zuwegung aus Merzdorf kommen zu \"Am Großen Spreewehr\" ist gewährleistet.\n\n________________________________\n\nVOLLSPERRUNG der \"Drewitzer Straße\" (Abzweig von der B169) ab 22.10.2025.\n\n\nDie Verkehrsführung wird je nach Baufortschritt angepasst\nBitte beachten Sie die örtliche Beschilderung und Verkehrsführung."}},{"type":"Feature","geometry":{"type":"LineString","coordinates":[[14.60519,51.61118],[14.60537,51.61106],[14.60563,51.61088],[14.60589,51.6107],[14.60611,51.61054],[14.6063,51.61039],[14.60653,51.6102],[14.60668,51.61009],[14.60683,51.60995],[14.60698,51.60982],[14.60723,51.60959],[14.60762,51.60917],[14.6079,51.60882],[14.60806,51.60859],[14.60824,51.60832],[14.60834,51.60814],[14.60852,51.60781],[14.60862,51.6076],[14.60867,51.60749],[14.60878,51.60726],[14.60892,51.60694],[14.60904,51.60665],[14.60921,51.60626],[14.60944,51.60572],[14.6097,51.60513],[14.60976,51.60499]]},"properties":{"sp":0,"o":"Döbern (Spree-Neiße) 770 m.","s":"B115","von":"2026-09-07","bis":"2026-09-25","t":"Instandsetzung Entwässerungsanlage\n\nIm angegebenen Zeitraum besteht eine halbseitige Sperrung mit wechselseitiger Verkehrsführung. Die Regelung erfolgt über eine Baustellenampel. \n\nBitte der örtlichen Beschilderung folgen."}},{"type":"Feature","geometry":{"type":"LineString","coordinates":[[14.35878,51.76235],[14.35879,51.76231],[14.35879,51.76231]]},"properties":{"sp":1,"o":"Cottbus (Cottbus) 5 m.","s":"B169","von":"2026-04-13","bis":"2026-12-23","t":"Straßenausbau\n\nVOLLSPERRUNG der Dissenchener Straße, zwischen Stadtring und Muskauer Straße\nvom 13.04.2026 bis 23.12.2026.\n\nUmleitung 1:\nStadtring  > Nordring und in umgekehrter Richtung.\n\nUmleitung 2:\nStadtring  > Willy-Brandt-Straße  > LKW via Bahnhofstraße und in umgekehrter Richtung.\n\nUmleitung 3:\nWilly-Brandt-Straße  > Stadtring  > LKW via Am Spreeufer > Schlachthofstraße und in umgekehrter Richtung.\n\nBitte beachten Sie die örtliche Verkehrsführung und Beschilderung."}},{"type":"Feature","geometry":{"type":"LineString","coordinates":[[12.76987,53.11569],[12.76957,53.11559],[12.76875,53.11535],[12.76692,53.11479],[12.76657,53.11468],[12.76612,53.11452],[12.7658,53.11438],[12.76532,53.11416],[12.76477,53.11388],[12.76357,53.11329],[12.76245,53.11275],[12.76221,53.11261],[12.76203,53.11247],[12.76188,53.11232],[12.76177,53.11215],[12.76169,53.11199],[12.76158,53.11175],[12.76151,53.1116],[12.76146,53.11143],[12.76138,53.1111],[12.76136,53.1108],[12.76127,53.10954],[12.76114,53.10754],[12.7611,53.10697],[12.76104,53.1057],[12.76096,53.10392],[12.76092,53.10326],[12.76088,53.10262],[12.76083,53.10188],[12.76073,53.10047],[12.76064,53.09886],[12.76055,53.09701],[12.76051,53.09618],[12.76047,53.09528],[12.76042,53.09409],[12.76036,53.09296],[12.76031,53.09213],[12.76026,53.0914],[12.76017,53.09002],[12.76012,53.08911],[12.76007,53.08808],[12.75997,53.08664],[12.75987,53.08497],[12.7598,53.08381],[12.75968,53.08194],[12.75949,53.07913],[12.7594,53.07754],[12.75928,53.07566],[12.75922,53.0748],[12.75915,53.07352],[12.75911,53.0728],[12.75899,53.07124],[12.75886,53.06973],[12.75876,53.06874],[12.7587,53.0678],[12.75861,53.06633],[12.75852,53.06499],[12.75843,53.064]]},"properties":{"sp":1,"o":"Rheinsberg (Ostprignitz-Ruppin) 6045 m.","s":"L16","von":"2026-07-22","bis":"2026-10-02","t":"Sanierung Asphalt\n\n> 2. Bauabschnitt vom 22.07.2026 bis 02.10.2026: \nVOLLSPERRUNG auf der L16, ab Knotenpunkt L16/K6812 bis OE Wallitz.\n\nEs besteht außerdem eine halbseitige Sperrung mit wechselseitiger Verkehrsführung.\nDie Regelung erfolgt über eine Baustellenampel. \n\nUmleitung:\nL16, Kuhburgberg > L18, Temnitzquell  > L18, Herzsprung > L14, Wittstock > L15, Schweinrich > L15, Flecken Zechling > L15, Dorf Zechlin > L16, Wallitz und in umgekehrter Richtung.\n\nBitte der örtlichen Beschilderung folgen."}},{"type":"Feature","geometry":{"type":"LineString","coordinates":[[12.3487,52.98485],[12.34863,52.98508],[12.3482,52.98639],[12.34775,52.98776],[12.34769,52.98795],[12.34763,52.98814],[12.34756,52.98833],[12.34749,52.98852],[12.3474,52.98878],[12.34725,52.9892],[12.34705,52.98971],[12.34695,52.98994],[12.34683,52.99018],[12.34669,52.99041],[12.34653,52.99063],[12.34634,52.99085],[12.34614,52.99106],[12.34592,52.99127],[12.34568,52.99146],[12.34543,52.99166],[12.34516,52.99184],[12.34487,52.99201],[12.34457,52.99217],[12.34418,52.99236],[12.34312,52.99284],[12.34198,52.99336],[12.34168,52.99351],[12.34139,52.99367],[12.34111,52.99384],[12.34085,52.99402],[12.3406,52.99421],[12.34037,52.9944],[12.34016,52.9946],[12.33996,52.99481],[12.33978,52.99502],[12.33963,52.99524],[12.33949,52.99547],[12.33937,52.99569],[12.33927,52.99593],[12.33915,52.99622],[12.33901,52.99656],[12.33885,52.99693],[12.33885,52.99693]]},"properties":{"sp":1,"o":"Gumtow (Prignitz) 1558 m.","s":"B103","von":"2026-07-27","bis":"2026-12-18","t":"Straßenbau in mehreren Abschnitten\nGesamtzeitraum der Maßnahme: 28.07.2025 bis 18.12.2026.\n\n> VOLLSPERRUNG auf der B103 vom 27.07.2026 bis 18.12.2026:\n- ab OA Gantikow bis Abzweig Kyritzer Straße und\n- ab Abzweig Pritzwalker Straße bis OA Vehlow\n\nUmleitung:\nB103, Kyritz > B5, Neu Schrepkow > B107, Pritzwalk > B103, Kolrep und in umgekehrter Richtung.\n\nDie Verkehrsführung wird je nach Baufortschritt angepasst.\n\nBitte beachten Sie die örtliche Verkehrsführung und Beschilderung."}},{"type":"Feature","geometry":{"type":"LineString","coordinates":[[13.23158,52.24124],[13.23143,52.24101],[13.23122,52.24072],[13.23111,52.24058]]},"properties":{"sp":1,"o":"Trebbin (Teltow-Fläming) 80 m.","s":"B101","von":"2026-07-31","bis":"2026-09-30","t":"Brückenprüfung\n\nAb dem 31.07.2026 kommt es bis auf Weiteres zur VOLLSPERRUNG der B101 im Bereich der Grünbrücke der Ortsumfahrung Thyrow.\n\nUmleitung aus nördlicher Richtung:\nLudwigsfeld Süd > L79 bis Groß Schulzendorf > L792 über Werben nach Nunsdorf > B246, über Christinendorf > B 101 und in umgekehrter Richtung.\n\nUmleitung aus südlicher Richtung:\nB246, über Christinendorf > Nunsdorf > L795, über Märkisch Wilmersdorf > B101 in Thyrow und in umgekehrter Richtung.\n\nDAS GENANNTE ENDDATUM BILDET NICHT DAS TATSÄCHLICH ENDDATUM DER SPERRUNG AB. \nDIE DAUER DER VOLLSPERRUNG IST BIS AUF WEITRES OFFEN.\nAUS TECHNISCHEN GRÜNDEN MUSS IM SYSTEM EIN DATUM HINTERLEGT WERDEN.\n\nBitte beachten Sie die örtliche Beschilderung und Verkehrsführung."}},{"type":"Feature","geometry":{"type":"LineString","coordinates":[[13.32105,52.07974],[13.32093,52.07972],[13.32076,52.07971]]},"properties":{"sp":0,"o":"Nuthe-Urstromtal (Teltow-Fläming) 20 m.","s":"K7222","von":"2026-08-17","bis":"2026-09-25","t":"Tiefbauarbeiten, Austausch Trinkwasserleitung\n\nVOLLSPERRUNG auf der L70, Kummersdorfer Straße\nvom 17.08.2026 bis 25.09.2026.\n\nAuf der K7222, Gottower Straße bis Neuhofer Straße kommt es währenddessen zur halbseitigen Sperrung mit wechselseitiger Verkehrsführung. \n\nDie Regelung erfolgt über eine Baustellenampel. \n\nBitte der örtlichen Beschilderung folgen."}},{"type":"Feature","geometry":{"type":"LineString","coordinates":[[14.02955,52.78289],[14.02968,52.78292],[14.02995,52.78296],[14.03025,52.78301],[14.03058,52.78306],[14.03084,52.7831],[14.03117,52.78316],[14.03148,52.78322],[14.03177,52.78327],[14.03208,52.78333],[14.03242,52.78341],[14.03281,52.7835],[14.03314,52.78357],[14.03354,52.78366],[14.03381,52.78372],[14.0341,52.78377],[14.03439,52.78383],[14.03473,52.78389]]},"properties":{"sp":1,"o":"Bad Freienwalde (Märkisch-Oderland) 367 m.","s":"B158","von":"2025-02-01","bis":"2027-12-20","t":"Überregionale Verkehrsführung\nUmbau der Verkehrsanlage im Kreuzungsbereich B158\n\nVOLLSPERRUNG auf der B158, Schiffmühler Straße\nvom 01.02.2025 bis 20.12.2027\n\nUmleitung:\nB167, Hohenfinow  > Falkenberg  > Bad Freienwalde > B167 OU Bad Freienwalde, Richtung Wriezen > L341, Schulzendorf >L41, Haselberg >  L35, Platzfelde über Dannenberg > Cöthen > L35 Höhenfinow > B167, Falkenberg > B167, Bad Freienwalde und in umgekehrter Richtung.\n\nDie Verkehrsführung wird je nach Baufortschritt angepasst.\n\nBitte beachten Sie die örtliche Verkehrsführung und Beschilderung."}},{"type":"Feature","geometry":{"type":"LineString","coordinates":[[13.69195,53.21276],[13.69214,53.21325],[13.69245,53.21402],[13.69249,53.21411],[13.69253,53.2142],[13.69257,53.21429],[13.69263,53.2144],[13.6927,53.21451],[13.69278,53.21462],[13.69281,53.21466],[13.69287,53.21475],[13.69288,53.21477],[13.69293,53.21483],[13.69303,53.21499],[13.69313,53.21515],[13.69322,53.21531],[13.69331,53.21551],[13.69333,53.21554],[13.69336,53.21561],[13.69342,53.21576],[13.6935,53.21591],[13.69358,53.21606]]},"properties":{"sp":0,"o":"Boitzenburger Land (Uckermark) 383 m.","s":"B109","von":"2026-09-14","bis":"2026-09-19","t":"Bauliche Erhaltung\n\nIm angegebenen Zeitraum besteht eine halbseitige Sperrung mit wechselseitiger Verkehrsführung. Die Regelung erfolgt über eine Baustellenampel. \n\nBitte beachten Sie die örtliche Beschilderung und Verkehrsführung."}},{"type":"Feature","geometry":{"type":"LineString","coordinates":[[13.13517,52.67681],[13.13539,52.67669],[13.13549,52.67664],[13.13562,52.67657],[13.13573,52.67653],[13.13583,52.67651],[13.13594,52.6765],[13.13605,52.67649],[13.1362,52.67649],[13.13629,52.6765],[13.13642,52.67651],[13.13687,52.67657],[13.13717,52.67661],[13.13745,52.67665],[13.13774,52.67669],[13.13802,52.67673],[13.13859,52.67682],[13.13873,52.67684]]},"properties":{"sp":1,"o":"Oberkrämer (Oberhavel) 257 m.","s":"L17","von":"2026-07-20","bis":"2026-09-12","t":"Deckensanierung in mehreren Bauabschnitten\nGesamtdauer der Maßnahme vom 20.07.2026 bis 12.09.2026\n\n>  VOLLSPERRUNG auf der L17 ab Abzweig Breite Straße bis OA Marwitz vom 19.08.2026 bis 12.09.2026\n\nUmleitung:\nL20, Velten  > L172, Germendorf > L170, Schwante > L17, Marwitz und in umgekehrter Richtung.\n\nUm die Vollsperrung herum kann es außerdem zu einer halbseitigen Sperrung mit wechselseitiger Verkehrsführung kommen. \n\nBitte der örtlichen Beschilderung folgen."}}]}