{"type":"FeatureCollection","features":[{"type":"Feature","properties":{"class":"land"},"geometry":{"type":"Polygon","coordinates":[[[-25.39349,70.92585],[-25.41945,70.94786],[-25.43526,70.95426],[-25.58091,70.98549],[-25.69089,71.04866],[-25.72419,71.05546],[-25.81626,71.05746],[-25.84358,71.05487],[-26.35819,70.93066],[-26.63176,70.88939],[-27.23242,70.8816],[-27.60274,70.92666],[-27.63728,70.92575],[-27.72931,70.90874],[-27.74999,70.89844],[-27.78477,70.79143],[-27.78466,70.78827],[-27.75592,70.71491],[-27.83733,70.6513],[-27.96104,70.62654],[-27.97871,70.61911],[-28.07554,70.51809],[-28.07743,70.51366],[-28.07537,70.48666],[-28.05856,70.47605],[-27.9216,70.44306],[-27.8865,70.44107],[-27.09671,70.51776],[-26.61157,70.53912],[-26.37099,70.50114],[-26.31168,70.4492],[-26.29687,70.44289],[-26.27398,70.44051],[-26.21802,70.44051],[-26.18739,70.44522],[-25.88587,70.56205],[-25.38474,70.64078],[-25.36506,70.64733],[-25.309,70.68732],[-25.30626,70.69606],[-25.34017,70.74407],[-25.34715,70.74904],[-25.41366,70.77856],[-25.39247,70.78531],[-25.38097,70.79208],[-25.35389,70.83207],[-25.35333,70.83692],[-25.39115,70.92293],[-25.39349,70.92585]]]}},{"type":"Feature","properties":{"class":"land"},"geometry":{"type":"Polygon","coordinates":[[[22.62122,58.63431],[22.5512,58.64031],[22.53735,58.63952],[22.31828,58.5935],[22.30428,58.5864],[22.25129,58.52294],[22.17297,58.52933],[22.15255,58.5264],[22.08048,58.49529],[22.01781,58.52067],[21.99751,58.52328],[21.85745,58.51028],[21.83857,58.50266],[21.83969,58.49022],[21.95516,58.38619],[21.90485,58.32661],[21.84485,58.3146],[21.83063,58.30758],[21.82991,58.29734],[21.85794,58.25734],[21.86778,58.25077],[22.15251,58.15034],[21.96485,58.0025],[21.96077,57.99677],[21.95279,57.96477],[21.95375,57.95894],[21.97277,57.92695],[21.98322,57.91967],[22.00002,57.91761],[22.07899,57.9226],[22.09149,57.92531],[22.16748,57.9563],[22.17504,57.96129],[22.25008,58.04628],[22.25198,58.04931],[22.29256,58.15444],[22.38562,58.20503],[22.50109,58.22244],[22.72891,58.21752],[22.75315,58.22523],[22.77791,58.25272],[22.99253,58.35183],[23.04186,58.359],[23.05555,58.36389],[23.14121,58.42346],[23.32669,58.43765],[23.3458,58.4447],[23.34616,58.45693],[23.31617,58.48894],[23.30808,58.49395],[22.97903,58.61698],[22.96943,58.61919],[22.82538,58.6352],[22.81117,58.63468],[22.69127,58.61198],[22.6311,58.63232],[22.62122,58.63431]]]}},{"type":"Feature","properties":{"class":"land"},"geometry":{"type":"Polygon","coordinates":[[[50.29912,69.19192],[50.2012,69.26294],[50.1904,69.26765],[49.24821,69.52177],[49.22051,69.5244],[48.84028,69.50839],[48.82124,69.50562],[48.6072,69.44659],[48.60175,69.44474],[48.38479,69.35471],[48.37889,69.35135],[48.28499,69.27433],[48.28197,69.26986],[48.24136,69.04085],[48.24163,69.03818],[48.2788,68.94019],[48.2803,68.93783],[48.4035,68.80086],[48.41454,68.79481],[48.64252,68.72285],[48.67126,68.7196],[48.91412,68.72959],[48.92551,68.73074],[49.6412,68.84767],[49.65702,68.85247],[49.87111,68.96643],[49.87529,68.96935],[49.95411,69.04611],[50.08869,69.10291],[50.1046,69.09344],[50.12664,69.03617],[50.14694,69.02597],[50.18191,69.02613],[50.23889,69.03712],[50.254,69.04247],[50.31605,69.08246],[50.32071,69.08988],[50.30288,69.18689],[50.29912,69.19192]]]}},{"type":"Feature","properties":{"class":"land"},"geometry":{"type":"Polygon","coordinates":[[[60.48187,69.9429],[60.42489,69.96991],[60.41971,69.97191],[59.66641,70.20588],[59.34335,70.36951],[59.33857,70.37148],[59.03357,70.47453],[59.01228,70.47827],[58.9884,70.4773],[58.7773,70.44528],[58.75846,70.43935],[58.64652,70.36884],[58.49512,70.32857],[58.48175,70.322],[58.43483,70.27099],[58.43503,70.2628],[58.64239,70.04685],[58.64603,70.0441],[58.9192,69.88615],[58.93359,69.88128],[58.98457,69.87128],[59.0072,69.86956],[59.02872,69.87253],[59.15099,69.90659],[59.36495,69.87781],[59.47098,69.85679],[59.54182,69.78879],[59.53905,69.73926],[59.55228,69.72887],[59.61128,69.71088],[59.62231,69.70851],[59.79822,69.68352],[59.82369,69.68303],[60.02316,69.7027],[60.2003,69.67566],[60.23313,69.67589],[60.45703,69.71387],[60.47826,69.7235],[60.51537,69.7915],[60.51605,69.79379],[60.52022,69.88479],[60.51937,69.8878],[60.48846,69.93781],[60.48187,69.9429]]]}},{"type":"Feature","properties":{"class":"land"},"geometry":{"type":"Polygon","coordinates":[[[23.85582,35.54836],[23.8073,35.56564],[23.78718,35.63702],[23.78134,35.64455],[23.74734,35.66655],[23.73667,35.66949],[23.72616,35.66622],[23.72063,35.65825],[23.69949,35.5563],[23.66891,35.53009],[23.63979,35.54022],[23.62436,35.57108],[23.61238,35.57921],[23.59741,35.57565],[23.55841,35.54465],[23.55361,35.53701],[23.53163,35.41801],[23.53152,35.41473],[23.54555,35.29373],[23.54825,35.28752],[23.57925,35.24952],[23.58452,35.24542],[23.62951,35.22343],[23.63892,35.22153],[23.88298,35.23245],[24.45973,35.14693],[24.69844,35.07776],[24.71891,35.05335],[24.72859,34.94997],[24.7392,34.93838],[24.79419,34.92138],[24.80185,34.9206],[25.83068,35.0115],[26.16561,35.00551],[26.17222,35.00651],[26.25021,35.0325],[26.26006,35.04198],[26.33611,35.31197],[26.33501,35.32065],[26.32764,35.32696],[26.31707,35.32828],[26.28306,35.32327],[26.2744,35.31961],[26.16123,35.22849],[26.02799,35.22849],[26.02289,35.22783],[25.88787,35.19182],[25.8813,35.18852],[25.82845,35.1451],[25.79302,35.1374],[25.75965,35.15191],[25.7517,35.18452],[25.77241,35.32438],[25.76816,35.33514],[25.74216,35.35815],[25.72666,35.36221],[25.47615,35.31981],[25.30063,35.35216],[25.29786,35.35247],[25.10997,35.36026],[25.01305,35.42072],[25.0041,35.42346],[24.72205,35.43846],[24.71746,35.43818],[24.35555,35.3731],[24.28954,35.39566],[24.27125,35.4716],[24.26458,35.48001],[24.25262,35.48235],[24.18267,35.47407],[24.14126,35.49537],[24.20616,35.52526],[24.21375,35.53279],[24.21313,35.54252],[24.18114,35.60052],[24.16573,35.60849],[24.09271,35.60749],[24.08128,35.60355],[24.00646,35.54275],[23.85582,35.54836]]]}},{"type":"Feature","properties":{"class":"land"},"geometry":{"type":"Polygon","coordinates":[[[23.42701,38.96873],[23.32501,39.04474],[23.30886,39.0481],[23.14183,39.01609],[23.13693,39.0145],[22.8609,38.88248],[22.85361,38.87538],[22.85376,38.86629],[22.86477,38.84329],[22.87783,38.83474],[22.93282,38.82674],[22.94319,38.82773],[23.03016,38.85859],[23.13662,38.83267],[23.35271,38.72462],[23.49218,38.60397],[23.49525,38.60187],[23.60179,38.5448],[23.63426,38.43983],[23.64335,38.43091],[23.75134,38.38892],[23.75817,38.38753],[24.02763,38.37699],[24.04779,38.33249],[24.05459,38.32571],[24.08929,38.30792],[24.12825,38.23762],[24.13128,38.23394],[24.17316,38.19765],[24.19522,38.11522],[24.20087,38.10774],[24.34786,38.00876],[24.35826,38.00552],[24.41126,38.0037],[24.49217,37.95896],[24.50266,37.95652],[24.51289,37.95959],[24.58988,38.00959],[24.59608,38.01908],[24.60511,38.12308],[24.60127,38.13255],[24.57627,38.15655],[24.56462,38.16143],[24.36706,38.17603],[24.29057,38.22794],[24.23659,38.3427],[24.20597,38.46149],[24.22678,38.49857],[24.22779,38.50705],[24.2168,38.54406],[24.21527,38.54727],[24.14329,38.65428],[24.14031,38.65746],[24.11131,38.68047],[24.10062,38.68443],[23.88253,38.70022],[23.53459,38.82442],[23.48654,38.85797],[23.43107,38.96409],[23.42701,38.96873]]]}},{"type":"Feature","properties":{"class":"land"},"geometry":{"type":"Polygon","coordinates":[[[34.4741,35.58398],[34.5671,35.65197],[34.57258,35.66274],[34.56567,35.67297],[34.55153,35.67499],[34.40651,35.64199],[34.40401,35.64123],[34.18498,35.55822],[34.18263,35.55713],[34.05562,35.48624],[33.6042,35.36718],[33.45818,35.34954],[33.30973,35.35544],[32.9446,35.40332],[32.932,35.40075],[32.92556,35.39156],[32.90983,35.28127],[32.86774,35.19249],[32.77197,35.17386],[32.65576,35.19614],[32.64664,35.19576],[32.55062,35.16875],[32.54582,35.16662],[32.38865,35.06565],[32.30773,35.09531],[32.2965,35.09598],[32.28736,35.09058],[32.2846,35.08164],[32.30062,34.95165],[32.30219,34.94712],[32.43422,34.72313],[32.44294,34.71646],[32.68691,34.63648],[32.69438,34.63556],[32.86263,34.64717],[32.9006,34.62616],[32.92674,34.57109],[32.94021,34.56259],[33.0062,34.55659],[33.01761,34.55908],[33.02404,34.56724],[33.04025,34.63108],[33.07142,34.66309],[33.41913,34.73794],[33.4242,34.73983],[33.5232,34.79482],[33.52607,34.79685],[33.70661,34.95688],[34.051,34.97454],[34.06378,34.98062],[34.06546,34.99265],[34.03947,35.05065],[34.03681,35.05448],[33.94585,35.14644],[33.92526,35.20197],[33.95615,35.28367],[34.47258,35.58299],[34.4741,35.58398]]]}},{"type":"Feature","properties":{"class":"land"},"geometry":{"type":"Polygon","coordinates":[[[19.09396,57.84552],[18.97396,57.90953],[18.96761,57.912],[18.91259,57.927],[18.89019,57.92721],[18.83018,57.9122],[18.81659,57.90371],[18.79041,57.85494],[18.73656,57.87505],[18.71397,57.8768],[18.52891,57.84378],[18.51865,57.8403],[18.38665,57.76628],[18.38447,57.76488],[18.11653,57.56484],[18.11187,57.55753],[18.10395,57.44953],[18.10409,57.44748],[18.12648,57.34073],[18.08166,57.27677],[18.08192,57.26688],[18.18699,57.1279],[18.19074,57.12447],[18.25591,57.08105],[18.12359,56.9267],[18.12237,56.91704],[18.1333,56.90943],[18.15076,56.90776],[18.25373,56.91876],[18.26581,56.92211],[18.35681,56.9681],[18.36411,56.97495],[18.41019,57.08263],[18.49503,57.1533],[18.71373,57.23174],[18.72396,57.23928],[18.76608,57.31852],[18.80291,57.35094],[18.92018,57.38621],[18.93247,57.39515],[18.92814,57.40602],[18.81656,57.48712],[18.83841,57.69755],[18.95654,57.73],[18.96868,57.73729],[19.01443,57.80259],[19.08819,57.82417],[19.10108,57.83408],[19.09396,57.84552]]]}},{"type":"Feature","properties":{"class":"land"},"geometry":{"type":"Polygon","coordinates":[[[12.59259,55.78746],[12.54995,55.9166],[12.63038,56.02794],[12.62941,56.03924],[12.60042,56.07025],[12.58981,56.07607],[12.43877,56.11808],[12.43072,56.1194],[12.22165,56.13241],[12.20433,56.12973],[11.85129,55.97869],[11.84203,55.96942],[11.84763,55.95927],[11.89139,55.93042],[11.91056,55.89473],[11.89905,55.83432],[11.86835,55.81772],[11.86222,55.81226],[11.80548,55.71617],[11.71521,55.73786],[11.72006,55.90779],[11.71501,55.91627],[11.64702,55.96528],[11.62414,55.97032],[11.47109,55.95631],[11.4574,55.95221],[11.45102,55.94429],[11.44061,55.8835],[11.30589,55.76391],[11.22047,55.74473],[11.05216,55.75343],[11.04017,55.7523],[10.96915,55.7343],[10.95761,55.72807],[10.9556,55.71914],[10.98564,55.64114],[10.99558,55.63284],[11.09787,55.59358],[11.10421,55.53419],[11.10676,55.52887],[11.16575,55.46327],[11.14736,55.33006],[11.15001,55.32273],[11.26506,55.19775],[11.28777,55.19055],[11.474,55.19839],[11.63423,55.1759],[11.71653,54.97041],[11.71753,54.91486],[11.71994,54.90905],[11.841,54.76707],[11.8535,54.76043],[11.87048,54.76043],[12.05843,54.80241],[12.07337,54.81417],[12.11263,55.17841],[12.33017,55.22434],[12.33826,55.2272],[12.42925,55.27619],[12.4364,55.28812],[12.40845,55.38812],[12.39473,55.3983],[12.29118,55.42467],[12.24039,55.46955],[12.26493,55.53168],[12.33607,55.57727],[12.55629,55.64411],[12.56634,55.64991],[12.59235,55.67891],[12.59493,55.68515],[12.59299,55.78515],[12.59259,55.78746]]]}},{"type":"Feature","properties":{"class":"land"},"geometry":{"type":"Polygon","coordinates":[[[10.65061,55.62311],[10.6286,55.62611],[10.60781,55.62341],[10.49688,55.57171],[10.43421,55.57325],[10.37076,55.60861],[10.36113,55.61187],[10.29311,55.62388],[10.27721,55.62354],[9.85209,55.52751],[9.8413,55.52259],[9.83718,55.51509],[9.83527,55.35709],[9.83638,55.35293],[9.90744,55.22494],[9.90894,55.22286],[9.96796,55.15687],[9.97958,55.15063],[10.43347,55.03667],[10.44371,55.03552],[10.62465,55.03852],[10.63957,55.04188],[10.80056,55.12286],[10.80819,55.13051],[10.83123,55.20051],[10.8312,55.20559],[10.80952,55.26886],[10.84122,55.31729],[10.84144,55.32635],[10.66759,55.61438],[10.65061,55.62311]]]}},{"type":"Feature","properties":{"class":"land"},"geometry":{"type":"Polygon","coordinates":[[[3.16533,39.7978],[3.17497,39.83012],[3.20328,39.85135],[3.20819,39.85821],[3.2162,39.8872],[3.2128,39.89836],[3.18594,39.92446],[3.21238,39.95323],[3.21472,39.9652],[3.20359,39.97379],[3.16458,39.98379],[3.15361,39.98384],[2.89956,39.92083],[2.89478,39.91898],[2.36074,39.62393],[2.35349,39.61325],[2.3525,39.57225],[2.35485,39.56524],[2.37886,39.53325],[2.39058,39.52677],[2.44805,39.51793],[2.48507,39.47099],[2.49672,39.46475],[2.51054,39.46724],[2.63769,39.54125],[2.69229,39.52984],[2.72987,39.50313],[2.75283,39.40754],[2.7572,39.40083],[2.7872,39.37583],[2.79626,39.37182],[2.89414,39.35519],[3.06518,39.28894],[3.08248,39.28968],[3.25446,39.37566],[3.26114,39.38186],[3.30869,39.47098],[3.47709,39.69114],[3.47932,39.70011],[3.46633,39.76311],[3.45542,39.77355],[3.40241,39.78956],[3.40012,39.79011],[3.34611,39.80012],[3.33568,39.79959],[3.24149,39.77161],[3.16533,39.7978]]]}},{"type":"Feature","properties":{"class":"land"},"geometry":{"type":"Polygon","coordinates":[[[55.34157,73.32047],[55.15164,73.36725],[55.13636,73.36975],[54.81915,73.40078],[54.77933,73.3995],[54.19062,73.29487],[53.75717,73.30644],[53.72391,73.30359],[53.49007,73.25021],[53.34481,73.23794],[53.31796,73.23196],[53.15807,73.15493],[53.15155,73.1488],[53.14267,73.10479],[53.14298,73.10226],[53.20132,72.97127],[53.20832,72.96568],[53.29179,72.92776],[52.90706,72.91338],[52.87752,72.90855],[52.51561,72.77749],[52.50637,72.77169],[52.48445,72.73969],[52.49412,72.72836],[52.64815,72.67338],[52.67478,72.66873],[52.8564,72.65867],[52.78055,72.59555],[52.77982,72.58712],[52.81569,72.55135],[52.70913,72.48917],[52.70531,72.48601],[52.67042,72.44001],[52.66936,72.4377],[52.66173,72.39322],[52.58242,72.30804],[52.43056,72.26149],[52.41967,72.25594],[52.36687,72.20302],[52.23271,72.145],[51.89369,72.16622],[51.85845,72.16376],[51.6264,72.10973],[51.61821,72.10723],[51.54823,72.07921],[51.54119,72.07505],[51.40247,71.93802],[51.4005,71.93413],[51.39586,71.77713],[51.39652,71.77466],[51.4688,71.64568],[51.47026,71.64383],[51.5494,71.56685],[51.55511,71.56324],[51.65715,71.51726],[51.66912,71.51363],[51.91504,71.46365],[51.94621,71.46177],[52.18805,71.47676],[52.20245,71.47855],[52.42577,71.52247],[52.89775,71.48199],[52.92231,71.48219],[53.35544,71.52696],[53.35902,71.52606],[53.29459,71.48275],[53.29061,71.47777],[53.27678,71.39976],[53.28109,71.39302],[53.37218,71.33404],[53.40575,71.32658],[53.56817,71.32124],[53.55044,71.30058],[53.56226,71.28715],[54.09626,71.12478],[54.08748,71.12195],[53.94324,71.14961],[53.90698,71.15059],[53.81893,71.13958],[53.79812,71.13388],[53.79265,71.12524],[53.80755,71.08856],[53.68224,71.09999],[53.65788,71.0998],[53.63802,71.09523],[53.55504,71.06022],[53.54654,71.05116],[53.57119,70.92275],[53.36423,70.88583],[53.34538,70.87867],[53.3455,70.86922],[53.36452,70.86212],[53.70238,70.80215],[53.70889,70.80122],[54.31379,70.73292],[54.57681,70.66914],[54.60412,70.66655],[54.62991,70.67049],[54.64167,70.67905],[54.64826,70.70982],[54.66075,70.7196],[54.84015,70.66785],[54.85986,70.66472],[55.04474,70.65373],[55.05702,70.65361],[55.65185,70.6771],[55.66666,70.64023],[55.68031,70.63182],[55.7703,70.60583],[55.80777,70.60299],[55.9177,70.61299],[55.9433,70.61992],[55.95796,70.62956],[56.06495,70.60667],[56.09842,70.60505],[56.12398,70.61241],[56.15504,70.63499],[56.40663,70.55337],[56.44059,70.54964],[56.50555,70.55264],[56.53283,70.55809],[56.59385,70.58608],[56.60159,70.59375],[56.59472,70.60151],[56.45079,70.67254],[56.43351,70.67733],[56.36255,70.68772],[56.32012,70.70925],[56.39249,70.72015],[56.48451,70.71644],[56.61349,70.64041],[56.63567,70.63426],[57.13239,70.57629],[57.16349,70.57683],[57.26444,70.59282],[57.28696,70.60258],[57.30003,70.62635],[57.46246,70.64852],[57.47783,70.65218],[57.65585,70.72015],[57.66584,70.72845],[57.65793,70.73699],[57.51698,70.80002],[57.50766,70.80302],[56.92357,70.93695],[56.48878,71.11452],[56.08083,71.352],[55.85856,71.51298],[55.65516,71.6939],[55.51305,71.87228],[55.50467,71.8775],[55.34627,71.938],[55.41685,72.01114],[55.4185,72.01374],[55.44628,72.10435],[55.56019,72.217],[55.55919,72.22588],[55.44306,72.31681],[55.43452,72.37857],[55.43278,72.38178],[55.4045,72.41107],[55.401,72.46189],[55.45694,72.49486],[55.46169,72.50217],[55.44881,72.54674],[55.47536,72.56488],[55.63472,72.58673],[55.65861,72.59458],[55.74376,72.66756],[55.74618,72.67106],[55.76706,72.75933],[55.8363,72.77646],[56.08332,72.77551],[56.12266,72.78186],[56.16069,72.79985],[56.16503,72.80251],[56.21412,72.8435],[56.21645,72.84647],[56.23859,72.90347],[56.23867,72.90631],[56.21338,72.98279],[56.23367,73.02864],[56.43733,73.13229],[56.44296,73.13694],[56.47612,73.19894],[56.45562,73.21228],[56.16351,73.26731],[56.14842,73.26915],[55.34157,73.32047]]]}},{"type":"Feature","properties":{"class":"land"},"geometry":{"type":"Polygon","coordinates":[[[53.12703,38.80541],[53.07314,39.03592],[53.10746,39.08784],[53.10726,39.10045],[53.09372,39.10742],[53.05471,39.11042],[53.03809,39.10394],[53.0041,39.05994],[53.00178,39.0512],[53.02882,38.8952],[53.02939,38.89314],[53.08342,38.75215],[53.0935,38.7435],[53.10845,38.74423],[53.11707,38.75379],[53.12708,38.80079],[53.12703,38.80541]]]}},{"type":"Feature","properties":{"class":"land"},"geometry":{"type":"Polygon","coordinates":[[[50.19172,44.86733],[50.11106,44.89266],[50.05844,44.95243],[50.06352,45.00381],[50.1301,45.04818],[50.13571,45.06072],[50.12871,45.08472],[50.11767,45.09435],[50.10015,45.09356],[50.01314,45.05655],[50.00422,45.04743],[49.97625,44.93943],[49.97917,44.9295],[50.07918,44.82351],[50.09254,44.81762],[50.14653,44.81262],[50.16345,44.81723],[50.19845,44.84623],[50.20256,44.85798],[50.19172,44.86733]]]}},{"type":"Feature","properties":{"class":"land"},"geometry":{"type":"Polygon","coordinates":[[[50.32894,44.96581],[50.34794,44.9918],[50.34984,44.9959],[50.36887,45.08089],[50.36337,45.09264],[50.34662,45.09628],[50.2916,45.08928],[50.27798,45.08213],[50.239,45.02813],[50.23743,45.0189],[50.25845,44.9559],[50.26909,44.94673],[50.28586,44.94706],[50.32086,44.96005],[50.32894,44.96581]]]}},{"type":"Feature","properties":{"class":"land"},"geometry":{"type":"Polygon","coordinates":[[[9.64274,40.89277],[9.58616,40.92497],[9.57566,40.93389],[9.63071,41.01057],[9.63232,41.02034],[9.6247,41.02833],[9.55187,41.0638],[9.46995,41.15743],[9.46409,41.16163],[9.36007,41.20763],[9.3531,41.2094],[9.29272,41.21473],[9.24234,41.26511],[9.23259,41.27004],[9.22086,41.26938],[9.17486,41.25437],[9.1646,41.24528],[9.14682,41.19191],[9.09694,41.1545],[8.99131,41.12251],[8.98426,41.11865],[8.80923,40.96041],[8.69141,40.90729],[8.46672,40.84796],[8.31801,40.87055],[8.23552,40.9233],[8.21938,40.92603],[8.2072,40.91757],[8.18721,40.87557],[8.18643,40.87331],[8.16345,40.77331],[8.16322,40.77023],[8.17225,40.65123],[8.17626,40.64344],[8.33695,40.49461],[8.39198,40.34829],[8.39519,40.34356],[8.45332,40.28826],[8.45336,40.13254],[8.43882,40.08436],[8.39577,40.04691],[8.39138,40.03808],[8.39041,39.91708],[8.39388,39.90896],[8.40301,39.90406],[8.48504,39.88542],[8.53016,39.83512],[8.52403,39.74105],[8.51401,39.73771],[8.48232,39.7583],[8.46807,39.7613],[8.4559,39.75487],[8.4359,39.72887],[8.43346,39.72226],[8.42957,39.56606],[8.3831,39.4876],[8.38155,39.48128],[8.40062,39.20528],[8.40287,39.19933],[8.57991,38.95735],[8.58354,38.95387],[8.63754,38.91688],[8.64768,38.91355],[8.87964,38.89955],[8.89152,38.90228],[8.97751,38.95327],[8.9822,38.95749],[9.03821,39.03649],[9.04022,39.04125],[9.06987,39.21713],[9.14023,39.18535],[9.15282,39.18384],[9.26218,39.20286],[9.47888,39.12769],[9.49303,39.12766],[9.56901,39.15366],[9.57897,39.16302],[9.63401,39.35101],[9.63435,39.3526],[9.72452,40.01559],[9.72458,40.01782],[9.7186,40.09282],[9.7169,40.09783],[9.67621,40.16277],[9.66127,40.26475],[9.76891,40.39271],[9.77051,40.39512],[9.82154,40.49511],[9.82203,40.50379],[9.6991,40.82181],[9.69735,40.82486],[9.64736,40.88887],[9.64274,40.89277]]]}},{"type":"Feature","properties":{"class":"land"},"geometry":{"type":"Polygon","coordinates":[[[9.49838,42.80518],[9.4974,42.86018],[9.49732,42.8613],[9.48135,42.9823],[9.47686,42.98989],[9.42887,43.0299],[9.41308,43.03442],[9.36106,43.03042],[9.34543,43.02112],[9.31345,42.94812],[9.31259,42.94461],[9.30463,42.81461],[9.3051,42.81092],[9.31891,42.76769],[9.29702,42.72039],[9.28326,42.71048],[9.14397,42.74576],[9.12484,42.74241],[9.03405,42.67382],[8.80938,42.62084],[8.8038,42.61868],[8.7018,42.56067],[8.69623,42.55541],[8.6242,42.43401],[8.55168,42.36637],[8.5485,42.35417],[8.56016,42.34522],[8.6139,42.33179],[8.65106,42.28706],[8.55456,42.2295],[8.54847,42.21535],[8.57048,42.15735],[8.57686,42.15033],[8.68307,42.08925],[8.68466,42.04747],[8.60068,41.96728],[8.59717,41.95653],[8.60417,41.92853],[8.60995,41.92092],[8.62078,41.91754],[8.7257,41.91221],[8.73987,41.87123],[8.7025,41.80955],[8.70091,41.80423],[8.69992,41.76123],[8.71025,41.74881],[8.8623,41.69485],[8.79201,41.59424],[8.79011,41.58629],[8.79463,41.57895],[8.88163,41.50696],[8.88575,41.50442],[9.17672,41.37345],[9.18991,41.37183],[9.20094,41.3775],[9.26795,41.45249],[9.26976,41.45509],[9.41182,41.72607],[9.41307,41.73069],[9.41902,41.92242],[9.56695,42.12352],[9.56917,42.13059],[9.54429,42.55359],[9.54238,42.55903],[9.47292,42.66134],[9.49823,42.80325],[9.49838,42.80518]]]}},{"type":"Feature","properties":{"class":"land"},"geometry":{"type":"Polygon","coordinates":[[[15.59118,38.21215],[15.64746,38.25871],[15.65196,38.27016],[15.64308,38.2799],[15.57607,38.30791],[15.56643,38.30943],[15.49741,38.30443],[15.49021,38.30259],[15.33846,38.23152],[15.28449,38.24302],[15.2732,38.24238],[15.21719,38.22338],[15.2111,38.2199],[15.16616,38.17964],[15.11667,38.16661],[14.7909,38.18047],[14.78035,38.17815],[14.62903,38.09705],[14.50151,38.05908],[14.28765,38.03064],[14.05215,38.05438],[14.04522,38.05396],[13.78854,37.99495],[13.68901,38.01355],[13.50061,38.11417],[13.49567,38.11598],[13.39535,38.13828],[13.36764,38.18655],[13.35551,38.1942],[13.2945,38.20421],[13.29084,38.20449],[13.15982,38.20349],[13.1499,38.20091],[13.04689,38.1419],[13.04,38.13279],[13.03331,38.0934],[12.90508,38.05037],[12.86299,38.07384],[12.74757,38.19126],[12.73378,38.19649],[12.72017,38.19099],[12.65221,38.11816],[12.53915,38.06455],[12.53198,38.05779],[12.42003,37.82477],[12.42061,37.81416],[12.51163,37.66417],[12.51598,37.65971],[12.62897,37.58372],[12.63525,37.58105],[12.75223,37.55405],[12.75753,37.55352],[12.91889,37.55739],[13.03028,37.49593],[13.03556,37.49398],[13.16185,37.46678],[13.34995,37.33877],[13.35261,37.33727],[13.89656,37.08931],[13.90529,37.08751],[14.13759,37.09045],[14.35438,36.96367],[14.48768,36.79189],[14.49425,36.78702],[14.54725,36.76502],[14.54906,36.76438],[14.77003,36.69739],[14.77856,36.69667],[14.88961,36.71031],[15.10966,36.67478],[15.12412,36.67788],[15.12978,36.689],[15.12102,36.78361],[15.15701,36.88491],[15.30687,37.0034],[15.31189,37.01274],[15.3129,37.05474],[15.31276,37.05678],[15.30577,37.09878],[15.3021,37.10554],[15.19806,37.20689],[15.24046,37.23339],[15.24691,37.24314],[15.24206,37.25347],[15.13323,37.34114],[15.11729,37.45758],[15.24947,37.77897],[15.49011,38.05535],[15.49129,38.05692],[15.59118,38.21215]]]}},{"type":"Feature","properties":{"class":"land"},"geometry":{"type":"Polygon","coordinates":[[[-5.20893,56.11079],[-5.2445,56.07216],[-5.24668,56.06869],[-5.27064,56.00268],[-5.27101,55.99875],[-5.25195,55.88475],[-5.24144,55.87482],[-5.2211,55.87308],[-5.2058,55.88081],[-5.1779,55.91828],[-5.107,55.93228],[-5.09189,55.9412],[-5.07301,55.9772],[-4.91727,56.01566],[-4.9058,56.02155],[-4.86276,56.06569],[-4.86754,56.05401],[-4.85869,56.0403],[-4.65543,55.95285],[-4.80685,55.95349],[-4.82808,55.94652],[-4.89306,55.88051],[-4.89599,55.87487],[-4.91589,55.69986],[-4.90943,55.68976],[-4.7437,55.59016],[-4.70742,55.55027],[-4.70109,55.50256],[-4.74309,55.42612],[-4.98604,55.15511],[-4.98746,55.15316],[-5.06869,55.00936],[-5.1037,55.02312],[-5.11793,55.02548],[-5.1318,55.02249],[-5.18781,54.99648],[-5.1965,54.98566],[-5.19346,54.91766],[-5.19225,54.91371],[-5.15722,54.85371],[-5.15498,54.85095],[-5.05195,54.75397],[-5.04876,54.7516],[-4.92776,54.67961],[-4.91237,54.67554],[-4.89627,54.67854],[-4.88791,54.68705],[-4.86749,54.76758],[-4.80855,54.82814],[-4.52762,54.74598],[-4.50516,54.74637],[-4.25093,54.83208],[-4.22273,54.82582],[-4.15176,54.77094],[-4.13251,54.76551],[-3.95756,54.76751],[-3.9425,54.7709],[-3.77118,54.85802],[-3.65088,54.88015],[-3.64259,54.88283],[-3.53879,54.93472],[-3.43158,54.95043],[-3.15864,54.94302],[-3.27569,54.91974],[-3.28589,54.91573],[-3.48287,54.7817],[-3.48706,54.77748],[-3.61396,54.56846],[-3.61504,54.56214],[-3.59199,54.46614],[-3.58886,54.46102],[-3.34179,54.22206],[-3.3391,54.21994],[-3.18309,54.11896],[-3.16739,54.11454],[-3.11141,54.11254],[-3.09728,54.11476],[-2.98622,54.15784],[-2.8846,54.16268],[-2.86966,54.13419],[-2.92093,53.96869],[-3.04059,53.91686],[-3.04957,53.90828],[-3.06754,53.84627],[-3.06773,53.84253],[-3.05469,53.77253],[-3.0444,53.76267],[-2.95508,53.72846],[-3.07901,53.5924],[-3.0817,53.58666],[-3.08766,53.51365],[-3.08563,53.50739],[-3.00058,53.39649],[-3.04659,53.43485],[-3.05982,53.44013],[-3.07561,53.43892],[-3.17663,53.40691],[-3.18689,53.40018],[-3.18766,53.3911],[-3.13714,53.29101],[-3.31387,53.35838],[-3.3282,53.36043],[-3.43023,53.35442],[-3.43505,53.35382],[-3.64907,53.3116],[-3.80787,53.31647],[-3.81848,53.31524],[-4.12054,53.23122],[-4.12485,53.22964],[-4.28287,53.15562],[-4.28584,53.15394],[-4.34483,53.11393],[-4.34802,53.11112],[-4.42302,53.02244],[-4.65276,52.90113],[-4.65757,52.89752],[-4.70055,52.85051],[-4.70332,52.84442],[-4.7053,52.80642],[-4.69782,52.79591],[-4.67967,52.79266],[-4.5807,52.80166],[-4.57256,52.80342],[-4.34867,52.88394],[-4.12624,52.89967],[-4.14019,52.82144],[-4.13863,52.81485],[-4.06315,52.70412],[-4.09142,52.66433],[-4.09314,52.66027],[-4.10111,52.60927],[-4.09978,52.60324],[-4.06876,52.55324],[-4.056,52.54542],[-4.01339,52.5354],[-4.06962,52.4823],[-4.07155,52.48003],[-4.16812,52.3331],[-4.23333,52.28678],[-4.39492,52.20842],[-4.88772,52.05441],[-5.0954,52.00869],[-5.10152,52.00661],[-5.19653,51.9606],[-5.20095,51.95771],[-5.27994,51.8877],[-5.28318,51.87668],[-5.27183,51.86795],[-5.21824,51.85126],[-5.18885,51.80548],[-5.18978,51.74112],[-5.18532,51.73282],[-5.14232,51.69783],[-5.13587,51.69431],[-4.91291,51.61433],[-4.89079,51.61445],[-4.59476,51.7246],[-4.39381,51.72741],[-4.29011,51.67273],[-4.28025,51.66977],[-4.14801,51.65336],[-4.18573,51.63835],[-4.19218,51.63438],[-4.25317,51.57637],[-4.25636,51.56665],[-4.24802,51.55821],[-4.23264,51.55559],[-3.8964,51.57808],[-3.77676,51.52948],[-3.57735,51.4045],[-3.56502,51.40064],[-3.2961,51.37665],[-3.27988,51.37928],[-2.96914,51.52673],[-2.73609,51.56802],[-2.72807,51.57066],[-2.60346,51.63541],[-2.89767,51.41459],[-2.89919,51.41329],[-3.05803,51.25834],[-3.14365,51.21826],[-3.37323,51.21057],[-3.60342,51.24218],[-3.60767,51.24249],[-3.84173,51.24449],[-3.84604,51.24425],[-4.19214,51.20224],[-4.20784,51.19421],[-4.31209,51.03776],[-4.5301,50.98972],[-4.54404,50.9795],[-4.60283,50.78225],[-4.87674,50.59105],[-4.88045,50.5874],[-4.91057,50.54357],[-5.01432,50.50678],[-5.02113,50.50293],[-5.15812,50.38278],[-5.35339,50.25779],[-5.57769,50.20978],[-5.58713,50.20566],[-5.67212,50.14065],[-5.67702,50.13183],[-5.676,50.07683],[-5.67127,50.06847],[-5.63827,50.04247],[-5.62692,50.03789],[-5.61356,50.03866],[-5.4326,50.08968],[-5.33399,50.07102],[-5.23973,50.01139],[-5.21992,50.00792],[-5.11395,50.02491],[-5.1,50.03229],[-5.03198,50.12552],[-4.80595,50.24436],[-4.50135,50.32788],[-4.29423,50.34563],[-4.28722,50.34705],[-4.19542,50.37765],[-3.91206,50.27487],[-3.80649,50.21864],[-3.78983,50.21567],[-3.67686,50.22666],[-3.66313,50.23192],[-3.56711,50.31391],[-3.56366,50.31838],[-3.46535,50.5426],[-3.39088,50.62077],[-2.99641,50.70334],[-2.78381,50.69281],[-2.55922,50.60454],[-2.5528,50.60286],[-2.43783,50.58586],[-2.41604,50.59088],[-2.38283,50.61884],[-2.34957,50.62327],[-2.03961,50.58971],[-2.02602,50.59109],[-1.95203,50.61609],[-1.94189,50.62363],[-1.94262,50.63354],[-1.99651,50.70938],[-1.86805,50.70157],[-1.8629,50.70165],[-1.514,50.73364],[-1.5055,50.73564],[-1.32253,50.80962],[-1.3131,50.81828],[-1.31636,50.82859],[-1.35333,50.86291],[-1.29431,50.84486],[-1.28762,50.84361],[-1.13801,50.8318],[-0.79232,50.75233],[-0.78051,50.75181],[-0.44848,50.79655],[-0.20579,50.80048],[0.20083,50.74977],[0.20953,50.74982],[0.3045,50.76281],[0.30886,50.76373],[0.69278,50.8737],[0.69799,50.8758],[0.77935,50.92018],[0.95855,50.91254],[0.9711,50.91447],[0.9796,50.9206],[1.06067,51.03732],[1.37609,51.14309],[1.38325,51.14695],[1.41526,51.17395],[1.41947,51.1812],[1.43656,51.3622],[1.43159,51.37163],[1.41762,51.37639],[1.25957,51.38839],[1.25564,51.38846],[0.89056,51.37359],[0.69581,51.39962],[0.66324,51.41392],[0.6197,51.47359],[0.60728,51.4807],[0.55202,51.49299],[0.80329,51.52478],[0.80985,51.52632],[0.90183,51.55931],[0.91181,51.56719],[0.94784,51.64318],[0.94698,51.6523],[0.918,51.69431],[0.90699,51.70128],[0.7981,51.73188],[0.95862,51.79352],[1.09561,51.77193],[1.10793,51.77221],[1.19491,51.79021],[1.20153,51.79242],[1.28752,51.83441],[1.29583,51.84499],[1.29586,51.90199],[1.29272,51.90896],[1.25057,51.95204],[1.25092,51.95393],[1.31135,51.94397],[1.32885,51.94566],[1.42483,51.98365],[1.4295,51.98612],[1.60751,52.1111],[1.61247,52.11715],[1.66832,52.2755],[1.76807,52.46486],[1.76913,52.46929],[1.76519,52.57929],[1.76489,52.58121],[1.73794,52.67922],[1.73618,52.68267],[1.67721,52.75968],[1.67139,52.76429],[1.39637,52.90433],[1.38907,52.90679],[1.06298,52.97181],[1.05794,52.97244],[0.70584,52.99044],[0.70147,52.9904],[0.55642,52.9804],[0.54111,52.97512],[0.36883,52.83687],[0.28425,52.82361],[0.07929,52.9086],[0.31494,53.07215],[0.31855,53.07556],[0.37658,53.15455],[0.37761,53.16375],[0.29269,53.33877],[0.29003,53.34227],[0.14707,53.47529],[0.14316,53.47803],[-0.27886,53.70208],[-0.29357,53.70549],[-0.41974,53.70684],[-0.2761,53.72262],[-0.08825,53.63348],[-0.07503,53.63053],[0.0285,53.6277],[0.10217,53.59787],[0.12125,53.59603],[0.13582,53.60358],[0.13533,53.61504],[-0.14749,53.94686],[-0.18155,54.02059],[-0.13744,54.07261],[-0.06884,54.10785],[-0.06099,54.11767],[-0.068,54.1277],[-0.35278,54.28805],[-0.6527,54.51231],[-0.65995,54.51587],[-1.13942,54.6648],[-1.2125,54.71165],[-1.27015,54.77895],[-1.40022,55.02942],[-1.58678,55.50099],[-1.58754,55.50249],[-1.63251,55.5745],[-1.63784,55.57937],[-1.81187,55.68084],[-2.12798,55.91126],[-2.13634,55.91509],[-2.58845,56.03913],[-2.59914,56.04049],[-2.83722,56.03949],[-2.84975,56.03745],[-3.05357,55.96631],[-3.60005,56.02887],[-3.65947,56.04559],[-3.36652,56.01475],[-3.35107,56.01597],[-3.16712,56.06796],[-3.16061,56.07063],[-2.96907,56.1809],[-2.7664,56.18854],[-2.75106,56.19235],[-2.65706,56.24334],[-2.6501,56.25062],[-2.62906,56.31561],[-2.63077,56.32347],[-2.64011,56.32944],[-2.87216,56.40946],[-2.88851,56.41135],[-3.19004,56.38667],[-3.03788,56.43631],[-2.76966,56.46984],[-2.75988,56.47241],[-2.5779,56.55139],[-2.57271,56.55445],[-2.48069,56.62944],[-2.47849,56.63165],[-2.40541,56.72442],[-2.23974,56.8553],[-2.23698,56.85815],[-2.06685,57.09812],[-2.06588,57.09982],[-1.99667,57.25383],[-1.75952,57.46704],[-1.75601,57.47291],[-1.75299,57.49291],[-1.75473,57.49905],[-1.84367,57.61707],[-1.84716,57.62031],[-1.94215,57.68532],[-1.95227,57.68944],[-2.0643,57.71445],[-2.07965,57.71515],[-2.24642,57.69455],[-2.85527,57.70548],[-2.8611,57.70521],[-3.03518,57.68587],[-3.28837,57.72302],[-3.29586,57.72348],[-3.4039,57.72148],[-3.41298,57.72039],[-3.87506,57.61307],[-4.09911,57.59464],[-4.05539,57.67045],[-3.83756,57.81036],[-3.83261,57.8226],[-3.84869,57.83174],[-4.00623,57.8608],[-3.96704,57.95179],[-3.19515,58.31083],[-3.18989,58.31415],[-3.09086,58.40213],[-3.08727,58.40879],[-3.08426,58.51246],[-3.03279,58.58427],[-3.03117,58.58838],[-3.02713,58.63438],[-3.03307,58.64361],[-3.04938,58.64836],[-3.25546,58.66336],[-3.26698,58.66284],[-3.46,58.63017],[-4.19314,58.57032],[-4.1974,58.56976],[-4.42104,58.52945],[-4.46946,58.57459],[-4.48438,58.58089],[-4.5035,58.58008],[-4.70773,58.52698],[-4.7897,58.58135],[-4.80372,58.58608],[-4.91876,58.60109],[-4.93537,58.60036],[-5.02739,58.57935],[-5.03959,58.57356],[-5.08957,58.52655],[-5.09271,58.52121],[-5.11561,58.3862],[-5.11553,58.38342],[-5.10651,58.34343],[-5.10425,58.33928],[-5.04597,58.2739],[-5.34158,58.25236],[-5.36216,58.24348],[-5.38015,58.21647],[-5.38157,58.21148],[-5.37675,58.14661],[-5.43631,58.07546],[-5.43366,58.06211],[-5.22361,57.90728],[-5.28188,57.91778],[-5.30655,57.91523],[-5.35817,57.89161],[-5.60751,57.89448],[-5.63112,57.88655],[-5.71807,57.78353],[-5.71957,57.78119],[-5.7695,57.67118],[-5.76951,57.66486],[-5.73947,57.59786],[-5.73594,57.59353],[-5.69993,57.56453],[-5.68985,57.55984],[-5.64439,57.54814],[-5.69837,57.53652],[-5.70602,57.53392],[-5.81902,57.47791],[-5.82621,57.47151],[-5.84219,57.43951],[-5.84248,57.43314],[-5.81944,57.37614],[-5.80783,57.36743],[-5.67505,57.32445],[-5.58763,57.23058],[-5.61507,57.10627],[-5.75542,56.96971],[-5.87702,56.91327],[-5.88567,56.90237],[-5.87518,56.89196],[-5.77039,56.85169],[-5.88938,56.79256],[-6.03954,56.77726],[-6.05281,56.77331],[-6.15181,56.7163],[-6.15854,56.7076],[-6.15323,56.69862],[-6.13849,56.69374],[-5.98966,56.67842],[-5.96098,56.60324],[-5.95519,56.59697],[-5.88318,56.55298],[-5.87101,56.54893],[-5.65808,56.51894],[-5.63572,56.52193],[-5.26528,56.70267],[-5.33499,56.62496],[-5.33728,56.62087],[-5.35226,56.56174],[-5.41066,56.52372],[-5.41541,56.51889],[-5.55826,56.25486],[-5.55917,56.25229],[-5.57878,56.13812],[-5.63256,56.05983],[-5.63414,56.05541],[-5.64699,55.81341],[-5.63754,55.80227],[-5.58855,55.78128],[-5.56807,55.77893],[-5.56083,55.77997],[-5.62462,55.72874],[-5.6269,55.72646],[-5.70286,55.62944],[-5.70435,55.62684],[-5.79123,55.39783],[-5.79175,55.395],[-5.79173,55.363],[-5.7872,55.35508],[-5.7502,55.32608],[-5.73208,55.32053],[-5.61912,55.31753],[-5.59764,55.32409],[-5.53562,55.38308],[-5.53297,55.3867],[-5.36276,55.76667],[-5.36221,55.76831],[-5.34918,55.82631],[-5.34946,55.83068],[-5.39366,55.95266],[-5.38671,55.98988],[-5.26381,56.08105],[-5.20893,56.11079]],[[-2.9539,53.35747],[-2.93003,53.34114],[-2.92156,53.33752],[-2.82215,53.31316],[-2.86276,53.30709],[-2.90468,53.31624],[-2.9539,53.35747]]]}},{"type":"Feature","properties":{"class":"land"},"geometry":{"type":"Polygon","coordinates":[[[-9.78015,51.82156],[-9.8186,51.78962],[-10.0821,51.66676],[-10.08775,51.66283],[-10.13973,51.60782],[-10.142,51.59757],[-10.13192,51.58934],[-10.11542,51.58796],[-9.57975,51.67511],[-9.5618,51.6725],[-9.72085,51.61568],[-9.72826,51.6113],[-9.85323,51.49028],[-9.85656,51.48172],[-9.8507,51.47371],[-9.83815,51.46965],[-9.74018,51.46066],[-9.73032,51.46117],[-9.46276,51.51488],[-9.30222,51.48508],[-9.28991,51.48506],[-8.80704,51.57203],[-8.79735,51.57565],[-8.72334,51.62343],[-8.58447,51.63769],[-8.5742,51.64058],[-8.46915,51.69405],[-8.40552,51.6986],[-8.39506,51.70115],[-8.33607,51.72815],[-8.32746,51.73701],[-8.31443,51.79101],[-8.31436,51.79465],[-8.32533,51.84965],[-8.33103,51.8572],[-8.35995,51.87634],[-8.29784,51.87738],[-8.15924,51.80378],[-8.14024,51.80084],[-8.05326,51.81283],[-8.04661,51.81449],[-7.94063,51.85448],[-7.93423,51.85816],[-7.85804,51.92385],[-7.61724,51.98039],[-7.60595,51.98634],[-7.51261,52.08727],[-7.2142,52.1314],[-7.08362,52.12555],[-7.0713,52.12722],[-6.99231,52.15421],[-6.98177,52.16249],[-6.9623,52.20669],[-6.93552,52.16415],[-6.92701,52.1577],[-6.90201,52.1477],[-6.88913,52.14552],[-6.87657,52.14832],[-6.77377,52.19686],[-6.69939,52.20036],[-6.56734,52.17608],[-6.55696,52.17574],[-6.434,52.18974],[-6.42618,52.19162],[-6.3132,52.23561],[-6.30321,52.24501],[-6.30829,52.25579],[-6.43124,52.34316],[-6.3313,52.39141],[-6.32565,52.39548],[-6.1976,52.53646],[-6.19506,52.54101],[-6.14743,52.73414],[-6.00664,52.92141],[-6.00467,52.92788],[-6.02259,53.09189],[-6.02312,53.09405],[-6.12802,53.36404],[-6.10917,53.38451],[-6.1064,53.39155],[-6.1193,53.57856],[-6.12166,53.58402],[-6.17339,53.64554],[-6.24769,53.84294],[-6.25153,53.84795],[-6.30094,53.88788],[-6.32497,53.94247],[-6.3224,53.98158],[-6.29721,53.99791],[-6.15548,54.00354],[-6.14184,54.00687],[-6.13447,54.0144],[-6.13644,54.023],[-6.17304,54.06627],[-6.02614,54.03818],[-6.00465,54.04047],[-5.92365,54.07846],[-5.91699,54.08351],[-5.8093,54.22479],[-5.60062,54.26004],[-5.58482,54.26923],[-5.53577,54.36722],[-5.53823,54.37802],[-5.5536,54.38424],[-5.63164,54.39301],[-5.62283,54.47718],[-5.62324,54.48066],[-5.63755,54.52198],[-5.58711,54.50367],[-5.54699,54.45425],[-5.53976,54.44914],[-5.49777,54.43114],[-5.48276,54.42853],[-5.46832,54.43206],[-5.46103,54.44013],[-5.447,54.49812],[-5.44763,54.50363],[-5.50557,54.62364],[-5.50926,54.62802],[-5.56426,54.67103],[-5.5804,54.6764],[-5.73645,54.68641],[-5.74755,54.68555],[-5.85568,54.66085],[-5.85567,54.67728],[-5.69698,54.74621],[-5.68766,54.75778],[-5.69363,54.81778],[-5.69944,54.82592],[-5.84992,54.92396],[-5.96399,55.03516],[-6.0131,55.14826],[-6.01699,55.153],[-6.10998,55.22501],[-6.12608,55.23039],[-6.4722,55.25439],[-6.48328,55.25364],[-6.70409,55.20632],[-6.9487,55.19645],[-6.96837,55.18875],[-7.05007,55.08949],[-7.10732,55.06249],[-7.16469,55.06911],[-7.19129,55.0924],[-7.15562,55.12727],[-7.04367,55.16649],[-7.03839,55.16901],[-6.94438,55.229],[-6.93855,55.23977],[-6.94908,55.2493],[-7.29614,55.37734],[-7.31331,55.37927],[-7.37033,55.37326],[-7.38763,55.36555],[-7.38636,55.35308],[-7.3397,55.30864],[-7.46248,55.29525],[-7.47469,55.29157],[-7.53469,55.25756],[-7.54144,55.24983],[-7.55441,55.19583],[-7.55414,55.19127],[-7.54826,55.17505],[-7.55197,55.17971],[-7.59118,55.20617],[-7.60689,55.2469],[-7.61829,55.25572],[-7.6553,55.26773],[-7.67041,55.26935],[-7.76644,55.26135],[-7.78173,55.25624],[-7.78652,55.24652],[-7.77913,55.20849],[-7.79292,55.2122],[-7.80398,55.21348],[-8.00705,55.20848],[-8.01314,55.20786],[-8.28222,55.15884],[-8.29745,55.15016],[-8.34654,55.06347],[-8.4091,55.02984],[-8.41608,55.02262],[-8.43505,54.96762],[-8.43471,54.96154],[-8.40329,54.89342],[-8.54387,54.81892],[-8.55085,54.81192],[-8.55842,54.79221],[-8.72547,54.74406],[-8.73542,54.73855],[-8.78441,54.68754],[-8.78599,54.67649],[-8.77271,54.66849],[-8.46579,54.59651],[-8.45303,54.59571],[-8.17757,54.62297],[-8.21323,54.58667],[-8.21533,54.58381],[-8.24932,54.51668],[-8.4808,54.45423],[-8.48796,54.4512],[-8.63995,54.35618],[-8.64611,54.34772],[-8.64154,54.33893],[-8.58962,54.29835],[-8.57245,54.24927],[-8.58985,54.24513],[-8.99676,54.30114],[-9.0177,54.2979],[-9.14626,54.22827],[-9.30059,54.30906],[-9.31435,54.31246],[-9.56043,54.32246],[-9.56427,54.32242],[-9.71932,54.31342],[-9.72719,54.31211],[-9.8296,54.28271],[-9.99441,54.28946],[-10.00655,54.288],[-10.06657,54.27],[-10.07688,54.26377],[-10.11086,54.22176],[-10.11306,54.21639],[-10.11603,54.15639],[-10.11137,54.14787],[-10.09864,54.14292],[-10.08342,54.14373],[-9.98888,54.16901],[-9.96662,54.13867],[-9.9569,54.07382],[-9.94573,54.0634],[-9.92478,54.06264],[-9.87899,54.07439],[-9.87895,54.00562],[-9.93623,53.86719],[-9.93455,53.85808],[-9.92339,53.8517],[-9.90789,53.851],[-9.74615,53.87731],[-9.60589,53.86819],[-9.6135,53.84341],[-9.61336,53.83819],[-9.60498,53.81502],[-9.75043,53.7941],[-9.75646,53.79267],[-9.91349,53.73865],[-9.92475,53.72792],[-9.93271,53.65892],[-9.92967,53.65121],[-9.91985,53.64584],[-9.78901,53.6085],[-10.12224,53.56213],[-10.13589,53.55648],[-10.13941,53.54682],[-10.12839,53.50682],[-10.12205,53.49947],[-10.08386,53.47672],[-10.11218,53.45405],[-10.11662,53.44527],[-10.1136,53.41227],[-10.10736,53.40368],[-10.09325,53.39958],[-9.84245,53.38438],[-9.89256,53.35218],[-9.89851,53.34181],[-9.88961,53.33223],[-9.83861,53.30924],[-9.82233,53.30661],[-9.63248,53.31997],[-9.62214,53.31523],[-9.60396,53.26892],[-9.59645,53.26164],[-9.52846,53.22765],[-9.51274,53.22453],[-9.14317,53.2364],[-8.97289,53.20156],[-9.03779,53.1654],[-9.2468,53.13818],[-9.25592,53.13559],[-9.31293,53.10858],[-9.31783,53.10536],[-9.48079,52.95433],[-9.48389,52.94418],[-9.47418,52.93568],[-9.43412,52.92001],[-9.41885,52.89712],[-9.48294,52.83118],[-9.75472,52.65819],[-9.93006,52.58091],[-9.93914,52.57092],[-9.93237,52.56027],[-9.91461,52.55659],[-9.76165,52.56659],[-9.75255,52.56844],[-9.55866,52.63913],[-9.40164,52.60433],[-9.39099,52.60364],[-9.17205,52.62163],[-9.16217,52.62399],[-9.08518,52.65698],[-9.08022,52.6599],[-8.98808,52.73412],[-8.9392,52.70275],[-8.93084,52.69937],[-8.84771,52.6804],[-9.06203,52.63402],[-9.63668,52.56019],[-9.64792,52.5564],[-9.77544,52.47631],[-9.91872,52.41503],[-9.92807,52.40479],[-9.92075,52.39395],[-9.87425,52.36852],[-9.86297,52.28982],[-9.85635,52.28132],[-9.82057,52.26007],[-9.93434,52.25178],[-10.1244,52.29466],[-10.13645,52.29521],[-10.21548,52.28521],[-10.22395,52.28292],[-10.36996,52.2179],[-10.37819,52.21065],[-10.41116,52.13864],[-10.40744,52.12679],[-10.38977,52.12151],[-9.9611,52.1235],[-9.93973,52.117],[-9.96218,52.09016],[-10.15564,52.03211],[-10.16019,52.03028],[-10.24619,51.98527],[-10.24863,51.98378],[-10.39562,51.87775],[-10.39971,51.8647],[-10.36168,51.79471],[-10.35181,51.78728],[-10.33646,51.78581],[-10.25199,51.79691],[-10.23018,51.77655],[-10.21552,51.77069],[-10.08755,51.75769],[-10.07685,51.75826],[-9.78015,51.82156]],[[-7.54425,55.16397],[-7.50412,55.05278],[-7.5671,55.02637],[-7.57198,55.03368],[-7.60469,55.05599],[-7.53731,55.11458],[-7.53368,55.12402],[-7.54425,55.16397]]]}},{"type":"Feature","properties":{"class":"land"},"geometry":{"type":"Polygon","coordinates":[[[-21.80033,65.16754],[-21.82996,65.11145],[-21.90975,65.06199],[-22.59731,65.03963],[-22.78023,65.05908],[-22.8095,65.05599],[-22.91741,65.01455],[-23.10206,64.98187],[-23.17594,65.01175],[-23.19742,65.01549],[-23.2192,65.01209],[-23.33068,64.97016],[-23.69503,64.92678],[-23.85926,64.93734],[-23.87732,64.93625],[-24.02037,64.90824],[-24.03789,64.8992],[-24.05685,64.8662],[-24.05471,64.85724],[-23.96165,64.77326],[-23.95309,64.76858],[-23.8391,64.72859],[-23.80659,64.7266],[-23.34257,64.81017],[-22.72427,64.77564],[-22.71818,64.77553],[-22.47651,64.78127],[-22.27327,64.71818],[-22.26934,64.71454],[-22.34763,64.65348],[-22.35137,64.64825],[-22.35634,64.62525],[-22.35215,64.61717],[-22.28111,64.56519],[-22.27039,64.56049],[-22.12243,64.52151],[-22.09473,64.52041],[-21.9128,64.5504],[-21.9044,64.55246],[-21.67266,64.63158],[-21.64794,64.62511],[-21.9684,64.52592],[-21.97941,64.51967],[-22.03335,64.45666],[-22.03526,64.45155],[-22.03222,64.41255],[-22.01463,64.40086],[-21.95073,64.38746],[-22.07682,64.32268],[-22.08407,64.31322],[-22.07435,64.30419],[-22.05298,64.30051],[-21.95103,64.30051],[-21.9342,64.30265],[-21.64139,64.38356],[-21.57596,64.37683],[-21.67899,64.36178],[-21.69488,64.35652],[-21.79384,64.2925],[-21.7968,64.29008],[-21.89314,64.18675],[-22.07764,64.08141],[-22.20056,64.05138],[-22.49831,64.00702],[-22.62595,64.08488],[-22.64281,64.09001],[-22.69283,64.09601],[-22.71612,64.09476],[-22.73067,64.08672],[-22.7726,64.02271],[-22.77346,64.01704],[-22.7233,63.86705],[-22.72102,63.86355],[-22.67998,63.82256],[-22.66785,63.81646],[-22.64999,63.81454],[-21.44757,63.84453],[-21.42898,63.8478],[-21.23159,63.92266],[-21.15475,63.93083],[-21.14789,63.92953],[-21.1776,63.91658],[-21.18613,63.90951],[-21.18406,63.90156],[-21.16505,63.88257],[-21.15515,63.87713],[-20.8972,63.79316],[-20.884,63.79069],[-20.75929,63.7815],[-20.75748,63.76533],[-20.74691,63.75578],[-20.67092,63.72679],[-20.65336,63.72355],[-20.59538,63.72155],[-20.57278,63.72491],[-20.42208,63.78386],[-20.40733,63.7723],[-20.48034,63.76069],[-20.49875,63.7525],[-20.53071,63.7125],[-20.53202,63.70575],[-20.524,63.68475],[-20.51542,63.67742],[-20.21942,63.54646],[-20.20096,63.54257],[-19.78531,63.52378],[-19.26139,63.42951],[-19.25378,63.42862],[-18.65806,63.39363],[-18.64417,63.39425],[-18.21234,63.46022],[-18.19418,63.46775],[-18.19475,63.47882],[-18.22893,63.51071],[-18.09228,63.48367],[-18.06308,63.48482],[-17.93011,63.52481],[-17.9205,63.52948],[-17.85347,63.58347],[-17.8539,63.59687],[-17.88847,63.62282],[-17.88572,63.63157],[-17.79532,63.70185],[-16.92547,63.8279],[-16.63447,63.85173],[-16.62286,63.85382],[-16.4509,63.9048],[-16.44533,63.90691],[-16.03978,64.10068],[-15.81762,64.16526],[-15.24913,64.28349],[-15.02236,64.28251],[-15.00201,64.28567],[-14.77266,64.36869],[-14.61375,64.404],[-14.60765,64.40577],[-14.52665,64.43576],[-14.5194,64.43966],[-14.40534,64.53164],[-14.40198,64.53596],[-14.38593,64.58096],[-14.38769,64.58787],[-14.42847,64.63296],[-14.35204,64.66776],[-14.34352,64.67784],[-14.35068,64.72691],[-14.1436,64.70202],[-14.11696,64.70393],[-14.02598,64.73092],[-14.02088,64.7328],[-13.92888,64.77479],[-13.92413,64.7776],[-13.82507,64.85558],[-13.82144,64.86052],[-13.79633,64.95651],[-13.79759,64.96204],[-13.81471,64.98513],[-13.58721,65.02346],[-13.56832,65.03222],[-13.52526,65.09421],[-13.524,65.09863],[-13.52696,65.12563],[-13.53853,65.13538],[-13.70711,65.19392],[-13.62637,65.22741],[-13.61692,65.23581],[-13.60887,65.27381],[-13.61041,65.27927],[-13.62239,65.29428],[-13.63368,65.30081],[-13.65188,65.30348],[-13.70329,65.30422],[-13.76356,65.3513],[-13.64825,65.38831],[-13.63653,65.39579],[-13.58443,65.48378],[-13.5835,65.48735],[-13.58546,65.51935],[-13.59125,65.52669],[-13.64323,65.5577],[-13.66003,65.56284],[-13.68094,65.5627],[-13.76731,65.54994],[-13.81109,65.5914],[-13.82101,65.59666],[-13.91503,65.62668],[-13.92637,65.62901],[-14.15848,65.65502],[-14.17494,65.65508],[-14.31001,65.64108],[-14.32116,65.63888],[-14.30149,65.6501],[-14.29568,65.65589],[-14.28565,65.68189],[-14.28657,65.68781],[-14.36046,65.79082],[-14.37399,65.79829],[-14.39609,65.80038],[-14.80328,65.77889],[-14.80371,65.7795],[-14.65887,65.89064],[-14.65522,65.89535],[-14.63614,65.95835],[-14.6365,65.9626],[-14.66543,66.0226],[-14.67363,66.02916],[-14.76262,66.06817],[-14.78083,66.07225],[-14.80145,66.07115],[-14.89392,66.053],[-14.99077,66.0722],[-15.08293,66.10787],[-15.08354,66.1228],[-14.8857,66.27514],[-14.5755,66.37131],[-14.56245,66.38086],[-14.57128,66.39116],[-14.59625,66.39549],[-14.85638,66.39449],[-14.87003,66.39326],[-14.98408,66.37225],[-14.99283,66.36991],[-15.25979,66.27039],[-15.43382,66.23874],[-15.53097,66.24212],[-15.62401,66.26897],[-15.67018,66.29124],[-15.68042,66.35981],[-15.68632,66.36667],[-15.95723,66.52272],[-15.98235,66.52845],[-16.2465,66.53645],[-16.26236,66.53539],[-16.50646,66.49337],[-16.52244,66.48762],[-16.57042,66.45362],[-16.57359,66.44349],[-16.46276,66.27808],[-16.51318,66.20542],[-16.83387,66.14093],[-17.04123,66.20757],[-17.05658,66.21031],[-17.14763,66.21631],[-17.167,66.21525],[-17.18159,66.20999],[-17.44394,66.03397],[-17.54768,65.98563],[-17.79314,66.12198],[-17.79879,66.12441],[-17.88581,66.15342],[-17.90394,66.15643],[-18.29415,66.17044],[-18.31572,66.16817],[-18.32894,66.16091],[-18.3499,66.13291],[-18.35131,66.12854],[-18.34827,66.09254],[-18.34654,66.08869],[-18.1321,65.828],[-18.13569,65.77679],[-18.15026,65.76184],[-18.1541,65.76404],[-18.24538,65.88888],[-18.25251,65.89405],[-18.42823,65.97306],[-18.67738,66.14293],[-18.6844,66.14628],[-18.82441,66.1943],[-18.84978,66.1974],[-18.91481,66.1944],[-18.93051,66.19195],[-19.20982,66.11031],[-19.39228,66.08895],[-19.41462,66.08018],[-19.48752,65.98917],[-19.4891,65.98429],[-19.46716,65.81546],[-19.48883,65.7829],[-19.62593,65.81154],[-19.84672,65.93707],[-19.99649,66.0552],[-20.00707,66.06009],[-20.18911,66.11111],[-20.22215,66.11221],[-20.30618,66.0962],[-20.32155,66.0902],[-20.38651,66.03919],[-20.3901,66.03409],[-20.40699,65.94909],[-20.40692,65.94662],[-20.37702,65.82764],[-20.38959,65.72113],[-20.47842,65.5868],[-20.52795,65.59106],[-20.65149,65.67031],[-20.67064,65.67604],[-20.69417,65.67495],[-20.81921,65.64794],[-20.82963,65.64438],[-20.9656,65.57336],[-20.97197,65.56765],[-21.02759,65.45231],[-21.0678,65.43835],[-21.07824,65.43165],[-21.10719,65.38864],[-21.10781,65.38753],[-21.13543,65.32715],[-21.1987,65.42453],[-21.20597,65.43006],[-21.28896,65.46807],[-21.30353,65.4719],[-21.38902,65.48269],[-21.34364,65.53111],[-21.34155,65.53481],[-21.3325,65.5768],[-21.33763,65.58534],[-21.35962,65.59935],[-21.37502,65.60455],[-21.39488,65.60509],[-21.40437,65.60412],[-21.40315,65.60557],[-21.40511,65.61629],[-21.43709,65.6413],[-21.44593,65.64565],[-21.58358,65.68964],[-21.59742,65.70206],[-21.46688,65.68514],[-21.44714,65.68514],[-21.43098,65.6898],[-21.34896,65.73379],[-21.34293,65.7391],[-21.27078,65.87309],[-21.27026,65.87772],[-21.27624,65.89672],[-21.28234,65.90296],[-21.36132,65.94698],[-21.37198,65.9508],[-21.45237,65.9689],[-21.41509,65.97865],[-21.40674,65.98177],[-21.37074,66.00076],[-21.36473,66.01213],[-21.37471,66.02913],[-21.38749,66.03691],[-21.60203,66.09992],[-21.94124,66.26562],[-21.94945,66.26849],[-22.14774,66.31734],[-22.40014,66.43866],[-22.41681,66.44298],[-22.54987,66.45799],[-22.5624,66.45842],[-22.9476,66.44241],[-22.96808,66.43845],[-23.14408,66.36642],[-23.15356,66.3561],[-23.15053,66.3381],[-23.14284,66.33038],[-23.12534,66.32593],[-22.98041,66.31094],[-22.96785,66.31061],[-22.70658,66.32343],[-22.67665,66.29651],[-22.66218,66.29019],[-22.59482,66.27525],[-22.86539,66.26442],[-22.88674,66.2601],[-22.97274,66.22208],[-22.98144,66.21283],[-22.97214,66.20367],[-22.83014,66.14369],[-22.82238,66.14125],[-22.47604,66.06166],[-22.45732,65.99775],[-22.47264,65.92069],[-22.55424,65.91846],[-22.57922,65.91265],[-22.58047,65.91191],[-22.57688,65.97569],[-22.5793,65.98107],[-22.62925,66.03108],[-22.64495,66.03802],[-22.70797,66.05103],[-22.73141,66.05205],[-22.75062,66.0465],[-22.82941,65.99852],[-22.91751,66.00804],[-22.93676,66.00776],[-22.98806,66.0006],[-22.99579,66.06466],[-23.00082,66.07116],[-23.0348,66.09316],[-23.04148,66.09629],[-23.2785,66.17732],[-23.29259,66.18015],[-23.44566,66.19416],[-23.46934,66.19277],[-23.54436,66.17576],[-23.56045,66.16716],[-23.58245,66.13013],[-23.61809,66.12006],[-23.63195,66.11096],[-23.62513,66.10064],[-23.5326,66.05309],[-23.72565,66.08168],[-23.75168,66.0811],[-23.76869,66.0731],[-23.80863,66.02209],[-23.80958,66.01543],[-23.79955,65.99444],[-23.7923,65.98829],[-23.59957,65.89527],[-23.73919,65.89847],[-23.76382,65.89475],[-23.85583,65.85874],[-23.86588,65.85],[-23.85908,65.84075],[-23.73105,65.77277],[-23.7107,65.76772],[-23.36722,65.74246],[-23.48606,65.70745],[-23.60929,65.69462],[-23.88996,65.77699],[-23.90464,65.77937],[-24.08873,65.78937],[-24.10858,65.78788],[-24.12256,65.78191],[-24.14155,65.7659],[-24.14264,65.75513],[-24.09559,65.70514],[-24.08796,65.70038],[-24.05016,65.6851],[-24.04264,65.61541],[-24.03534,65.60749],[-23.97326,65.57593],[-24.23507,65.6272],[-24.26029,65.62766],[-24.35232,65.61365],[-24.36731,65.60899],[-24.50227,65.53297],[-24.50674,65.52056],[-24.48572,65.49557],[-24.45931,65.48663],[-24.23481,65.474],[-23.91647,65.39639],[-23.88733,65.39559],[-22.90858,65.56433],[-22.83476,65.53696],[-22.80359,65.53409],[-22.6442,65.5539],[-22.41148,65.52367],[-22.3388,65.47401],[-22.30785,65.46757],[-22.01465,65.47912],[-21.8782,65.44039],[-21.88106,65.42842],[-21.92686,65.41073],[-22.33142,65.30336],[-22.33845,65.30081],[-22.53343,65.20577],[-22.54104,65.19585],[-22.52952,65.18661],[-22.42053,65.14863],[-22.40695,65.14583],[-22.04712,65.11185],[-22.02393,65.11333],[-21.80033,65.16754]]]}},{"type":"Feature","properties":{"class":"land"},"geometry":{"type":"Polygon","coordinates":[[[14.32597,36.01952],[14.33397,36.02752],[14.33761,36.03724],[14.33183,36.04626],[14.27383,36.08626],[14.25913,36.08912],[14.17612,36.07312],[14.16616,36.06753],[14.1635,36.05797],[14.16957,36.04947],[14.24356,36.00148],[14.25931,35.99921],[14.3183,36.01521],[14.32597,36.01952]]]}},{"type":"Feature","properties":{"class":"land"},"geometry":{"type":"Polygon","coordinates":[[[13.94809,40.69489],[13.97109,40.70689],[13.97879,40.71751],[13.97979,40.73851],[13.97663,40.74668],[13.96764,40.75179],[13.87663,40.7748],[13.86307,40.77408],[13.85413,40.76633],[13.83714,40.72833],[13.83947,40.71621],[13.85347,40.70121],[13.867,40.69553],[13.93699,40.69253],[13.94809,40.69489]]]}},{"type":"Feature","properties":{"class":"land"},"geometry":{"type":"Polygon","coordinates":[[[12.0677,36.75869],[12.06471,36.77769],[12.06349,36.7813],[12.0395,36.8263],[12.02974,36.83368],[11.95373,36.85569],[11.93894,36.85437],[11.93121,36.84419],[11.92422,36.78119],[11.93149,36.76887],[11.99349,36.73487],[12.00763,36.73303],[12.05563,36.74403],[12.06505,36.74957],[12.0677,36.75869]]]}},{"type":"Feature","properties":{"class":"land"},"geometry":{"type":"Polygon","coordinates":[[[6.3366,53.52432],[6.29458,53.52832],[6.28476,53.52797],[6.16172,53.50696],[6.14801,53.50037],[6.13901,53.49037],[6.13789,53.47908],[6.1516,53.47125],[6.18559,53.46425],[6.20158,53.46452],[6.34155,53.49851],[6.35454,53.50677],[6.35239,53.51801],[6.3366,53.52432]]]}},{"type":"Feature","properties":{"class":"land"},"geometry":{"type":"Polygon","coordinates":[[[5.95155,53.46033],[5.95055,53.46633],[5.94333,53.47493],[5.92832,53.47849],[5.65423,53.48049],[5.63651,53.47558],[5.6318,53.46428],[5.64361,53.45501],[5.72159,53.43102],[5.73509,53.42964],[5.93203,53.44563],[5.94677,53.45063],[5.95155,53.46033]]]}},{"type":"Feature","properties":{"class":"land"},"geometry":{"type":"Polygon","coordinates":[[[5.10993,53.32148],[5.02791,53.32348],[5.01191,53.32004],[4.89291,53.25602],[4.8855,53.24681],[4.891,53.23714],[4.907,53.22614],[4.92097,53.22163],[4.93643,53.22375],[5.12141,53.29673],[5.13132,53.30599],[5.12642,53.31659],[5.10993,53.32148]]]}},{"type":"Feature","properties":{"class":"land"},"geometry":{"type":"Polygon","coordinates":[[[5.33331,53.37323],[5.59024,53.42522],[5.6026,53.43125],[5.60521,53.44064],[5.59675,53.44872],[5.58145,53.45146],[5.41339,53.44446],[5.40871,53.44396],[5.18365,53.40495],[5.17015,53.39847],[5.1683,53.3882],[5.17917,53.38016],[5.22216,53.36616],[5.23624,53.36465],[5.32921,53.37265],[5.33331,53.37323]]]}},{"type":"Feature","properties":{"class":"land"},"geometry":{"type":"Polygon","coordinates":[[[-25.01101,36.96433],[-25.02801,37.00434],[-25.03369,37.01068],[-25.07269,37.03469],[-25.0843,37.03745],[-25.16531,37.03245],[-25.17464,37.02948],[-25.20864,37.00748],[-25.21459,36.99953],[-25.21272,36.99039],[-25.17471,36.93639],[-25.16015,36.92951],[-25.03218,36.92851],[-25.02151,36.93143],[-25.01552,36.93908],[-25.01052,36.95708],[-25.01101,36.96433]]]}},{"type":"Feature","properties":{"class":"land"},"geometry":{"type":"Polygon","coordinates":[[[16.63332,42.99316],[16.64833,42.95616],[16.65384,42.94987],[16.72683,42.90287],[16.73528,42.89979],[16.84725,42.88279],[16.857,42.88325],[16.98044,42.91435],[17.18666,42.90355],[17.2012,42.90759],[17.20633,42.91834],[17.1984,42.92813],[17.10439,42.97514],[17.09744,42.97725],[16.97441,42.99426],[16.96879,42.99439],[16.83678,42.98266],[16.65472,43.01021],[16.64241,43.00894],[16.634,43.00224],[16.63332,42.99316]]]}},{"type":"Feature","properties":{"class":"land"},"geometry":{"type":"Polygon","coordinates":[[[17.19739,43.13926],[17.06436,43.15727],[17.06318,43.1574],[16.70691,43.18775],[16.67069,43.22221],[16.65881,43.22733],[16.52378,43.24234],[16.51841,43.24236],[16.37338,43.22735],[16.36069,43.22158],[16.358,43.21085],[16.36708,43.20218],[16.54105,43.13219],[16.54599,43.13083],[16.67496,43.10984],[16.6792,43.10951],[17.19409,43.11251],[17.2065,43.11607],[17.21241,43.12479],[17.20873,43.13415],[17.19739,43.13926]]]}},{"type":"Feature","properties":{"class":"land"},"geometry":{"type":"Polygon","coordinates":[[[16.79213,43.25855],[16.88112,43.28555],[16.88899,43.29006],[16.90599,43.30706],[16.90942,43.31652],[16.90316,43.32518],[16.84616,43.36119],[16.83641,43.36438],[16.45133,43.40038],[16.43866,43.3982],[16.43108,43.39052],[16.4051,43.32051],[16.40572,43.31211],[16.41306,43.30561],[16.48005,43.27462],[16.48874,43.27254],[16.78368,43.25754],[16.79213,43.25855]]]}},{"type":"Feature","properties":{"class":"land"},"geometry":{"type":"Polygon","coordinates":[[[-2.49366,49.50133],[-2.50265,49.51233],[-2.51441,49.51879],[-2.52979,49.51822],[-2.65482,49.48021],[-2.66482,49.47369],[-2.66605,49.46451],[-2.65904,49.44751],[-2.64615,49.43834],[-2.55417,49.41634],[-2.53811,49.41681],[-2.52739,49.42461],[-2.49237,49.4906],[-2.49366,49.50133]]]}},{"type":"Feature","properties":{"class":"land"},"geometry":{"type":"Polygon","coordinates":[[[-2.00858,49.24265],[-2.07159,49.26665],[-2.07949,49.26839],[-2.21853,49.27939],[-2.23386,49.27656],[-2.24155,49.26746],[-2.25651,49.17746],[-2.25111,49.16681],[-2.23527,49.16252],[-2.00933,49.16752],[-1.99436,49.1722],[-1.9895,49.18257],[-1.99848,49.23257],[-2.00858,49.24265]]]}},{"type":"Feature","properties":{"class":"land"},"geometry":{"type":"Polygon","coordinates":[[[52.70098,45.4099],[52.712,45.4589],[52.71082,45.46607],[52.67784,45.52307],[52.6652,45.53099],[52.61418,45.54099],[52.6026,45.54072],[52.59333,45.53584],[52.53834,45.48183],[52.53476,45.47419],[52.53803,45.46648],[52.58204,45.42049],[52.58844,45.4163],[52.65543,45.3893],[52.66714,45.38759],[52.67802,45.39108],[52.69502,45.40208],[52.70098,45.4099]]]}},{"type":"Feature","properties":{"class":"land"},"geometry":{"type":"Polygon","coordinates":[[[48.00222,45.48743],[48.00625,45.55343],[48.00545,45.55788],[47.96548,45.65089],[47.95679,45.65862],[47.9429,45.66018],[47.93119,45.65473],[47.90219,45.62573],[47.89872,45.61766],[47.90074,45.56166],[47.90191,45.55736],[47.94993,45.46537],[47.95935,45.45795],[47.97346,45.45707],[47.98461,45.46319],[47.99961,45.48119],[48.00222,45.48743]]]}},{"type":"Feature","properties":{"class":"land"},"geometry":{"type":"Polygon","coordinates":[[[18.43969,59.02323],[18.50974,59.09922],[18.51076,59.10952],[18.49731,59.11718],[18.47725,59.11772],[18.38922,59.10171],[18.37489,59.09541],[18.3539,59.0754],[18.35187,59.0729],[18.3249,59.02689],[18.32573,59.01791],[18.33734,59.01119],[18.35457,59.00972],[18.42055,59.01571],[18.43969,59.02323]]]}},{"type":"Feature","properties":{"class":"land"},"geometry":{"type":"Polygon","coordinates":[[[18.61871,59.46375],[18.64513,59.48378],[18.71803,59.52612],[18.72455,59.53415],[18.72007,59.54254],[18.70643,59.5478],[18.6294,59.5608],[18.60336,59.5581],[18.55435,59.53609],[18.54642,59.5297],[18.51945,59.4817],[18.51963,59.474],[18.54466,59.43301],[18.55856,59.42483],[18.57981,59.42447],[18.59476,59.43215],[18.61871,59.46375]]]}},{"type":"Feature","properties":{"class":"land"},"geometry":{"type":"Polygon","coordinates":[[[56.19778,26.90989],[56.2844,26.9394],[56.29212,26.94528],[56.29393,26.9542],[56.289,26.96212],[56.224,27.01313],[56.21161,27.01632],[56.0716,26.99632],[56.06734,26.99512],[55.90556,26.9244],[55.76215,26.96097],[55.75232,26.9605],[55.74489,26.95474],[55.73389,26.93774],[55.73324,26.92538],[55.76844,26.85687],[55.75151,26.82223],[55.34541,26.66212],[55.29923,26.67118],[55.28941,26.67013],[55.28241,26.66388],[55.28126,26.6551],[55.29727,26.5901],[55.30794,26.58001],[55.33594,26.57301],[55.3394,26.57252],[55.42339,26.56952],[55.42872,26.57019],[55.54771,26.60518],[55.55054,26.60632],[55.67968,26.67284],[55.7484,26.67857],[55.753,26.67962],[55.8513,26.71758],[55.89012,26.71842],[55.94644,26.68932],[55.95511,26.68755],[55.9634,26.69044],[56.10439,26.79043],[56.10743,26.79333],[56.19778,26.90989]]]}},{"type":"Feature","properties":{"class":"land"},"geometry":{"type":"Polygon","coordinates":[[[48.28715,29.6156],[48.35215,29.6866],[48.35548,29.69394],[48.36349,29.78194],[48.36061,29.79088],[48.19763,29.9869],[48.1869,29.99239],[48.17496,29.98931],[48.14896,29.97031],[48.14465,29.96523],[48.06667,29.80422],[48.06687,29.79338],[48.16589,29.60539],[48.17592,29.59798],[48.21392,29.58898],[48.2243,29.58967],[48.28129,29.61167],[48.28715,29.6156]]]}},{"type":"Feature","properties":{"class":"land"},"geometry":{"type":"Polygon","coordinates":[[[32.01707,46.21703],[31.64868,46.285],[31.52359,46.38198],[31.50766,46.38646],[31.49277,46.38052],[31.49044,46.36876],[31.54547,46.25377],[31.55575,46.24578],[31.69173,46.20179],[31.69594,46.20081],[32.00487,46.15482],[32.00645,46.15463],[32.14741,46.14163],[32.16045,46.14362],[32.16858,46.15096],[32.16797,46.1602],[32.1589,46.167],[32.02088,46.21601],[32.01707,46.21703]]]}},{"type":"Feature","properties":{"class":"land"},"geometry":{"type":"Polygon","coordinates":[[[22.93761,58.81446],[23.01308,58.82068],[23.03011,58.82609],[23.03473,58.83616],[23.00779,58.92216],[23.00517,58.92624],[22.9332,58.99726],[22.91643,59.00408],[22.74745,59.02601],[22.72774,59.07665],[22.71332,59.08617],[22.66031,59.09918],[22.64415,59.10026],[22.58213,59.09426],[22.56446,59.08792],[22.44693,58.98646],[22.05222,58.95735],[22.03533,58.95227],[22.03,58.94256],[22.03919,58.93367],[22.14518,58.88768],[22.16098,58.88452],[22.29934,58.88166],[22.38921,58.85401],[22.45269,58.75237],[22.4471,58.71299],[22.45943,58.7005],[22.52841,58.67851],[22.54964,58.67711],[22.6686,58.6961],[22.68432,58.70306],[22.77322,58.79699],[22.82249,58.76808],[22.84225,58.76351],[22.86184,58.76827],[22.93761,58.81446]]]}},{"type":"Feature","properties":{"class":"land"},"geometry":{"type":"Polygon","coordinates":[[[23.36913,58.54684],[23.38115,58.57284],[23.38153,58.57818],[23.35859,58.65118],[23.3412,58.6618],[23.17315,58.69081],[23.15082,58.6893],[23.09481,58.67029],[23.08579,58.66502],[23.03982,58.61702],[23.03792,58.60763],[23.04831,58.59989],[23.24528,58.52891],[23.26576,58.52685],[23.34973,58.53685],[23.36913,58.54684]]]}},{"type":"Feature","properties":{"class":"land"},"geometry":{"type":"Polygon","coordinates":[[[35.82893,65.19435],[35.74189,65.21036],[35.70872,65.20847],[35.59516,65.16967],[35.52334,65.16428],[35.50228,65.15848],[35.49766,65.14808],[35.52773,65.09108],[35.53335,65.08592],[35.59536,65.05093],[35.61973,65.04552],[35.66014,65.04484],[35.75066,64.97082],[35.77327,64.96373],[35.80035,64.96698],[35.86335,64.99097],[35.87341,65.0034],[35.85985,65.03515],[35.88856,65.07398],[35.88995,65.07887],[35.88003,65.14387],[35.87835,65.14739],[35.84639,65.1864],[35.82893,65.19435]]]}},{"type":"Feature","properties":{"class":"land"},"geometry":{"type":"Polygon","coordinates":[[[42.74689,66.70558],[42.72393,66.73858],[42.72152,66.74106],[42.66156,66.78807],[42.64436,66.79442],[42.56032,66.80843],[42.53642,66.80883],[42.45839,66.79883],[42.44069,66.79358],[42.43484,66.78516],[42.44291,66.73416],[42.45954,66.72341],[42.65848,66.67643],[42.67957,66.67458],[42.69923,66.67813],[42.73723,66.69212],[42.74689,66.70558]]]}},{"type":"Feature","properties":{"class":"land"},"geometry":{"type":"Polygon","coordinates":[[[53.11587,71.25422],[53.09931,71.25323],[52.94175,71.37036],[52.93076,71.37517],[52.80474,71.41018],[52.78838,71.41299],[52.74335,71.417],[52.70662,71.41479],[52.6897,71.40417],[52.68885,71.38229],[52.64288,71.39367],[52.61958,71.39646],[52.51551,71.39847],[52.49717,71.39751],[52.28105,71.36949],[52.26033,71.36368],[52.20337,71.33167],[52.19801,71.32392],[52.20809,71.28392],[52.21774,71.27635],[52.25675,71.26136],[52.26475,71.25899],[52.40071,71.228],[52.43636,71.22601],[52.53314,71.23475],[52.70102,71.17412],[52.79548,71.08178],[52.80795,71.07575],[52.91548,71.04585],[52.96372,71.00838],[52.98206,70.96708],[53.00244,70.95729],[53.03861,70.95651],[53.13656,70.9695],[53.15963,70.97715],[53.15827,70.98787],[53.09328,71.03157],[53.24383,71.15503],[53.24667,71.16094],[53.23479,71.21594],[53.22863,71.2221],[53.18443,71.24508],[53.18268,71.24855],[53.16121,71.25457],[53.15321,71.25557],[53.13662,71.25514],[53.13336,71.25526],[53.12716,71.2549],[53.1167,71.25462],[53.11587,71.25422]]]}},{"type":"Feature","properties":{"class":"land"},"geometry":{"type":"Polygon","coordinates":[[[-8.92537,70.82933],[-8.61096,70.92884],[-7.98394,71.02885],[-7.96068,71.03968],[-7.93752,71.11568],[-7.93759,71.11855],[-7.95947,71.17956],[-7.97865,71.1894],[-8.01446,71.19077],[-8.35766,71.15275],[-8.38091,71.1463],[-8.55366,71.03981],[-8.9908,70.92653],[-8.99848,70.92389],[-9.13243,70.86286],[-9.14012,70.85468],[-9.13124,70.84663],[-9.07823,70.82464],[-9.03797,70.81977],[-8.94603,70.82577],[-8.92537,70.82933]]]}},{"type":"Feature","properties":{"class":"land"},"geometry":{"type":"Polygon","coordinates":[[[27.85578,35.92035],[27.97487,36.03555],[28.09082,36.0517],[28.10197,36.05762],[28.1042,36.06825],[28.08615,36.12695],[28.15726,36.20179],[28.15934,36.20464],[28.24537,36.36463],[28.24675,36.36966],[28.24876,36.43366],[28.2419,36.44489],[28.22652,36.44675],[27.90847,36.35773],[27.90314,36.35527],[27.80414,36.28726],[27.80018,36.28327],[27.76059,36.22242],[27.70483,36.18204],[27.70009,36.16787],[27.73953,36.06884],[27.70002,35.96083],[27.70127,35.9507],[27.73127,35.9047],[27.73906,35.89874],[27.74973,35.89785],[27.84671,35.91585],[27.85578,35.92035]]]}},{"type":"Feature","properties":{"class":"land"},"geometry":{"type":"Polygon","coordinates":[[[27.18721,35.45364],[27.2387,35.46607],[27.2484,35.47233],[27.25006,35.48232],[27.22507,35.56233],[27.2232,35.56597],[27.17583,35.62975],[27.22199,35.70818],[27.22349,35.71236],[27.23951,35.81836],[27.23655,35.82783],[27.22647,35.83319],[27.21457,35.83163],[27.14956,35.80063],[27.14138,35.78935],[27.13949,35.72957],[27.05639,35.6044],[27.05571,35.59276],[27.09858,35.50992],[27.08294,35.45929],[27.08528,35.44844],[27.12429,35.40145],[27.13318,35.3961],[27.14422,35.3965],[27.15249,35.40247],[27.18721,35.45364]]]}},{"type":"Feature","properties":{"class":"land"},"geometry":{"type":"Polygon","coordinates":[[[27.87629,36.55074],[27.8853,36.57974],[27.88574,36.58411],[27.87975,36.64212],[27.87539,36.65012],[27.86583,36.6543],[27.85509,36.6529],[27.77808,36.6199],[27.76923,36.6071],[27.77124,36.5831],[27.77535,36.57512],[27.82535,36.52913],[27.83701,36.52453],[27.84927,36.528],[27.87127,36.544],[27.87629,36.55074]]]}},{"type":"Feature","properties":{"class":"land"},"geometry":{"type":"Polygon","coordinates":[[[27.0338,36.95123],[27.0488,36.96823],[27.05169,36.97395],[27.0567,36.99995],[27.04975,37.01302],[26.89874,37.09803],[26.88396,37.09988],[26.87313,37.09166],[26.8747,37.0798],[26.92021,37.02223],[26.90339,36.94738],[26.90804,36.93548],[26.92292,36.93171],[27.0229,36.94571],[27.0338,36.95123]]]}},{"type":"Feature","properties":{"class":"land"},"geometry":{"type":"Polygon","coordinates":[[[26.95921,36.71571],[27.03958,36.75781],[27.15224,36.76455],[27.15931,36.76626],[27.36028,36.85725],[27.36788,36.86447],[27.3677,36.87392],[27.35983,36.88095],[27.27382,36.91695],[27.26355,36.91835],[27.21254,36.91235],[27.20773,36.91117],[27.05371,36.85216],[27.0506,36.85061],[26.94559,36.78461],[26.94178,36.78123],[26.90378,36.73322],[26.90138,36.72385],[26.90734,36.71556],[26.91866,36.71252],[26.95065,36.71352],[26.95921,36.71571]]]}},{"type":"Feature","properties":{"class":"land"},"geometry":{"type":"Polygon","coordinates":[[[25.56153,36.9627],[25.59954,37.03369],[25.60089,37.03862],[25.60492,37.15262],[25.60253,37.15992],[25.57853,37.19192],[25.56966,37.19772],[25.53065,37.20872],[25.51322,37.20569],[25.35022,37.07968],[25.34588,37.06594],[25.3799,36.97994],[25.38347,36.97496],[25.44447,36.92096],[25.4541,36.91671],[25.46496,36.9181],[25.55395,36.9561],[25.56153,36.9627]]]}},{"type":"Feature","properties":{"class":"land"},"geometry":{"type":"Polygon","coordinates":[[[25.2947,37.073],[25.2881,37.08621],[25.29189,37.1372],[25.28907,37.1455],[25.28052,37.15075],[25.24052,37.16175],[25.22639,37.16061],[25.13738,37.11861],[25.1306,37.11258],[25.08961,37.04058],[25.09076,37.02774],[25.11877,36.99274],[25.13016,36.9867],[25.19615,36.9777],[25.212,36.98239],[25.29201,37.05938],[25.2947,37.073]]]}},{"type":"Feature","properties":{"class":"land"},"geometry":{"type":"Polygon","coordinates":[[[25.49811,36.39672],[25.48312,36.43873],[25.47776,36.44535],[25.41976,36.48435],[25.40854,36.48748],[25.39756,36.48387],[25.38556,36.47486],[25.3806,36.46217],[25.39503,36.4081],[25.3575,36.36699],[25.35497,36.35508],[25.36529,36.34632],[25.43028,36.32732],[25.44105,36.32714],[25.44973,36.33227],[25.49573,36.38527],[25.49811,36.39672]]]}},{"type":"Feature","properties":{"class":"land"},"geometry":{"type":"Polygon","coordinates":[[[25.39724,36.6683],[25.42225,36.7113],[25.4234,36.72003],[25.4176,36.72748],[25.30659,36.79949],[25.29481,36.80246],[25.28367,36.79819],[25.24767,36.76719],[25.24317,36.75836],[25.24708,36.74936],[25.35108,36.64937],[25.36367,36.64451],[25.37648,36.64896],[25.39448,36.66496],[25.39724,36.6683]]]}},{"type":"Feature","properties":{"class":"land"},"geometry":{"type":"Polygon","coordinates":[[[26.82374,37.82449],[26.74273,37.82349],[26.73733,37.82272],[26.63331,37.79372],[26.6257,37.78946],[26.56771,37.73245],[26.56395,37.72379],[26.56805,37.71522],[26.57813,37.7107],[26.71323,37.69237],[26.77656,37.647],[26.78363,37.64396],[26.84062,37.63196],[26.8529,37.63305],[26.98334,37.68699],[27.05748,37.69565],[27.06891,37.7012],[27.07174,37.71157],[27.05675,37.77257],[27.04401,37.78311],[26.82797,37.82412],[26.82374,37.82449]]]}},{"type":"Feature","properties":{"class":"land"},"geometry":{"type":"Polygon","coordinates":[[[26.0337,37.51604],[26.20967,37.55603],[26.21476,37.55795],[26.30675,37.60894],[26.31035,37.61163],[26.36436,37.66562],[26.36776,37.67644],[26.35971,37.68559],[26.34571,37.68682],[26.20903,37.65143],[26.08548,37.64848],[26.07409,37.64465],[25.98509,37.57564],[25.98069,37.56984],[25.96569,37.52984],[25.96879,37.5175],[25.98337,37.51255],[26.03036,37.51555],[26.0337,37.51604]]]}},{"type":"Feature","properties":{"class":"land"},"geometry":{"type":"Polygon","coordinates":[[[25.87022,36.77994],[25.99381,36.86821],[26.06976,36.89032],[26.07889,36.89666],[26.08037,36.90625],[26.07344,36.91418],[26.01044,36.94818],[26.00013,36.95047],[25.99017,36.94734],[25.82479,36.83642],[25.7357,36.80216],[25.72658,36.793],[25.72983,36.78159],[25.74301,36.77651],[25.85899,36.77651],[25.87022,36.77994]]]}},{"type":"Feature","properties":{"class":"land"},"geometry":{"type":"Polygon","coordinates":[[[26.47397,36.59357],[26.43398,36.63258],[26.42679,36.63666],[26.37578,36.65167],[26.36337,36.6514],[26.35457,36.64436],[26.3542,36.6344],[26.36386,36.61302],[26.33362,36.59565],[26.27423,36.60806],[26.25972,36.60567],[26.2532,36.595],[26.25321,36.547],[26.26007,36.53612],[26.32106,36.50013],[26.33318,36.49762],[26.34409,36.50255],[26.39214,36.55061],[26.46672,36.57232],[26.4772,36.58143],[26.47397,36.59357]]]}},{"type":"Feature","properties":{"class":"land"},"geometry":{"type":"Polygon","coordinates":[[[24.37125,37.57102],[24.41627,37.64301],[24.41617,37.65515],[24.39417,37.68915],[24.38711,37.69487],[24.37719,37.69641],[24.31818,37.69141],[24.30441,37.68346],[24.26143,37.60645],[24.26012,37.59925],[24.27213,37.52626],[24.27788,37.51779],[24.28928,37.51451],[24.30054,37.51809],[24.36754,37.56708],[24.37125,37.57102]]]}},{"type":"Feature","properties":{"class":"land"},"geometry":{"type":"Polygon","coordinates":[[[24.45081,37.33742],[24.49582,37.40142],[24.49561,37.41487],[24.44562,37.48188],[24.43259,37.48843],[24.41824,37.48392],[24.35725,37.42891],[24.35308,37.42121],[24.35545,37.41305],[24.37997,37.38065],[24.36243,37.31688],[24.36477,37.30666],[24.37554,37.30079],[24.38836,37.30275],[24.44536,37.33275],[24.45081,37.33742]]]}},{"type":"Feature","properties":{"class":"land"},"geometry":{"type":"Polygon","coordinates":[[[24.53148,36.77699],[24.45547,36.75999],[24.44701,36.75559],[24.42102,36.73034],[24.36532,36.75573],[24.35061,36.75648],[24.3408,36.74767],[24.30982,36.65966],[24.31049,36.65079],[24.31791,36.64418],[24.32884,36.6427],[24.53381,36.6707],[24.54357,36.67504],[24.5478,36.68332],[24.55282,36.76332],[24.54652,36.77454],[24.53148,36.77699]]]}},{"type":"Feature","properties":{"class":"land"},"geometry":{"type":"Polygon","coordinates":[[[24.95091,37.50594],[24.91491,37.52094],[24.90407,37.52229],[24.89446,37.51811],[24.89006,37.51015],[24.87908,37.40815],[24.88271,37.39861],[24.89871,37.38261],[24.91118,37.37753],[24.93718,37.37653],[24.94947,37.38006],[24.95497,37.38948],[24.95999,37.49348],[24.95091,37.50594]]]}},{"type":"Feature","properties":{"class":"land"},"geometry":{"type":"Polygon","coordinates":[[[25.00853,37.76335],[24.99654,37.80035],[24.99577,37.80216],[24.96555,37.85981],[24.97294,37.9032],[24.96949,37.91329],[24.95793,37.9184],[24.86476,37.92671],[24.80419,37.99755],[24.79507,38.00288],[24.78372,38.00255],[24.69371,37.97455],[24.68507,37.96859],[24.68315,37.95967],[24.69716,37.89667],[24.7045,37.88779],[24.75396,37.86166],[24.78396,37.81761],[24.78843,37.81341],[24.87182,37.76142],[24.94856,37.6837],[24.95872,37.67876],[24.97048,37.6803],[24.9781,37.68756],[25.00811,37.75555],[25.00853,37.76335]]]}},{"type":"Feature","properties":{"class":"land"},"geometry":{"type":"Polygon","coordinates":[[[25.26935,37.60837],[25.23835,37.63938],[25.22773,37.64432],[25.09907,37.66076],[25.04954,37.6916],[25.03701,37.6944],[24.99401,37.6904],[24.98097,37.68336],[24.98082,37.67086],[25.00083,37.63986],[25.00454,37.63602],[25.14454,37.53503],[25.15267,37.53177],[25.21566,37.52177],[25.22677,37.523],[25.23451,37.52945],[25.27152,37.59445],[25.26935,37.60837]]]}},{"type":"Feature","properties":{"class":"land"},"geometry":{"type":"Polygon","coordinates":[[[24.73181,36.91064],[24.77381,36.93864],[24.77952,36.94624],[24.7781,36.95503],[24.73111,37.03004],[24.7148,37.03746],[24.67979,37.03546],[24.669,37.0315],[24.66414,37.02285],[24.65915,36.95985],[24.66099,36.95283],[24.68799,36.91084],[24.69624,36.90464],[24.70752,36.904],[24.72552,36.908],[24.73181,36.91064]]]}},{"type":"Feature","properties":{"class":"land"},"geometry":{"type":"Polygon","coordinates":[[[26.1097,38.21255],[26.11871,38.22855],[26.12002,38.23217],[26.12695,38.27198],[26.16623,38.29162],[26.17415,38.30392],[26.15839,38.48466],[26.17665,38.53748],[26.17421,38.54864],[26.16176,38.55442],[26.11649,38.55804],[26.0223,38.61283],[26.00837,38.61519],[25.84234,38.58718],[25.83225,38.58215],[25.82878,38.5732],[25.83379,38.5072],[25.83837,38.49882],[25.94516,38.4087],[25.97194,38.35516],[25.94062,38.31311],[25.86592,38.28191],[25.85758,38.27398],[25.85878,38.26374],[25.87678,38.23674],[25.88009,38.23328],[25.98709,38.15229],[25.99794,38.14854],[26.0093,38.15121],[26.10429,38.2072],[26.1097,38.21255]]]}},{"type":"Feature","properties":{"class":"land"},"geometry":{"type":"Polygon","coordinates":[[[26.42305,39.33795],[26.36105,39.39196],[26.34691,39.39646],[26.16387,39.38746],[26.15227,39.38323],[26.14755,39.374],[26.14756,39.34057],[26.08107,39.31639],[26.02296,39.29858],[25.91057,39.30148],[25.89493,39.29478],[25.82894,39.20677],[25.82787,39.19492],[25.83888,39.17393],[25.84263,39.16951],[25.89363,39.12952],[25.90051,39.1262],[26.06648,39.08321],[26.0768,39.08303],[26.08543,39.08743],[26.18457,39.18085],[26.22533,39.18254],[26.09626,39.09095],[26.0907,39.08226],[26.09409,39.07291],[26.1471,39.01792],[26.15615,39.01305],[26.38511,38.96106],[26.39282,38.96069],[26.54979,38.98069],[26.56037,38.9854],[26.56435,38.99437],[26.55975,39.00315],[26.51879,39.03761],[26.51584,39.04688],[26.5751,39.01942],[26.58875,39.01803],[26.59942,39.0248],[26.61142,39.0428],[26.61293,39.05201],[26.59495,39.11301],[26.59299,39.11683],[26.546,39.17884],[26.54277,39.18194],[26.4122,39.27468],[26.42702,39.32606],[26.42305,39.33795]]]}},{"type":"Feature","properties":{"class":"land"},"geometry":{"type":"Polygon","coordinates":[[[23.78958,39.12526],[23.60356,39.22027],[23.58906,39.22193],[23.57806,39.21442],[23.57837,39.20306],[23.65039,39.08907],[23.66161,39.08195],[23.7306,39.06795],[23.74694,39.0712],[23.79194,39.10419],[23.79732,39.11517],[23.78958,39.12526]]]}},{"type":"Feature","properties":{"class":"land"},"geometry":{"type":"Polygon","coordinates":[[[23.90069,39.14878],[23.9527,39.19177],[23.95639,39.19645],[23.9874,39.26345],[23.9864,39.27431],[23.97536,39.28106],[23.96147,39.2793],[23.87847,39.23729],[23.87219,39.23165],[23.8252,39.15264],[23.82457,39.14258],[23.83309,39.13498],[23.84603,39.13409],[23.89302,39.14508],[23.90069,39.14878]]]}},{"type":"Feature","properties":{"class":"land"},"geometry":{"type":"Polygon","coordinates":[[[24.68697,38.81874],[24.59686,38.88586],[24.58097,38.94477],[24.57322,38.95343],[24.49521,38.99143],[24.48171,38.99307],[24.47087,38.9866],[24.45787,38.9686],[24.45579,38.96371],[24.44381,38.89071],[24.4511,38.87793],[24.54429,38.82735],[24.52523,38.79456],[24.52448,38.78497],[24.53212,38.77742],[24.54427,38.77575],[24.67824,38.79575],[24.68875,38.80081],[24.69226,38.81004],[24.68697,38.81874]]]}},{"type":"Feature","properties":{"class":"land"},"geometry":{"type":"Polygon","coordinates":[[[25.70215,40.43256],[25.68015,40.46956],[25.67437,40.47494],[25.57936,40.52695],[25.56302,40.5287],[25.442,40.49569],[25.43272,40.48985],[25.43049,40.48084],[25.43635,40.47283],[25.56135,40.38984],[25.57831,40.38713],[25.69129,40.41413],[25.70217,40.42148],[25.70215,40.43256]]]}},{"type":"Feature","properties":{"class":"land"},"geometry":{"type":"Polygon","coordinates":[[[25.23433,39.87825],[25.24563,39.82098],[25.25381,39.81151],[25.2898,39.79451],[25.29979,39.79252],[25.35778,39.79452],[25.36882,39.79803],[25.37439,39.80615],[25.38897,39.88668],[25.45342,39.97649],[25.45538,39.98084],[25.46639,40.03284],[25.46427,40.04173],[25.45528,40.0476],[25.44347,40.04781],[25.36846,40.02881],[25.3623,40.02608],[25.28804,39.97546],[25.24766,40.01351],[25.23336,40.01848],[25.05733,40.01348],[25.04652,40.01023],[25.0407,40.00254],[25.03471,39.97854],[25.03443,39.97517],[25.04446,39.85117],[25.05379,39.84007],[25.11778,39.81408],[25.12755,39.81256],[25.18654,39.81656],[25.20087,39.82421],[25.23433,39.87825]]]}},{"type":"Feature","properties":{"class":"land"},"geometry":{"type":"Polygon","coordinates":[[[24.79171,40.61616],[24.787,40.65768],[24.8031,40.70028],[24.80114,40.71109],[24.73415,40.7931],[24.72072,40.79943],[24.6247,40.80643],[24.6088,40.80115],[24.50281,40.69514],[24.49921,40.68725],[24.49822,40.64725],[24.50592,40.63589],[24.63591,40.5679],[24.65218,40.56635],[24.78016,40.60235],[24.789,40.60777],[24.79171,40.61616]]]}},{"type":"Feature","properties":{"class":"land"},"geometry":{"type":"Polygon","coordinates":[[[25.9875,40.13429],[25.99451,40.17629],[25.99112,40.1861],[25.93213,40.2461],[25.91587,40.25139],[25.87286,40.24739],[25.86886,40.24665],[25.73484,40.20864],[25.72799,40.20512],[25.65599,40.14511],[25.65157,40.13391],[25.66026,40.12428],[25.73125,40.09329],[25.74308,40.09172],[25.97304,40.12271],[25.98276,40.12668],[25.9875,40.13429]]]}},{"type":"Feature","properties":{"class":"land"},"geometry":{"type":"Polygon","coordinates":[[[-17.2043,32.87657],[-17.25429,32.81456],[-17.25631,32.80294],[-17.2413,32.76294],[-17.23718,32.75733],[-17.18218,32.71233],[-17.17767,32.70973],[-17.02468,32.65074],[-17.01956,32.64957],[-16.83858,32.63458],[-16.82622,32.63802],[-16.68223,32.74801],[-16.67718,32.75578],[-16.67895,32.76452],[-16.68679,32.77044],[-16.92282,32.85345],[-16.93271,32.85413],[-17.05232,32.83021],[-17.18429,32.88126],[-17.19532,32.88199],[-17.2043,32.87657]]]}},{"type":"Feature","properties":{"class":"land"},"geometry":{"type":"Polygon","coordinates":[[[-16.32085,28.37193],[-16.10955,28.51737],[-16.10371,28.52923],[-16.1087,28.57723],[-16.11425,28.58642],[-16.12559,28.58942],[-16.32062,28.57141],[-16.32882,28.56837],[-16.52388,28.42552],[-16.75301,28.3836],[-16.84186,28.38945],[-16.85144,28.38726],[-16.91345,28.35126],[-16.91982,28.34345],[-16.91866,28.33389],[-16.80865,28.1429],[-16.80664,28.14025],[-16.66964,27.99826],[-16.65434,27.9939],[-16.53935,28.0189],[-16.53179,28.02284],[-16.40678,28.14183],[-16.40344,28.14686],[-16.32085,28.37193]]]}},{"type":"Feature","properties":{"class":"land"},"geometry":{"type":"Polygon","coordinates":[[[-13.7072,28.8994],[-13.54995,28.94726],[-13.54617,28.94894],[-13.46918,28.99593],[-13.46274,29.00506],[-13.43914,29.1465],[-13.40961,29.19127],[-13.40764,29.19948],[-13.41161,29.20712],[-13.45261,29.24612],[-13.46284,29.25045],[-13.47369,29.24751],[-13.5107,29.22151],[-13.51513,29.21647],[-13.54606,29.1555],[-13.65374,29.13209],[-13.65714,29.13096],[-13.79515,29.06795],[-13.80045,29.06397],[-13.83645,29.02097],[-13.83907,29.01588],[-13.87505,28.87188],[-13.87348,28.86247],[-13.86522,28.85631],[-13.78923,28.83231],[-13.78026,28.83191],[-13.77256,28.83597],[-13.7072,28.8994]]]}},{"type":"Feature","properties":{"class":"land"},"geometry":{"type":"Polygon","coordinates":[[[-14.18885,28.15724],[-13.9229,28.24028],[-13.91362,28.24836],[-13.8486,28.40435],[-13.84789,28.40668],[-13.81287,28.58267],[-13.81264,28.58489],[-13.81162,28.69089],[-13.81358,28.69759],[-13.84358,28.74459],[-13.85645,28.75148],[-13.95346,28.75448],[-13.96354,28.75158],[-14.01255,28.71758],[-14.01794,28.7102],[-14.04249,28.6218],[-14.16659,28.41325],[-14.16741,28.41162],[-14.24489,28.22423],[-14.36284,28.14242],[-14.4956,28.11411],[-14.50448,28.10879],[-14.50721,28.09964],[-14.50245,28.09115],[-14.47945,28.07215],[-14.47223,28.06881],[-14.33624,28.04282],[-14.32251,28.04619],[-14.18885,28.15724]]]}},{"type":"Feature","properties":{"class":"land"},"geometry":{"type":"Polygon","coordinates":[[[-15.39033,28.15667],[-15.40433,28.16867],[-15.41355,28.17243],[-15.4234,28.17028],[-15.45698,28.15084],[-15.68174,28.16744],[-15.6912,28.16539],[-15.69734,28.15871],[-15.73402,28.07181],[-15.81923,28.00402],[-15.82428,27.99377],[-15.82226,27.88777],[-15.81877,27.87941],[-15.72177,27.77542],[-15.71728,27.77215],[-15.66329,27.74615],[-15.65793,27.74462],[-15.56094,27.73362],[-15.55122,27.7354],[-15.42923,27.79939],[-15.42429,27.80355],[-15.37628,27.86754],[-15.37375,27.87552],[-15.38571,28.14752],[-15.39033,28.15667]]]}},{"type":"Feature","properties":{"class":"land"},"geometry":{"type":"Polygon","coordinates":[[[-17.17529,28.01159],[-17.09129,28.07258],[-17.08628,28.07936],[-17.08657,28.08746],[-17.11556,28.16046],[-17.12415,28.16846],[-17.25316,28.21547],[-17.26337,28.21593],[-17.27163,28.21062],[-17.33762,28.12562],[-17.33833,28.11138],[-17.28732,28.03139],[-17.28141,28.0262],[-17.23242,28.00221],[-17.22162,28.00084],[-17.18163,28.00884],[-17.17529,28.01159]]]}},{"type":"Feature","properties":{"class":"land"},"geometry":{"type":"Polygon","coordinates":[[[-17.87619,27.81854],[-17.91319,27.85854],[-17.92333,27.86341],[-17.93442,27.86061],[-18.04872,27.78118],[-18.16203,27.77446],[-18.17156,27.77073],[-18.17616,27.76244],[-18.17366,27.75349],[-18.14866,27.72049],[-18.14396,27.7165],[-17.99297,27.6345],[-17.98095,27.633],[-17.97151,27.63975],[-17.87449,27.80374],[-17.87619,27.81854]]]}},{"type":"Feature","properties":{"class":"land"},"geometry":{"type":"Polygon","coordinates":[[[-17.82247,28.4841],[-17.74646,28.56009],[-17.74265,28.56841],[-17.73682,28.68485],[-17.71397,28.71684],[-17.71208,28.72728],[-17.73007,28.79028],[-17.73282,28.79525],[-17.78582,28.85526],[-17.79826,28.86049],[-17.92928,28.85849],[-17.94147,28.85292],[-18.01346,28.76592],[-18.01453,28.75157],[-17.89641,28.56005],[-17.87387,28.48266],[-17.86644,28.4742],[-17.85434,28.47315],[-17.82934,28.48015],[-17.82247,28.4841]]]}},{"type":"Feature","properties":{"class":"land"},"geometry":{"type":"Polygon","coordinates":[[[11.2944,34.75331],[11.29741,34.80131],[11.29159,34.81231],[11.26559,34.83031],[11.25476,34.83349],[11.24404,34.83005],[11.14204,34.75505],[11.13765,34.74977],[11.10866,34.68677],[11.10927,34.67607],[11.11917,34.66911],[11.13212,34.67028],[11.28611,34.74227],[11.2944,34.75331]]]}},{"type":"Feature","properties":{"class":"land"},"geometry":{"type":"Polygon","coordinates":[[[10.96832,33.71159],[11.00332,33.73559],[11.00471,33.73666],[11.04971,33.77566],[11.05401,33.78721],[11.05002,33.80721],[11.04516,33.81479],[10.93316,33.9028],[10.92157,33.90649],[10.74454,33.90248],[10.73409,33.899],[10.72888,33.89071],[10.70591,33.7407],[10.70781,33.73247],[10.71519,33.72676],[10.85018,33.67476],[10.86324,33.67455],[10.96423,33.70954],[10.96832,33.71159]]]}},{"type":"Feature","properties":{"class":"land"},"geometry":{"type":"Polygon","coordinates":[[[-4.38988,54.18121],[-4.37096,54.21901],[-4.31924,54.26113],[-4.31528,54.27143],[-4.35421,54.39543],[-4.36661,54.40506],[-4.41462,54.41906],[-4.43711,54.4185],[-4.52113,54.38849],[-4.52918,54.38362],[-4.63314,54.27569],[-4.71402,54.23524],[-4.7209,54.22925],[-4.80683,54.07723],[-4.8065,54.06823],[-4.79659,54.06135],[-4.78151,54.05967],[-4.69931,54.06706],[-4.62357,54.04673],[-4.60956,54.04576],[-4.59723,54.04978],[-4.39523,54.17575],[-4.38988,54.18121]]]}},{"type":"Feature","properties":{"class":"land"},"geometry":{"type":"Polygon","coordinates":[[[-6.59086,56.57536],[-6.51286,56.61735],[-6.50942,56.61966],[-6.46341,56.65865],[-6.45982,56.66834],[-6.46922,56.67677],[-6.48657,56.67942],[-6.5726,56.67441],[-6.58904,56.66951],[-6.68803,56.6025],[-6.6931,56.59156],[-6.68809,56.57656],[-6.67779,56.56785],[-6.65931,56.56576],[-6.60333,56.57176],[-6.59086,56.57536]]]}},{"type":"Feature","properties":{"class":"land"},"geometry":{"type":"Polygon","coordinates":[[[-5.0814,55.44731],[-5.07138,55.49231],[-5.07125,55.49495],[-5.0812,55.57495],[-5.08273,55.57885],[-5.16267,55.69586],[-5.17141,55.70211],[-5.23842,55.72811],[-5.25703,55.73019],[-5.32305,55.72219],[-5.33751,55.71682],[-5.3905,55.67481],[-5.39419,55.67031],[-5.41616,55.62131],[-5.41614,55.61465],[-5.35406,55.47766],[-5.34296,55.46934],[-5.24298,55.43635],[-5.23065,55.43451],[-5.10469,55.43551],[-5.08915,55.43894],[-5.0814,55.44731]]]}},{"type":"Feature","properties":{"class":"land"},"geometry":{"type":"Polygon","coordinates":[[[-5.75371,56.34314],[-5.73662,56.49013],[-5.74604,56.50167],[-5.82105,56.53368],[-5.83127,56.53624],[-5.93171,56.5471],[-6.00907,56.61703],[-6.01362,56.62004],[-6.08663,56.65605],[-6.11082,56.65879],[-6.29388,56.62477],[-6.30848,56.61739],[-6.34246,56.57438],[-6.3435,56.56522],[-6.33449,56.54822],[-6.32421,56.54064],[-6.16608,56.48459],[-6.20614,56.36768],[-6.30475,56.35196],[-6.31643,56.34781],[-6.34443,56.32981],[-6.3495,56.31752],[-6.33648,56.29052],[-6.32842,56.28357],[-6.31457,56.28054],[-6.17762,56.27554],[-6.17006,56.27592],[-5.77219,56.3309],[-5.75933,56.33534],[-5.75371,56.34314]]]}},{"type":"Feature","properties":{"class":"land"},"geometry":{"type":"Polygon","coordinates":[[[-6.31678,55.75519],[-6.32549,55.73064],[-6.32487,55.72399],[-6.29506,55.67002],[-6.32779,55.61103],[-6.32424,55.59901],[-6.30499,55.59351],[-6.25301,55.59351],[-6.24151,55.59517],[-6.07654,55.64616],[-6.06664,55.65194],[-6.03362,55.68893],[-6.03142,55.69733],[-6.10529,55.93335],[-6.11845,55.94313],[-6.14032,55.94291],[-6.22734,55.9169],[-6.23228,55.91494],[-6.31055,55.87457],[-6.32724,55.88367],[-6.34022,55.88732],[-6.35459,55.88611],[-6.4236,55.86711],[-6.43363,55.86192],[-6.48361,55.81491],[-6.48657,55.81056],[-6.51951,55.71456],[-6.51953,55.70951],[-6.51452,55.69451],[-6.50327,55.68542],[-6.48373,55.68415],[-6.44474,55.69115],[-6.43585,55.69404],[-6.31678,55.75519]]]}},{"type":"Feature","properties":{"class":"land"},"geometry":{"type":"Polygon","coordinates":[[[-5.94858,55.80891],[-5.7755,55.99988],[-5.77427,56.00148],[-5.70221,56.11447],[-5.70247,56.12392],[-5.71379,56.13096],[-5.73062,56.13212],[-5.80564,56.12212],[-5.81538,56.11941],[-5.95439,56.0554],[-5.96196,56.04919],[-5.99293,55.99619],[-5.99234,55.98691],[-5.98118,55.98005],[-5.95889,55.97352],[-6.05454,55.93716],[-6.06231,55.93229],[-6.09329,55.89928],[-6.09606,55.89283],[-6.09503,55.84783],[-6.09333,55.84301],[-6.06431,55.80202],[-6.05347,55.79515],[-6.03733,55.79377],[-5.96536,55.80176],[-5.94858,55.80891]]]}},{"type":"Feature","properties":{"class":"land"},"geometry":{"type":"Polygon","coordinates":[[[-1.01659,60.5104],[-1.00758,60.5264],[-1.00663,60.53084],[-1.02035,60.6386],[-0.98855,60.64573],[-0.97648,60.65099],[-0.9725,60.65867],[-0.97845,60.71767],[-0.98629,60.72644],[-1.00404,60.73046],[-1.09108,60.73346],[-1.1086,60.73113],[-1.11936,60.72398],[-1.19227,60.60797],[-1.19084,60.59823],[-1.09278,60.49625],[-1.07287,60.48872],[-1.04888,60.49234],[-1.02388,60.50434],[-1.01659,60.5104]]]}},{"type":"Feature","properties":{"class":"land"},"geometry":{"type":"Polygon","coordinates":[[[-1.28049,60.53869],[-1.27454,60.60743],[-1.28375,60.61809],[-1.30642,60.62131],[-1.41846,60.61231],[-1.43608,60.60703],[-1.59404,60.50201],[-1.59839,60.49039],[-1.58249,60.48154],[-1.47287,60.45908],[-1.40635,60.33865],[-1.50382,60.30505],[-1.66693,60.29641],[-1.68631,60.29072],[-1.69041,60.27975],[-1.66737,60.23375],[-1.64662,60.2238],[-1.52244,60.21069],[-1.50768,60.17058],[-1.49631,60.16187],[-1.47588,60.15975],[-1.3415,60.17252],[-1.30391,60.11419],[-1.38241,59.91358],[-1.37605,59.90201],[-1.31905,59.87002],[-1.29935,59.86551],[-1.27943,59.86976],[-1.26442,59.87775],[-1.25781,59.88394],[-1.2198,59.96569],[-1.17627,59.99973],[-1.17213,60.00575],[-1.15216,60.11211],[-1.02514,60.44146],[-1.02869,60.45106],[-1.04445,60.45697],[-1.06416,60.45608],[-1.14711,60.43575],[-1.21226,60.49172],[-1.23018,60.49818],[-1.25194,60.49597],[-1.26638,60.49088],[-1.28049,60.53869]]]}},{"type":"Feature","properties":{"class":"land"},"geometry":{"type":"Polygon","coordinates":[[[-0.75153,60.81987],[-0.77952,60.83887],[-0.79592,60.84416],[-0.81538,60.84281],[-0.94141,60.8088],[-0.95552,60.79828],[-0.96548,60.74728],[-0.96484,60.74284],[-0.93579,60.68385],[-0.92682,60.67671],[-0.91099,60.67355],[-0.82702,60.67055],[-0.8061,60.67419],[-0.79745,60.6842],[-0.79837,60.71435],[-0.74726,60.80854],[-0.75153,60.81987]]]}},{"type":"Feature","properties":{"class":"land"},"geometry":{"type":"Polygon","coordinates":[[[-3.14121,58.78852],[-3.1352,58.79552],[-3.13458,58.80569],[-3.14784,58.81319],[-3.19089,58.82375],[-3.24728,58.90936],[-3.26993,58.91845],[-3.39297,58.92345],[-3.41166,58.92039],[-3.42097,58.91148],[-3.42695,58.88348],[-3.42507,58.87679],[-3.39105,58.83479],[-3.38748,58.83166],[-3.29947,58.77367],[-3.2738,58.76878],[-3.15984,58.78078],[-3.14121,58.78852]]]}},{"type":"Feature","properties":{"class":"land"},"geometry":{"type":"Polygon","coordinates":[[[-4.18091,53.33071],[-4.29676,53.42499],[-4.31446,53.43049],[-4.46151,53.43249],[-4.47247,53.43096],[-4.57849,53.39795],[-4.59056,53.38504],[-4.57549,53.25904],[-4.57252,53.25325],[-4.49149,53.16926],[-4.47058,53.16254],[-4.43095,53.16403],[-4.39205,53.12684],[-4.37708,53.12073],[-4.35947,53.12323],[-4.0705,53.2532],[-4.06381,53.25799],[-4.0288,53.29998],[-4.02702,53.30908],[-4.03539,53.31677],[-4.05005,53.31948],[-4.14823,53.3167],[-4.18091,53.33071]]]}},{"type":"Feature","properties":{"class":"land"},"geometry":{"type":"Polygon","coordinates":[[[-2.5345,59.21973],[-2.41552,59.25972],[-2.40579,59.26562],[-2.38278,59.29261],[-2.3816,59.30171],[-2.39203,59.30912],[-2.40932,59.31144],[-2.60639,59.30243],[-2.6276,59.29506],[-2.68557,59.23605],[-2.68773,59.22706],[-2.6783,59.2194],[-2.66152,59.21651],[-2.54857,59.21751],[-2.5345,59.21973]]]}},{"type":"Feature","properties":{"class":"land"},"geometry":{"type":"Polygon","coordinates":[[[-2.90327,58.74009],[-2.88752,58.797],[-2.87114,58.82395],[-2.87552,58.83635],[-2.89778,58.84146],[-3.03683,58.83646],[-3.05749,58.82982],[-3.05856,58.81724],[-2.99853,58.75125],[-2.98883,58.74558],[-2.94284,58.73058],[-2.92636,58.72858],[-2.91099,58.73227],[-2.90327,58.74009]]]}},{"type":"Feature","properties":{"class":"land"},"geometry":{"type":"Polygon","coordinates":[[[-3.03297,59.0242],[-2.99831,59.05041],[-2.99554,59.06288],[-3.02651,59.10389],[-3.03611,59.11011],[-3.14113,59.14713],[-3.15763,59.14946],[-3.31169,59.14446],[-3.3273,59.14116],[-3.33577,59.13367],[-3.37969,59.02166],[-3.3795,59.0159],[-3.35747,58.9679],[-3.33898,58.958],[-3.31099,58.954],[-3.2852,58.95762],[-3.26215,58.96989],[-3.25901,58.95458],[-3.25608,58.94965],[-3.22407,58.91866],[-3.21294,58.913],[-3.19755,58.91163],[-3.00176,58.92494],[-2.87913,58.88001],[-2.85355,58.87864],[-2.78257,58.89463],[-2.76817,58.90281],[-2.73714,58.95181],[-2.74448,58.96602],[-2.80048,58.99203],[-2.8134,58.99528],[-3.03774,59.0157],[-3.03297,59.0242]]]}},{"type":"Feature","properties":{"class":"land"},"geometry":{"type":"Polygon","coordinates":[[[-6.59451,61.8069],[-6.59749,61.82791],[-6.60029,61.83288],[-6.63626,61.86789],[-6.65245,61.87472],[-6.87553,61.91173],[-6.89664,61.91133],[-6.91142,61.90421],[-6.91182,61.89427],[-6.86577,61.83628],[-6.85811,61.83097],[-6.68912,61.75899],[-6.67222,61.75555],[-6.64523,61.75455],[-6.62634,61.75705],[-6.61533,61.76474],[-6.5953,61.80274],[-6.59451,61.8069]]]}},{"type":"Feature","properties":{"class":"land"},"geometry":{"type":"Polygon","coordinates":[[[-6.67097,61.44724],[-6.67576,61.49663],[-6.67813,61.50144],[-6.71269,61.53884],[-6.71266,61.571],[-6.72877,61.58317],[-6.85987,61.61293],[-6.87971,61.63609],[-6.89995,61.64418],[-6.92896,61.64718],[-6.94748,61.64612],[-6.96061,61.63982],[-6.96269,61.63102],[-6.91561,61.53203],[-6.91056,61.52685],[-6.72552,61.40988],[-6.71262,61.40532],[-6.68963,61.40132],[-6.66939,61.4015],[-6.65462,61.40813],[-6.65294,61.41779],[-6.67097,61.44724]]]}},{"type":"Feature","properties":{"class":"land"},"geometry":{"type":"Polygon","coordinates":[[[-7.17337,62.15089],[-7.22138,62.1629],[-7.23855,62.16439],[-7.42663,62.15338],[-7.44733,62.14726],[-7.45051,62.13592],[-7.40646,62.07093],[-7.39183,62.06292],[-7.26787,62.03394],[-7.25452,62.03251],[-7.11659,62.03351],[-7.096,62.03778],[-7.044,62.06377],[-7.0362,62.07272],[-7.04319,62.08181],[-7.16518,62.14783],[-7.17337,62.15089]]]}},{"type":"Feature","properties":{"class":"land"},"geometry":{"type":"Polygon","coordinates":[[[-6.61861,62.24019],[-6.78945,62.27772],[-6.94247,62.32709],[-6.96738,62.32892],[-7.18046,62.2989],[-7.19808,62.29191],[-7.19906,62.28115],[-7.04092,62.08918],[-7.03628,62.08544],[-6.83225,61.96848],[-6.82564,61.96569],[-6.74066,61.9397],[-6.72127,61.93762],[-6.70367,61.94198],[-6.69632,61.95067],[-6.69428,61.98967],[-6.69743,61.99615],[-6.80958,62.09863],[-6.81181,62.11666],[-6.80907,62.1197],[-6.67042,62.08232],[-6.65183,62.08065],[-6.63504,62.08474],[-6.62729,62.09283],[-6.60216,62.22682],[-6.60588,62.23471],[-6.61861,62.24019]]]}},{"type":"Feature","properties":{"class":"land"},"geometry":{"type":"Polygon","coordinates":[[[-2.70294,59.18508],[-2.69391,59.21707],[-2.69688,59.22548],[-2.70911,59.23128],[-2.79571,59.25134],[-2.83848,59.29414],[-2.84317,59.29746],[-2.95717,59.35648],[-2.97261,59.36038],[-2.98949,59.3586],[-3.06551,59.3356],[-3.07765,59.32728],[-3.07463,59.31703],[-3.03562,59.28403],[-3.02599,59.27925],[-2.88631,59.23884],[-2.87826,59.18104],[-2.8711,59.17271],[-2.8341,59.15272],[-2.81887,59.14866],[-2.802,59.15027],[-2.71602,59.17526],[-2.70294,59.18508]]]}},{"type":"Feature","properties":{"class":"land"},"geometry":{"type":"Polygon","coordinates":[[[-6.38491,62.26826],[-6.4497,62.30018],[-6.53002,62.3629],[-6.55008,62.3693],[-6.57359,62.36637],[-6.58407,62.35619],[-6.58795,62.22519],[-6.58616,62.22034],[-6.57115,62.20134],[-6.55591,62.19371],[-6.46593,62.17471],[-6.44216,62.17469],[-6.42639,62.183],[-6.37833,62.25499],[-6.38491,62.26826]]]}},{"type":"Feature","properties":{"class":"land"},"geometry":{"type":"Polygon","coordinates":[[[-6.1733,58.36251],[-6.16825,58.43451],[-6.16953,58.43923],[-6.21249,58.50724],[-6.22718,58.51548],[-6.24873,58.51502],[-6.30874,58.49901],[-6.31224,58.49789],[-6.79131,58.31283],[-6.80023,58.30646],[-6.81222,58.28846],[-6.81226,58.27961],[-6.76103,58.20123],[-6.87883,58.1968],[-6.99742,58.24009],[-7.01557,58.24236],[-7.03182,58.23755],[-7.10481,58.19054],[-7.11037,58.18376],[-7.12134,58.13976],[-7.12119,58.13573],[-7.10215,58.07674],[-7.09004,58.06741],[-7.02335,58.0464],[-7.07678,58.01149],[-7.08226,58.00131],[-7.07217,57.99217],[-6.89683,57.92296],[-7.10013,57.82394],[-7.10819,57.81538],[-7.10356,57.80613],[-7.03355,57.75414],[-7.02241,57.74948],[-6.96643,57.73748],[-6.9499,57.73705],[-6.93641,57.74218],[-6.84066,57.81374],[-6.79618,57.81452],[-6.77653,57.82005],[-6.6659,57.90057],[-6.56598,57.92912],[-6.56014,57.9314],[-6.40714,58.01138],[-6.40325,58.01398],[-6.38024,58.03398],[-6.37652,58.0412],[-6.37749,58.0762],[-6.38603,58.08607],[-6.42003,58.10208],[-6.43657,58.10549],[-6.47284,58.10581],[-6.40483,58.12978],[-6.39628,58.13482],[-6.35925,58.1727],[-6.32217,58.17566],[-6.3021,58.18418],[-6.175,58.35815],[-6.1733,58.36251]]]}},{"type":"Feature","properties":{"class":"land"},"geometry":{"type":"Polygon","coordinates":[[[-6.25679,56.95906],[-6.23878,56.97906],[-6.23673,56.98766],[-6.2537,57.03366],[-6.2621,57.04135],[-6.3061,57.06135],[-6.31957,57.06442],[-6.33388,57.06284],[-6.4449,57.02983],[-6.45721,57.02089],[-6.4529,57.00996],[-6.36588,56.94598],[-6.35379,56.9412],[-6.33886,56.94108],[-6.27188,56.95208],[-6.25679,56.95906]]]}},{"type":"Feature","properties":{"class":"land"},"geometry":{"type":"Polygon","coordinates":[[[-6.12013,57.50688],[-6.14108,57.58688],[-6.14496,57.5924],[-6.22594,57.65841],[-6.23302,57.66223],[-6.29203,57.68323],[-6.31046,57.68528],[-6.36247,57.68028],[-6.37588,57.67652],[-6.38284,57.66933],[-6.40115,57.61343],[-6.62457,57.57586],[-6.63937,57.56917],[-6.64091,57.55881],[-6.61247,57.51204],[-6.64676,57.49832],[-6.69475,57.50854],[-6.71234,57.50872],[-6.72583,57.50266],[-6.78281,57.44865],[-6.78261,57.43517],[-6.69658,57.35618],[-6.68184,57.35002],[-6.45926,57.31565],[-6.34515,57.19583],[-6.32857,57.18885],[-6.16862,57.16886],[-6.15645,57.16899],[-6.05674,57.18369],[-6.03974,57.05107],[-6.03358,57.04306],[-6.01973,57.03876],[-5.95376,57.03176],[-5.93052,57.03601],[-5.67751,57.18897],[-5.67377,57.19193],[-5.64675,57.22092],[-5.64413,57.22784],[-5.64711,57.25384],[-5.65562,57.26317],[-5.68962,57.27918],[-5.70756,57.28246],[-5.87824,57.27658],[-6.05696,57.29655],[-6.11282,57.3212],[-6.13874,57.40935],[-6.12003,57.50357],[-6.12013,57.50688]]]}},{"type":"Feature","properties":{"class":"land"},"geometry":{"type":"Polygon","coordinates":[[[-7.22111,57.69381],[-7.2798,57.67033],[-7.47098,57.66648],[-7.4928,57.65876],[-7.53777,57.60776],[-7.53922,57.59832],[-7.52874,57.5907],[-7.33477,57.52272],[-7.32131,57.52051],[-7.18336,57.51951],[-7.16064,57.52685],[-7.0706,57.62083],[-7.06818,57.62933],[-7.07586,57.63689],[-7.18886,57.6929],[-7.20468,57.69647],[-7.22111,57.69381]]]}},{"type":"Feature","properties":{"class":"land"},"geometry":{"type":"Polygon","coordinates":[[[-7.22528,57.11367],[-7.22327,57.12467],[-7.22317,57.12656],[-7.242,57.37256],[-7.24866,57.38118],[-7.26409,57.3854],[-7.40814,57.3944],[-7.42729,57.39124],[-7.43601,57.38153],[-7.4469,57.22952],[-7.4463,57.22601],[-7.40524,57.12802],[-7.38643,57.11784],[-7.25548,57.10184],[-7.23547,57.10406],[-7.22528,57.11367]]]}},{"type":"Feature","properties":{"class":"land"},"geometry":{"type":"Polygon","coordinates":[[[-9.92514,53.91385],[-9.9331,53.98786],[-9.93852,53.99574],[-9.95089,54.00015],[-10.17595,54.03016],[-10.19512,54.02764],[-10.28013,53.98863],[-10.28874,53.97975],[-10.28431,53.96987],[-10.26937,53.96466],[-10.07701,53.94769],[-10.04736,53.91382],[-10.04133,53.90948],[-9.96733,53.87448],[-9.95215,53.87152],[-9.93737,53.87514],[-9.93024,53.88359],[-9.92522,53.91159],[-9.92514,53.91385]]]}},{"type":"Feature","properties":{"class":"land"},"geometry":{"type":"Polygon","coordinates":[[[-7.39527,56.95854],[-7.37727,56.97654],[-7.37437,56.98437],[-7.3801,56.99171],[-7.43609,57.02772],[-7.44821,57.03197],[-7.46263,57.03183],[-7.53065,57.01983],[-7.54745,57.00916],[-7.56142,56.96216],[-7.55521,56.95087],[-7.53509,56.94655],[-7.41514,56.95155],[-7.39527,56.95854]]]}},{"type":"Feature","properties":{"class":"land"},"geometry":{"type":"Polygon","coordinates":[[[22.01944,60.34184],[22.00546,60.35984],[21.99992,60.36421],[21.95443,60.38825],[21.96086,60.38962],[21.97597,60.39782],[21.97354,60.40885],[21.93055,60.44485],[21.92424,60.44847],[21.84423,60.48048],[21.82706,60.48349],[21.80986,60.48052],[21.80026,60.47289],[21.79228,60.45488],[21.79305,60.44773],[21.81292,60.41835],[21.7927,60.41278],[21.78051,60.40585],[21.78013,60.39668],[21.79314,60.37768],[21.79981,60.37241],[21.90181,60.32242],[21.92475,60.31864],[21.99772,60.32364],[22.01747,60.33014],[22.01944,60.34184]]]}},{"type":"Feature","properties":{"class":"land"},"geometry":{"type":"Polygon","coordinates":[[[19.68815,60.19061],[19.65519,60.24961],[19.64489,60.25694],[19.62761,60.25947],[19.54958,60.25747],[19.53391,60.25449],[19.52475,60.24751],[19.4928,60.1885],[19.49253,60.18205],[19.51056,60.14205],[19.52554,60.13278],[19.56853,60.12278],[19.59045,60.12255],[19.60552,60.13048],[19.61953,60.15007],[19.66861,60.15153],[19.68774,60.15631],[19.69394,60.16651],[19.68896,60.18851],[19.68815,60.19061]]]}},{"type":"Feature","properties":{"class":"land"},"geometry":{"type":"Polygon","coordinates":[[[19.99363,60.36458],[19.96322,60.36931],[19.91156,60.41283],[19.89579,60.41893],[19.87582,60.41808],[19.81081,60.40207],[19.79839,60.39584],[19.76341,60.35984],[19.76672,60.34557],[19.84334,60.29816],[19.82375,60.23185],[19.81078,60.2302],[19.80619,60.28655],[19.79386,60.2973],[19.76902,60.29855],[19.67699,60.28054],[19.66039,60.2708],[19.64542,60.2358],[19.64581,60.22942],[19.71991,60.09543],[19.73157,60.08759],[19.78556,60.0706],[19.80281,60.06858],[20.03672,60.08058],[20.05359,60.0847],[20.06102,60.0933],[20.06926,60.17239],[20.12868,60.18687],[20.18963,60.18078],[20.20716,60.18194],[20.21952,60.18822],[20.28356,60.25521],[20.28589,60.26303],[20.27898,60.27015],[20.10699,60.36218],[20.08588,60.36648],[19.99363,60.36458]]]}},{"type":"Feature","properties":{"class":"land"},"geometry":{"type":"Polygon","coordinates":[[[21.24837,63.24215],[21.2515,63.25617],[21.26447,63.27375],[21.26034,63.28589],[21.23604,63.29149],[21.08396,63.29149],[21.05936,63.28569],[21.05588,63.2733],[21.12094,63.19432],[21.12785,63.18946],[21.23185,63.14247],[21.24732,63.13876],[21.26475,63.1396],[21.32173,63.15059],[21.3358,63.1562],[21.37922,63.1897],[21.40366,63.18471],[21.43151,63.18546],[21.44587,63.19625],[21.45192,63.24525],[21.43808,63.25738],[21.38207,63.27339],[21.36305,63.27542],[21.34529,63.27175],[21.27268,63.2405],[21.25054,63.23859],[21.24837,63.24215]]]}},{"type":"Feature","properties":{"class":"land"},"geometry":{"type":"Polygon","coordinates":[[[19.17899,57.91358],[19.34102,57.9506],[19.35521,57.95887],[19.35277,57.96997],[19.33538,57.97629],[19.13931,57.9943],[19.11444,57.98894],[19.01845,57.91893],[19.0168,57.90445],[19.06482,57.85846],[19.08241,57.85173],[19.1334,57.84673],[19.1527,57.84901],[19.16307,57.85797],[19.17899,57.91358]]]}},{"type":"Feature","properties":{"class":"land"},"geometry":{"type":"Polygon","coordinates":[[[16.55249,56.28754],[16.80024,56.79833],[16.85621,56.8319],[16.8623,56.83868],[16.90792,56.98122],[17.077,57.20282],[17.0789,57.2084],[17.07525,57.27492],[17.13639,57.31087],[17.14257,57.32244],[17.12916,57.33207],[17.03613,57.35708],[17.01574,57.35753],[17.00152,57.34964],[16.70825,56.91186],[16.61953,56.88922],[16.607,56.8819],[16.38916,56.57386],[16.38768,56.57056],[16.36973,56.48556],[16.36958,56.48369],[16.37669,56.3107],[16.37745,56.30764],[16.40849,56.24064],[16.42817,56.23068],[16.47316,56.22668],[16.48752,56.22784],[16.49812,56.23336],[16.55014,56.28435],[16.55249,56.28754]]]}},{"type":"Feature","properties":{"class":"land"},"geometry":{"type":"Polygon","coordinates":[[[15.1096,55.01665],[15.15863,55.08165],[15.16055,55.08753],[15.15659,55.14553],[15.1469,55.1559],[14.77885,55.30795],[14.75927,55.31009],[14.74374,55.30296],[14.69277,55.24395],[14.69053,55.23969],[14.6606,55.10368],[14.67195,55.0904],[14.87392,55.02142],[14.87935,55.02006],[15.0443,54.99207],[15.06571,54.99447],[15.10271,55.01147],[15.1096,55.01665]]]}},{"type":"Feature","properties":{"class":"land"},"geometry":{"type":"Polygon","coordinates":[[[13.72197,54.39418],[13.62156,54.4336],[13.6058,54.46156],[13.68964,54.52694],[13.69194,54.54086],[13.65696,54.58287],[13.64562,54.58928],[13.50845,54.62524],[13.44414,54.70472],[13.42208,54.71248],[13.33605,54.71048],[13.32009,54.7063],[13.22309,54.64729],[13.21679,54.63927],[13.20848,54.58829],[13.15886,54.55244],[13.15377,54.54466],[13.13887,54.36565],[13.14065,54.35979],[13.16866,54.32079],[13.17571,54.31539],[13.3497,54.23541],[13.36708,54.23263],[13.41806,54.23663],[13.43606,54.24447],[13.49706,54.32365],[13.58648,54.32444],[13.6918,54.27084],[13.7118,54.2678],[13.72796,54.27533],[13.75498,54.30932],[13.75661,54.31782],[13.73165,54.38583],[13.72197,54.39418]]]}},{"type":"Feature","properties":{"class":"land"},"geometry":{"type":"Polygon","coordinates":[[[12.56856,54.97348],[12.53257,55.00448],[12.52538,55.00847],[12.42936,55.04248],[12.42081,55.04431],[12.32199,55.05355],[12.29154,55.07301],[12.2764,55.07742],[12.26001,55.07485],[12.2509,55.06664],[12.23756,55.02835],[12.14701,54.98539],[12.14021,54.98006],[12.09724,54.91906],[12.09678,54.90966],[12.10711,54.90237],[12.1721,54.88038],[12.19747,54.88096],[12.36405,54.94798],[12.50806,54.93762],[12.52431,54.93989],[12.5623,54.95488],[12.57207,54.96344],[12.56856,54.97348]]]}},{"type":"Feature","properties":{"class":"land"},"geometry":{"type":"Polygon","coordinates":[[[12.6894,55.59968],[12.67143,55.64969],[12.66634,55.65566],[12.61734,55.68866],[12.59785,55.69347],[12.57927,55.68763],[12.50029,55.62262],[12.49711,55.61115],[12.52814,55.55216],[12.54261,55.54337],[12.56374,55.5446],[12.67872,55.58558],[12.68795,55.59169],[12.6894,55.59968]]]}},{"type":"Feature","properties":{"class":"land"},"geometry":{"type":"Polygon","coordinates":[[[11.37567,54.90266],[11.27471,54.96148],[11.25578,54.96543],[11.05672,54.95443],[11.04224,54.95045],[11.03559,54.94206],[11.01268,54.77406],[11.02415,54.76137],[11.44507,54.61741],[11.46332,54.61602],[11.77223,54.666],[11.78536,54.67147],[11.78918,54.68057],[11.76325,54.80857],[11.7513,54.81881],[11.66928,54.84482],[11.657,54.84648],[11.5441,54.84366],[11.37567,54.90266]]]}},{"type":"Feature","properties":{"class":"land"},"geometry":{"type":"Polygon","coordinates":[[[10.50116,54.83881],[10.52216,54.85181],[10.52819,54.86296],[10.51683,54.87264],[10.21178,54.97467],[10.19614,54.97631],[10.18227,54.97186],[10.17651,54.96336],[10.18149,54.9547],[10.3225,54.85072],[10.33049,54.84694],[10.40647,54.82495],[10.42343,54.82403],[10.49041,54.83503],[10.50116,54.83881]]]}},{"type":"Feature","properties":{"class":"land"},"geometry":{"type":"Polygon","coordinates":[[[10.08438,54.88705],[10.08139,54.90905],[10.07953,54.91337],[10.02056,54.99138],[10.01305,54.99682],[9.84403,55.06884],[9.8314,55.07147],[9.77238,55.07347],[9.75376,55.06919],[9.74765,55.05825],[9.78273,54.90426],[9.78918,54.8966],[9.80232,54.89268],[9.89403,54.88426],[9.94213,54.86157],[9.96236,54.85887],[10.06632,54.87286],[10.07992,54.87803],[10.08438,54.88705]]]}},{"type":"Feature","properties":{"class":"land"},"geometry":{"type":"Polygon","coordinates":[[[10.75596,54.74638],[10.78698,54.79537],[10.78715,54.79565],[10.94328,55.05762],[10.94417,55.05958],[10.97422,55.15357],[10.97011,55.16392],[10.95416,55.16937],[10.92815,55.17137],[10.91281,55.16955],[10.90284,55.16265],[10.83587,55.05818],[10.60252,54.8585],[10.60003,54.84631],[10.66808,54.74033],[10.67896,54.73311],[10.69538,54.73187],[10.73937,54.73787],[10.75596,54.74638]]]}},{"type":"Feature","properties":{"class":"land"},"geometry":{"type":"Polygon","coordinates":[[[10.63043,55.7801],[10.64993,55.82975],[10.68395,55.8725],[10.68429,55.88306],[10.65831,55.91906],[10.6563,55.92125],[10.56732,55.99927],[10.55426,56.00486],[10.53782,56.00447],[10.52565,55.99828],[10.49466,55.96527],[10.49293,55.9551],[10.51912,55.90652],[10.49657,55.851],[10.49602,55.84717],[10.50306,55.78317],[10.51568,55.77211],[10.57866,55.75311],[10.59697,55.75209],[10.61117,55.75867],[10.62818,55.77667],[10.63043,55.7801]]]}},{"type":"Feature","properties":{"class":"land"},"geometry":{"type":"Polygon","coordinates":[[[11.3061,54.41917],[11.30311,54.43917],[11.30136,54.44326],[11.25538,54.50627],[11.24209,54.51365],[11.09305,54.54566],[11.07119,54.54385],[11.02919,54.52585],[11.02119,54.51965],[10.99021,54.47065],[10.99129,54.45992],[11.00551,54.45305],[11.05778,54.44419],[11.11128,54.40731],[11.12954,54.40251],[11.28349,54.40451],[11.30025,54.40899],[11.3061,54.41917]]]}},{"type":"Feature","properties":{"class":"land"},"geometry":{"type":"Polygon","coordinates":[[[11.07373,57.24638],[11.09662,57.26835],[11.19137,57.31281],[11.19987,57.32171],[11.19467,57.33132],[11.17862,57.33635],[11.08959,57.34335],[11.07979,57.34307],[10.92874,57.32206],[10.91455,57.31675],[10.85357,57.26974],[10.84997,57.25839],[10.86388,57.24967],[11.00084,57.21668],[11.01601,57.21579],[11.0293,57.21984],[11.0703,57.24384],[11.07373,57.24638]]]}},{"type":"Feature","properties":{"class":"land"},"geometry":{"type":"Polygon","coordinates":[[[8.32995,54.78234],[8.36401,54.83557],[8.60366,54.8516],[8.62094,54.85791],[8.64995,54.8849],[8.65324,54.89382],[8.64593,54.9019],[8.63135,54.90547],[8.39984,54.91289],[8.39487,54.92891],[8.41247,54.9816],[8.472,55.04889],[8.47195,55.06117],[8.45454,55.06834],[8.40853,55.07234],[8.39343,55.07075],[8.38324,55.06417],[8.27431,54.91315],[8.27256,54.9086],[8.26164,54.7676],[8.26909,54.75712],[8.28776,54.7536],[8.30448,54.75954],[8.32749,54.77954],[8.32995,54.78234]]]}},{"type":"Feature","properties":{"class":"land"},"geometry":{"type":"Polygon","coordinates":[[[-1.16249,45.9121],[-1.26948,46.01111],[-1.27439,46.0143],[-1.37841,46.06131],[-1.39277,46.06323],[-1.405,46.05766],[-1.40816,46.04774],[-1.38814,45.96575],[-1.38478,45.96015],[-1.22976,45.80917],[-1.21792,45.80379],[-1.204,45.80545],[-1.1954,45.81327],[-1.15937,45.90026],[-1.16249,45.9121]]]}},{"type":"Feature","properties":{"class":"land"},"geometry":{"type":"Polygon","coordinates":[[[-1.05165,50.69997],[-1.12965,50.74498],[-1.13684,50.74771],[-1.30588,50.78572],[-1.32676,50.78331],[-1.39695,50.74581],[-1.52353,50.71562],[-1.53259,50.71146],[-1.57959,50.67445],[-1.58414,50.66444],[-1.57608,50.65536],[-1.56022,50.65263],[-1.51967,50.65601],[-1.3171,50.5775],[-1.30599,50.57551],[-1.25101,50.57551],[-1.24514,50.57603],[-1.19016,50.58603],[-1.17717,50.59275],[-1.13275,50.6466],[-1.05445,50.67867],[-1.04478,50.68888],[-1.05165,50.69997]]]}},{"type":"Feature","properties":{"class":"land"},"geometry":{"type":"Polygon","coordinates":[[[4.90845,53.071],[4.90851,53.183],[4.9018,53.19261],[4.88565,53.19649],[4.86971,53.19231],[4.72371,53.10029],[4.71872,53.09533],[4.68775,53.04032],[4.68754,53.03207],[4.69536,53.02529],[4.77335,52.9893],[4.78945,52.98659],[4.80418,52.99134],[4.90319,53.06232],[4.90845,53.071]]]}},{"type":"Feature","properties":{"class":"land"},"geometry":{"type":"Polygon","coordinates":[[[10.38016,42.86598],[10.34921,42.83502],[10.12668,42.82345],[10.11174,42.8163],[10.09375,42.7913],[10.0927,42.78044],[10.11371,42.73745],[10.12941,42.72856],[10.20739,42.72356],[10.21359,42.72394],[10.33178,42.74628],[10.40764,42.7024],[10.42113,42.6996],[10.43338,42.70462],[10.43724,42.71453],[10.42898,42.76787],[10.44761,42.78988],[10.4488,42.80248],[10.41181,42.86348],[10.4031,42.87011],[10.3906,42.8711],[10.38016,42.86598]]]}},{"type":"Feature","properties":{"class":"land"},"geometry":{"type":"Polygon","coordinates":[[[8.48969,39.07864],[8.45169,39.10164],[8.44795,39.10337],[8.37393,39.12837],[8.36014,39.1284],[8.35067,39.12063],[8.34267,39.10363],[8.34162,39.09865],[8.34364,39.03865],[8.34655,39.03152],[8.40656,38.96152],[8.4163,38.95601],[8.42831,38.95677],[8.43679,38.96341],[8.49481,39.06241],[8.49588,39.07121],[8.48969,39.07864]]]}},{"type":"Feature","properties":{"class":"land"},"geometry":{"type":"Polygon","coordinates":[[[8.30031,41.03161],[8.33114,41.05309],[8.33511,41.05713],[8.36012,41.09613],[8.36172,41.10391],[8.35728,41.11104],[8.33328,41.13105],[8.32279,41.13532],[8.31107,41.13369],[8.25806,41.11069],[8.25068,41.10455],[8.1897,41.00254],[8.1906,40.99016],[8.2045,40.98356],[8.25149,40.98056],[8.26872,40.98758],[8.30031,41.03161]]]}},{"type":"Feature","properties":{"class":"land"},"geometry":{"type":"Polygon","coordinates":[[[4.3104,39.83717],[4.33841,39.89316],[4.33742,39.90449],[4.24144,40.0385],[4.23163,40.04478],[4.06461,40.08779],[4.05768,40.08845],[3.85164,40.07645],[3.8406,40.07259],[3.83544,40.06418],[3.82546,39.97718],[3.83106,39.96609],[3.85505,39.94909],[3.8641,39.9457],[3.96255,39.93302],[4.26721,39.81791],[4.28616,39.81958],[4.30516,39.83158],[4.3104,39.83717]]]}},{"type":"Feature","properties":{"class":"land"},"geometry":{"type":"Polygon","coordinates":[[[1.61127,38.67236],[1.61028,38.70136],[1.60593,38.70995],[1.59552,38.71435],[1.50596,38.72461],[1.44918,38.77674],[1.43942,38.78122],[1.42819,38.78004],[1.42031,38.77369],[1.38632,38.71669],[1.38476,38.70995],[1.38877,38.66995],[1.3937,38.66153],[1.40441,38.65757],[1.56938,38.64557],[1.58113,38.64807],[1.60413,38.66107],[1.61127,38.67236]]]}},{"type":"Feature","properties":{"class":"land"},"geometry":{"type":"Polygon","coordinates":[[[1.45777,38.90824],[1.50087,38.92031],[1.5076,38.92374],[1.63661,39.02972],[1.6411,39.04136],[1.63011,39.08936],[1.62459,39.09705],[1.57559,39.13106],[1.55997,39.13412],[1.34493,39.09411],[1.33486,39.08884],[1.28887,39.03884],[1.28565,39.03164],[1.28327,38.99253],[1.25158,38.98604],[1.23974,38.9777],[1.20675,38.9087],[1.2111,38.89419],[1.2451,38.8692],[1.25385,38.86574],[1.40582,38.84374],[1.41701,38.84504],[1.42479,38.85145],[1.45777,38.90824]]]}},{"type":"Feature","properties":{"class":"land"},"geometry":{"type":"Polygon","coordinates":[[[-31.11954,39.40729],[-31.12153,39.47929],[-31.12736,39.48906],[-31.18836,39.53107],[-31.19776,39.53438],[-31.20794,39.53302],[-31.26895,39.50902],[-31.27825,39.4992],[-31.30022,39.39619],[-31.29836,39.38759],[-31.29007,39.38167],[-31.18809,39.34667],[-31.17638,39.34599],[-31.16676,39.3512],[-31.12276,39.3992],[-31.11954,39.40729]]]}},{"type":"Feature","properties":{"class":"land"},"geometry":{"type":"Polygon","coordinates":[[[-27.06096,38.63515],[-27.02795,38.67115],[-27.02472,38.679],[-27.0247,38.741],[-27.03171,38.75184],[-27.11672,38.80085],[-27.12483,38.80338],[-27.25786,38.81639],[-27.26334,38.81624],[-27.35436,38.80223],[-27.36215,38.79932],[-27.39715,38.77631],[-27.40268,38.76242],[-27.37866,38.69442],[-27.37282,38.68748],[-27.31382,38.65049],[-27.30472,38.64758],[-27.07676,38.62958],[-27.06096,38.63515]]]}},{"type":"Feature","properties":{"class":"land"},"geometry":{"type":"Polygon","coordinates":[[[-27.76963,38.5678],[-27.95465,38.64781],[-27.95659,38.64853],[-28.30464,38.75654],[-28.3164,38.75682],[-28.32566,38.75116],[-28.32814,38.7422],[-28.3227,38.73406],[-28.1987,38.64508],[-28.19329,38.64244],[-27.83235,38.53146],[-27.82074,38.53115],[-27.77275,38.54315],[-27.76275,38.54969],[-27.76146,38.55984],[-27.76963,38.5678]]]}},{"type":"Feature","properties":{"class":"land"},"geometry":{"type":"Polygon","coordinates":[[[-28.62913,38.51522],[-28.59413,38.54122],[-28.58915,38.54813],[-28.58999,38.55603],[-28.60799,38.59103],[-28.61245,38.59603],[-28.68646,38.64803],[-28.70377,38.65071],[-28.8478,38.61071],[-28.85667,38.60511],[-28.85914,38.59642],[-28.85415,38.58842],[-28.75615,38.51243],[-28.74335,38.50852],[-28.64037,38.51152],[-28.62913,38.51522]]]}},{"type":"Feature","properties":{"class":"land"},"geometry":{"type":"Polygon","coordinates":[[[-28.13926,38.46505],[-28.39429,38.56507],[-28.40199,38.56649],[-28.51001,38.56649],[-28.52284,38.56201],[-28.56184,38.52801],[-28.56572,38.51571],[-28.54771,38.45971],[-28.54248,38.45295],[-28.46549,38.39895],[-28.45327,38.39552],[-28.3346,38.39941],[-28.23675,38.37228],[-28.22736,38.37181],[-28.06139,38.39981],[-28.05049,38.40573],[-28.04821,38.41597],[-28.05589,38.42445],[-28.1379,38.46445],[-28.13926,38.46505]]]}},{"type":"Feature","properties":{"class":"land"},"geometry":{"type":"Polygon","coordinates":[[[-25.64384,37.85447],[-25.77462,37.92228],[-25.78961,37.92374],[-25.85162,37.90674],[-25.86059,37.90104],[-25.86293,37.89214],[-25.85091,37.82414],[-25.84464,37.81545],[-25.74464,37.75246],[-25.73741,37.74978],[-25.44246,37.70179],[-25.43671,37.70163],[-25.24874,37.72163],[-25.2421,37.72349],[-25.18211,37.75249],[-25.17401,37.76271],[-25.165,37.83671],[-25.16929,37.84702],[-25.18182,37.85149],[-25.64384,37.85447]]]}},{"type":"Feature","properties":{"class":"land"},"geometry":{"type":"Polygon","coordinates":[[[14.57956,35.86082],[14.55056,35.89383],[14.54869,35.89561],[14.45969,35.96661],[14.45232,35.97003],[14.3553,35.99103],[14.34079,35.98867],[14.33433,35.9779],[14.33535,35.8719],[14.34215,35.86112],[14.42615,35.81113],[14.43559,35.80851],[14.53257,35.80651],[14.54592,35.81151],[14.57893,35.8445],[14.58264,35.85258],[14.57956,35.86082]]]}},{"type":"Feature","properties":{"class":"land"},"geometry":{"type":"Polygon","coordinates":[[[15.24284,44.07247],[15.07783,44.16849],[15.0656,44.17149],[15.05356,44.16812],[15.0474,44.15998],[15.05001,44.1509],[15.10602,44.08591],[15.11089,44.08212],[15.23588,44.01613],[15.25084,44.0138],[15.26325,44.02026],[15.26483,44.03121],[15.24884,44.06621],[15.24284,44.07247]]]}},{"type":"Feature","properties":{"class":"land"},"geometry":{"type":"Polygon","coordinates":[[[14.82657,44.98368],[14.75559,45.07169],[14.75436,45.07302],[14.58638,45.23304],[14.57536,45.23814],[14.56226,45.237],[14.55331,45.23018],[14.50926,45.15545],[14.42622,45.10962],[14.4195,45.10237],[14.42041,45.09374],[14.43241,45.07374],[14.43647,45.06948],[14.49847,45.02549],[14.50936,45.02164],[14.59874,45.0128],[14.60995,44.98963],[14.61517,44.98402],[14.67416,44.94603],[14.69148,44.94289],[14.81446,44.96388],[14.8275,44.97164],[14.82657,44.98368]]]}},{"type":"Feature","properties":{"class":"land"},"geometry":{"type":"Polygon","coordinates":[[[14.84608,44.7672],[14.78124,44.82722],[14.77225,44.84882],[14.7659,44.85553],[14.75528,44.85846],[14.69227,44.86146],[14.68126,44.85959],[14.6737,44.85362],[14.64271,44.80561],[14.64251,44.79471],[14.66052,44.76471],[14.67048,44.75761],[14.84945,44.70262],[14.86409,44.70249],[14.87452,44.7098],[14.87451,44.72022],[14.84852,44.76422],[14.84608,44.7672]]]}},{"type":"Feature","properties":{"class":"land"},"geometry":{"type":"Polygon","coordinates":[[[15.20154,44.3262],[15.22047,44.33493],[15.24201,44.33659],[15.25405,44.341],[15.25886,44.35003],[15.25399,44.35905],[15.01999,44.54308],[15.01843,44.54418],[14.75441,44.7072],[14.74189,44.71049],[14.72942,44.7071],[14.72318,44.69872],[14.72624,44.68948],[14.86788,44.53898],[14.89509,44.48168],[14.89971,44.4764],[15.14971,44.29943],[15.16491,44.29558],[15.17872,44.30155],[15.20154,44.3262]]]}},{"type":"Feature","properties":{"class":"land"},"geometry":{"type":"Polygon","coordinates":[[[15.20315,43.93084],[14.96716,44.12587],[14.96482,44.12749],[14.87681,44.1785],[14.86107,44.18119],[14.84824,44.17412],[14.84782,44.16252],[14.87383,44.12052],[14.87638,44.11753],[15.1214,43.89856],[15.13253,43.89374],[15.19851,43.88475],[15.21134,43.88631],[15.21966,43.89352],[15.21944,43.9029],[15.20645,43.9269],[15.20315,43.93084]]]}},{"type":"Feature","properties":{"class":"land"},"geometry":{"type":"Polygon","coordinates":[[[15.37952,43.98602],[15.2785,44.02302],[15.26216,44.02326],[15.25177,44.01418],[15.25522,44.0027],[15.35923,43.90671],[15.36813,43.90219],[15.43112,43.88719],[15.44599,43.88817],[15.45514,43.89666],[15.45276,43.90728],[15.38677,43.98129],[15.37952,43.98602]]]}},{"type":"Feature","properties":{"class":"land"},"geometry":{"type":"Polygon","coordinates":[[[14.50686,44.66144],[14.50187,44.69444],[14.50184,44.69462],[14.47215,44.86915],[14.48598,44.96868],[14.48156,44.97871],[14.41184,45.03699],[14.37681,45.16948],[14.36698,45.17891],[14.3504,45.17938],[14.27839,45.15738],[14.26863,45.15065],[14.26771,45.14106],[14.32102,45.01776],[14.32272,44.98399],[14.28731,44.94766],[14.28479,44.93602],[14.40187,44.66604],[14.4057,44.66113],[14.46571,44.61214],[14.47821,44.60757],[14.4917,44.61039],[14.49875,44.61905],[14.50677,44.65805],[14.50686,44.66144]]]}},{"type":"Feature","properties":{"class":"land"},"geometry":{"type":"Polygon","coordinates":[[[17.61231,42.78211],[17.43627,42.81312],[17.4292,42.81333],[17.34118,42.80333],[17.32804,42.79669],[17.32692,42.78502],[17.33866,42.77709],[17.73858,42.68711],[17.7513,42.68762],[17.76051,42.6941],[17.76176,42.70342],[17.75445,42.71109],[17.61843,42.78011],[17.61231,42.78211]]]}},{"type":"Feature","properties":{"class":"land"},"geometry":{"type":"Polygon","coordinates":[[[20.62788,38.38819],[20.5789,38.4802],[20.5687,38.48773],[20.55472,38.48683],[20.54623,38.4781],[20.50519,38.34152],[20.48501,38.33428],[20.44747,38.36529],[20.43553,38.36948],[20.42327,38.36587],[20.39727,38.34687],[20.39297,38.34189],[20.33599,38.22689],[20.33483,38.22175],[20.33584,38.17975],[20.34031,38.17092],[20.35107,38.1666],[20.36279,38.16892],[20.44809,38.21546],[20.4832,38.17811],[20.50739,38.10366],[20.51978,38.09392],[20.56477,38.08493],[20.57934,38.08724],[20.60861,38.10464],[20.7546,38.05849],[20.76498,38.05788],[20.7739,38.06212],[20.7939,38.08012],[20.79802,38.08741],[20.80603,38.14041],[20.80299,38.14981],[20.709,38.25382],[20.70139,38.25852],[20.64118,38.27745],[20.62914,38.38419],[20.62788,38.38819]]]}},{"type":"Feature","properties":{"class":"land"},"geometry":{"type":"Polygon","coordinates":[[[20.89976,37.81478],[20.85176,37.85078],[20.84316,37.85426],[20.76909,37.86523],[20.7061,37.93764],[20.6924,37.94349],[20.67837,37.93815],[20.60638,37.86314],[20.60294,37.85576],[20.60531,37.84812],[20.68932,37.73613],[20.69291,37.73275],[20.8079,37.65476],[20.81939,37.65151],[20.83068,37.65518],[20.91309,37.71653],[20.98826,37.6953],[21.00265,37.69637],[21.01082,37.7058],[21.00691,37.71681],[20.90091,37.81382],[20.89976,37.81478]]]}},{"type":"Feature","properties":{"class":"land"},"geometry":{"type":"Polygon","coordinates":[[[20.70078,38.60088],[20.72878,38.62987],[20.73226,38.63767],[20.7373,38.79867],[20.73579,38.80453],[20.70979,38.84954],[20.69939,38.85682],[20.68548,38.85574],[20.62647,38.82974],[20.62001,38.82475],[20.57702,38.76675],[20.5753,38.76353],[20.54132,38.66552],[20.54073,38.6624],[20.53775,38.5834],[20.54222,38.57394],[20.55382,38.56954],[20.56609,38.57266],[20.59092,38.58893],[20.68849,38.59556],[20.70078,38.60088]]]}},{"type":"Feature","properties":{"class":"land"},"geometry":{"type":"Polygon","coordinates":[[[20.77483,38.33426],[20.75484,38.37127],[20.75466,38.37159],[20.69068,38.4816],[20.67672,38.48942],[20.62571,38.49342],[20.6109,38.48877],[20.60733,38.47659],[20.62934,38.41059],[20.63073,38.40777],[20.69374,38.31278],[20.70198,38.30669],[20.71325,38.30593],[20.76324,38.31593],[20.77441,38.32301],[20.77483,38.33426]]]}},{"type":"Feature","properties":{"class":"land"},"geometry":{"type":"Polygon","coordinates":[[[20.08197,39.44614],[20.03395,39.45478],[19.96735,39.48033],[19.94375,39.51069],[19.9213,39.62109],[19.91705,39.628],[19.87041,39.6681],[19.95019,39.7381],[19.95374,39.75103],[19.94275,39.77803],[19.93596,39.78511],[19.84895,39.83112],[19.83529,39.83319],[19.70326,39.81118],[19.69732,39.80925],[19.63631,39.77825],[19.62848,39.76624],[19.63149,39.72524],[19.6358,39.71711],[19.79421,39.57755],[19.86819,39.45626],[19.87375,39.45108],[19.96474,39.40009],[19.96922,39.39827],[20.0942,39.36428],[20.10673,39.36455],[20.11579,39.37125],[20.1167,39.38092],[20.09471,39.43692],[20.08197,39.44614]]]}},{"type":"Feature","properties":{"class":"land"},"geometry":{"type":"Polygon","coordinates":[[[23.56744,37.92972],[23.55145,37.97372],[23.54293,37.98195],[23.49192,38.00296],[23.48075,38.00424],[23.47099,37.99976],[23.40599,37.93976],[23.40199,37.92958],[23.40861,37.92029],[23.4566,37.89129],[23.46651,37.88852],[23.5105,37.88752],[23.52162,37.89043],[23.56162,37.91542],[23.56728,37.92187],[23.56744,37.92972]]]}},{"type":"Feature","properties":{"class":"land"},"geometry":{"type":"Polygon","coordinates":[[[23.06972,36.18491],[23.11129,36.23998],[23.11367,36.24811],[23.10966,36.25581],[22.96267,36.39283],[22.95022,36.39749],[22.93762,36.39309],[22.92062,36.37809],[22.91769,36.37447],[22.89069,36.32547],[22.88927,36.31945],[22.89429,36.22045],[22.89606,36.21494],[22.92407,36.16995],[22.93334,36.16331],[23.03632,36.13331],[23.05006,36.13419],[23.05831,36.1431],[23.06972,36.18491]]]}},{"type":"Feature","properties":{"class":"land"},"geometry":{"type":"Polygon","coordinates":[[[3.95056,51.75246],[3.79051,51.75946],[3.783,51.75897],[3.69298,51.74296],[3.67946,51.73596],[3.67874,51.72506],[3.71175,51.67306],[3.72247,51.66587],[3.7382,51.66507],[3.81415,51.67904],[3.93723,51.61657],[3.95699,51.61403],[4.08096,51.63603],[4.09483,51.64347],[4.09459,51.65486],[4.0666,51.69086],[4.06147,51.69507],[3.96347,51.74909],[3.95056,51.75246]]]}},{"type":"Feature","properties":{"class":"land"},"geometry":{"type":"Polygon","coordinates":[[[8.61071,54.71615],[8.59573,54.75215],[8.58865,54.75902],[8.57608,54.76237],[8.47104,54.77038],[8.45074,54.7661],[8.38274,54.72309],[8.37676,54.71267],[8.38615,54.70314],[8.44015,54.68014],[8.45274,54.67753],[8.54771,54.67453],[8.56633,54.67897],[8.60534,54.70396],[8.61071,54.71615]]]}},{"type":"Feature","properties":{"class":"land"},"geometry":{"type":"Polygon","coordinates":[[[6.75162,53.5738],[6.81763,53.61579],[6.82363,53.62637],[6.81414,53.63601],[6.79566,53.63811],[6.66362,53.61911],[6.64945,53.61289],[6.62246,53.58588],[6.61969,53.57644],[6.62819,53.56829],[6.64366,53.56555],[6.73663,53.56954],[6.75162,53.5738]]]}},{"type":"Feature","properties":{"class":"land"},"geometry":{"type":"Polygon","coordinates":[[[22.16064,60.38247],[22.11163,60.36747],[22.10023,60.36042],[22.05128,60.29041],[22.05893,60.27591],[22.16379,60.22964],[22.18274,60.1936],[22.18767,60.18866],[22.23668,60.15767],[22.25802,60.15251],[22.36098,60.15251],[22.38197,60.15745],[22.38758,60.16866],[22.37261,60.20566],[22.36758,60.21119],[22.33396,60.23305],[22.33897,60.26227],[22.43076,60.29166],[22.44245,60.29979],[22.43967,60.30967],[22.3787,60.36268],[22.36508,60.36854],[22.34705,60.3689],[22.3028,60.36223],[22.18436,60.38367],[22.16064,60.38247]]]}},{"type":"Feature","properties":{"class":"land"},"geometry":{"type":"Polygon","coordinates":[[[21.46932,60.54004],[21.32426,60.60389],[21.29367,60.64285],[21.2811,60.64986],[21.26224,60.65119],[21.24615,60.6462],[21.19316,60.61219],[21.18797,60.60157],[21.21703,60.52358],[21.2205,60.51906],[21.27652,60.47307],[21.30124,60.46652],[21.43819,60.46952],[21.45534,60.47299],[21.46409,60.48104],[21.47813,60.52804],[21.46932,60.54004]]]}},{"type":"Feature","properties":{"class":"land"},"geometry":{"type":"Polygon","coordinates":[[[21.85927,60.13769],[21.89031,60.19869],[21.88492,60.2106],[21.86238,60.21547],[21.76234,60.21246],[21.74562,60.20893],[21.68662,60.18192],[21.67798,60.17315],[21.66803,60.11515],[21.67182,60.10703],[21.68448,60.10157],[21.72246,60.09357],[21.74857,60.09497],[21.84856,60.12996],[21.85927,60.13769]]]}},{"type":"Feature","properties":{"class":"land"},"geometry":{"type":"Polygon","coordinates":[[[20.6329,60.0489],[20.59091,60.0779],[20.56593,60.0834],[20.42687,60.0754],[20.40849,60.07017],[20.37649,60.04916],[20.37103,60.04178],[20.37474,60.03414],[20.38775,60.02314],[20.41311,60.01655],[20.47594,60.019],[20.50102,60.00352],[20.52532,59.99861],[20.60629,60.00361],[20.62167,60.00726],[20.62963,60.01478],[20.63764,60.03878],[20.6329,60.0489]]]}},{"type":"Feature","properties":{"class":"land"},"geometry":{"type":"Polygon","coordinates":[[[21.65391,60.1041],[21.67393,60.1371],[21.6743,60.14425],[21.66032,60.17226],[21.65167,60.17924],[21.63648,60.18243],[21.57046,60.18543],[21.54792,60.18107],[21.46592,60.13606],[21.45892,60.12685],[21.46633,60.11773],[21.52133,60.08874],[21.5471,60.08486],[21.63406,60.09485],[21.65391,60.1041]]]}},{"type":"Feature","properties":{"class":"land"},"geometry":{"type":"Polygon","coordinates":[[[24.87618,64.98467],[24.91387,65.01464],[25.00689,65.02604],[25.02818,65.03456],[25.02405,65.04682],[24.99706,65.06282],[24.98287,65.06753],[24.79779,65.09854],[24.77942,65.0992],[24.64436,65.0872],[24.62845,65.08357],[24.55445,65.05256],[24.54503,65.04282],[24.54711,64.97882],[24.56684,64.96653],[24.6868,64.94554],[24.71381,64.94606],[24.86276,64.97904],[24.87618,64.98467]]]}},{"type":"Feature","properties":{"class":"land"},"geometry":{"type":"Polygon","coordinates":[[[29.98602,69.78837],[30.08504,69.82935],[30.09413,69.83767],[30.08623,69.84614],[29.94527,69.91016],[29.91982,69.91534],[29.84177,69.91934],[29.81461,69.91731],[29.79817,69.90962],[29.70636,69.7956],[29.70678,69.78792],[29.72882,69.76392],[29.74998,69.7557],[29.78181,69.75567],[29.97172,69.78465],[29.98602,69.78837]]]}},{"type":"Feature","properties":{"class":"land"},"geometry":{"type":"Polygon","coordinates":[[[4.98674,61.08356],[5.00079,61.14656],[4.99752,61.15448],[4.93955,61.20549],[4.92688,61.21122],[4.90963,61.21224],[4.85661,61.20724],[4.84358,61.20416],[4.80558,61.18816],[4.79624,61.1797],[4.77132,61.08469],[4.77833,61.07394],[4.79975,61.06952],[4.95969,61.07151],[4.97789,61.07508],[4.98674,61.08356]]]}},{"type":"Feature","properties":{"class":"land"},"geometry":{"type":"Polygon","coordinates":[[[8.12868,63.33099],[8.16669,63.35898],[8.17107,63.36646],[8.16614,63.43146],[8.16081,63.43867],[8.09882,63.47869],[8.08185,63.48403],[8.06116,63.48321],[7.79107,63.42619],[7.77725,63.42022],[7.77429,63.41174],[7.78532,63.38274],[7.79364,63.37549],[7.86664,63.34251],[7.88373,63.33865],[8.09863,63.32465],[8.12868,63.33099]]]}},{"type":"Feature","properties":{"class":"land"},"geometry":{"type":"Polygon","coordinates":[[[8.47864,63.65394],[8.7945,63.68993],[8.8138,63.6966],[8.84182,63.71959],[8.84542,63.72679],[8.83947,63.77179],[8.83551,63.77769],[8.79153,63.8117],[8.76736,63.81845],[8.74111,63.81342],[8.68963,63.78491],[8.27405,63.69921],[8.25944,63.69272],[8.25755,63.6836],[8.26925,63.67604],[8.33824,63.65405],[8.35722,63.65152],[8.47216,63.65352],[8.47864,63.65394]]]}},{"type":"Feature","properties":{"class":"land"},"geometry":{"type":"Polygon","coordinates":[[[12.52947,65.8911],[12.73843,65.95308],[12.74396,65.95514],[12.80397,65.98313],[12.8121,65.9912],[12.80637,65.99962],[12.77438,66.01862],[12.74336,66.02441],[12.54526,66.0154],[12.52288,66.01031],[12.4039,65.94829],[12.39691,65.94013],[12.39597,65.89913],[12.40662,65.88908],[12.432,65.88557],[12.51296,65.88856],[12.52947,65.8911]]]}},{"type":"Feature","properties":{"class":"land"},"geometry":{"type":"Polygon","coordinates":[[[12.43387,66.03074],[12.58981,66.05973],[12.60708,66.0672],[12.65413,66.11719],[12.65632,66.12219],[12.6544,66.17819],[12.64295,66.18817],[12.54894,66.22118],[12.52604,66.22448],[12.50364,66.22066],[12.43764,66.19465],[12.42883,66.18864],[12.38751,66.12896],[12.31602,66.0889],[12.31008,66.08297],[12.29414,66.03896],[12.30366,66.0274],[12.33223,66.02368],[12.42519,66.02968],[12.43387,66.03074]]]}},{"type":"Feature","properties":{"class":"land"},"geometry":{"type":"Polygon","coordinates":[[[19.7952,70.22817],[19.71986,70.27996],[19.70034,70.28631],[19.67329,70.287],[19.58824,70.27899],[19.56599,70.2736],[19.55925,70.26464],[19.57334,70.21765],[19.57907,70.21192],[19.67414,70.15959],[19.74279,70.07348],[19.75677,70.06633],[19.78056,70.06351],[20.00541,70.06251],[20.03298,70.06613],[20.11498,70.09212],[20.12759,70.10267],[20.12364,70.12967],[20.10576,70.14028],[20.02422,70.15841],[19.94508,70.20839],[19.92184,70.21488],[19.7952,70.22817]]]}},{"type":"Feature","properties":{"class":"land"},"geometry":{"type":"Polygon","coordinates":[[[23.47703,70.82247],[23.43206,70.84948],[23.40424,70.85622],[23.37058,70.8536],[23.26724,70.82688],[23.2083,70.82845],[23.17241,70.8232],[22.95175,70.72797],[22.87584,70.74014],[22.84538,70.74083],[22.56689,70.71076],[22.42586,70.71639],[22.40196,70.71493],[22.38481,70.70925],[22.32521,70.67144],[21.99453,70.67049],[21.96954,70.66753],[21.95536,70.6601],[21.95801,70.65136],[22.01908,70.60737],[22.02331,70.60499],[22.13635,70.55401],[22.1449,70.55115],[22.33485,70.50418],[22.35967,70.50151],[22.55854,70.50251],[22.59022,70.50785],[22.67135,70.54344],[22.81749,70.52907],[22.85122,70.53072],[23.09014,70.58269],[23.10193,70.5866],[23.42109,70.74654],[23.42634,70.75028],[23.48045,70.81227],[23.47703,70.82247]]]}},{"type":"Feature","properties":{"class":"land"},"geometry":{"type":"Polygon","coordinates":[[[20.81834,70.08842],[20.85855,70.20341],[20.85384,70.21154],[20.83596,70.21721],[20.67188,70.24322],[20.6369,70.24302],[20.47483,70.215],[20.45843,70.2097],[20.37749,70.16169],[20.37235,70.15589],[20.36542,70.11988],[20.36923,70.11317],[20.42829,70.07118],[20.45173,70.06417],[20.63064,70.04419],[20.66596,70.04602],[20.80193,70.079],[20.81834,70.08842]]]}},{"type":"Feature","properties":{"class":"land"},"geometry":{"type":"Polygon","coordinates":[[[25.55894,71.15227],[25.39592,71.10725],[25.39043,71.10541],[25.28246,71.06139],[25.27345,71.053],[25.27349,71.034],[25.28222,71.02573],[25.3047,71.02093],[25.45435,71.0084],[25.54579,70.95449],[25.57712,70.9476],[25.755,70.94061],[25.77358,70.94126],[26.14736,70.98323],[26.17523,70.99471],[26.18833,71.0387],[26.18218,71.04717],[26.16141,71.05265],[26.13464,71.05288],[26.09685,71.04905],[25.98072,71.11194],[25.95777,71.11784],[25.59856,71.15487],[25.55894,71.15227]]]}},{"type":"Feature","properties":{"class":"land"},"geometry":{"type":"Polygon","coordinates":[[[23.06709,70.35305],[23.06003,70.29657],[23.07815,70.2847],[23.13713,70.27171],[23.17204,70.27025],[23.28398,70.28324],[23.29525,70.28527],[23.36924,70.30426],[23.38426,70.31767],[23.37651,70.33063],[23.57654,70.39849],[23.58316,70.40145],[23.67623,70.45743],[23.68114,70.46536],[23.6553,70.55037],[23.65416,70.55246],[23.61824,70.59747],[23.61587,70.59965],[23.5839,70.62266],[23.5657,70.62898],[23.53964,70.63027],[23.51667,70.62598],[23.236,70.52084],[23.17189,70.52867],[23.13625,70.52737],[23.00021,70.49836],[22.98806,70.49432],[22.9071,70.4523],[22.90102,70.44672],[22.87814,70.38671],[22.88852,70.37584],[22.97652,70.34385],[23.00388,70.33953],[23.03243,70.34285],[23.06709,70.35305]]]}},{"type":"Feature","properties":{"class":"land"},"geometry":{"type":"Polygon","coordinates":[[[24.05745,70.56389],[24.11761,70.64788],[24.10641,70.66067],[23.8064,70.75671],[23.77968,70.76048],[23.75212,70.75745],[23.6631,70.73344],[23.64877,70.72538],[23.62287,70.67737],[23.62226,70.67459],[23.62941,70.5966],[23.63294,70.59149],[23.67999,70.5565],[23.68904,70.55224],[23.79903,70.51725],[23.82295,70.51358],[23.84858,70.51559],[24.03952,70.55557],[24.05745,70.56389]]]}},{"type":"Feature","properties":{"class":"land"},"geometry":{"type":"Polygon","coordinates":[[[13.88457,68.27779],[13.79552,68.2888],[13.77371,68.28894],[13.52758,68.26193],[13.50507,68.25475],[13.4053,68.17597],[13.2977,68.17346],[13.26771,68.16614],[13.16778,68.09312],[13.16411,68.08541],[13.19325,67.99342],[13.21097,67.98332],[13.24314,67.9826],[13.40607,68.00858],[13.42739,68.01844],[13.44525,68.05299],[13.46757,68.04323],[13.49569,68.03851],[13.52331,68.04363],[13.60351,68.08147],[13.78338,68.09166],[13.80848,68.09774],[13.91191,68.15788],[14.04133,68.17531],[14.0606,68.18136],[14.15065,68.24034],[14.15485,68.24934],[14.14263,68.25726],[14.11958,68.26049],[13.94471,68.26143],[13.89536,68.27565],[13.88457,68.27779]]]}},{"type":"Feature","properties":{"class":"land"},"geometry":{"type":"Polygon","coordinates":[[[13.00224,67.86677],[13.10529,67.92776],[13.10821,67.92987],[13.13123,67.95086],[13.13394,67.956],[13.13401,68.00164],[13.15836,68.04631],[13.14939,68.0582],[13.0944,68.08021],[13.06588,68.08447],[13.0389,68.07899],[12.92893,68.02297],[12.92313,68.0184],[12.7894,67.82437],[12.79469,67.81329],[12.82041,67.80758],[12.84863,67.81123],[12.99662,67.86421],[13.00224,67.86677]]]}},{"type":"Feature","properties":{"class":"land"},"geometry":{"type":"Polygon","coordinates":[[[17.46954,69.60278],[17.45455,69.59377],[17.45013,69.58975],[17.42059,69.54009],[17.23863,69.51665],[17.21506,69.50783],[17.1931,69.48183],[17.19338,69.47386],[17.20643,69.46734],[17.34051,69.43079],[17.35445,69.41688],[17.33515,69.39641],[17.08985,69.41227],[17.05264,69.40724],[16.97166,69.37023],[16.96404,69.36372],[16.93617,69.28671],[16.93602,69.28378],[16.95973,69.19156],[16.93775,69.14661],[16.82433,69.12373],[16.80663,69.11572],[16.77369,69.07472],[16.7773,69.06425],[16.80087,69.05791],[17.04116,69.03633],[17.04541,69.01312],[17.06333,69.0025],[17.09788,69.00161],[17.17585,69.0136],[17.1939,69.01942],[17.35511,69.12219],[17.48615,69.17574],[17.53793,69.15178],[17.55606,69.1472],[17.5783,69.14702],[17.96109,69.185],[17.98273,69.19059],[17.98862,69.19986],[17.95948,69.27403],[17.97772,69.32162],[18.04399,69.33922],[18.05615,69.34469],[18.11221,69.39067],[18.11496,69.39789],[18.09007,69.45989],[18.08821,69.46254],[18.04028,69.50955],[18.00688,69.51845],[17.9454,69.52005],[17.8128,69.57199],[17.79241,69.57617],[17.76888,69.57541],[17.636,69.55562],[17.53417,69.604],[17.51355,69.60898],[17.48849,69.60851],[17.46954,69.60278]]]}},{"type":"Feature","properties":{"class":"land"},"geometry":{"type":"Polygon","coordinates":[[[18.65548,69.82018],[18.62817,69.82641],[18.59466,69.82191],[18.50013,69.78478],[18.41903,69.79472],[18.3834,69.793],[18.32638,69.77899],[18.31092,69.77092],[18.27885,69.7208],[18.20102,69.68514],[18.19319,69.67757],[18.18954,69.64716],[18.07537,69.63923],[18.04593,69.62993],[18.02497,69.60593],[18.02795,69.59559],[18.096,69.5516],[18.11399,69.54572],[18.25793,69.52274],[18.28339,69.52192],[18.79409,69.56589],[18.81382,69.57001],[18.82336,69.57732],[18.84448,69.6356],[19.03994,69.75218],[19.14191,69.79362],[19.18129,69.78765],[19.21216,69.78757],[19.35009,69.80756],[19.37108,69.8148],[19.47595,69.90093],[19.62226,69.96137],[19.63114,69.9685],[19.64723,70.0175],[19.63244,70.02959],[19.52442,70.05861],[19.49615,70.06143],[19.47002,70.0568],[19.40108,70.02939],[19.36455,70.02705],[19.29439,70.06965],[19.28878,70.17924],[19.28817,70.18137],[19.25229,70.24938],[19.2369,70.25781],[19.20862,70.26041],[19.12857,70.25741],[19.095,70.24813],[19.02213,70.17111],[19.02042,70.16828],[19.01148,70.13628],[19.01185,70.13278],[19.03484,70.08602],[19.01871,70.05368],[18.97593,70.05628],[18.93989,70.05213],[18.8539,70.02011],[18.84631,70.01597],[18.789,69.96636],[18.65454,69.89858],[18.64829,69.8932],[18.63534,69.8662],[18.63567,69.8612],[18.6581,69.82487],[18.65548,69.82018]]]}},{"type":"Feature","properties":{"class":"land"},"geometry":{"type":"Polygon","coordinates":[[[15.30174,68.36034],[15.30449,68.32462],[15.31167,68.31696],[15.32944,68.3122],[15.42639,68.30021],[15.45373,68.30083],[15.69863,68.3438],[15.71487,68.34939],[15.78063,68.3924],[15.89934,68.37634],[15.92991,68.37723],[15.99289,68.39023],[16.00863,68.39665],[16.08012,68.45729],[16.22095,68.52862],[16.54205,68.62245],[16.55575,68.63138],[16.58389,68.71537],[16.58278,68.72065],[16.51591,68.80667],[16.50993,68.81105],[16.35898,68.88408],[16.33722,68.88916],[16.31152,68.88793],[16.13345,68.85391],[16.11476,68.8453],[16.08482,68.80229],[16.08373,68.79844],[16.08932,68.74978],[16.03793,68.7214],[16.03202,68.71533],[16.02496,68.68931],[15.89074,68.66174],[15.8786,68.65717],[15.96215,68.72766],[15.96515,68.73361],[15.94345,68.90861],[15.9397,68.91391],[15.87051,68.9649],[15.85123,69.02039],[16.02357,69.10505],[16.02787,69.10777],[16.15001,69.21075],[16.15288,69.21485],[16.16698,69.27284],[16.15567,69.28364],[16.07467,69.31165],[16.04803,69.31549],[15.96497,69.31549],[15.93883,69.31182],[15.86682,69.28781],[15.85892,69.28405],[15.70944,69.17801],[15.45236,69.05087],[15.44642,69.0463],[15.40152,68.98229],[15.40042,68.97851],[15.40652,68.91851],[15.41511,68.9104],[15.43566,68.90585],[15.50008,68.90055],[15.52421,68.87439],[15.45425,68.80992],[15.45208,68.80695],[15.37758,68.62096],[15.07263,68.45303],[14.57801,68.41317],[14.55813,68.40876],[14.22918,68.2657],[14.22059,68.25692],[14.22169,68.19092],[14.22818,68.1833],[14.24513,68.17839],[14.33708,68.16539],[14.35695,68.16476],[14.6358,68.18475],[14.65457,68.18842],[14.93268,68.29016],[15.01958,68.27136],[15.05399,68.27088],[15.20393,68.29786],[15.22025,68.30368],[15.30174,68.36034]]]}},{"type":"Feature","properties":{"class":"land"},"geometry":{"type":"Polygon","coordinates":[[[15.24244,68.94754],[15.21217,68.9857],[15.20236,68.99163],[15.12835,69.01764],[15.09102,69.0209],[15.02698,69.0139],[15.00777,69.00904],[15.00036,69.00104],[14.99968,68.91278],[14.88393,68.92679],[14.85702,68.92637],[14.83785,68.91957],[14.80388,68.89256],[14.80074,68.88563],[14.81106,68.84929],[14.77704,68.80798],[14.56506,68.83188],[14.54079,68.83162],[14.5221,68.82601],[14.3412,68.71798],[14.3369,68.70782],[14.36897,68.65982],[14.38357,68.65199],[14.49954,68.62201],[14.52655,68.61966],[14.61749,68.62466],[14.63547,68.62757],[14.74796,68.66106],[14.75887,68.6591],[14.76729,68.63621],[14.77986,68.62777],[14.86585,68.60078],[14.89163,68.59752],[15.22343,68.60252],[15.25063,68.60746],[15.37665,68.66344],[15.38463,68.66989],[15.43381,68.78188],[15.43126,68.78932],[15.24244,68.94754]]]}},{"type":"Feature","properties":{"class":"land"},"geometry":{"type":"Polygon","coordinates":[[[11.2624,64.86398],[11.27745,64.90597],[11.27204,64.91575],[11.15907,64.98377],[11.13504,64.98946],[11.02299,64.99246],[11.00392,64.99039],[10.79587,64.93437],[10.78552,64.92981],[10.71256,64.8768],[10.70902,64.86703],[10.72211,64.85886],[10.81509,64.83187],[10.83851,64.82972],[11.05796,64.84601],[11.16614,64.82567],[11.18662,64.82491],[11.20391,64.82965],[11.25592,64.85764],[11.2624,64.86398]]]}},{"type":"Feature","properties":{"class":"land"},"geometry":{"type":"Polygon","coordinates":[[[5.1126,60.31089],[5.07667,60.3919],[5.07479,60.39465],[5.01583,60.45766],[5.00226,60.4643],[4.98319,60.46493],[4.94917,60.45993],[4.93144,60.4518],[4.90446,60.41679],[4.90276,60.41097],[4.9289,60.24198],[4.93125,60.23743],[4.97227,60.19244],[4.99178,60.18476],[5.08374,60.17577],[5.10635,60.17863],[5.11613,60.18917],[5.11323,60.30817],[5.1126,60.31089]]]}},{"type":"Feature","properties":{"class":"land"},"geometry":{"type":"Polygon","coordinates":[[[11.9995,65.62339],[12.03455,65.67539],[12.03165,65.68554],[12.00067,65.70855],[11.9753,65.71542],[11.87825,65.71942],[11.85598,65.71699],[11.78096,65.69498],[11.76839,65.68754],[11.73345,65.63454],[11.73299,65.62827],[11.74602,65.60227],[11.75527,65.59532],[11.77238,65.59171],[11.89632,65.58272],[11.92652,65.5871],[11.99253,65.61809],[11.9995,65.62339]]]}},{"type":"Feature","properties":{"class":"land"},"geometry":{"type":"Polygon","coordinates":[[[-70.2044,77.82819],[-70.32586,77.80869],[-70.3388,77.80588],[-70.61363,77.72483],[-70.62201,77.71274],[-70.59494,77.69574],[-70.54808,77.68686],[-70.35346,77.6779],[-70.18826,77.6332],[-70.18066,77.58262],[-70.16527,77.57421],[-70.02424,77.53923],[-70.00871,77.53644],[-69.38308,77.45551],[-69.35827,77.45365],[-69.20742,77.44966],[-69.16722,77.45156],[-68.94234,77.48153],[-68.92382,77.48532],[-68.60613,77.58339],[-68.17256,77.51898],[-68.14042,77.51658],[-67.69189,77.51058],[-67.65946,77.51202],[-67.48658,77.531],[-67.46743,77.53425],[-67.10363,77.62512],[-66.80883,77.67258],[-66.72799,77.66893],[-66.36524,77.55975],[-66.3301,77.51609],[-66.51166,77.39725],[-66.51473,77.39269],[-66.50953,77.34969],[-66.50651,77.34587],[-66.44616,77.30528],[-66.90303,77.37505],[-66.92617,77.37719],[-67.42267,77.39821],[-67.43585,77.39844],[-68.13858,77.39344],[-68.15746,77.39262],[-68.61384,77.35559],[-68.63681,77.35225],[-68.7918,77.31622],[-68.80285,77.31261],[-69.01299,77.21059],[-69.64401,77.24213],[-69.66678,77.24227],[-70.61471,77.20724],[-70.6232,77.20676],[-70.88242,77.18775],[-70.91409,77.18231],[-71.20585,77.08125],[-71.21512,77.0731],[-71.20092,77.0281],[-71.19147,77.02175],[-71.06537,76.97777],[-71.05458,76.97494],[-70.81358,76.92682],[-70.8204,76.92454],[-70.83025,76.91842],[-70.85204,76.87041],[-70.83767,76.86018],[-70.65764,76.81321],[-70.63396,76.80945],[-70.46209,76.79446],[-70.4274,76.79391],[-70.39742,76.7979],[-69.84773,76.9324],[-69.92796,76.88154],[-69.93123,76.878],[-69.94701,76.828],[-69.94233,76.82171],[-69.80108,76.74674],[-69.78761,76.7423],[-69.71461,76.72631],[-69.70067,76.72404],[-69.27895,76.67408],[-69.26095,76.67272],[-68.77641,76.65474],[-68.76193,76.6546],[-68.24654,76.6641],[-68.19289,76.65083],[-68.27927,76.62838],[-68.88652,76.5735],[-68.906,76.57054],[-69.44099,76.44545],[-69.45079,76.44233],[-69.53469,76.40532],[-69.53739,76.39413],[-69.42618,76.32715],[-69.41208,76.32223],[-68.35615,76.08139],[-68.33426,76.07822],[-66.84445,75.95632],[-66.81393,75.95586],[-66.66306,75.96386],[-66.62463,75.97126],[-66.62556,75.98316],[-67.00046,76.15611],[-67.01903,76.18963],[-66.96747,76.20041],[-66.88941,76.20369],[-66.50156,76.12859],[-66.46273,76.12557],[-66.42561,76.12961],[-66.09993,76.20903],[-65.95773,76.22641],[-65.82509,76.20522],[-65.61995,76.13625],[-65.58828,76.13099],[-65.38446,76.118],[-65.34956,76.11846],[-64.8919,76.16042],[-64.87183,76.16353],[-64.31273,76.29667],[-64.00504,76.20089],[-63.97775,76.19623],[-63.94423,76.19607],[-63.82732,76.20406],[-63.79835,76.20871],[-63.40404,76.3277],[-63.29394,76.33737],[-63.04048,76.30802],[-62.78458,76.24287],[-62.74626,76.23856],[-62.10918,76.22871],[-61.2146,76.14605],[-59.48152,75.84885],[-59.1219,75.75578],[-59.10792,75.75314],[-58.55854,75.67942],[-58.43192,75.60732],[-58.30569,75.50644],[-58.33033,75.47852],[-58.64227,75.39416],[-58.65428,75.38123],[-58.61718,75.34924],[-58.60223,75.34313],[-58.29747,75.27113],[-58.0154,75.09983],[-58.01172,75.09798],[-57.85761,75.03301],[-57.84781,75.02997],[-57.23292,74.88574],[-57.03363,74.78186],[-56.91954,74.69081],[-56.90454,74.68485],[-56.55867,74.60462],[-56.31806,74.52632],[-56.38285,74.50105],[-56.6745,74.47054],[-56.69969,74.46471],[-56.76163,74.4357],[-56.76559,74.42469],[-56.70454,74.37617],[-56.71386,74.33076],[-56.71351,74.32827],[-56.68976,74.27918],[-56.7463,74.22927],[-56.95575,74.20759],[-56.97058,74.20516],[-57.26362,74.13511],[-57.2803,74.1252],[-57.26465,74.11516],[-57.22695,74.11157],[-56.95018,74.11756],[-56.93527,74.11853],[-56.49191,74.1676],[-56.33152,74.15197],[-56.26992,74.1233],[-56.06166,73.9608],[-56.04524,73.92911],[-56.04015,73.92475],[-55.97469,73.89015],[-55.91965,73.83046],[-55.89293,73.77349],[-55.96809,73.77348],[-55.99799,73.77056],[-56.01496,73.76309],[-56.15551,73.59406],[-56.1567,73.59043],[-56.15161,73.55743],[-56.13413,73.54757],[-55.91303,73.4962],[-55.8322,73.45538],[-55.78542,73.38162],[-55.76871,73.37354],[-55.73761,73.37053],[-55.70718,73.37405],[-55.45979,73.43826],[-55.37719,73.39263],[-55.33518,73.32607],[-55.34357,73.26426],[-55.40174,73.20877],[-55.48606,73.17156],[-55.71977,73.12402],[-55.73933,73.1121],[-55.71506,73.00711],[-55.69466,72.9968],[-55.3148,72.92185],[-55.26484,72.92153],[-55.1099,72.94952],[-55.09029,72.95677],[-55.0499,72.99248],[-54.90178,72.95811],[-54.8163,72.91313],[-54.78466,72.87258],[-54.8061,72.83419],[-54.80669,72.83171],[-54.80358,72.79071],[-54.80262,72.78823],[-54.7748,72.74904],[-54.785,72.70213],[-54.83227,72.64714],[-54.96219,72.57969],[-55.14271,72.51369],[-55.45579,72.51647],[-55.49079,72.51187],[-55.63577,72.46185],[-55.64625,72.45102],[-55.62575,72.44158],[-55.46072,72.41029],[-55.34769,72.35386],[-55.40171,72.3255],[-55.58357,72.33238],[-55.62452,72.3271],[-55.6715,72.30809],[-55.68019,72.30122],[-55.70301,72.22421],[-55.69783,72.21657],[-55.61976,72.17259],[-55.59847,72.16663],[-55.56969,72.16597],[-55.30886,72.18696],[-55.28317,72.19258],[-54.88759,72.37356],[-54.88529,72.37293],[-54.88464,72.35882],[-55.00984,72.27459],[-55.35254,72.11848],[-55.35835,72.11457],[-55.49403,71.96154],[-55.49502,71.96012],[-55.58966,71.77394],[-55.66245,71.74786],[-55.67167,71.74239],[-55.71057,71.69538],[-55.71194,71.69193],[-55.7108,71.62693],[-55.70875,71.62288],[-55.63461,71.54989],[-55.62977,71.54667],[-55.37164,71.41972],[-55.34762,71.41404],[-54.70102,71.35408],[-54.68289,71.35366],[-54.31214,71.37065],[-54.29455,71.37279],[-53.93967,71.44774],[-53.92177,71.45584],[-53.87063,71.52283],[-53.87076,71.52936],[-53.95726,71.63551],[-53.91007,71.6295],[-53.88513,71.62881],[-53.86323,71.63263],[-53.74922,71.66961],[-53.73845,71.67564],[-53.6756,71.75183],[-53.44432,71.84153],[-53.43497,71.84848],[-53.41887,71.89248],[-53.4194,71.89659],[-53.47122,71.9786],[-53.47564,71.98241],[-53.75072,72.13839],[-53.79308,72.22202],[-53.73553,72.15652],[-53.73193,72.15371],[-53.46135,71.99533],[-53.4173,71.93423],[-53.4012,71.81942],[-53.39994,71.81673],[-53.37588,71.78673],[-53.35552,71.77831],[-53.322,71.77705],[-53.18494,71.7894],[-53.18278,71.77801],[-53.28484,71.71817],[-53.50613,71.64958],[-53.5181,71.63752],[-53.48197,71.57653],[-53.46643,71.56841],[-53.31046,71.52943],[-53.28858,71.5266],[-53.17266,71.5226],[-53.14044,71.52572],[-52.64596,71.65707],[-52.20808,71.61707],[-52.17984,71.61752],[-51.8653,71.6576],[-51.99256,71.61034],[-52.76478,71.51452],[-52.77857,71.51169],[-52.92157,71.46767],[-52.93141,71.46299],[-53.0361,71.37912],[-53.11023,71.36446],[-53.1291,71.35604],[-53.15802,71.31604],[-53.1577,71.30955],[-53.04844,71.17657],[-53.0348,71.16965],[-53.01126,71.16656],[-52.77842,71.16056],[-52.76162,71.16123],[-52.5383,71.18543],[-52.08008,71.11001],[-52.06134,71.10852],[-51.39471,71.10562],[-51.08063,71.0022],[-51.13843,70.98709],[-51.51533,71.02684],[-51.52998,71.02747],[-51.77614,71.02347],[-51.8047,71.01906],[-51.81541,71.0094],[-51.80209,71.00008],[-51.29994,70.84771],[-51.32302,70.77174],[-51.35678,70.7489],[-51.36061,70.7446],[-51.3805,70.6896],[-51.38072,70.68722],[-51.36352,70.58823],[-51.35213,70.57961],[-50.96212,70.44467],[-50.9421,70.44086],[-50.74747,70.42568],[-50.70884,70.4138],[-50.71468,70.40733],[-50.94661,70.37844],[-51.50305,70.45076],[-52.37886,70.69736],[-52.38696,70.69909],[-52.78414,70.76313],[-52.79895,70.76445],[-53.50421,70.78033],[-53.84458,70.82262],[-53.85482,70.82341],[-54.16203,70.83342],[-54.18517,70.83192],[-54.36325,70.8009],[-54.3778,70.79663],[-54.56471,70.70659],[-54.57071,70.69589],[-54.54063,70.65389],[-54.53574,70.64996],[-54.37765,70.56399],[-54.37557,70.56297],[-54.04646,70.41403],[-54.02735,70.40928],[-53.04268,70.29008],[-52.79152,70.22389],[-52.28323,70.04955],[-52.2654,70.04599],[-51.50984,69.97403],[-51.49613,69.97355],[-51.41618,69.97555],[-51.39424,69.97851],[-51.1732,70.03932],[-51.11235,70.04294],[-50.82029,69.99105],[-50.791,69.99005],[-50.4365,70.02493],[-50.34817,70.01555],[-50.48528,69.97634],[-50.49581,69.9716],[-50.53577,69.94159],[-50.53532,69.93008],[-50.38275,69.82235],[-50.38645,69.80428],[-50.73894,69.73678],[-50.75522,69.73074],[-50.83914,69.66872],[-50.84278,69.6635],[-50.84958,69.60026],[-50.92919,69.41571],[-51.09307,69.28027],[-51.09591,69.27636],[-51.1148,69.21035],[-51.10564,69.20013],[-51.07838,69.19552],[-50.85252,69.19253],[-50.83754,69.1934],[-50.55207,69.2316],[-50.49073,69.19858],[-50.47213,69.19334],[-50.33751,69.17569],[-50.41073,69.14974],[-50.79265,69.13059],[-51.08109,69.14141],[-51.10546,69.13934],[-51.12087,69.1323],[-51.15581,69.09529],[-51.15765,69.09212],[-51.19326,68.93968],[-51.28567,68.74223],[-51.27485,68.7303],[-51.24162,68.72679],[-51.02275,68.74278],[-51.00747,68.74528],[-50.84317,68.79047],[-50.97754,68.69025],[-51.1552,68.60946],[-51.62526,68.54901],[-51.76447,68.56047],[-52.27984,68.71155],[-52.30017,68.71444],[-52.60235,68.72245],[-52.62006,68.72132],[-52.90919,68.67429],[-52.9197,68.6717],[-53.0647,68.62068],[-53.07418,68.61513],[-53.24602,68.41926],[-53.36627,68.36006],[-53.37192,68.35596],[-53.41784,68.30096],[-53.41164,68.28865],[-53.38075,68.28355],[-52.7994,68.29612],[-52.72878,68.25479],[-52.71038,68.24932],[-52.39153,68.20634],[-52.3779,68.20552],[-52.19801,68.20752],[-52.19016,68.20793],[-51.62346,68.2599],[-51.60119,68.26583],[-51.44411,68.3578],[-51.4385,68.36579],[-51.44065,68.37958],[-51.43482,68.38222],[-51.2309,68.40379],[-51.20741,68.38375],[-51.24108,68.33134],[-51.42461,68.22525],[-51.42943,68.22096],[-51.48929,68.12225],[-51.61177,68.06924],[-52.04865,68.08818],[-52.87614,68.21747],[-52.88875,68.21847],[-53.15091,68.22148],[-53.17404,68.21871],[-53.1873,68.21115],[-53.24568,68.12088],[-53.38545,67.97696],[-53.60824,67.84416],[-53.613,67.83969],[-53.6509,67.76968],[-53.65162,67.76697],[-53.65154,67.71679],[-53.76905,67.55251],[-53.76552,67.54222],[-53.74388,67.53595],[-53.61295,67.52295],[-53.58696,67.52421],[-53.40202,67.56319],[-53.39284,67.56596],[-52.96003,67.74632],[-52.35001,67.82222],[-52.12322,67.76764],[-52.11478,67.76614],[-51.77595,67.72517],[-51.76059,67.72462],[-51.41878,67.74061],[-51.39988,67.74376],[-51.30561,67.77425],[-50.97842,67.79285],[-50.9472,67.7841],[-51.04654,67.75667],[-51.17478,67.74723],[-51.19513,67.74271],[-51.20356,67.73436],[-51.2065,67.69436],[-51.1906,67.68275],[-50.66969,67.55037],[-50.65583,67.53448],[-50.70243,67.52485],[-51.16068,67.64806],[-51.17065,67.6499],[-51.44078,67.68092],[-51.46016,67.68102],[-51.66627,67.65984],[-51.89849,67.67697],[-52.49822,67.77344],[-52.51851,67.77425],[-52.6726,67.76325],[-52.68296,67.76184],[-52.98707,67.69881],[-52.99571,67.69628],[-53.24762,67.59508],[-53.82032,67.42869],[-53.83408,67.41832],[-53.83989,67.32822],[-53.91825,67.1381],[-53.91484,67.12981],[-53.7177,66.97985],[-53.70556,66.97463],[-53.46263,66.91366],[-53.4454,66.91153],[-52.5677,66.89566],[-52.45546,66.87752],[-52.50402,66.86303],[-53.04173,66.8404],[-53.0696,66.83216],[-53.14344,66.76209],[-53.44139,66.65913],[-53.45004,66.65447],[-53.6019,66.51844],[-53.60372,66.51635],[-53.6676,66.41734],[-53.66858,66.41304],[-53.65673,66.34447],[-53.68113,66.27588],[-53.68126,66.27248],[-53.6481,66.15248],[-53.62962,66.14188],[-53.55365,66.12688],[-53.52923,66.12612],[-53.02647,66.18809],[-53.01296,66.19143],[-53.03915,66.18145],[-53.37633,66.08395],[-53.38585,66.07965],[-53.42083,66.05464],[-53.425,66.04662],[-53.41697,66.03911],[-53.26896,65.97013],[-53.24521,65.96553],[-53.14815,65.96413],[-53.2658,65.77428],[-53.2667,65.76987],[-53.23147,65.59288],[-53.22202,65.58444],[-53.17602,65.56545],[-53.15746,65.56164],[-52.99954,65.55265],[-52.98688,65.55295],[-52.77523,65.57558],[-52.57796,65.45349],[-52.55102,65.44752],[-52.34812,65.44752],[-52.32726,65.45066],[-52.0143,65.55861],[-52.01001,65.56038],[-51.7031,65.71182],[-51.64093,65.72247],[-51.64375,65.72181],[-52.20233,65.45186],[-52.5575,65.33972],[-52.56869,65.33312],[-52.56884,65.32504],[-52.47871,65.20106],[-52.46508,65.19357],[-52.28843,65.14686],[-52.12047,64.681],[-52.12415,64.41605],[-52.12316,64.4126],[-52.029,64.25363],[-52.02235,64.24812],[-51.94634,64.21013],[-51.9311,64.20598],[-51.91312,64.20623],[-51.82516,64.21923],[-51.80965,64.2243],[-51.73262,64.27229],[-51.72887,64.27543],[-51.64831,64.37178],[-51.37279,64.61712],[-51.37023,64.62037],[-51.33471,64.69602],[-51.23449,64.74748],[-51.18518,64.7594],[-51.25166,64.63089],[-51.24815,64.6212],[-51.2303,64.61511],[-51.20755,64.61583],[-50.87766,64.6828],[-50.86798,64.68583],[-50.75697,64.73681],[-50.75153,64.74022],[-50.69349,64.79221],[-50.69129,64.80121],[-50.82104,65.02724],[-50.82176,65.02824],[-50.71255,64.92491],[-50.70969,64.88457],[-50.70744,64.87998],[-50.67741,64.84798],[-50.67454,64.84562],[-50.54349,64.75965],[-50.51297,64.75363],[-50.3103,64.7648],[-50.15214,64.6978],[-50.12418,64.58357],[-50.12184,64.57969],[-50.04693,64.50391],[-50.04331,64.47317],[-50.13303,64.49904],[-50.3262,64.68846],[-50.34962,64.69629],[-50.48669,64.7063],[-50.49754,64.70627],[-50.68963,64.69126],[-50.69721,64.69023],[-50.86227,64.65721],[-50.88012,64.64681],[-50.88909,64.61881],[-50.88893,64.6147],[-50.87295,64.57455],[-51.10632,64.58639],[-51.11689,64.58615],[-51.23895,64.57414],[-51.25694,64.56914],[-51.4289,64.47111],[-51.43318,64.46775],[-51.56167,64.32031],[-51.7334,64.21266],[-51.73773,64.20128],[-51.71169,64.16129],[-51.70746,64.15736],[-51.61043,64.09537],[-51.59439,64.09015],[-51.55141,64.08415],[-51.53167,64.08431],[-50.71101,64.21025],[-50.70278,64.21212],[-50.49137,64.27921],[-50.52176,64.23266],[-50.52275,64.22751],[-50.51773,64.20751],[-50.50705,64.19872],[-50.48544,64.19553],[-50.32816,64.19905],[-50.35829,64.18266],[-50.70314,64.16236],[-50.70982,64.16162],[-51.55915,64.01855],[-51.57627,64.01121],[-51.57625,64.00071],[-51.48321,63.90395],[-51.56742,63.76137],[-51.56739,63.75451],[-51.49827,63.63853],[-51.49482,63.63493],[-51.21469,63.42972],[-51.04033,63.25253],[-51.03896,63.25131],[-50.82986,63.08435],[-50.82558,63.08172],[-50.5272,62.93753],[-50.41716,62.8168],[-50.4027,62.80982],[-50.38177,62.80906],[-50.32979,62.81606],[-50.31457,62.82088],[-50.07267,62.96635],[-49.92272,63.00056],[-50.09779,62.91307],[-50.10169,62.9106],[-50.32457,62.72856],[-50.32551,62.71622],[-50.28535,62.67704],[-50.28811,62.57981],[-50.3471,62.47641],[-50.3378,62.4627],[-49.96184,62.31375],[-49.95588,62.31191],[-49.59485,62.22774],[-49.69203,62.15838],[-49.69653,62.15259],[-49.71148,62.09459],[-49.71148,62.09139],[-49.69241,62.01539],[-49.68376,62.00723],[-49.64377,61.98923],[-49.62159,61.98556],[-49.34671,61.99656],[-49.32642,62.00175],[-49.18448,62.08766],[-49.11836,62.09894],[-48.92142,62.07668],[-49.05093,62.05146],[-49.06102,62.04814],[-49.14838,62.00347],[-49.32812,61.95042],[-49.33695,61.94631],[-49.40392,61.8973],[-49.40814,61.88786],[-49.39109,61.83686],[-49.38923,61.83376],[-49.33317,61.77017],[-49.33908,61.74982],[-49.33556,61.74124],[-49.28954,61.70325],[-49.28125,61.69894],[-49.22526,61.68029],[-49.24794,61.63798],[-49.31143,61.59815],[-49.31715,61.58913],[-49.30914,61.58054],[-49.22514,61.53955],[-49.21395,61.5362],[-49.07259,61.51356],[-48.9491,61.27374],[-48.92722,61.26375],[-48.60547,61.23405],[-48.51212,61.21392],[-48.45141,61.1795],[-48.40597,61.13501],[-48.41365,61.00536],[-48.4054,60.99537],[-48.38476,60.99153],[-47.86404,61.00241],[-47.82852,60.99523],[-48.22034,60.86718],[-48.23082,60.86066],[-48.26778,60.81165],[-48.26359,60.79863],[-48.20258,60.76064],[-48.19464,60.75728],[-48.02768,60.7103],[-48.01312,60.70852],[-47.8272,60.71152],[-47.82577,60.71156],[-47.72781,60.71556],[-47.70721,60.72153],[-47.70391,60.73317],[-47.75917,60.81706],[-47.47479,60.82907],[-47.38867,60.79009],[-47.37635,60.78687],[-47.23041,60.76988],[-47.21031,60.77132],[-47.11716,60.79766],[-46.87299,60.80252],[-46.85433,60.80659],[-46.56562,60.95091],[-46.00001,61.08484],[-45.98861,61.08976],[-45.94659,61.12175],[-45.94227,61.12985],[-45.94774,61.17295],[-45.92279,61.19495],[-45.889,61.20058],[-45.87748,61.18031],[-45.90685,61.09767],[-45.95839,61.03461],[-46.04122,60.98001],[-46.0454,60.97597],[-46.16825,60.78095],[-46.16836,60.77321],[-46.07324,60.61223],[-46.06209,60.60475],[-45.94911,60.56776],[-45.94303,60.56627],[-45.60272,60.50692],[-45.39684,60.43403],[-45.37046,60.43257],[-45.07256,60.49455],[-45.0639,60.4974],[-44.79814,60.62635],[-44.87744,60.53908],[-44.99352,60.4671],[-45.21156,60.39601],[-45.37127,60.38639],[-45.388,60.38209],[-45.3951,60.37342],[-45.40595,60.20342],[-45.39169,60.19109],[-44.82484,60.03815],[-44.82038,60.03718],[-44.62145,60.0042],[-44.60535,60.00408],[-44.52538,60.01607],[-44.50927,60.02273],[-44.32572,60.19723],[-44.22523,60.25316],[-44.2072,60.24189],[-44.25475,60.18649],[-44.47524,60.02252],[-44.47918,60.01209],[-44.43911,59.9201],[-44.43581,59.91596],[-44.4068,59.89197],[-44.38674,59.88558],[-44.27179,59.87958],[-44.26106,59.88012],[-44.10408,59.90478],[-44.14265,59.83565],[-44.13945,59.82472],[-44.12118,59.81868],[-43.91127,59.80168],[-43.89819,59.80227],[-43.64927,59.84626],[-43.63536,59.85187],[-43.63153,59.86067],[-43.63948,59.86872],[-43.90332,59.99646],[-43.62935,59.92503],[-43.61855,59.92353],[-43.32168,59.91454],[-43.29856,59.91995],[-43.10152,60.05292],[-43.0963,60.06239],[-43.13789,60.26327],[-43.12898,60.33214],[-43.13167,60.33892],[-43.18863,60.39693],[-43.19142,60.39918],[-43.27441,60.4532],[-43.2883,60.45794],[-43.81795,60.53419],[-43.90869,60.57166],[-43.90344,60.5803],[-43.60542,60.56285],[-43.35929,60.50772],[-43.35241,60.50669],[-43.19348,60.49369],[-43.18271,60.49388],[-43.03777,60.51087],[-43.02127,60.51657],[-42.69417,60.75951],[-42.68973,60.76544],[-42.61865,61.06169],[-42.39215,61.53277],[-42.32108,61.61166],[-42.31916,61.61475],[-42.29611,61.67975],[-42.30007,61.6892],[-42.31627,61.69498],[-42.53917,61.72491],[-42.5139,61.74235],[-42.24668,61.7576],[-42.22753,61.76276],[-42.08751,61.84874],[-42.08218,61.85985],[-42.12519,61.95388],[-42.11449,62.01285],[-42.12248,62.0234],[-42.21172,62.0666],[-42.29086,62.15422],[-42.1698,62.39389],[-42.17025,62.40091],[-42.21077,62.46314],[-42.14126,62.50359],[-42.13502,62.51078],[-42.12396,62.56677],[-42.12955,62.57602],[-42.14702,62.5812],[-42.45804,62.61092],[-42.8377,62.68824],[-42.87562,62.70701],[-42.42634,62.7095],[-42.06305,62.68071],[-42.03682,62.68469],[-41.96131,62.72107],[-41.90613,62.72357],[-41.88333,62.73048],[-41.70057,62.8817],[-41.62723,62.9049],[-41.61459,62.9149],[-41.60453,62.9709],[-41.61892,62.9836],[-41.9145,63.06297],[-42.07132,63.12591],[-42.11534,63.15648],[-42.12683,63.17736],[-42.03991,63.14985],[-41.86621,63.06106],[-41.84503,63.05652],[-41.38925,63.04852],[-41.36419,63.05396],[-41.25116,63.12294],[-41.2487,63.12471],[-41.0816,63.26768],[-41.0791,63.27744],[-41.11952,63.34648],[-41.03124,63.40436],[-41.02598,63.41158],[-41.01987,63.49923],[-40.90986,63.49457],[-40.89482,63.49566],[-40.76287,63.52165],[-40.74484,63.5338],[-40.74192,63.62035],[-40.52854,63.71545],[-40.52034,63.72791],[-40.62115,63.92899],[-40.58726,64.131],[-40.59227,64.13943],[-40.60801,64.14476],[-40.8161,64.17578],[-40.83047,64.17635],[-40.97053,64.16734],[-40.98937,64.16281],[-41.03563,64.13932],[-41.47187,64.27996],[-41.18732,64.26785],[-40.99989,64.22318],[-40.98944,64.22165],[-40.78653,64.20866],[-40.75933,64.21282],[-40.66333,64.2578],[-40.65514,64.2682],[-40.66546,64.31851],[-40.47356,64.33065],[-40.45534,64.33477],[-40.15933,64.47072],[-40.15147,64.48283],[-40.17941,64.53884],[-40.18186,64.5419],[-40.24982,64.60192],[-40.25424,64.60481],[-40.40427,64.67938],[-40.49029,64.82824],[-40.49426,64.8322],[-40.6282,64.92223],[-40.64452,64.92773],[-40.66536,64.92775],[-40.94275,64.88676],[-40.99692,64.99091],[-41.00009,64.99449],[-41.05684,65.03826],[-41.0533,65.08433],[-40.88796,65.06883],[-40.87175,65.06909],[-40.6686,65.09485],[-40.26342,65.03625],[-40.23718,65.03728],[-40.01225,65.09126],[-40.00218,65.09504],[-39.74013,65.24528],[-39.63428,65.27702],[-39.62529,65.28113],[-39.55025,65.33411],[-39.54641,65.34375],[-39.55916,65.35195],[-40.1555,65.52882],[-40.14735,65.54373],[-38.63392,65.61057],[-38.6225,65.61191],[-38.18866,65.69987],[-38.17029,65.71256],[-38.18313,65.83856],[-38.19389,65.84798],[-38.4147,65.92973],[-38.45473,65.97561],[-38.15868,65.89289],[-38.13039,65.89109],[-38.10934,65.89902],[-38.04227,65.96801],[-38.04092,65.96971],[-37.93828,66.13519],[-37.72495,66.25406],[-37.71889,66.26393],[-37.73165,66.2727],[-38.08301,66.38044],[-38.04952,66.38426],[-37.82093,66.37177],[-37.31904,66.31327],[-37.31532,66.30707],[-37.51063,66.20314],[-37.51298,66.2017],[-37.81681,65.98464],[-37.82021,65.98109],[-37.85913,65.91308],[-37.85913,65.90696],[-37.83199,65.85912],[-38.02947,65.71667],[-38.03275,65.70673],[-37.98666,65.63074],[-37.96936,65.62189],[-37.76843,65.58091],[-37.74853,65.5797],[-37.73071,65.58356],[-37.65071,65.61733],[-37.51708,65.61552],[-37.49884,65.61752],[-37.39287,65.64451],[-37.38096,65.64982],[-37.30091,65.7138],[-37.29737,65.71888],[-37.28592,65.77577],[-37.23491,65.77454],[-37.20783,65.77933],[-37.06722,65.848],[-36.96002,65.77599],[-36.94036,65.76996],[-36.83041,65.75797],[-36.81267,65.75807],[-36.65574,65.77706],[-36.63397,65.78557],[-36.50581,65.93655],[-36.50403,65.94016],[-36.498,65.98023],[-36.42418,65.95454],[-36.43172,65.93183],[-36.4319,65.9289],[-36.41178,65.8299],[-36.40037,65.82076],[-36.37661,65.81755],[-36.35422,65.82212],[-36.02035,65.97753],[-35.60767,66.12999],[-35.5979,66.14356],[-35.72367,66.32759],[-35.72621,66.33019],[-35.80395,66.39044],[-35.68763,66.3353],[-35.68313,66.33353],[-35.43316,66.25157],[-35.40718,66.24865],[-35.29601,66.25509],[-35.20301,66.23776],[-35.16754,66.23965],[-34.61162,66.42457],[-34.60453,66.42778],[-34.5475,66.46377],[-34.54448,66.46617],[-34.40042,66.61575],[-34.27176,66.61156],[-34.24058,66.61761],[-34.07351,66.71858],[-34.07053,66.7208],[-33.49596,67.25268],[-33.49378,67.25543],[-33.46369,67.31542],[-33.46383,67.3208],[-33.48213,67.35385],[-33.47195,67.37054],[-33.32295,67.43394],[-33.31668,67.4377],[-33.07997,67.64865],[-32.89985,67.6894],[-32.89332,67.69129],[-32.42926,67.85946],[-32.35661,67.87049],[-32.34082,67.87518],[-32.13575,67.98314],[-32.12907,67.99035],[-32.11996,68.06235],[-32.12401,68.06922],[-32.3193,68.20828],[-32.16054,68.2456],[-32.14406,68.25909],[-32.159,68.2941],[-32.16184,68.29758],[-32.27816,68.39155],[-32.28133,68.40358],[-31.44366,68.11815],[-31.4325,68.1155],[-30.9927,68.04854],[-30.96504,68.04856],[-30.5972,68.10553],[-30.57487,68.11741],[-30.5698,68.16141],[-30.57525,68.16912],[-30.67682,68.22955],[-30.67709,68.23043],[-30.33121,68.18045],[-30.31315,68.17964],[-30.19122,68.18563],[-30.16675,68.19101],[-30.02605,68.2618],[-29.86131,68.29801],[-29.43114,68.27566],[-29.42036,68.27568],[-29.24446,68.28567],[-29.23466,68.28676],[-28.3529,68.43422],[-27.84221,68.48091],[-27.83635,68.48163],[-26.8044,68.64101],[-26.47639,68.66274],[-26.46624,68.66397],[-26.32429,68.68996],[-26.31372,68.69285],[-26.11447,68.77074],[-25.67693,68.87885],[-25.66705,68.8824],[-25.59502,68.92039],[-25.58906,68.92568],[-25.54493,69.01657],[-25.51651,69.03575],[-25.25586,69.07981],[-25.24356,69.08312],[-25.06354,69.15609],[-25.05456,69.16287],[-25.04251,69.18987],[-25.04686,69.19855],[-25.13391,69.25375],[-24.72815,69.30531],[-24.71752,69.30737],[-24.27262,69.42831],[-24.2639,69.43159],[-24.18887,69.47158],[-24.18257,69.47956],[-24.18849,69.52756],[-24.19137,69.53212],[-24.23284,69.56717],[-23.95261,69.54488],[-23.92853,69.54565],[-23.72363,69.57663],[-23.70172,69.58541],[-23.67166,69.6234],[-23.67247,69.63146],[-23.72739,69.68547],[-23.73114,69.68816],[-23.79711,69.72445],[-23.5516,69.72754],[-23.53665,69.72877],[-23.22788,69.77763],[-23.04878,69.77954],[-23.02246,69.78344],[-22.98746,69.79544],[-22.97781,69.8091],[-23.04322,69.87915],[-23.01255,69.88937],[-22.60146,69.94135],[-22.59222,69.94301],[-22.26431,70.02197],[-22.24988,70.02839],[-22.16976,70.10337],[-22.16925,70.11208],[-22.18453,70.11908],[-22.26155,70.13709],[-22.28522,70.13946],[-23.17102,70.12851],[-23.65616,70.15208],[-24.73366,70.30744],[-24.74016,70.30813],[-25.52164,70.36617],[-25.54801,70.36504],[-26.17073,70.2586],[-26.41796,70.23483],[-26.74489,70.25526],[-26.76801,70.25435],[-27.04414,70.21332],[-27.0613,70.2084],[-27.17725,70.14838],[-27.18047,70.14634],[-27.30813,70.04506],[-27.39575,70.00841],[-27.58279,70.0359],[-27.52485,70.11746],[-27.17878,70.24498],[-26.55983,70.34482],[-26.54227,70.35025],[-26.47322,70.39023],[-26.47317,70.40372],[-26.58709,70.46974],[-26.60999,70.47586],[-26.73506,70.48887],[-26.75629,70.48912],[-27.60163,70.42042],[-28.00748,70.41559],[-28.52535,70.48942],[-28.54802,70.49027],[-28.85887,70.47174],[-28.39656,70.56236],[-28.3896,70.56406],[-28.11863,70.64602],[-28.11084,70.6492],[-28.03479,70.69218],[-28.03008,70.6962],[-27.93881,70.83718],[-27.93802,70.84103],[-27.95091,70.89603],[-27.97202,70.90678],[-28.2647,70.95949],[-28.33284,70.98781],[-28.29472,70.99342],[-27.89524,70.9886],[-27.347,70.94001],[-27.33638,70.93953],[-26.7188,70.93653],[-26.69793,70.93822],[-26.13817,71.03816],[-26.12858,71.04048],[-25.71259,71.17442],[-25.70187,71.1802],[-25.62772,71.26118],[-25.62619,71.26628],[-25.65697,71.36928],[-25.65814,71.37139],[-25.71699,71.4434],[-25.72284,71.44752],[-25.8078,71.48754],[-25.8328,71.49308],[-26.06395,71.51109],[-26.07318,71.51147],[-26.73106,71.51446],[-27.07177,71.54395],[-27.11483,71.59812],[-27.06578,71.61446],[-27.01711,71.61702],[-26.70733,71.57083],[-26.68684,71.56954],[-26.21373,71.57648],[-25.89983,71.55915],[-25.6826,71.51932],[-25.28572,71.38675],[-25.2807,71.38531],[-24.59202,71.21446],[-24.41408,71.13949],[-24.30682,71.04303],[-24.27007,70.9217],[-24.26906,70.91978],[-24.16981,70.78781],[-24.16843,70.78633],[-24.00919,70.64436],[-24.00536,70.6418],[-23.82627,70.54783],[-23.81444,70.5438],[-23.35058,70.43986],[-23.33038,70.43756],[-22.6938,70.42357],[-22.67078,70.42535],[-22.65472,70.43114],[-22.57365,70.48712],[-22.56977,70.49181],[-22.48592,70.80392],[-22.47452,70.81059],[-22.46269,70.6487],[-22.462,70.64652],[-22.44148,70.61051],[-22.4243,70.46151],[-22.41049,70.45186],[-22.38002,70.4486],[-22.07986,70.45814],[-21.96698,70.43195],[-21.93427,70.42993],[-21.61646,70.45591],[-21.59143,70.46205],[-21.48837,70.51903],[-21.48388,70.52942],[-21.53382,70.59224],[-21.5841,70.80603],[-21.58593,70.80909],[-21.634,70.85823],[-21.64835,71.09176],[-21.6292,71.20526],[-21.62932,71.20725],[-21.70973,71.47927],[-21.73442,71.49025],[-21.94353,71.52027],[-21.98553,71.51901],[-22.32363,71.44296],[-22.34047,71.43476],[-22.41108,71.32628],[-22.43794,71.38439],[-22.45955,71.49559],[-21.97987,71.68043],[-21.97184,71.68517],[-21.91873,71.74116],[-21.92313,71.75195],[-21.95163,71.75821],[-22.33548,71.78164],[-22.4551,71.91756],[-22.4776,71.92605],[-22.8458,71.98248],[-23.55962,72.15054],[-24.38349,72.35711],[-24.53458,72.42736],[-24.54916,72.43158],[-24.6442,72.44859],[-24.69152,72.44827],[-25.10279,72.36625],[-25.14591,72.38934],[-24.67433,72.49517],[-24.65698,72.50338],[-24.6058,72.58037],[-24.60527,72.58466],[-24.72556,72.87069],[-24.72809,72.87371],[-24.77002,72.90672],[-24.79175,72.91394],[-24.82437,72.91505],[-24.99649,72.90204],[-25.01171,72.89995],[-25.37442,72.82292],[-25.69413,72.81035],[-25.71108,72.80862],[-26.39308,72.68853],[-26.56654,72.71661],[-26.19464,72.78233],[-26.0825,72.78055],[-26.05103,72.7836],[-25.83691,72.8354],[-25.23798,72.91161],[-25.21402,72.91854],[-25.13459,72.9708],[-24.96895,73.00132],[-24.7805,73.0301],[-24.66786,73.02586],[-24.40322,72.68404],[-24.40011,72.68133],[-24.10977,72.49339],[-24.09872,72.48891],[-23.70376,72.38297],[-23.69274,72.38078],[-23.23079,72.31537],[-22.31943,72.10925],[-22.2913,72.10655],[-22.26394,72.1099],[-22.24965,72.1178],[-22.19542,72.21779],[-22.19504,72.22132],[-22.23348,72.33943],[-22.04576,72.38883],[-22.03055,72.39784],[-21.96198,72.63383],[-21.96182,72.6354],[-21.9901,72.9184],[-22.00321,72.92743],[-22.1612,72.97446],[-22.18145,72.97795],[-22.42795,72.99818],[-22.81445,73.09245],[-22.9539,73.17778],[-22.98278,73.18491],[-23.22028,73.20503],[-23.674,73.32582],[-23.85975,73.40549],[-23.8912,73.41128],[-24.12538,73.42229],[-24.12771,73.42238],[-24.58206,73.4364],[-24.59614,73.43621],[-25.06649,73.40919],[-25.08012,73.40774],[-25.29122,73.37372],[-25.31117,73.3674],[-25.43448,73.28634],[-26.0437,73.21184],[-26.44401,73.18409],[-26.45502,73.18287],[-26.76281,73.13479],[-27.18613,73.14543],[-27.22776,73.13986],[-27.362,73.08548],[-27.4475,73.09877],[-27.49979,73.13127],[-27.25586,73.16245],[-26.73073,73.15753],[-26.69066,73.16335],[-26.50357,73.24132],[-26.50174,73.25588],[-26.56369,73.28589],[-26.58006,73.29059],[-27.13246,73.38352],[-27.16877,73.4059],[-26.08431,73.24115],[-26.0464,73.2403],[-25.64966,73.28027],[-25.62524,73.28586],[-25.41285,73.38257],[-25.2823,73.42012],[-24.76859,73.49913],[-24.74386,73.50931],[-24.73078,73.5383],[-24.73915,73.5478],[-25.38659,73.80143],[-25.39998,73.80768],[-25.3857,73.80448],[-24.94298,73.64478],[-24.93474,73.64243],[-24.70679,73.59147],[-24.6583,73.58961],[-24.43243,73.61659],[-24.41007,73.62203],[-24.16188,73.73643],[-23.80356,73.53696],[-23.79394,73.53327],[-23.26595,73.38835],[-23.26107,73.38717],[-23.01614,73.3352],[-23.00596,73.33355],[-22.36534,73.25661],[-22.34595,73.25554],[-22.18407,73.25654],[-22.15369,73.25999],[-21.52293,73.42035],[-21.31609,73.44364],[-20.6356,73.45055],[-20.60727,73.45352],[-20.4803,73.4825],[-20.4628,73.49157],[-20.40155,73.65105],[-20.29042,73.81753],[-20.29146,73.82372],[-20.32039,73.85173],[-20.3446,73.85994],[-20.99994,73.95301],[-21.00889,73.95397],[-21.28509,73.97499],[-21.29537,73.97544],[-21.97607,73.98434],[-22.10317,74.00077],[-22.28489,74.06716],[-22.28035,74.08806],[-22.17408,74.16103],[-22.17122,74.16384],[-22.1471,74.20383],[-22.14693,74.2079],[-22.16781,74.24791],[-22.17799,74.25435],[-22.2808,74.28954],[-22.27611,74.29615],[-21.9391,74.38009],[-21.92487,74.38626],[-21.87173,74.43525],[-21.87014,74.44075],[-21.91106,74.52465],[-21.81446,74.48031],[-21.88098,74.35989],[-22.00268,74.24777],[-22.00233,74.23991],[-21.98584,74.23344],[-21.61193,74.15249],[-21.60005,74.15057],[-21.14833,74.09861],[-21.11919,74.09781],[-20.64356,74.12379],[-20.62775,74.12544],[-20.20595,74.19339],[-20.18163,74.20617],[-20.20099,74.26721],[-19.65373,74.2447],[-19.62964,74.2453],[-19.35283,74.27128],[-19.32348,74.27856],[-19.22635,74.33754],[-19.22223,74.34177],[-19.17481,74.47776],[-19.17604,74.48222],[-19.23785,74.54923],[-19.24819,74.55465],[-19.49231,74.63156],[-19.75062,74.85594],[-19.75188,74.85689],[-19.93655,74.97992],[-19.95381,74.98579],[-20.18288,75.02982],[-20.21549,75.03245],[-20.24745,75.02932],[-20.4505,74.98529],[-20.46796,74.9777],[-20.659,74.73351],[-20.88037,74.65233],[-20.98701,74.66324],[-20.987,74.66629],[-20.84612,74.72807],[-20.84166,74.73056],[-20.74647,74.80154],[-20.74356,74.80565],[-20.73427,74.89164],[-20.73517,74.89455],[-20.80985,74.99556],[-20.81093,74.99673],[-20.87775,75.05674],[-20.88532,75.0608],[-20.94329,75.08181],[-20.99238,75.08736],[-21.14751,75.08235],[-21.17177,75.07988],[-21.69492,74.98077],[-21.86652,75.0136],[-21.93853,75.0392],[-21.89466,75.02969],[-21.87648,75.02714],[-21.66464,75.01015],[-21.61965,75.01188],[-21.37975,75.05385],[-21.36435,75.058],[-21.21306,75.12145],[-20.89227,75.14401],[-20.86244,75.14946],[-20.45867,75.29996],[-20.22875,75.29513],[-19.84171,75.14949],[-19.81109,75.14396],[-19.68918,75.13597],[-19.64291,75.13855],[-19.49295,75.16953],[-19.47903,75.17391],[-19.37891,75.22389],[-19.37404,75.2275],[-19.32281,75.29549],[-19.32188,75.29767],[-19.31257,75.38567],[-19.31271,75.38707],[-19.34632,75.49508],[-19.34661,75.49577],[-19.42583,75.64633],[-19.45429,75.75887],[-19.46035,75.76423],[-19.75627,75.90248],[-19.90044,75.99821],[-19.80774,76.11857],[-19.81442,76.1278],[-20.0552,76.22585],[-20.09298,76.23221],[-20.53879,76.25258],[-20.8505,76.31435],[-20.91269,76.316],[-21.19706,76.28165],[-21.46085,76.28514],[-21.51997,76.30121],[-21.70245,76.40474],[-21.81969,76.57518],[-21.85817,76.58575],[-22.34347,76.62347],[-22.54886,76.6857],[-22.55013,76.701],[-22.50505,76.72183],[-22.30531,76.78054],[-22.21012,76.78054],[-21.7914,76.68069],[-21.75287,76.67656],[-21.619,76.67457],[-21.57275,76.67871],[-20.91773,76.8336],[-20.90104,76.84179],[-20.88648,76.87702],[-20.47899,76.90744],[-19.88107,76.90072],[-18.6341,76.75116],[-18.57283,76.75191],[-18.47688,76.76689],[-18.45316,76.77448],[-18.2796,76.91744],[-18.27764,76.91991],[-18.24324,77.0109],[-18.24304,77.01176],[-18.23148,77.13276],[-18.23194,77.13472],[-18.27857,77.21673],[-18.28492,77.22123],[-18.38878,77.26525],[-18.40575,77.26969],[-18.54879,77.29371],[-18.58829,77.29644],[-18.90562,77.29344],[-18.9447,77.28982],[-19.16206,77.245],[-19.28257,77.23716],[-19.76601,77.34165],[-19.78634,77.34453],[-20.19081,77.37897],[-20.40661,77.45255],[-20.60825,77.61307],[-20.15951,77.67442],[-19.99052,77.65501],[-19.51163,77.55633],[-19.47729,77.55269],[-19.43947,77.55404],[-19.26759,77.57303],[-19.23332,77.58512],[-19.23414,77.62112],[-19.23897,77.62622],[-19.43159,77.72426],[-19.44946,77.72937],[-20.27868,77.87249],[-20.29281,77.8743],[-20.83725,77.92435],[-20.87708,77.92512],[-20.91146,77.92082],[-21.1804,77.85578],[-21.19233,77.85146],[-21.43547,77.70499],[-21.56655,77.67404],[-21.66745,77.71281],[-21.68392,77.78965],[-21.33397,78.07062],[-21.33279,78.07173],[-21.24728,78.17171],[-21.24653,78.17285],[-21.19407,78.29144],[-21.12947,78.37726],[-20.89058,78.55147],[-20.88819,78.55446],[-20.87896,78.59546],[-20.89401,78.6045],[-21.07047,78.64732],[-21.06736,78.65432],[-20.57223,78.79274],[-20.02779,78.82926],[-19.98668,78.83647],[-19.82338,78.90544],[-19.81791,78.90888],[-19.70184,79.04287],[-19.66791,79.05583],[-19.22292,79.11178],[-19.2096,79.11391],[-18.93957,79.16887],[-18.9208,79.17646],[-18.89959,79.20945],[-18.90027,79.21351],[-18.94002,79.25352],[-18.94288,79.25552],[-19.08347,79.32955],[-19.11933,79.33705],[-19.34393,79.35765],[-19.35768,79.39805],[-19.32552,79.48677],[-19.2218,79.63335],[-19.22126,79.63445],[-19.20892,79.68245],[-19.21091,79.6862],[-19.27957,79.73722],[-19.30875,79.74494],[-19.47383,79.76597],[-19.52925,79.7683],[-19.82076,79.76014],[-20.00769,79.7829],[-20.06403,79.80665],[-20.10475,79.85921],[-20.11983,79.93754],[-20.07363,80.00848],[-19.96642,80.07445],[-19.79796,80.13854],[-19.3837,80.2453],[-19.22532,80.24814],[-18.73575,80.19564],[-18.71773,80.1942],[-18.09644,80.15925],[-18.05437,80.15887],[-17.20069,80.18994],[-17.04422,80.17777],[-16.9657,80.17903],[-16.44401,80.24096],[-16.42236,80.24474],[-15.86581,80.38763],[-15.85236,80.39534],[-15.85609,80.42834],[-15.88697,80.43862],[-16.5221,80.51968],[-16.66339,80.57049],[-16.28342,80.63659],[-15.54403,80.63656],[-15.47818,80.6417],[-15.14323,80.70977],[-14.47522,80.7504],[-14.4325,80.75606],[-14.16817,80.82501],[-14.15564,80.83146],[-14.1443,80.86945],[-14.15011,80.87502],[-14.39928,80.97373],[-14.38312,80.9822],[-13.42831,81.02506],[-13.39027,81.02851],[-13.06528,81.07846],[-13.05485,81.08037],[-12.38928,81.22525],[-12.38078,81.22748],[-12.15599,81.30156],[-11.46306,81.4149],[-11.44652,81.41865],[-11.34827,81.45163],[-11.34048,81.45667],[-11.33523,81.48067],[-11.34881,81.48816],[-11.76327,81.58524],[-11.76949,81.58651],[-12.36219,81.69161],[-12.38593,81.69455],[-13.65708,81.8007],[-13.6738,81.80176],[-14.21253,81.8268],[-14.22785,81.8273],[-15.43876,81.85034],[-15.50058,81.84841],[-16.17115,81.78833],[-16.19742,81.78476],[-16.43521,81.73672],[-16.44598,81.73384],[-16.721,81.63157],[-17.01771,81.55025],[-17.02253,81.54868],[-17.30306,81.43763],[-17.46434,81.41519],[-18.40657,81.50924],[-18.44365,81.51132],[-19.06809,81.52394],[-19.13286,81.64118],[-19.162,81.64991],[-19.22411,81.65346],[-19.62976,81.65346],[-19.70397,81.64801],[-20.08968,81.57194],[-20.09916,81.56958],[-20.96546,81.2833],[-21.51624,81.18677],[-21.524,81.18516],[-22.15586,81.02865],[-22.88403,80.92281],[-22.90643,80.91736],[-23.11534,80.82082],[-23.11173,80.84528],[-22.99115,80.92263],[-22.49493,81.09216],[-21.64511,81.34175],[-21.64012,81.34344],[-21.41937,81.4334],[-21.41636,81.43486],[-21.14179,81.5978],[-21.13978,81.59934],[-21.05478,81.69332],[-21.05404,81.69458],[-21.02898,81.78958],[-21.02891,81.79016],[-21.03426,81.93416],[-21.03475,81.93545],[-21.07117,81.98546],[-21.07414,81.98767],[-21.24423,82.07271],[-21.28218,82.08008],[-21.34557,82.08241],[-22.57259,82.06639],[-22.6088,82.06484],[-23.15036,82.02378],[-23.19625,82.01595],[-23.34059,81.95092],[-23.34352,81.94919],[-23.48541,81.82983],[-23.58271,81.77853],[-23.6997,81.75276],[-24.22725,81.71985],[-24.49637,81.88614],[-24.50947,81.89046],[-25.06883,82.00856],[-25.13406,82.01432],[-27.82943,82.0624],[-27.87111,82.06175],[-28.9516,82.00867],[-28.97029,82.00739],[-29.55399,81.95511],[-29.72157,81.96453],[-29.78884,82.05438],[-29.68243,82.12478],[-29.5273,82.14873],[-23.85136,82.27362],[-23.82636,82.27444],[-23.08339,82.31239],[-23.06045,82.31401],[-22.41593,82.37392],[-22.39432,82.37659],[-21.91505,82.4545],[-21.90551,82.45631],[-21.52685,82.54124],[-21.5159,82.54466],[-21.42032,82.59164],[-21.41985,82.59831],[-21.58972,82.68635],[-21.61649,82.69246],[-22.44947,82.7986],[-22.48653,82.80159],[-23.36984,82.84267],[-23.43757,82.84289],[-23.65923,82.83444],[-23.7351,82.84537],[-23.81447,82.88813],[-23.85716,82.89602],[-23.93147,82.89838],[-24.39403,82.8917],[-24.7386,83.02271],[-25.01345,83.16321],[-25.07565,83.17226],[-25.17396,83.17198],[-26.18197,83.1086],[-27.0177,83.08045],[-28.13502,83.07754],[-29.14271,83.11492],[-29.16439,83.11542],[-29.9549,83.12344],[-29.99674,83.12287],[-30.41944,83.10684],[-30.45138,83.10489],[-31.55915,83.00487],[-31.91683,82.99869],[-31.88673,83.07245],[-31.52686,83.07555],[-31.49251,83.07651],[-30.06284,83.14393],[-26.17192,83.2076],[-26.10843,83.21089],[-25.72058,83.25083],[-25.68213,83.25898],[-25.69746,83.26809],[-25.8492,83.29712],[-25.88074,83.30105],[-26.96868,83.38819],[-26.994,83.38968],[-28.41451,83.44657],[-28.90089,83.51367],[-28.93347,83.51675],[-29.89567,83.57686],[-29.91409,83.57777],[-30.6654,83.60582],[-30.69688,83.60647],[-32.98263,83.61348],[-33.05389,83.61095],[-33.87738,83.54336],[-34.09591,83.54262],[-34.60001,83.58212],[-34.70769,83.58371],[-35.47333,83.55247],[-36.60874,83.55048],[-36.67919,83.54762],[-36.72071,83.54058],[-36.78627,83.51356],[-36.79025,83.51088],[-36.80494,83.48567],[-36.83956,83.48141],[-37.68917,83.51093],[-37.80668,83.50753],[-37.91168,83.49551],[-37.93846,83.49076],[-38.1502,83.42605],[-38.53485,83.42847],[-38.64333,83.4215],[-38.85186,83.37746],[-38.86605,83.37089],[-38.8634,83.33289],[-38.85759,83.32877],[-38.64852,83.25382],[-38.62482,83.24897],[-38.09435,83.17832],[-38.04987,83.16003],[-38.12535,83.09691],[-38.12632,83.0957],[-38.14683,83.04837],[-38.22453,83.01756],[-38.82832,83.1806],[-38.87033,83.18638],[-39.23634,83.21398],[-39.79257,83.30686],[-39.82653,83.31055],[-40.29804,83.3436],[-40.38181,83.34517],[-40.45215,83.33963],[-40.78372,83.28257],[-40.79436,83.28027],[-41.34805,83.1223],[-41.73571,83.15729],[-42.16373,83.23919],[-42.21959,83.24461],[-42.96979,83.27767],[-43.08141,83.27544],[-44.25286,83.15902],[-44.69223,83.14181],[-44.73128,83.13911],[-45.19641,83.08904],[-45.21796,83.08584],[-45.44937,83.03763],[-45.84492,83.072],[-45.8984,83.07443],[-46.1589,83.07743],[-46.22952,83.07532],[-46.27412,83.06836],[-46.58165,82.95629],[-46.57718,82.94638],[-46.23517,82.85345],[-46.18806,82.84713],[-46.1201,82.84568],[-44.76656,82.87031],[-41.52041,82.76806],[-41.47567,82.74789],[-41.46545,82.71424],[-41.85001,82.6957],[-42.15879,82.73463],[-42.2021,82.7379],[-42.62077,82.75393],[-42.63376,82.75431],[-45.05407,82.79839],[-45.1225,82.79653],[-45.61298,82.75847],[-45.66314,82.74661],[-45.65783,82.72461],[-45.63848,82.71724],[-44.6671,82.53633],[-44.42682,82.46833],[-44.34124,82.36873],[-44.4277,82.31589],[-44.63383,82.26663],[-44.6463,82.26107],[-44.73438,82.10505],[-44.73465,82.10378],[-44.7247,82.02579],[-44.72443,82.02499],[-44.68662,81.95599],[-44.6858,81.95498],[-44.6223,81.89609],[-44.62641,81.85176],[-44.77436,81.79983],[-45.22448,81.83902],[-46.53748,82.10481],[-46.55764,82.1077],[-47.28925,82.1839],[-48.7856,82.41401],[-48.82005,82.41733],[-49.9976,82.48443],[-50.0462,82.48543],[-51.00086,82.47341],[-51.06921,82.46856],[-51.09177,82.45877],[-51.03676,82.38179],[-51.03506,82.38029],[-50.8103,82.23434],[-50.80584,82.23225],[-50.48669,82.11632],[-50.47647,82.11356],[-49.77967,81.96579],[-49.66116,81.92418],[-49.88094,81.9073],[-50.33928,81.92216],[-50.37721,81.92227],[-50.84027,81.91017],[-51.2653,82.03196],[-51.28587,82.03582],[-51.67655,82.08642],[-52.68921,82.32875],[-52.77614,82.33548],[-53.02357,82.33548],[-53.08817,82.33229],[-53.12207,82.32427],[-53.2092,82.25325],[-53.21051,82.25091],[-53.19987,82.11891],[-53.19563,82.11513],[-53.02427,82.03671],[-53.13502,81.87307],[-53.23545,81.80398],[-53.50053,81.70943],[-53.50257,81.73798],[-53.48482,82.06186],[-53.48548,82.06354],[-53.57326,82.16556],[-53.57866,82.16863],[-53.89349,82.2837],[-53.91778,82.28869],[-54.47985,82.36078],[-54.53331,82.36431],[-54.59225,82.3632],[-55.3882,82.31212],[-55.41071,82.3101],[-55.55274,82.29308],[-55.58343,82.28607],[-55.6328,82.25689],[-56.22037,82.2347],[-56.5782,82.24039],[-56.6241,82.23963],[-57.75362,82.18053],[-57.76386,82.17989],[-58.76489,82.10477],[-58.79022,82.10197],[-59.33503,82.01587],[-59.35852,82.00751],[-59.36422,81.98251],[-59.33481,81.97235],[-58.89393,81.91183],[-57.93492,81.65578],[-57.9274,81.65403],[-56.93853,81.45325],[-56.74378,81.38982],[-56.74207,81.3886],[-56.79799,81.39311],[-57.42732,81.54704],[-57.44115,81.54959],[-58.0084,81.63059],[-59.20317,81.89149],[-59.23535,81.89571],[-59.85597,81.94478],[-59.9185,81.94628],[-60.44934,81.93326],[-60.50322,81.92904],[-60.9141,81.86397],[-60.92856,81.86088],[-61.2877,81.7528],[-61.29621,81.74829],[-61.32864,81.69629],[-61.3281,81.69321],[-61.26788,81.63069],[-61.22213,81.53139],[-61.18995,81.39638],[-61.24968,81.28349],[-61.51044,81.14293],[-61.6296,81.13221],[-62.24627,81.20473],[-62.27008,81.20669],[-62.64355,81.22672],[-62.68466,81.22733],[-63.00613,81.22032],[-63.07086,81.21333],[-63.28946,81.14928],[-63.29917,81.14386],[-63.32159,81.08386],[-63.32049,81.08081],[-63.19203,80.9625],[-63.36424,81.01972],[-63.38157,81.02354],[-63.66158,81.06658],[-63.7072,81.07025],[-63.75801,81.06927],[-64.55285,81.01219],[-64.58253,81.00858],[-64.76045,80.97455],[-64.77213,80.97159],[-65.13684,80.84238],[-65.709,80.69391],[-66.42603,80.59419],[-66.44234,80.59104],[-67.06554,80.41992],[-67.07442,80.41632],[-67.27042,80.28328],[-67.27269,80.28038],[-67.28022,80.22238],[-67.27798,80.21889],[-67.13727,80.11992],[-67.12222,80.11465],[-66.90512,80.06769],[-66.83877,80.06257],[-66.46406,80.06637],[-65.84526,80.01204],[-65.76289,80.01326],[-65.36671,80.06481],[-64.97751,80.06856],[-64.93919,80.07071],[-64.4494,80.12497],[-64.31017,80.10207],[-64.50389,80.0838],[-64.52712,80.08043],[-64.85296,80.00937],[-64.86712,80.00439],[-64.9139,79.97238],[-64.91577,79.97059],[-65.0639,79.73885],[-65.19035,79.59144],[-65.35966,79.44003],[-65.48902,79.34452],[-65.88735,79.18126],[-66.1025,79.13284],[-66.57,79.15118],[-66.5912,79.15139],[-67.36312,79.13637],[-67.39374,79.13433],[-67.73914,79.09225],[-68.39995,79.05074],[-68.41982,79.04875],[-69.07407,78.95366],[-69.09828,78.94693],[-69.09751,78.93874],[-68.99473,78.88036],[-68.99733,78.87377],[-69.02934,78.86869],[-70.00139,78.79037],[-70.01044,78.78946],[-70.4507,78.73641],[-70.46014,78.73502],[-70.93108,78.65173],[-71.39201,78.65642],[-71.4204,78.6555],[-71.67663,78.63548],[-71.69555,78.63322],[-72.51772,78.4921],[-72.53327,78.4881],[-72.73996,78.40606],[-72.74592,78.40249],[-72.78072,78.36448],[-72.7756,78.3564],[-72.63893,78.29676],[-72.64563,78.28321],[-72.87544,78.20063],[-72.88326,78.19223],[-72.85706,78.15323],[-72.84655,78.14757],[-72.21306,77.94969],[-72.18914,77.94514],[-71.68998,77.88927],[-71.31924,77.804],[-71.28249,77.79975],[-70.74005,77.77977],[-70.69055,77.78226],[-70.39145,77.82943],[-70.2044,77.82819]],[[-50.88245,65.09986],[-50.88307,65.10058],[-50.88314,65.10075],[-50.88245,65.09986]],[[-51.61411,65.72705],[-51.38792,65.76546],[-51.12377,65.76285],[-51.12372,65.76231],[-51.61411,65.72705]],[[-53.00855,66.19311],[-51.79926,66.68835],[-51.37977,66.84374],[-51.27567,66.87557],[-51.26749,66.87426],[-51.28921,66.84802],[-51.53974,66.74212],[-51.91118,66.63383],[-51.92052,66.62964],[-52.08215,66.51592],[-52.532,66.37251],[-52.53382,66.37188],[-53.00855,66.19311]],[[-53.85272,72.29097],[-53.88118,72.31872],[-53.86685,72.3309],[-53.80554,72.3361],[-53.80722,72.33559],[-53.81841,72.33003],[-53.85234,72.29702],[-53.85272,72.29097]]]}},{"type":"Feature","properties":{"class":"land"},"geometry":{"type":"Polygon","coordinates":[[[25.41229,37.40771],[25.46628,37.4357],[25.47367,37.44437],[25.47967,37.46837],[25.478,37.47735],[25.46955,37.48345],[25.35453,37.52146],[25.33806,37.51995],[25.30306,37.49994],[25.29603,37.48984],[25.29005,37.41384],[25.29509,37.40338],[25.30834,37.39955],[25.40432,37.40555],[25.41229,37.40771]]]}},{"type":"Feature","properties":{"class":"land"},"geometry":{"type":"Polygon","coordinates":[[[24.54051,37.12207],[24.55252,37.16507],[24.55249,37.17105],[24.54549,37.19505],[24.5366,37.20405],[24.4916,37.22206],[24.47456,37.2212],[24.43156,37.1982],[24.4245,37.19005],[24.40852,37.13504],[24.40986,37.12598],[24.41813,37.11967],[24.48012,37.09768],[24.49467,37.09798],[24.53166,37.11297],[24.54051,37.12207]]]}},{"type":"Feature","properties":{"class":"land"},"geometry":{"type":"Polygon","coordinates":[[[-15.46039,13.47584],[-15.61447,13.46935],[-15.61623,13.46919],[-16.15627,13.39315],[-16.16472,13.39004],[-16.17032,13.38436],[-16.20031,13.32636],[-16.20121,13.32253],[-16.19927,13.29482],[-16.26574,13.30321],[-16.27076,13.30306],[-16.40829,13.27964],[-16.54538,13.31128],[-16.58516,13.36241],[-16.60191,13.43927],[-16.60407,13.4425],[-16.65808,13.48251],[-16.66606,13.48425],[-16.6756,13.48106],[-16.7566,13.43106],[-16.76058,13.42778],[-16.83556,13.34378],[-16.838,13.33637],[-16.78219,13.14409],[-16.78117,12.62491],[-16.78052,12.62231],[-16.75652,12.57932],[-16.75024,12.57582],[-16.74052,12.57739],[-16.69752,12.59539],[-16.69062,12.60006],[-16.60021,12.69835],[-16.56069,12.6572],[-16.55887,12.65587],[-16.45708,12.60306],[-16.45936,12.59391],[-16.54542,12.61395],[-16.55542,12.61304],[-16.68042,12.56803],[-16.68141,12.56764],[-16.76341,12.53364],[-16.77242,12.52596],[-16.79741,12.47296],[-16.79739,12.46711],[-16.72439,12.34913],[-16.72202,12.34696],[-16.44706,12.19599],[-16.43549,12.19566],[-16.31431,12.23346],[-16.26416,12.22897],[-16.33002,12.1462],[-16.33213,12.14149],[-16.34112,12.0495],[-16.34014,12.04578],[-16.28615,11.97179],[-16.2834,11.96967],[-16.14742,11.90868],[-16.13787,11.90826],[-15.96509,11.94976],[-15.93102,11.93054],[-15.91683,11.91552],[-15.95486,11.78581],[-15.95413,11.78078],[-15.94909,11.77795],[-15.82611,11.75395],[-15.81715,11.75473],[-15.64915,11.80971],[-15.6432,11.81272],[-15.5078,11.91082],[-15.43682,11.93447],[-15.19337,11.9177],[-15.1821,11.92045],[-15.11129,11.9605],[-15.08971,11.95987],[-15.08596,11.94613],[-15.10962,11.92011],[-15.21034,11.88036],[-15.41166,11.88133],[-15.42193,11.87851],[-15.47293,11.8495],[-15.47928,11.84333],[-15.51227,11.77833],[-15.51315,11.77518],[-15.51515,11.72118],[-15.51394,11.71755],[-15.42495,11.60857],[-15.41456,11.60589],[-15.36156,11.61389],[-15.34973,11.61986],[-15.31085,11.66145],[-15.23428,11.67728],[-15.13254,11.65373],[-15.09442,11.60396],[-15.25124,11.58215],[-15.25658,11.58066],[-15.43258,11.50665],[-15.44107,11.4997],[-15.49105,11.4107],[-15.48953,11.4023],[-15.45953,11.3823],[-15.45218,11.38072],[-15.36592,11.38623],[-15.36244,11.37727],[-15.40452,11.33786],[-15.40813,11.33085],[-15.40613,11.21387],[-15.40417,11.20979],[-15.32818,11.1448],[-15.32059,11.1427],[-15.23039,11.14631],[-15.23512,11.02822],[-15.2324,11.02323],[-15.225,11.02173],[-15.18401,11.02473],[-15.17612,11.02695],[-15.17,11.03173],[-15.09121,11.13114],[-15.07044,11.13213],[-15.10683,11.0099],[-15.10612,11.00483],[-15.05626,10.93542],[-15.0641,10.83245],[-15.06197,10.82764],[-15.02298,10.79664],[-15.01669,10.79469],[-14.97969,10.79369],[-14.96899,10.79655],[-14.9623,10.80371],[-14.91368,10.94174],[-14.88841,10.95703],[-14.78767,10.92435],[-14.68973,10.68396],[-14.68456,10.68005],[-14.67571,10.6805],[-14.66748,10.6851],[-14.60884,10.74019],[-14.6231,10.54747],[-14.62233,10.54417],[-14.43935,10.24222],[-14.43635,10.23967],[-14.17939,10.12069],[-14.17249,10.11974],[-14.0565,10.13087],[-14.03494,10.04369],[-14.0338,10.04147],[-13.96681,9.96249],[-13.96516,9.9611],[-13.83018,9.87911],[-13.8276,9.87806],[-13.76161,9.86106],[-13.75291,9.8614],[-13.74472,9.86583],[-13.70631,9.90062],[-13.71305,9.84887],[-13.71244,9.84541],[-13.67207,9.77158],[-13.67011,9.63706],[-13.70372,9.53522],[-13.70219,9.52887],[-13.69415,9.52668],[-13.57649,9.53337],[-13.44828,9.4139],[-13.40874,9.3091],[-13.40768,9.30737],[-13.28293,9.16692],[-13.31562,9.07749],[-13.31578,9.07325],[-13.28478,8.98227],[-13.28273,8.97951],[-13.16474,8.89052],[-13.16066,8.88885],[-13.07501,8.87353],[-13.07946,8.86425],[-13.20457,8.85228],[-13.21483,8.84835],[-13.22,8.84095],[-13.241,8.69397],[-13.24069,8.69105],[-13.1947,8.57207],[-13.19027,8.56827],[-13.18248,8.56802],[-13.12248,8.58001],[-13.11174,8.5858],[-13.08405,8.61594],[-12.95836,8.60568],[-12.94427,8.61034],[-12.91155,8.6377],[-12.90752,8.62721],[-12.92421,8.58504],[-13.00139,8.53168],[-13.00436,8.52909],[-13.08787,8.43638],[-13.14824,8.45043],[-13.19174,8.49103],[-13.19781,8.49331],[-13.25581,8.49731],[-13.26735,8.49432],[-13.27392,8.48637],[-13.28591,8.42838],[-13.28495,8.42373],[-13.21434,8.33026],[-13.1616,8.20985],[-13.15475,8.20574],[-13.03012,8.19211],[-12.96943,8.139],[-12.89386,7.85265],[-12.89286,7.85064],[-12.86286,7.81265],[-12.85985,7.81049],[-12.79218,7.78303],[-12.70913,7.70888],[-12.70383,7.70674],[-12.57584,7.69174],[-12.56811,7.69262],[-12.56106,7.69652],[-12.50669,7.74363],[-12.49564,7.74363],[-12.52263,7.66538],[-12.52218,7.6601],[-12.44688,7.5418],[-12.49328,7.44224],[-12.49401,7.43964],[-12.499,7.38364],[-12.49444,7.37734],[-11.93794,7.17551],[-11.74309,7.08106],[-11.55906,6.93981],[-11.30339,6.68115],[-11.3011,6.67959],[-11.01453,6.54878],[-10.86085,6.45815],[-10.79861,6.30502],[-10.79551,6.30178],[-10.60653,6.20279],[-10.60423,6.20194],[-10.42683,6.15833],[-10.28657,6.07042],[-9.66517,5.51195],[-9.38629,5.23408],[-9.38557,5.23345],[-9.14261,5.04747],[-9.14142,5.04672],[-8.26852,4.58176],[-8.26672,4.58101],[-8.00621,4.50016],[-7.66868,4.35834],[-7.66574,4.35755],[-7.55075,4.34155],[-7.54496,4.34181],[-7.42597,4.3668],[-7.42016,4.36899],[-7.22678,4.47805],[-7.05557,4.53641],[-7.0518,4.53815],[-6.84084,4.66291],[-6.54615,4.75317],[-6.54465,4.7537],[-5.91208,5.00207],[-5.56581,5.07943],[-5.06406,5.12128],[-5.0542,5.12497],[-5.04906,5.13231],[-5.05174,5.13885],[-5.09474,5.16985],[-5.10224,5.17176],[-5.34617,5.16156],[-5.32727,5.18504],[-5.28268,5.20017],[-5.03269,5.19435],[-4.98127,5.14102],[-4.97554,5.13837],[-4.90555,5.12836],[-4.90156,5.12832],[-4.03859,5.22025],[-4.02946,5.22368],[-4.02424,5.2304],[-4.02566,5.23691],[-4.05066,5.26391],[-4.0572,5.26678],[-4.1102,5.27177],[-4.11249,5.27182],[-4.57909,5.24728],[-4.54935,5.27065],[-4.12378,5.30009],[-3.99189,5.2836],[-3.88083,5.21283],[-3.8768,5.21135],[-3.35385,5.12133],[-3.34633,5.12183],[-3.33938,5.12545],[-3.30337,5.15545],[-3.29962,5.16027],[-3.22749,5.32985],[-3.20001,5.34358],[-3.1649,5.33928],[-3.18202,5.20143],[-3.17687,5.19385],[-3.03761,5.14321],[-3.03745,5.14275],[-3.21047,5.15685],[-3.21836,5.15562],[-3.22502,5.15125],[-3.25602,5.11825],[-3.25888,5.10992],[-3.25262,5.10448],[-2.97165,5.03648],[-2.97023,5.03621],[-2.72905,5.00431],[-2.40658,4.9197],[-2.27501,4.86529],[-2.09968,4.7557],[-2.09356,4.75404],[-2.00557,4.75203],[-1.99657,4.75422],[-1.77156,4.8722],[-1.76929,4.8736],[-1.63201,4.97334],[-1.49874,5.02918],[-1.06285,5.17344],[-0.79829,5.21717],[-0.7904,5.22041],[-0.66313,5.31116],[-0.48118,5.38531],[-0.47674,5.38786],[-0.34343,5.49273],[-0.12487,5.55867],[-0.12198,5.5598],[0.2612,5.74689],[0.74612,5.74983],[0.7503,5.75036],[0.9513,5.80034],[0.96195,5.80796],[1.06114,5.99043],[1.11371,6.04393],[1.31394,6.13767],[1.81826,6.25102],[2.28621,6.31784],[2.77035,6.36572],[3.33384,6.38666],[3.34708,6.39333],[3.43672,6.51536],[3.50164,6.52069],[3.50554,6.52146],[3.7139,6.58667],[3.72619,6.58176],[3.44543,6.43528],[3.43925,6.42968],[3.43807,6.42293],[3.44241,6.41792],[3.4784,6.39992],[3.48437,6.39864],[4.12182,6.40059],[4.42318,6.33932],[4.62401,6.20872],[4.84995,6.01861],[5.03044,5.79125],[5.03276,5.78923],[5.08046,5.76024],[5.09892,5.63875],[5.10258,5.63334],[5.16357,5.59434],[5.17657,5.5937],[5.27957,5.63269],[5.28685,5.63791],[5.31269,5.67133],[5.31184,5.64618],[5.31408,5.64053],[5.33908,5.61554],[5.34582,5.6126],[5.42434,5.60454],[5.39176,5.5854],[5.21836,5.58246],[5.20951,5.57988],[5.20368,5.57364],[5.18668,5.53564],[5.18707,5.52777],[5.22007,5.47777],[5.22328,5.47493],[5.37726,5.39294],[5.39044,5.39305],[5.52568,5.45241],[5.49174,5.3866],[5.36553,5.34769],[5.35781,5.34287],[5.35485,5.33578],[5.35685,5.19279],[5.35867,5.18798],[5.37667,5.16699],[5.38216,5.16387],[5.45546,5.14722],[5.44895,5.13989],[5.40974,5.15189],[5.39601,5.14957],[5.37601,5.13657],[5.37073,5.13072],[5.37035,5.12419],[5.48034,4.83423],[5.48064,4.83354],[5.57563,4.64156],[5.57742,4.63921],[5.7884,4.44823],[5.7894,4.44744],[5.96138,4.33045],[5.96291,4.3296],[6.0689,4.2816],[6.07223,4.28064],[6.16822,4.26664],[6.1776,4.26809],[6.21061,4.28309],[6.21909,4.2933],[6.22768,4.38201],[6.25653,4.40622],[6.25089,4.30737],[6.25423,4.30055],[6.26318,4.29858],[6.55417,4.33056],[6.56324,4.33427],[6.56798,4.34152],[6.58816,4.45031],[6.58968,4.44885],[6.62013,4.3359],[6.62391,4.3311],[6.63092,4.32946],[6.75491,4.33345],[6.75903,4.3341],[6.86203,4.36309],[6.87166,4.37008],[6.87177,4.37945],[6.80591,4.47383],[6.78366,4.70221],[6.8122,4.64048],[6.85503,4.43732],[6.85744,4.43317],[6.91243,4.38318],[6.9215,4.38047],[7.01149,4.38646],[7.02147,4.39041],[7.16348,4.5074],[7.16811,4.51531],[7.17711,4.61732],[7.17456,4.62383],[7.09977,4.69183],[7.13432,4.67531],[7.27323,4.54037],[7.28209,4.53742],[7.45809,4.54441],[7.46842,4.54832],[7.51742,4.58832],[7.52156,4.59388],[7.53039,4.61794],[7.55334,4.55624],[7.55793,4.55153],[7.63592,4.51553],[7.64232,4.51441],[8.29129,4.54736],[8.30014,4.5503],[8.30559,4.55691],[8.3406,4.65491],[8.34067,4.66076],[8.24885,4.90597],[8.25035,4.90731],[8.33086,4.81773],[8.33654,4.81464],[8.38375,4.80465],[8.41878,4.74025],[8.42508,4.73574],[8.50907,4.71474],[8.51776,4.71517],[8.52523,4.71996],[8.54775,4.74558],[8.55594,4.74376],[8.52015,4.60627],[8.52071,4.60041],[8.5617,4.52042],[8.56973,4.51543],[8.65172,4.50543],[8.66557,4.51026],[8.69958,4.54426],[8.70292,4.55392],[8.67989,4.64692],[8.69778,4.6376],[8.75062,4.573],[8.75939,4.56931],[8.85073,4.56833],[8.90413,4.5468],[8.88992,4.4341],[8.88993,4.43185],[8.90093,4.35485],[8.90112,4.35394],[8.91912,4.28595],[8.92043,4.28325],[8.96428,4.22479],[8.98697,4.08867],[8.99276,4.08212],[9.24112,3.98836],[9.28564,3.96517],[9.29849,3.93489],[9.30627,3.92946],[9.42026,3.91145],[9.43104,3.91356],[9.46804,3.93456],[9.47326,3.93927],[9.51226,3.99728],[9.51388,4.00503],[9.50472,4.04011],[9.54223,4.01882],[9.54826,4.01727],[9.59725,4.01626],[9.60754,4.0195],[9.66632,4.06147],[9.67297,4.05413],[9.63857,4.01285],[9.63605,4.00785],[9.62706,3.96485],[9.62962,3.95696],[9.72337,3.87395],[9.72446,3.86665],[9.63263,3.88058],[9.62347,3.87922],[9.61651,3.87337],[9.58394,3.82126],[9.55167,3.8073],[9.54417,3.80079],[9.5436,3.79264],[9.62959,3.60667],[9.6411,3.60134],[9.7353,3.61046],[9.66297,3.54428],[9.65897,3.53731],[9.66092,3.53065],[9.8643,3.30334],[9.90229,3.23516],[9.93455,3.07782],[9.87256,2.91843],[9.87193,2.91578],[9.85499,2.73441],[9.80915,2.53904],[9.80893,2.5377],[9.76695,2.06674],[9.76706,2.0644],[9.79339,1.9269],[9.70764,1.79242],[9.70658,1.79035],[9.62137,1.57187],[9.57838,1.54859],[9.57377,1.54491],[9.48378,1.43991],[9.48151,1.43609],[9.37353,1.14011],[9.3741,1.13275],[9.38071,1.12856],[9.50232,1.10502],[9.58417,1.04892],[9.56258,0.99225],[9.56216,0.98699],[9.6129,0.77608],[9.60522,0.58176],[9.60355,0.58088],[9.56893,0.60133],[9.55177,0.66326],[9.54356,0.66956],[9.49956,0.67556],[9.49238,0.67484],[9.32738,0.62082],[9.32017,0.61628],[9.31697,0.60958],[9.31197,0.55059],[9.31465,0.54393],[9.38761,0.47984],[9.45794,0.35601],[9.45969,0.35388],[9.53568,0.28789],[9.53808,0.28638],[9.76906,0.18238],[9.77707,0.18152],[9.93969,0.20878],[9.97128,0.19493],[9.8098,0.13564],[9.80011,0.12556],[9.78768,0.06179],[9.58209,0.15855],[9.57814,0.15961],[9.47531,0.17028],[9.42267,0.20722],[9.36753,0.34901],[9.36216,0.35392],[9.35338,0.35411],[9.34538,0.34948],[9.29238,0.29448],[9.28899,0.28596],[9.32589,-0.06],[9.28441,-0.34944],[9.12693,-0.56797],[9.07708,-0.61419],[8.99568,-0.62449],[8.98509,-0.62991],[8.9401,-0.67949],[8.82921,-0.69635],[8.7687,-0.60843],[8.76496,-0.60542],[8.71095,-0.58142],[8.70052,-0.58122],[8.69176,-0.58763],[8.6906,-0.59632],[8.83159,-0.91929],[8.83332,-0.92177],[8.86543,-0.95291],[9.05285,-1.30383],[9.05593,-1.30701],[9.19491,-1.39101],[9.2049,-1.39223],[9.2979,-1.37124],[9.30439,-1.36833],[9.32066,-1.35661],[9.26777,-1.48048],[9.26773,-1.4876],[9.28373,-1.5206],[9.28713,-1.52414],[9.32213,-1.54414],[9.33184,-1.54525],[9.44192,-1.5208],[9.48949,-1.56209],[9.5053,-1.593],[9.40648,-1.62426],[9.3274,-1.62154],[9.04712,-1.30168],[9.04019,-1.29844],[9.03132,-1.30009],[9.02462,-1.30587],[9.02319,-1.31309],[9.04019,-1.38308],[9.04136,-1.38566],[9.14603,-1.5342],[9.2446,-1.72937],[9.23512,-1.77961],[9.2355,-1.78407],[9.25349,-1.83007],[9.26248,-1.83562],[9.33593,-1.83949],[9.46997,-1.90224],[9.46998,-1.94224],[9.35025,-1.88453],[9.34139,-1.88371],[9.29839,-1.89271],[9.29021,-1.89683],[9.28609,-1.90381],[9.28794,-1.9104],[9.52113,-2.1705],[9.61264,-2.37244],[9.61436,-2.37485],[9.66535,-2.42384],[9.67375,-2.42665],[9.76426,-2.42374],[9.85321,-2.45275],[10.03975,-2.55204],[10.00296,-2.57535],[9.72981,-2.45831],[9.71872,-2.45848],[9.7101,-2.4658],[9.71042,-2.47478],[9.74742,-2.52578],[9.74848,-2.52697],[9.99545,-2.75595],[9.99607,-2.75648],[10.33744,-3.021],[10.57317,-3.28458],[10.62869,-3.40356],[10.63104,-3.40648],[10.83857,-3.56911],[10.93536,-3.66887],[11.01983,-3.83186],[11.02154,-3.83407],[11.35226,-4.13791],[11.38161,-4.20541],[11.38377,-4.20829],[11.65721,-4.44182],[11.76505,-4.57123],[11.76797,-4.6795],[11.76882,-4.68288],[11.80882,-4.76087],[11.80963,-4.76213],[12.02808,-5.04144],[12.16432,-5.32985],[12.19368,-5.4698],[12.14242,-5.63247],[12.14275,-5.63878],[12.22774,-5.81276],[12.22915,-5.81477],[12.40113,-5.99376],[12.40496,-5.99613],[12.44596,-6.01013],[12.44927,-6.01078],[12.51127,-6.01478],[12.51631,-6.01427],[12.68231,-5.97129],[12.6885,-5.96832],[12.79732,-5.88697],[12.86197,-5.86449],[12.99824,-5.84722],[13.04589,-5.86848],[13.00415,-5.89943],[12.78891,-5.9938],[12.30292,-6.08247],[12.29176,-6.08965],[12.27177,-6.12065],[12.27168,-6.13125],[12.32208,-6.19352],[12.50866,-6.59563],[12.50975,-6.59735],[12.81034,-6.96066],[12.84903,-7.23549],[12.84956,-7.23745],[13.07853,-7.78539],[13.07874,-7.78587],[13.36569,-8.37371],[13.35301,-8.47023],[13.35296,-8.47205],[13.36483,-8.62637],[13.34719,-8.68392],[13.06249,-8.98272],[13.06066,-8.97436],[13.10443,-8.90301],[13.10549,-8.89456],[13.09881,-8.88948],[13.08853,-8.89093],[13.04253,-8.91293],[13.036,-8.91835],[12.988,-8.98735],[12.98592,-8.99343],[12.98592,-9.05043],[12.98663,-9.05371],[13.14332,-9.39508],[13.18399,-9.55478],[13.19593,-9.7061],[13.19707,-9.70958],[13.27445,-9.8326],[13.31915,-10.00347],[13.32008,-10.00561],[13.48246,-10.26264],[13.52615,-10.42553],[13.52824,-10.42905],[13.62172,-10.51956],[13.70824,-10.63951],[13.72597,-10.76066],[13.72682,-10.76323],[13.82109,-10.93489],[13.83381,-11.05633],[13.77096,-11.48922],[13.77086,-11.49057],[13.77185,-11.81415],[13.67363,-12.1227],[13.58666,-12.2828],[13.40855,-12.51309],[13.15803,-12.6433],[13.15603,-12.6445],[12.97605,-12.76851],[12.97032,-12.77565],[12.88605,-13.02549],[12.53973,-13.43353],[12.53688,-13.43943],[12.49106,-13.75512],[12.36663,-14.03781],[12.36588,-14.04031],[12.26699,-14.63754],[12.06023,-15.24778],[12.0599,-15.24894],[12.00307,-15.51412],[11.95604,-15.63169],[11.89052,-15.71456],[11.74331,-15.82523],[11.73799,-15.83686],[11.78373,-15.99002],[11.80665,-16.50692],[11.80564,-16.70581],[11.76686,-16.87185],[11.76666,-16.87306],[11.70864,-17.469],[11.7086,-17.47013],[11.71958,-17.7541],[11.71969,-17.75509],[11.76266,-18.00606],[11.76368,-18.00866],[11.93837,-18.27721],[12.02814,-18.47673],[12.02967,-18.4789],[12.3172,-18.75847],[12.44556,-18.93362],[13.02921,-20.03412],[13.02996,-20.03528],[13.1552,-20.19134],[13.27078,-20.5292],[13.27097,-20.5297],[13.43792,-20.92266],[13.43863,-20.92394],[13.82622,-21.47941],[13.95993,-21.77385],[13.96091,-21.77541],[14.30944,-22.19688],[14.4497,-22.45456],[14.51221,-22.70667],[14.5063,-22.80694],[14.4873,-22.89883],[14.44863,-22.87217],[14.44034,-22.87039],[14.43091,-22.87377],[14.42493,-22.88066],[14.38993,-22.96766],[14.38942,-22.97262],[14.4602,-23.2848],[14.4582,-23.47994],[14.45828,-23.48112],[14.48316,-23.64647],[14.46915,-24.05276],[14.4692,-24.05397],[14.48818,-24.20595],[14.48855,-24.20745],[14.6145,-24.55342],[14.61501,-24.55451],[14.75457,-24.79378],[14.82302,-25.03693],[14.80904,-25.36176],[14.80921,-25.36372],[14.84993,-25.53758],[14.83103,-25.72835],[14.83141,-25.73151],[14.9171,-25.96272],[14.95397,-26.32185],[14.95638,-26.32634],[15.08426,-26.43342],[15.12532,-26.51358],[15.14834,-26.60186],[15.11127,-26.66648],[15.10992,-26.67171],[15.11891,-26.7917],[15.11936,-26.79368],[15.20219,-27.00029],[15.27405,-27.27987],[15.27449,-27.28108],[15.32847,-27.39307],[15.32889,-27.39382],[15.7058,-27.97279],[15.70651,-27.97371],[15.87848,-28.1607],[15.87982,-28.16185],[15.99531,-28.24051],[16.32284,-28.54512],[16.32362,-28.54575],[16.46858,-28.65002],[16.72563,-29.01573],[16.93616,-29.40895],[17.17489,-30.10543],[17.17514,-30.10607],[17.33309,-30.45104],[17.33338,-30.45161],[17.66328,-31.02557],[17.66366,-31.02616],[17.9256,-31.39014],[17.92589,-31.39053],[18.15044,-31.66202],[18.19677,-31.74782],[18.29642,-32.12668],[18.31528,-32.27377],[18.3103,-32.50636],[18.23876,-32.64846],[18.11933,-32.74041],[18.04488,-32.76241],[17.97766,-32.70081],[17.96904,-32.69824],[17.95824,-32.70148],[17.88825,-32.74248],[17.88153,-32.7489],[17.83753,-32.82589],[17.83633,-32.83173],[17.8633,-32.96672],[17.86494,-32.96984],[17.94393,-33.05279],[17.97847,-33.15746],[17.98119,-33.16091],[18.06166,-33.21489],[18.14185,-33.36542],[18.14453,-33.36815],[18.24785,-33.43015],[18.41839,-33.72273],[18.4487,-33.88474],[18.34928,-33.93042],[18.33913,-33.94134],[18.31812,-34.07633],[18.31811,-34.07857],[18.3371,-34.19256],[18.33774,-34.19446],[18.39572,-34.30245],[18.39691,-34.30402],[18.4489,-34.35502],[18.45925,-34.35766],[18.47159,-34.35262],[18.47701,-34.34353],[18.47699,-34.16699],[18.5115,-34.11341],[18.53738,-34.0959],[18.60103,-34.08784],[18.74366,-34.09367],[18.7944,-34.11593],[18.81602,-34.36805],[18.82016,-34.37359],[18.82952,-34.37452],[18.94841,-34.35488],[19.08676,-34.36058],[19.13527,-34.42433],[19.14517,-34.4278],[19.2352,-34.42312],[19.3157,-34.49801],[19.3082,-34.57191],[19.28428,-34.614],[19.28464,-34.62281],[19.29504,-34.62574],[19.38377,-34.61726],[19.62334,-34.76221],[19.6298,-34.76386],[19.84355,-34.76785],[20.01339,-34.79666],[20.02901,-34.79286],[20.44166,-34.5168],[20.53117,-34.47347],[20.77207,-34.45087],[20.78028,-34.44849],[20.88424,-34.39701],[20.98602,-34.37817],[21.34336,-34.4189],[21.34871,-34.4187],[21.54997,-34.38402],[21.78431,-34.38404],[21.79677,-34.38014],[22.24882,-34.07949],[22.41108,-34.06502],[22.4157,-34.06408],[22.55249,-34.02111],[22.72923,-34.02112],[22.91736,-34.07361],[22.92051,-34.07411],[23.26252,-34.09214],[23.26624,-34.09195],[23.34825,-34.07996],[23.35252,-34.07889],[23.58426,-33.99643],[23.69171,-34.00411],[24.17533,-34.07295],[24.58752,-34.18575],[24.59196,-34.18625],[24.82298,-34.18027],[24.83229,-34.17782],[24.8395,-34.17187],[24.91741,-34.06437],[25.00732,-33.98467],[25.16473,-33.97243],[25.56674,-34.04609],[25.57686,-34.04495],[25.64087,-34.02096],[25.64909,-34.01559],[25.65273,-34.00833],[25.66625,-33.85269],[25.80975,-33.74739],[25.98595,-33.72251],[26.42285,-33.7713],[26.43013,-33.7706],[26.61515,-33.71762],[26.6173,-33.71688],[27.08035,-33.5309],[27.08288,-33.5297],[27.36991,-33.3697],[27.37132,-33.36884],[27.76763,-33.10501],[27.86469,-33.06384],[27.86982,-33.06078],[28.22177,-32.77666],[28.45558,-32.63341],[28.45779,-32.63185],[28.86483,-32.30085],[28.86665,-32.29915],[29.13817,-32.00867],[29.49217,-31.68161],[29.74268,-31.47784],[29.9776,-31.33054],[29.98167,-31.32716],[30.29968,-30.97515],[30.3008,-30.97376],[30.48381,-30.71874],[30.48397,-30.71851],[30.67597,-30.43749],[30.67647,-30.43672],[30.88977,-30.07489],[31.03383,-29.90598],[31.03599,-29.90269],[31.1823,-29.59411],[31.34556,-29.38336],[31.78374,-28.94721],[31.89215,-28.92344],[31.89713,-28.9216],[32.03215,-28.8496],[32.03556,-28.8473],[32.29458,-28.6283],[32.29743,-28.62523],[32.38644,-28.50223],[32.38748,-28.50057],[32.54748,-28.20255],[32.54871,-28.19923],[32.6705,-27.60706],[32.86216,-27.08091],[32.8627,-27.07882],[32.90268,-26.8288],[32.90277,-26.82814],[32.96872,-26.08208],[32.96572,-26.07457],[32.95698,-26.0721],[32.91799,-26.0751],[32.9088,-26.07854],[32.90297,-26.08591],[32.84361,-26.24631],[32.71536,-26.14903],[32.60621,-26.0016],[32.73416,-25.82553],[32.73593,-25.82234],[32.80367,-25.64855],[32.96842,-25.49843],[33.35148,-25.27121],[33.83854,-25.07902],[34.60901,-24.83225],[34.61076,-24.83159],[34.9958,-24.66161],[34.99859,-24.66007],[35.1626,-24.55007],[35.16674,-24.54621],[35.44875,-24.1762],[35.45026,-24.17379],[35.50226,-24.06878],[35.50332,-24.06579],[35.55531,-23.82377],[35.55455,-23.81717],[35.53454,-23.77816],[35.52522,-23.77288],[35.48822,-23.77189],[35.47838,-23.7749],[35.47209,-23.7828],[35.45373,-23.8363],[35.40866,-23.827],[35.38423,-23.79331],[35.50712,-23.18558],[35.58777,-22.96449],[35.58794,-22.95724],[35.51926,-22.76714],[35.50362,-22.65579],[35.55528,-22.37654],[35.55546,-22.37427],[35.55346,-22.30026],[35.55316,-22.29808],[35.50714,-22.12007],[35.49976,-22.11321],[35.46176,-22.10422],[35.45206,-22.10536],[35.44442,-22.11206],[35.40742,-22.17406],[35.40556,-22.17994],[35.39466,-22.40257],[35.3797,-22.43369],[35.32964,-22.39036],[35.34244,-22.03491],[35.34225,-22.03258],[35.28639,-21.75832],[35.28142,-21.6481],[35.2803,-21.644],[35.1413,-21.38986],[35.13139,-21.19206],[35.13088,-21.18938],[34.99484,-20.80036],[34.99327,-20.79758],[34.71803,-20.46672],[34.71146,-20.40199],[34.7632,-20.09043],[34.76335,-20.0889],[34.76934,-19.81988],[34.76703,-19.81338],[34.68245,-19.71771],[34.71332,-19.72158],[34.84194,-19.83057],[34.85063,-19.83306],[34.94663,-19.82507],[34.95534,-19.82165],[35.37237,-19.50266],[35.37482,-19.50036],[35.65998,-19.17136],[35.8607,-19.0023],[36.12324,-18.85604],[36.17509,-18.88197],[36.18329,-18.88294],[36.2363,-18.87294],[36.24464,-18.86866],[36.24908,-18.86091],[36.27042,-18.74956],[36.31607,-18.80165],[36.3289,-18.80456],[36.4059,-18.78156],[36.41361,-18.77667],[36.41722,-18.76893],[36.42486,-18.69537],[36.54981,-18.52454],[36.76485,-18.3145],[36.7661,-18.31312],[36.91012,-18.13512],[36.91278,-18.13009],[36.95055,-17.99837],[37.25198,-17.74917],[37.5176,-17.58107],[37.84291,-17.40401],[38.05063,-17.33247],[38.0556,-17.32972],[38.1503,-17.25358],[38.63557,-17.08954],[38.64021,-17.08707],[38.67314,-17.06215],[38.88333,-17.05435],[38.88768,-17.05351],[39.08669,-16.98453],[39.09439,-16.97892],[39.19123,-16.84948],[39.24856,-16.80267],[39.63031,-16.5894],[39.63249,-16.58794],[39.77062,-16.47843],[39.84842,-16.44732],[39.85661,-16.44004],[39.85749,-16.43022],[39.80712,-16.2987],[39.86361,-16.2635],[39.98497,-16.23708],[39.99453,-16.23079],[40.10954,-16.07079],[40.11208,-16.06441],[40.12159,-15.98263],[40.56853,-15.4801],[40.57106,-15.47616],[40.66306,-15.26415],[40.66413,-15.25946],[40.66613,-15.19146],[40.6652,-15.18668],[40.63291,-15.11565],[40.64955,-15.09208],[40.69653,-15.07672],[40.70393,-15.07164],[40.70712,-15.06374],[40.71386,-14.93372],[40.84403,-14.79967],[40.84801,-14.79177],[40.85801,-14.71876],[40.85771,-14.71413],[40.8341,-14.63149],[40.83112,-14.46594],[40.82844,-14.45906],[40.78543,-14.41206],[40.77694,-14.40853],[40.72894,-14.40854],[40.71632,-14.41534],[40.65769,-14.50079],[40.65329,-14.39213],[40.72338,-14.29708],[40.72611,-14.28962],[40.72911,-14.21262],[40.72268,-14.20246],[40.61507,-14.1577],[40.6091,-14.12018],[40.60411,-13.84296],[40.60403,-13.84185],[40.55841,-13.46301],[40.59505,-13.37719],[40.59538,-13.36827],[40.56565,-13.29155],[40.58271,-13.22422],[40.5831,-13.22118],[40.58209,-12.98316],[40.57894,-12.97563],[40.57107,-12.97254],[40.45169,-12.97073],[40.46018,-12.91053],[40.56025,-12.83429],[40.56596,-12.825],[40.59396,-12.63599],[40.59362,-12.63104],[40.56062,-12.52204],[40.55586,-12.51608],[40.50259,-12.48552],[40.53531,-12.39554],[40.53605,-12.39035],[40.51421,-12.1184],[40.54464,-12.0065],[40.54466,-12.00025],[40.44632,-11.65458],[40.47793,-11.44911],[40.47684,-11.44222],[40.41686,-11.32903],[40.43287,-11.27033],[40.50096,-11.1857],[40.50277,-11.18284],[40.55677,-11.06984],[40.55666,-11.05893],[40.51951,-10.99415],[40.52839,-10.93374],[40.60688,-10.83782],[40.60999,-10.82809],[40.60497,-10.82019],[40.50873,-10.76244],[40.61974,-10.67097],[40.62497,-10.66182],[40.622,-10.65278],[40.5279,-10.55868],[40.40054,-10.34676],[40.39727,-10.34339],[40.09225,-10.14639],[40.08533,-10.14455],[39.99244,-10.14734],[39.95665,-10.08496],[39.95445,-10.08229],[39.87345,-10.01229],[39.86778,-10.00972],[39.74627,-9.99048],[39.7946,-9.92085],[39.79671,-9.91057],[39.7097,-9.57355],[39.7092,-9.57208],[39.63822,-9.40549],[39.65402,-9.19123],[39.65191,-9.18388],[39.46588,-8.94007],[39.49987,-8.86565],[39.49881,-8.85376],[39.38913,-8.71445],[39.31732,-8.44196],[39.35259,-8.24503],[39.45296,-8.01548],[39.45402,-8.00969],[39.44102,-7.81067],[39.43639,-7.80255],[39.33839,-7.73655],[39.32984,-7.73469],[39.32137,-7.73879],[39.30018,-7.759],[39.30104,-7.51863],[39.36482,-7.34496],[39.44315,-7.21377],[39.52771,-7.13217],[39.53161,-7.12568],[39.55862,-7.02567],[39.55788,-7.0175],[39.48387,-6.87249],[39.47774,-6.86725],[39.29721,-6.8048],[39.24008,-6.67893],[39.23874,-6.67675],[39.13573,-6.54774],[39.1349,-6.54682],[39.07689,-6.48981],[39.07422,-6.4879],[38.99013,-6.44487],[38.88647,-6.32474],[38.86792,-6.2018],[38.86738,-6.19966],[38.8182,-6.06689],[38.8319,-5.87909],[38.92279,-5.63012],[38.98902,-5.52438],[38.99048,-5.5212],[39.1315,-5.06719],[39.13204,-5.06411],[39.13597,-4.98082],[39.23932,-4.67178],[39.29121,-4.62249],[39.37319,-4.63724],[39.38085,-4.63639],[39.38719,-4.63163],[39.5012,-4.48463],[39.50279,-4.48205],[39.83083,-3.79004],[39.83183,-3.78704],[39.87341,-3.58016],[40.00196,-3.3584],[40.12285,-3.26013],[40.12791,-3.25167],[40.14065,-3.17522],[40.20701,-3.02271],[40.20805,-3.01682],[40.19323,-2.81915],[40.23351,-2.69353],[40.28675,-2.63843],[40.40698,-2.56822],[40.64362,-2.55148],[40.65225,-2.54786],[40.82126,-2.40086],[40.826,-2.39223],[40.83235,-2.34141],[40.90611,-2.279],[40.91051,-2.27249],[40.93451,-2.19649],[40.9349,-2.19062],[40.9081,-2.04815],[40.94492,-2.06716],[40.9559,-2.06753],[40.9641,-2.05963],[41.00318,-1.96639],[41.10221,-1.99406],[41.10887,-1.99417],[41.26886,-1.95718],[41.2736,-1.95516],[41.39361,-1.87716],[41.39683,-1.87434],[41.64185,-1.58635],[41.64283,-1.58505],[41.74284,-1.43605],[41.74351,-1.43495],[41.99052,-0.97982],[42.22799,-0.74635],[42.2292,-0.745],[42.40815,-0.51835],[42.4738,-0.46643],[42.47671,-0.46335],[42.57107,-0.32828],[43.47708,0.6136],[43.72635,0.84888],[44.04085,1.09646],[44.04187,1.09734],[44.34115,1.38162],[44.92664,1.7995],[45.83192,2.29904],[45.83351,2.30005],[46.05852,2.46504],[46.06009,2.46637],[46.88814,3.27734],[46.88872,3.27794],[47.9848,4.4889],[47.98657,4.49135],[48.24513,4.94652],[48.65958,5.48673],[48.66052,5.48812],[49.06056,6.16812],[49.06216,6.17235],[49.10595,6.4052],[49.24725,6.77232],[49.36044,6.98477],[49.58092,7.29],[49.58164,7.29111],[49.68265,7.46411],[49.68319,7.46513],[49.7732,7.65513],[49.77391,7.65696],[49.8639,7.95654],[50.11223,8.191],[50.11465,8.19401],[50.29767,8.503],[50.29845,8.50454],[50.44178,8.83891],[50.64868,9.10149],[50.65079,9.10529],[50.69712,9.23539],[50.83591,9.42075],[50.83854,9.42816],[50.84653,9.70916],[50.88735,9.92216],[50.88754,9.92359],[50.91143,10.25073],[50.94076,10.32679],[51.04042,10.37285],[51.20715,10.41718],[51.26158,10.39135],[51.26559,10.39016],[51.38258,10.37416],[51.39458,10.37813],[51.39841,10.38966],[51.38241,10.47767],[51.37523,10.48674],[51.19922,10.56674],[51.19048,10.56764],[51.1828,10.56322],[51.17941,10.55534],[51.17499,10.48894],[51.06338,10.44786],[51.06005,10.44904],[51.10187,10.47871],[51.10714,10.4861],[51.15415,10.6541],[51.15461,10.65801],[51.13563,11.07803],[51.13552,11.07922],[51.09794,11.33548],[51.14875,11.50057],[51.23016,11.65244],[51.2314,11.65583],[51.26842,11.82884],[51.26701,11.83761],[51.25991,11.84325],[50.79688,11.99625],[50.78883,11.99649],[50.63283,11.95648],[50.62511,11.9515],[50.45685,11.73769],[50.10558,11.54131],[49.64009,11.46371],[49.63678,11.46274],[49.38404,11.35526],[49.06021,11.28373],[48.90489,11.26809],[48.67854,11.3353],[48.67424,11.33587],[48.57324,11.33387],[48.57024,11.33349],[48.43623,11.30249],[48.43459,11.302],[48.01638,11.15163],[47.71379,11.125],[47.47818,11.18736],[47.47435,11.18783],[47.40535,11.18682],[47.39984,11.18566],[47.22484,11.11165],[47.22231,11.11027],[46.96644,10.93602],[46.56173,10.75845],[46.4614,10.74697],[46.25775,10.79343],[46.25543,10.79376],[46.02744,10.80669],[45.82042,10.84848],[45.81386,10.84827],[45.69285,10.81627],[45.6908,10.81556],[45.33279,10.66153],[45.33164,10.66097],[44.93985,10.44969],[44.39023,10.44274],[44.28636,10.48313],[43.8628,10.79334],[43.64239,11.04255],[43.45293,11.35266],[43.45013,11.3558],[43.17111,11.57582],[43.16388,11.5786],[42.91387,11.59959],[42.9084,11.59902],[42.65111,11.52252],[42.55073,11.51719],[42.54009,11.5574],[42.63785,11.54744],[42.65038,11.55227],[42.80697,11.72853],[43.05244,11.81724],[43.0558,11.81896],[43.34481,12.01694],[43.34853,12.02067],[43.39154,12.08467],[43.39317,12.0881],[43.42318,12.1871],[43.42316,12.19404],[43.36717,12.37106],[43.36621,12.37326],[43.31121,12.47026],[43.30991,12.47211],[43.14357,12.66618],[43.09628,12.82878],[43.09279,12.83426],[43.00878,12.90927],[43.00037,12.91263],[42.99132,12.91017],[42.98581,12.90303],[42.96106,12.82447],[42.80682,12.8741],[42.74693,13.02382],[42.74413,13.02794],[42.53312,13.22996],[42.52263,13.2336],[42.40958,13.2263],[42.35933,13.4017],[42.35844,13.4039],[42.25744,13.59392],[42.25351,13.59825],[41.6685,13.99191],[41.49183,14.25097],[41.49129,14.2517],[41.18728,14.62773],[41.18119,14.63184],[40.80674,14.754],[40.64371,14.89233],[40.64184,14.89364],[40.55383,14.94465],[40.54906,14.94634],[40.30959,14.98608],[40.21305,15.02431],[40.09697,15.15781],[40.05462,15.33808],[40.05026,15.34468],[39.87325,15.47969],[39.86301,15.48244],[39.85337,15.47769],[39.80237,15.42169],[39.7994,15.41617],[39.77641,15.32118],[39.77641,15.31581],[39.80451,15.20152],[39.7831,15.1522],[39.73365,15.2199],[39.6442,15.45746],[39.64268,15.46023],[39.59068,15.53023],[39.58148,15.53539],[39.51794,15.54333],[39.43537,15.79103],[39.43293,15.79516],[39.31183,15.92709],[39.23676,16.1968],[39.1569,16.73114],[39.15648,16.73289],[38.92551,17.43095],[38.92484,17.43253],[38.58685,18.07858],[38.5823,18.08333],[38.3435,18.228],[38.29497,18.29401],[38.2868,18.2991],[38.27667,18.29794],[38.20674,18.26513],[38.0857,18.41736],[38.08462,18.41855],[37.93261,18.56456],[37.93123,18.56571],[37.73921,18.70372],[37.73325,18.70618],[37.60465,18.72876],[37.54175,18.76255],[37.48367,18.82635],[37.37577,19.09565],[37.26237,19.58325],[37.27727,19.79162],[37.27707,19.79459],[37.20731,20.12259],[37.20239,20.39414],[37.24206,20.55475],[37.24189,20.56054],[37.18719,20.73463],[37.15548,20.98258],[37.1639,21.08515],[37.20802,21.06776],[37.24607,21.03066],[37.25616,21.0266],[37.26677,21.0301],[37.27142,21.03902],[37.27343,21.10902],[37.27182,21.11498],[37.22482,21.19199],[37.22336,21.19391],[37.09328,21.33293],[36.94081,21.59138],[36.89744,21.77083],[36.88451,22.01686],[36.88344,22.02098],[36.84344,22.10299],[36.83952,22.10755],[36.42606,22.40246],[36.24219,22.63603],[36.23586,22.64043],[35.92076,22.75075],[35.85662,22.79479],[35.71106,22.95215],[35.57819,23.27449],[35.53762,23.44476],[35.5188,23.77821],[35.55367,23.91193],[35.63377,23.93746],[35.78233,23.92572],[35.79364,23.92882],[35.79874,23.93783],[35.79434,23.94695],[35.63533,24.07497],[35.63382,24.07602],[35.48925,24.16355],[35.40978,24.27639],[35.40849,24.27792],[35.20679,24.48163],[34.69283,25.44782],[34.579,25.6955],[34.57798,25.69726],[34.34245,26.02965],[34.06383,26.55601],[34.06208,26.55845],[33.97344,26.65392],[33.90801,27.05078],[33.90766,27.05221],[33.86367,27.18822],[33.8628,27.19018],[33.81581,27.27319],[33.81198,27.2773],[33.70953,27.34854],[33.5652,27.60976],[33.56226,27.89822],[33.5604,27.90394],[33.5084,27.97995],[33.50448,27.98365],[33.38264,28.05993],[33.21444,28.21527],[33.0361,28.44843],[33.03497,28.44971],[32.91139,28.57132],[32.79825,28.79168],[32.79663,28.79404],[32.67292,28.9336],[32.64749,28.9939],[32.65345,29.18177],[32.65309,29.18467],[32.61411,29.32468],[32.61328,29.32675],[32.57928,29.39075],[32.57659,29.39413],[32.41087,29.54013],[32.37626,29.6309],[32.42321,29.74392],[32.50228,29.8457],[32.50433,29.8541],[32.49005,29.91932],[32.55812,29.95519],[32.63201,29.79462],[32.70583,29.51946],[32.70714,29.51649],[32.85715,29.28051],[32.85869,29.27857],[33.06264,29.06669],[33.1155,28.9737],[33.18857,28.77629],[33.18663,28.69616],[33.18722,28.69257],[33.23323,28.56458],[33.23571,28.5606],[33.40371,28.38262],[33.40545,28.38107],[33.58209,28.2481],[33.74709,28.04137],[33.74941,28.03911],[34.03438,27.82013],[34.03853,27.81786],[34.2135,27.75286],[34.22455,27.75233],[34.2332,27.75795],[34.41324,28.00994],[34.41485,28.0132],[34.44187,28.1032],[34.44226,28.10532],[34.46118,28.35467],[34.63157,28.75408],[34.63213,28.75579],[34.75075,29.26681],[34.8619,29.42513],[34.96138,29.5238],[34.96636,29.48453],[34.7839,28.72329],[34.78366,28.72182],[34.76482,28.50929],[34.66871,28.26842],[34.60213,28.15311],[34.60076,28.14686],[34.60977,28.06386],[34.61451,28.05601],[34.62456,28.05272],[34.63484,28.05565],[34.7265,28.11801],[35.07245,28.07523],[35.16901,28.026],[35.41048,27.72814],[35.56698,27.42717],[35.56943,27.42394],[35.74976,27.25255],[35.83785,27.06552],[35.84003,27.06237],[36.0189,26.87457],[36.08016,26.76095],[36.08188,26.75854],[36.23692,26.58861],[36.50528,26.09985],[36.51205,26.09398],[36.66145,26.03077],[36.68822,25.90081],[36.68875,25.89904],[36.74876,25.74705],[36.7533,25.74148],[36.90917,25.63297],[37.13549,25.28558],[37.2037,25.14721],[37.25037,24.96158],[37.16777,24.82549],[37.16849,24.81318],[37.32517,24.60961],[37.5299,24.28608],[37.54095,24.27968],[37.7062,24.26218],[37.81075,24.17892],[37.82026,24.17558],[37.91264,24.17277],[37.96648,24.11707],[37.96977,24.11457],[38.0898,24.04811],[38.27794,23.90255],[38.4514,23.7053],[38.69231,23.3012],[38.78296,23.04523],[38.78516,23.04149],[38.91197,22.89448],[38.88325,22.89448],[38.87362,22.89144],[38.86856,22.8838],[38.87054,22.87528],[38.92654,22.79829],[38.9313,22.79428],[38.99179,22.76314],[38.98643,22.69968],[38.98785,22.69336],[39.04788,22.58808],[39.08113,22.39359],[39.01999,22.20615],[39.01955,22.20427],[38.97359,21.88329],[38.97441,21.87736],[39.13262,21.51624],[39.13642,21.43491],[39.08059,21.31442],[39.08089,21.30448],[39.2629,20.9685],[39.2646,20.96612],[39.47869,20.73014],[39.60104,20.51231],[39.60257,20.51018],[39.71656,20.38219],[39.71948,20.37974],[39.87547,20.28275],[39.88145,20.28063],[40.07486,20.25411],[40.47134,19.98419],[40.60413,19.81473],[40.60903,19.81089],[40.74672,19.74637],[40.77818,19.64249],[40.78013,19.63873],[40.90042,19.48367],[41.10258,19.07742],[41.20695,18.76238],[41.21484,18.67664],[41.21781,18.66998],[41.41935,18.44562],[41.49459,18.25161],[41.49549,18.24977],[41.64549,18.00179],[41.6462,18.00076],[41.73819,17.87877],[41.74096,17.87608],[42.04218,17.65964],[42.28089,17.42883],[42.31817,17.25427],[42.31865,17.25261],[42.36966,17.11762],[42.37358,17.11237],[42.4643,17.04136],[42.53032,16.95526],[42.53901,16.8665],[42.54407,16.858],[42.63665,16.79201],[42.68571,16.73163],[42.71718,16.56747],[42.71819,16.56449],[42.77631,16.44827],[42.82581,16.03275],[42.70364,15.6582],[42.70352,15.65134],[42.78604,15.37004],[42.7851,15.32672],[42.77811,15.28856],[42.70649,15.33629],[42.6943,15.33806],[42.68505,15.33022],[42.64506,15.23722],[42.64484,15.22847],[42.65092,15.22189],[42.84467,15.12404],[42.92216,14.93614],[42.92302,14.90109],[42.9013,14.86941],[42.89933,14.86033],[42.90833,14.81433],[42.90886,14.81247],[43.0067,14.5536],[42.99239,14.4849],[42.99267,14.47909],[43.07913,14.20188],[43.07518,14.01074],[43.07844,14.00245],[43.22143,13.85257],[43.26801,13.69152],[43.21831,13.26785],[43.21975,13.26075],[43.46154,12.83493],[43.47432,12.69738],[43.48023,12.68825],[43.49184,12.687],[43.63317,12.73055],[43.82836,12.66257],[43.92218,12.60627],[43.92769,12.60441],[44.00368,12.59541],[44.00963,12.59591],[44.11445,12.62656],[44.35922,12.6564],[44.36484,12.65826],[44.6187,12.80275],[44.74926,12.75223],[44.75714,12.75152],[45.04113,12.80351],[45.05051,12.80947],[45.17272,12.98738],[45.39777,13.05488],[45.40472,13.0594],[45.54402,13.22455],[45.66333,13.32735],[45.92182,13.38139],[46.20309,13.4112],[46.50109,13.40321],[46.50408,13.40343],[46.79107,13.45342],[46.79447,13.45443],[46.98045,13.53498],[47.41137,13.64967],[47.41726,13.65278],[47.64065,13.84736],[47.86065,13.94545],[47.86456,13.94801],[47.92396,14.00254],[47.99169,14.03456],[48.27503,13.98536],[48.27827,13.98516],[48.44926,13.99315],[48.45152,13.99343],[48.67051,14.03742],[48.67578,14.03958],[48.78778,14.11357],[48.7898,14.11518],[48.93881,14.25817],[48.9397,14.25912],[49.01571,14.34711],[49.01787,14.35056],[49.05918,14.44759],[49.35642,14.62669],[49.55369,14.70995],[49.90845,14.81527],[50.16793,14.83813],[50.17354,14.83976],[50.53175,15.02581],[51.01774,15.12836],[51.01868,15.12859],[51.32566,15.21357],[51.32717,15.21408],[51.60916,15.32506],[51.61229,15.32675],[51.75494,15.42807],[51.83407,15.4464],[51.8375,15.44765],[52.2235,15.64463],[52.23095,15.6557],[52.23596,15.76071],[52.23563,15.76414],[52.18842,15.95698],[52.24987,16.16565],[52.33816,16.28498],[52.58766,16.45852],[53.3012,16.71027],[53.61153,16.74706],[53.61732,16.74898],[53.78109,16.84426],[53.95872,16.90577],[53.96289,16.90802],[54.07351,16.9934],[54.37734,17.02092],[54.5643,17.01796],[54.76719,16.95264],[54.77551,16.95239],[55.0675,17.02637],[55.07462,17.03056],[55.18463,17.14955],[55.18619,17.1516],[55.2872,17.31459],[55.28843,17.31718],[55.30944,17.37818],[55.30979,17.38496],[55.2948,17.44896],[55.29273,17.45344],[55.25298,17.50799],[55.26819,17.58044],[55.48736,17.83186],[55.61693,17.87313],[56.2713,17.93795],[56.27457,17.93863],[56.38757,17.97562],[56.39361,17.97943],[56.56162,18.15742],[56.56482,18.16321],[56.66799,18.58067],[56.83497,18.74373],[56.96314,18.81613],[57.18062,18.89026],[57.42955,18.93091],[57.67673,18.94486],[57.68197,18.94609],[57.81796,19.00509],[57.82466,19.01105],[57.82602,19.01953],[57.77826,19.25444],[57.77529,19.43231],[57.7749,19.43519],[57.72929,19.60875],[57.72834,19.6769],[57.75484,19.8005],[57.81544,19.95049],[57.81609,19.95262],[57.87556,20.23893],[58.11215,20.55891],[58.17215,20.57709],[58.22719,20.58361],[58.19486,20.42637],[58.19596,20.41836],[58.20196,20.41247],[58.25896,20.38347],[58.26442,20.38189],[58.34741,20.37389],[58.3514,20.37401],[58.47639,20.39401],[58.48689,20.40121],[58.70263,20.80065],[58.90762,21.1051],[59.07858,21.27901],[59.31213,21.42409],[59.31447,21.4259],[59.38147,21.48989],[59.3841,21.49338],[59.53055,21.77525],[59.66476,21.94324],[59.66712,21.94785],[59.69454,22.04868],[59.81221,22.2128],[59.81412,22.21673],[59.83812,22.30173],[59.83851,22.30368],[59.85152,22.41968],[59.85144,22.42289],[59.83745,22.5109],[59.82681,22.52177],[59.54199,22.59099],[59.43953,22.67025],[59.32308,22.80053],[59.20764,22.97867],[59.20571,22.98101],[59.04208,23.1387],[58.92501,23.34012],[58.92155,23.34402],[58.84217,23.40501],[58.78653,23.52217],[58.78161,23.52769],[58.58659,23.6537],[58.57677,23.65614],[58.32792,23.63745],[58.12664,23.72876],[58.12278,23.72994],[57.61477,23.81676],[57.22733,23.93467],[56.92409,24.15888],[56.7863,24.34229],[56.78515,24.34363],[56.65324,24.47753],[56.50364,24.72127],[56.38785,25.02024],[56.37795,25.56916],[56.37526,25.57646],[56.31361,25.65425],[56.32141,25.70445],[56.38679,25.7981],[56.38887,25.80335],[56.43091,26.10735],[56.43099,26.10818],[56.44502,26.32619],[56.44279,26.33385],[56.42579,26.35785],[56.41541,26.36395],[56.38141,26.36895],[56.37227,26.36778],[56.36567,26.36218],[56.29659,26.24764],[56.19596,26.2421],[56.18783,26.23945],[56.15483,26.21745],[56.15057,26.21297],[56.06159,26.05897],[56.0607,26.05705],[56.01124,25.92151],[55.92951,25.80278],[55.51356,25.5082],[55.51183,25.50674],[55.31084,25.30873],[55.30753,25.30323],[55.29046,25.24348],[55.08798,25.05178],[54.73804,24.82046],[54.73552,24.81834],[54.64753,24.72433],[54.64487,24.72006],[54.61082,24.6276],[54.52381,24.5396],[54.5212,24.5358],[54.44481,24.36413],[54.38771,24.28922],[54.29983,24.26654],[54.29636,24.2652],[54.1413,24.18269],[53.88933,24.0898],[53.80178,24.0821],[53.33184,24.11096],[53.02864,24.15982],[53.02637,24.16002],[52.64833,24.16801],[52.64314,24.16729],[52.50613,24.12529],[52.50424,24.12457],[52.24604,24.00737],[52.11805,23.9841],[51.90982,23.99778],[51.85284,24.02129],[51.80624,24.07978],[51.78269,24.25553],[51.77758,24.2639],[51.76735,24.26697],[51.67317,24.26332],[51.6177,24.34467],[51.61008,24.3502],[51.60018,24.35027],[51.59244,24.34487],[51.55979,24.29898],[51.537,24.29898],[51.32969,24.34874],[51.38305,24.47055],[51.4297,24.52303],[51.43266,24.53296],[51.42566,24.57296],[51.42003,24.58129],[51.40938,24.5839],[51.34194,24.57743],[51.29814,24.60435],[51.43394,24.6561],[51.44173,24.66305],[51.54625,24.88499],[51.59955,24.95801],[51.60154,24.96221],[51.62355,25.05021],[51.62386,25.0538],[51.61687,25.14881],[51.61639,25.15134],[51.50054,25.52481],[51.58637,25.77729],[51.58667,25.78359],[51.55768,25.90459],[51.55248,25.91203],[51.39981,26.02008],[51.27387,26.16091],[51.26507,26.16569],[51.2548,26.16441],[51.1008,26.0924],[51.09686,26.08973],[50.99186,25.98973],[50.98868,25.98493],[50.85517,25.61813],[50.74989,25.45124],[50.74823,25.44696],[50.74023,25.40096],[50.74012,25.39791],[50.76215,25.17592],[50.76242,25.17433],[50.83156,24.89003],[50.79896,24.81419],[50.73788,24.87682],[50.57204,25.09204],[50.52264,25.30949],[50.52191,25.31167],[50.46891,25.42968],[50.4652,25.43443],[50.29258,25.57432],[50.25236,25.62892],[50.09522,25.96515],[50.04949,26.10521],[50.05663,26.1091],[50.15136,26.08847],[50.16276,26.0899],[50.16959,26.09787],[50.22862,26.30487],[50.22857,26.31116],[50.19958,26.40817],[50.19505,26.41459],[50.04137,26.53326],[50.02365,26.67516],[50.03143,26.6838],[50.14522,26.65076],[50.1578,26.65189],[50.16489,26.66084],[50.16151,26.67131],[49.99751,26.83732],[49.99327,26.8403],[49.727,26.96601],[49.54993,27.1599],[49.54168,27.1645],[49.41383,27.19238],[49.19496,27.43699],[49.24802,27.48405],[49.25195,27.49524],[49.24357,27.50459],[48.91499,27.63959],[48.8148,27.72693],[48.84718,27.79618],[48.84791,27.80359],[48.82392,27.8986],[48.82178,27.90295],[48.63966,28.13884],[48.53772,28.35861],[48.51399,28.45159],[48.51271,28.45465],[48.40424,28.6368],[48.35362,28.76688],[48.35218,28.76952],[48.19822,28.9841],[48.06583,29.35852],[48.0598,29.36548],[48.0068,29.39648],[47.99543,29.3987],[47.84565,29.37912],[47.73933,29.40265],[47.74004,29.41116],[47.97439,29.60244],[48.13852,29.55974],[48.1486,29.55995],[48.15631,29.56528],[48.15838,29.57345],[48.15138,29.61945],[48.14989,29.62356],[48.02069,29.84027],[47.98977,29.94663],[47.99745,30.00208],[48.07614,30.03005],[48.13842,30.02824],[48.34844,29.94541],[48.35169,29.94447],[48.45068,29.92547],[48.45886,29.92572],[48.60085,29.96271],[48.6062,29.96516],[48.67725,30.01537],[48.83302,30.02213],[48.84399,30.02665],[48.931,30.11264],[48.93448,30.12224],[48.90688,30.32657],[48.93006,30.38806],[49.04453,30.43861],[49.05194,30.44602],[49.05092,30.45568],[49.0271,30.4945],[49.12686,30.49605],[49.21214,30.46284],[49.22898,30.41769],[49.1872,30.38983],[49.10176,30.41891],[49.09189,30.41949],[49.04488,30.40949],[49.04088,30.40812],[48.99388,30.38511],[48.98694,30.37762],[48.98819,30.36815],[49.01419,30.32716],[49.02004,30.32201],[49.42049,30.11979],[49.54421,30.01982],[49.5528,30.01625],[49.56221,30.01748],[49.98592,30.19566],[50.05992,30.18734],[50.15407,29.91758],[50.15841,29.91166],[50.21814,29.86466],[50.37417,29.67188],[50.37612,29.6699],[50.53212,29.53975],[50.63541,29.41502],[50.65233,29.33988],[50.63072,29.214],[50.63155,29.20759],[50.66055,29.14259],[50.6708,29.13458],[50.78884,29.10532],[50.86058,29.05689],[50.86059,29.00644],[50.82853,28.93257],[50.82846,28.92386],[50.85247,28.86587],[50.85847,28.8593],[51.00969,28.77289],[51.04717,28.7217],[51.07878,28.51052],[51.08045,28.50605],[51.26081,28.21574],[51.26372,28.13075],[51.26819,28.12192],[51.57817,27.85494],[51.58755,27.85109],[52.02516,27.81148],[52.1827,27.70678],[52.18632,27.70498],[52.46697,27.60616],[52.58939,27.48664],[52.62344,27.38839],[52.62541,27.38481],[52.67942,27.31581],[52.68318,27.31247],[52.97416,27.13148],[52.97693,27.1301],[53.33493,26.99248],[53.44336,26.93395],[53.49345,26.8463],[53.49813,26.84149],[53.69712,26.7155],[53.70346,26.71315],[53.82045,26.69515],[53.82481,26.69503],[54.06825,26.71878],[54.24225,26.68455],[54.51433,26.5777],[54.636,26.49856],[54.6445,26.49593],[54.75848,26.49193],[54.76512,26.49301],[54.90211,26.545],[54.90509,26.5465],[55.16305,26.71382],[55.29675,26.77248],[55.42211,26.75801],[55.43285,26.76033],[55.52785,26.81932],[55.53186,26.82303],[55.60378,26.92351],[55.6574,26.96603],[55.9446,27.02523],[55.94962,27.02716],[56.12457,27.13093],[56.35652,27.18648],[56.72289,27.11555],[56.80361,27.07947],[56.89764,26.98738],[57.02188,26.79612],[57.05708,26.67783],[57.08901,26.36991],[57.09004,26.36617],[57.18608,26.15632],[57.191,26.03661],[57.19239,26.03153],[57.3214,25.78655],[57.33228,25.77908],[57.72464,25.71302],[57.78416,25.645],[57.79155,25.64045],[57.80056,25.64044],[57.93463,25.67752],[58.01362,25.63013],[58.01768,25.62841],[58.19866,25.57941],[58.20309,25.57882],[58.52991,25.57881],[58.7927,25.54239],[59.03807,25.40585],[59.0471,25.40383],[59.22809,25.41482],[59.23086,25.41523],[59.45408,25.46689],[59.60884,25.39144],[59.61592,25.38978],[59.8141,25.38782],[59.88978,25.35046],[59.89992,25.34902],[60.02491,25.3705],[60.39689,25.29907],[60.41174,25.30378],[60.51624,25.42145],[60.57489,25.4037],[60.60069,25.3263],[60.60397,25.32113],[60.65297,25.27314],[60.66021,25.26921],[61.40813,25.08921],[61.42182,25.092],[61.5366,25.18116],[61.73965,25.12533],[61.74336,25.12475],[61.90734,25.11775],[61.91027,25.11788],[62.09125,25.14187],[62.0977,25.14419],[62.19814,25.20811],[62.30524,25.12501],[62.31889,25.12217],[62.39488,25.14016],[62.39901,25.14177],[62.57718,25.24217],[62.66502,25.25161],[63.01315,25.21182],[63.01823,25.21201],[63.17054,25.24148],[63.48878,25.19785],[63.50043,25.20066],[63.50588,25.21026],[63.51061,25.29221],[63.56459,25.34087],[63.72108,25.37236],[63.93279,25.33001],[63.93865,25.32989],[63.98965,25.33789],[63.99642,25.34064],[64.06103,25.3873],[64.11442,25.36383],[64.13915,25.32629],[64.14814,25.32015],[64.5386,25.22452],[64.65221,25.17216],[64.66189,25.17091],[64.67033,25.1753],[64.784,25.29377],[65.06129,25.29767],[65.06406,25.29794],[65.407,25.36055],[65.6789,25.34169],[65.68507,25.34243],[65.88764,25.40697],[66.23543,25.45056],[66.4667,25.4317],[66.47876,25.4357],[66.48281,25.44663],[66.47582,25.45635],[66.36381,25.51835],[66.35491,25.52033],[66.15501,25.5079],[66.17395,25.54516],[66.22464,25.57717],[66.3229,25.5884],[66.42132,25.56309],[66.52086,25.47683],[66.55573,25.37513],[66.55811,25.37097],[66.68452,25.22106],[66.69502,25.1114],[66.66727,24.93088],[66.66767,24.92547],[66.68868,24.85747],[66.70026,24.84787],[67.09581,24.7793],[67.15832,24.74715],[67.27438,24.36563],[67.29428,24.17379],[67.29639,24.16805],[67.35239,24.08505],[67.35871,24.07991],[67.41919,24.05399],[67.46393,24.01108],[67.48992,23.93603],[67.49317,23.93094],[67.55217,23.87294],[67.56039,23.86884],[67.56967,23.87005],[67.63505,23.89999],[67.6535,23.80862],[67.65929,23.80022],[67.66985,23.79772],[67.82084,23.81472],[67.83221,23.82203],[67.86462,23.8813],[67.94117,23.81904],[67.95006,23.81564],[68.00006,23.81264],[68.00925,23.81489],[68.03368,23.82982],[68.10424,23.74495],[68.11269,23.73996],[68.12267,23.74105],[68.12955,23.74771],[68.1612,23.81488],[68.2207,23.59385],[68.22713,23.5857],[68.23797,23.58388],[68.34596,23.60388],[68.35429,23.60839],[68.43486,23.69582],[68.50385,23.73607],[68.67865,23.80105],[68.44507,23.63966],[68.44126,23.63574],[68.40427,23.57774],[68.40404,23.56468],[68.62806,23.1837],[68.63154,23.17977],[68.80753,23.04378],[68.81012,23.04218],[69.22909,22.83719],[69.23277,22.83593],[69.66173,22.74593],[69.66833,22.74594],[69.74333,22.76194],[69.74917,22.76454],[69.85733,22.84418],[70.122,22.93404],[70.2497,22.95709],[70.33375,22.92748],[70.34357,22.92724],[70.35133,22.93275],[70.44426,23.06535],[70.47838,23.07356],[70.49589,23.00939],[70.43366,22.98211],[70.42748,22.97698],[70.16802,22.58528],[70.00369,22.56125],[69.99887,22.55972],[69.81626,22.46597],[69.73023,22.47825],[69.71818,22.47493],[69.64961,22.41763],[69.54959,22.4214],[69.54256,22.42004],[69.2781,22.30045],[69.20428,22.34581],[69.14282,22.42386],[69.13505,22.42887],[69.05605,22.44987],[69.04274,22.44736],[68.97374,22.39536],[68.96852,22.38668],[68.95553,22.29168],[68.9564,22.28518],[68.99541,22.19218],[68.99775,22.18848],[69.18075,21.9835],[69.18256,21.9818],[69.37484,21.83038],[69.5312,21.67003],[69.53225,21.66907],[69.73743,21.49676],[70.02275,21.17056],[70.02491,21.16856],[70.47589,20.82958],[70.47898,20.8278],[70.71296,20.7278],[70.71662,20.72676],[70.87761,20.70176],[70.88252,20.70178],[71.0275,20.72578],[71.03012,20.72645],[71.4011,20.85744],[71.40361,20.85859],[71.57779,20.95911],[72.02089,21.14373],[72.02604,21.14732],[72.08804,21.21531],[72.08976,21.21767],[72.26678,21.52466],[72.2685,21.53071],[72.27151,21.66071],[72.26917,21.66832],[72.22218,21.73532],[72.22143,21.7363],[72.18243,21.7823],[72.17635,21.7865],[72.06182,21.82839],[72.08679,21.854],[72.08995,21.85923],[72.10695,21.91304],[72.171,21.97427],[72.25118,22.01631],[72.25729,22.02251],[72.28729,22.08451],[72.28795,22.08615],[72.31996,22.18515],[72.31611,22.19868],[72.25311,22.25468],[72.25008,22.25657],[72.33161,22.25656],[72.45323,22.2348],[72.45945,22.23494],[72.59015,22.2642],[72.73816,22.23382],[72.62516,22.21319],[72.62071,22.21164],[72.54571,22.17164],[72.53861,22.16207],[72.50763,21.97807],[72.51084,21.96738],[72.52166,21.96256],[72.66425,21.95937],[72.58203,21.88779],[72.5779,21.88127],[72.52892,21.70027],[72.5314,21.68892],[72.54249,21.68356],[72.83946,21.67356],[72.84202,21.67368],[72.92593,21.68456],[72.80486,21.63218],[72.80154,21.6302],[72.60354,21.47219],[72.59851,21.46231],[72.60304,21.45223],[72.61415,21.4486],[72.69571,21.45462],[72.61396,21.38169],[72.61023,21.36783],[72.67824,21.17384],[72.68245,21.16789],[72.74245,21.1189],[72.74905,21.11583],[72.8018,21.10563],[72.8647,20.827],[72.87951,20.67313],[72.86685,20.56587],[72.69537,20.08221],[72.69481,20.08005],[72.65383,19.83305],[72.654,19.8281],[72.71302,19.57511],[72.71768,19.56778],[72.78061,19.51709],[72.74366,19.45778],[72.74247,19.44663],[72.77447,19.35863],[72.78202,19.35077],[72.89445,19.30223],[72.81391,19.31233],[72.80448,19.31042],[72.79847,19.30331],[72.78148,19.25631],[72.78073,19.25139],[72.78874,19.07839],[72.78931,19.07519],[72.82131,18.9722],[72.82992,18.96342],[72.84255,18.96461],[72.90855,19.00361],[72.91383,19.00915],[72.9675,19.11346],[72.99104,19.02209],[72.88586,18.78415],[72.88495,18.78118],[72.86096,18.64518],[72.86275,18.63612],[72.90336,18.57136],[72.97998,18.09594],[72.98051,18.09382],[73.1417,17.62031],[73.1349,17.5279],[73.13533,17.52355],[73.22512,17.19639],[73.32407,16.45825],[73.32465,16.45578],[73.46267,16.04979],[73.46447,16.0463],[73.59568,15.86442],[73.66713,15.70367],[73.66999,15.69956],[73.72299,15.64756],[73.73324,15.64355],[73.80617,15.64501],[73.76046,15.58055],[73.75805,15.57215],[73.76147,15.5641],[73.90118,15.41047],[73.80106,15.41046],[73.79137,15.40671],[73.78705,15.39755],[73.7905,15.38809],[73.87137,15.29942],[73.93554,15.07142],[73.9377,15.06707],[74.36934,14.48894],[74.45348,14.21382],[74.48536,14.04353],[74.4868,14.03955],[74.59525,13.84456],[74.65731,13.6653],[74.6682,13.50604],[74.66845,13.50427],[74.75747,13.07428],[74.75822,13.07185],[74.85492,12.84061],[74.93272,12.5614],[74.93361,12.55906],[75.18463,12.05208],[75.188,12.04778],[75.30508,11.94857],[75.51341,11.6956],[75.63377,11.46187],[75.6349,11.46006],[75.71189,11.35544],[75.83202,11.05365],[75.90985,10.7803],[75.91047,10.77859],[76.11049,10.3216],[76.11137,10.31991],[76.18722,10.19741],[76.1824,10.08651],[76.1835,10.08061],[76.2105,10.01861],[76.21424,10.01365],[76.33409,9.91426],[76.44256,9.54381],[76.42035,9.5347],[76.38938,9.54877],[76.38559,9.70739],[76.38522,9.71021],[76.35622,9.83021],[76.35419,9.83471],[76.29619,9.91771],[76.2901,9.92252],[76.2471,9.93952],[76.23766,9.93975],[76.23031,9.93383],[76.2286,9.92462],[76.31162,9.44963],[76.31223,9.44737],[76.39024,9.23237],[76.39291,9.22794],[76.45994,9.15412],[76.54007,8.89892],[76.54403,8.89286],[76.60712,8.83765],[76.95638,8.3986],[76.95781,8.39706],[77.05681,8.30607],[77.05801,8.30509],[77.293,8.1341],[77.29696,8.13212],[77.51395,8.06512],[77.5261,8.06725],[77.5933,8.1179],[77.77416,8.17719],[77.77752,8.17883],[78.06752,8.37382],[78.07198,8.37879],[78.13798,8.50479],[78.13949,8.51017],[78.14943,8.66099],[78.20441,8.88479],[78.28449,8.98031],[78.42733,9.09281],[78.98154,9.25541],[79.21045,9.24263],[79.40678,9.17917],[79.41819,9.18058],[79.42443,9.19018],[79.42103,9.2011],[79.36603,9.2611],[79.36117,9.26448],[79.28017,9.29748],[79.27756,9.29825],[79.02731,9.34536],[78.93351,9.45682],[78.95303,9.56184],[79.00771,9.67606],[79.26894,10.027],[79.2716,10.03541],[79.26774,10.17076],[79.32449,10.24704],[79.39606,10.29318],[79.53162,10.31626],[79.66399,10.28684],[79.66882,10.28664],[79.83981,10.30963],[79.8482,10.31407],[79.85162,10.32285],[79.86268,11.19685],[79.86192,11.20144],[79.81193,11.34344],[79.80553,11.35086],[79.79572,11.35209],[79.72647,11.33511],[79.80403,11.43902],[79.80612,11.45089],[79.7682,11.57536],[79.87097,11.98435],[79.9938,12.228],[80.15412,12.44406],[80.15597,12.44751],[80.24198,12.6855],[80.24259,12.68782],[80.35563,13.35881],[80.3535,13.36849],[80.3015,13.4445],[80.29654,13.44889],[80.12363,13.53928],[80.07926,13.60499],[80.1549,13.6919],[80.22066,13.59966],[80.25307,13.51622],[80.25675,13.51097],[80.29774,13.47497],[80.3088,13.47163],[80.31859,13.47766],[80.32026,13.48883],[80.25959,13.68878],[80.23775,13.85968],[80.23692,13.86288],[80.15736,14.06282],[80.12644,14.21068],[80.18284,14.34387],[80.18386,14.3481],[80.19287,14.4771],[80.19251,14.48118],[80.11266,14.80068],[80.06715,15.07385],[80.11439,15.31979],[80.30446,15.70285],[80.39262,15.78142],[80.64825,15.88094],[80.77192,15.8553],[80.8131,15.76078],[80.82074,15.7535],[80.83148,15.75359],[80.86637,15.7679],[80.97601,15.74482],[80.98556,15.74608],[80.99199,15.753],[81.04167,15.87279],[81.14091,15.95159],[81.14526,15.95765],[81.25177,16.2582],[81.29494,16.32525],[81.40302,16.35134],[81.76054,16.31558],[81.76753,16.3166],[82.14751,16.47259],[82.14981,16.47378],[82.26681,16.54878],[82.27091,16.55283],[82.33891,16.65683],[82.34059,16.66053],[82.3736,16.77953],[82.37265,16.78891],[82.29646,16.93838],[82.30066,16.9736],[82.37082,17.087],[82.60071,17.26262],[82.98344,17.44999],[82.98509,17.45094],[83.20608,17.59793],[83.20831,17.59976],[83.66268,18.05909],[84.11056,18.28103],[84.11572,18.28537],[84.19315,18.39257],[84.47346,18.68085],[84.47421,18.68168],[84.70221,18.95666],[84.70293,18.9576],[84.76193,19.04259],[84.76379,19.04654],[84.78371,19.11764],[85.23446,19.49704],[85.44923,19.61536],[85.45494,19.62121],[85.45615,19.62908],[85.45115,19.65908],[85.44178,19.6697],[85.37577,19.69171],[85.36378,19.69065],[85.22426,19.61401],[85.18806,19.60948],[85.17985,19.62134],[85.25975,19.74861],[85.46322,19.88169],[85.49972,19.87505],[85.54104,19.85804],[85.54532,19.76069],[85.50395,19.73874],[85.49788,19.73243],[85.48388,19.70243],[85.4848,19.68994],[85.49623,19.68354],[85.57423,19.67954],[85.57967,19.68025],[86.28361,19.90624],[86.29209,19.91347],[86.32509,19.98247],[86.32614,19.99032],[86.32231,19.99736],[86.27817,20.0402],[86.29016,20.04044],[86.36959,19.99547],[86.38001,19.99382],[86.3888,19.99932],[86.50905,20.16194],[86.75739,20.30144],[86.76329,20.30784],[86.78229,20.35084],[86.78333,20.35719],[86.7778,20.41527],[86.98678,20.69222],[86.98942,20.70017],[86.98655,20.70806],[86.95259,20.75052],[86.91021,20.9684],[86.90959,20.97055],[86.85678,21.1075],[86.87391,21.23208],[86.96519,21.35635],[87.10946,21.48982],[87.20589,21.53225],[87.68145,21.64092],[87.68489,21.64215],[87.83088,21.71515],[87.83343,21.71676],[87.95742,21.81475],[87.96078,21.81859],[88.06312,21.99344],[88.17022,22.11343],[88.17345,22.12367],[88.1676,22.13287],[88.00053,22.24569],[88.1804,22.13349],[88.16675,22.03605],[88.04325,21.69831],[88.04694,21.6843],[88.11194,21.6263],[88.12036,21.62262],[88.25235,21.60863],[88.2624,21.61103],[88.26816,21.61905],[88.29196,21.71713],[88.29571,21.71266],[88.4367,21.60367],[88.45088,21.60133],[88.58987,21.64732],[88.59906,21.65664],[88.61406,21.71064],[88.61406,21.71738],[88.58197,21.83213],[88.64363,22.07055],[88.64607,22.0631],[88.6565,22.05394],[88.69851,22.04431],[88.72479,22.00244],[88.67667,21.73521],[88.6765,21.7323],[88.6805,21.6613],[88.68252,21.65512],[88.73253,21.57713],[88.74295,21.57068],[88.7549,21.57416],[88.8439,21.65116],[88.84803,21.65756],[88.86212,21.70687],[88.89399,21.64705],[88.90394,21.63985],[88.96394,21.62785],[88.96937,21.62773],[89.05436,21.64073],[89.06379,21.64616],[89.06632,21.65619],[89.03434,21.83619],[89.03229,21.84118],[88.97562,21.92421],[89.02779,21.92355],[89.03749,21.9268],[89.04241,21.93519],[89.05751,22.03761],[89.06765,22.0121],[89.07951,21.87195],[89.08297,21.86423],[89.22298,21.71324],[89.22909,21.70934],[89.27408,21.69434],[89.28187,21.69381],[89.35686,21.70781],[89.36476,21.71196],[89.46276,21.81196],[89.46506,21.81511],[89.51407,21.9081],[89.51554,21.91379],[89.51755,22.03179],[89.51734,22.0343],[89.49473,22.15473],[89.53259,21.98203],[89.55454,21.76574],[89.55912,21.75714],[89.56873,21.75355],[89.57848,21.75681],[89.63747,21.8038],[89.64058,21.80727],[89.67839,21.86777],[89.76348,21.90696],[89.76839,21.91064],[89.82339,21.97463],[89.82573,21.97855],[89.86674,22.08655],[89.8674,22.08906],[89.88041,22.17106],[89.88049,22.17439],[89.86778,22.28791],[89.89487,22.38035],[89.9379,22.41295],[89.88112,22.31429],[89.87942,22.30799],[89.87943,22.20299],[89.87988,22.19968],[89.90389,22.11268],[89.90429,22.11147],[89.9403,22.01847],[89.94939,22.01025],[89.96201,22.01178],[90.14926,22.12572],[90.16886,22.13128],[90.07666,22.02542],[90.07355,22.01861],[90.05657,21.88861],[90.06152,21.8768],[90.14952,21.80681],[90.16179,21.80381],[90.23378,21.81681],[90.24255,21.82184],[90.29955,21.89084],[90.3014,21.89378],[90.36827,22.04029],[90.59917,22.24838],[90.60318,22.25488],[90.63019,22.35888],[90.63015,22.36525],[90.61016,22.43925],[90.60821,22.44337],[90.50259,22.59165],[90.51227,22.63212],[90.5111,22.64097],[90.44971,22.755],[90.45156,22.82512],[90.47271,22.87079],[90.55591,22.89205],[90.56377,22.89702],[90.56664,22.90538],[90.56329,22.91357],[90.49182,22.99278],[90.48199,23.0477],[90.6032,23.12287],[90.60966,23.13439],[90.60568,23.26639],[90.6026,23.27426],[90.5346,23.35426],[90.52556,23.35924],[90.39822,23.37965],[90.31972,23.43647],[90.55408,23.40867],[90.56513,23.41148],[90.57063,23.42069],[90.5868,23.56901],[90.59088,23.57072],[90.60134,23.44099],[90.60163,23.43914],[90.64114,23.27229],[90.61943,23.09548],[90.61993,23.09022],[90.64193,23.02122],[90.64298,23.01882],[90.814,22.71483],[90.81603,22.7121],[90.93504,22.58811],[90.94731,22.58362],[91.15229,22.60062],[91.1572,22.60184],[91.22219,22.62984],[91.2256,22.63188],[91.41959,22.78687],[91.42182,22.78909],[91.46627,22.84499],[91.46737,22.79671],[91.46889,22.79103],[91.51689,22.70203],[91.51823,22.70002],[91.68036,22.49813],[91.78375,22.29139],[91.79394,22.28387],[91.80658,22.28689],[91.83522,22.30989],[91.811,22.23272],[91.81081,22.22593],[91.89885,21.87993],[91.89971,21.87756],[91.99353,21.68206],[91.9965,21.51578],[91.99661,21.51438],[92.04164,21.17338],[92.04364,21.16803],[92.29567,20.78304],[92.30994,20.7767],[92.31797,20.77771],[92.59626,20.4622],[92.71076,20.28898],[92.7205,20.2828],[92.73191,20.28546],[92.73736,20.29518],[92.74737,20.45218],[92.74711,20.45563],[92.72673,20.54992],[92.72798,20.54988],[92.87357,20.34044],[92.77934,20.21887],[92.77669,20.20979],[92.78108,20.20131],[92.81808,20.16831],[92.82143,20.16608],[92.87543,20.14009],[92.88524,20.13893],[92.89352,20.14396],[93.00252,20.27995],[93.00459,20.28358],[93.04132,20.38209],[93.05098,20.37364],[93.00106,20.18828],[93.00345,20.17704],[93.01427,20.17161],[93.0667,20.16903],[92.99093,20.08356],[92.9877,20.07629],[92.98941,20.06858],[93.11642,19.85159],[93.12732,19.84469],[93.18931,19.83769],[93.19965,19.84029],[93.20516,19.84886],[93.21317,19.89586],[93.21283,19.90152],[93.17443,20.0323],[93.25086,20.05613],[93.40372,20.02556],[93.57307,19.89953],[93.58229,19.8966],[93.68018,19.89818],[93.59999,19.78334],[93.59797,19.77329],[93.60413,19.76482],[93.72792,19.68843],[93.75638,19.60592],[93.75917,19.60127],[93.82917,19.52527],[93.83407,19.52183],[93.95215,19.47108],[93.98207,19.43794],[93.94972,19.33729],[93.82251,19.25279],[93.73547,19.27882],[93.58888,19.41066],[93.57801,19.41437],[93.53001,19.41137],[93.52196,19.4084],[93.48395,19.3794],[93.47893,19.37142],[93.48065,19.36228],[93.69268,19.0203],[93.69767,19.01553],[93.92166,18.88854],[93.93363,18.88732],[93.9423,18.89514],[93.98131,18.99014],[93.98206,18.99717],[93.95665,19.13939],[94.00963,19.17065],[94.01596,19.17914],[94.02841,19.23332],[94.02474,19.14658],[94.02482,19.14452],[94.05584,18.89151],[94.057,18.88756],[94.078,18.84356],[94.08255,18.83825],[94.20911,18.75008],[94.16914,18.74528],[94.16082,18.7414],[94.15685,18.73351],[94.15891,18.72498],[94.23829,18.60446],[94.2519,18.50534],[94.25334,18.50096],[94.41734,18.19787],[94.48002,17.82298],[94.48132,17.81911],[94.54653,17.69464],[94.57473,17.56828],[94.55018,17.31278],[94.46036,17.141],[94.45899,17.13655],[94.43832,16.95832],[94.38778,16.87472],[94.38619,16.87066],[94.33941,16.64368],[94.31481,16.57932],[94.26088,16.52635],[94.25709,16.51894],[94.20011,16.12893],[94.20003,16.12595],[94.21004,16.01495],[94.21401,16.00669],[94.22255,16.00269],[94.29754,15.99469],[94.30653,15.99666],[94.44952,16.08265],[94.45343,16.08617],[94.59788,16.27909],[94.67262,16.32471],[94.67875,16.33322],[94.70053,16.43418],[94.7057,16.39986],[94.66342,16.24546],[94.66298,16.24163],[94.66688,16.13557],[94.63808,16.07027],[94.63702,16.06423],[94.64803,15.90323],[94.65155,15.89517],[94.65949,15.89085],[94.6685,15.8921],[94.80449,15.95909],[94.80912,15.96279],[94.85912,16.02478],[94.86147,16.02923],[94.878,16.08437],[94.87699,15.97922],[94.87762,15.97514],[94.92963,15.81415],[94.93568,15.80665],[94.94536,15.8048],[95.07829,15.82548],[95.1752,15.81275],[95.18839,15.81814],[95.34439,16.02512],[95.34444,16.02523],[95.35047,15.98739],[95.29556,15.88623],[95.29402,15.88083],[95.28703,15.75683],[95.28928,15.74879],[95.29604,15.74354],[95.38503,15.71054],[95.39828,15.71216],[95.56427,15.82715],[95.56673,15.82933],[95.68973,15.96832],[95.69193,15.97177],[95.77359,16.15839],[96.01681,16.24141],[96.02527,16.24957],[96.05317,16.32696],[96.13559,16.32965],[96.14081,16.33079],[96.29879,16.39779],[96.30364,16.4012],[96.33464,16.4352],[96.33802,16.44311],[96.33563,16.45139],[96.25112,16.5709],[96.25206,16.6307],[96.25131,16.63521],[96.20644,16.76067],[96.21922,16.76603],[96.23636,16.75658],[96.26818,16.59366],[96.2723,16.58641],[96.3543,16.51141],[96.36068,16.50805],[96.42768,16.49205],[96.43285,16.49175],[96.50884,16.50075],[96.51293,16.50185],[96.62793,16.55185],[96.63233,16.55487],[96.77533,16.70086],[96.77685,16.70273],[96.82286,16.77073],[96.82421,16.77332],[96.92223,17.02631],[96.92242,17.03497],[96.86627,17.20152],[96.92239,17.29853],[96.92219,17.31164],[96.89776,17.35141],[96.96018,17.30734],[97.08906,17.15666],[97.09167,17.15429],[97.18108,17.09171],[97.16606,17.06918],[97.16416,17.0596],[97.19817,16.8906],[97.19871,16.88871],[97.25372,16.73871],[97.25634,16.73438],[97.31834,16.66561],[97.3625,16.51943],[97.36795,16.51214],[97.37698,16.50969],[97.62096,16.52369],[97.62437,16.52429],[97.66306,16.53598],[97.65586,16.5302],[97.6523,16.5258],[97.6213,16.4638],[97.61996,16.45769],[97.62692,16.25543],[97.57035,16.02312],[97.57327,16.01152],[97.69668,15.8705],[97.75982,15.43175],[97.7304,15.31013],[97.73123,15.30176],[97.78616,15.18212],[97.79809,14.85868],[97.79934,14.8536],[97.85635,14.7336],[97.86381,14.7267],[97.87412,14.72655],[97.932,14.74783],[97.9759,14.68842],[97.93509,14.70791],[97.92411,14.70853],[97.91618,14.70132],[97.89719,14.65832],[97.89682,14.64891],[97.96347,14.45796],[97.98429,14.33305],[97.98594,14.32854],[98.08558,14.15957],[98.05929,13.98811],[98.05964,13.98265],[98.08428,13.89594],[98.0972,13.71228],[98.09904,13.70645],[98.13805,13.64145],[98.14699,13.63504],[98.15786,13.63693],[98.16369,13.64592],[98.20921,13.94819],[98.22529,13.92923],[98.23117,13.73279],[98.2336,13.72561],[98.40851,13.47817],[98.47391,13.28896],[98.47549,13.28582],[98.56288,13.1572],[98.64925,12.66099],[98.6512,12.54266],[98.61122,12.44612],[98.6121,12.43453],[98.66134,12.35127],[98.61015,12.31032],[98.60596,12.30441],[98.58697,12.24941],[98.58704,12.24081],[98.59252,12.23396],[98.62352,12.21396],[98.63123,12.21169],[98.67718,12.21169],[98.6509,12.1312],[98.65041,12.12534],[98.67451,11.96149],[98.63478,11.91904],[98.6315,11.91255],[98.6115,11.80355],[98.61149,11.79899],[98.62249,11.73599],[98.63162,11.72546],[98.68961,11.70547],[98.70091,11.70639],[98.80358,11.76282],[98.85335,11.72147],[98.78326,11.67611],[98.77956,11.67251],[98.72956,11.5995],[98.72732,11.59278],[98.71633,11.33077],[98.7165,11.3281],[98.73074,11.24269],[98.67107,11.1397],[98.66935,11.13387],[98.6625,10.99095],[98.52505,10.7494],[98.45557,10.68579],[98.45157,10.67394],[98.5092,10.35308],[98.48354,10.18522],[98.484,10.1793],[98.50801,10.1033],[98.50922,10.10057],[98.55122,10.02857],[98.55817,10.02265],[98.56728,10.02228],[98.57447,10.02763],[98.66664,10.16733],[98.68054,10.17073],[98.54933,9.84306],[98.5488,9.84141],[98.48042,9.56688],[98.43194,9.50093],[98.43018,9.49763],[98.35819,9.29562],[98.35757,9.29309],[98.31282,8.97274],[98.22947,8.77328],[98.2285,8.76917],[98.21351,8.54516],[98.21354,8.5431],[98.22454,8.4221],[98.2252,8.41902],[98.29221,8.22202],[98.29738,8.21518],[98.35338,8.17618],[98.35927,8.17384],[98.41927,8.16484],[98.43183,8.16981],[98.48483,8.23881],[98.48671,8.24223],[98.51056,8.30735],[98.57706,8.32923],[98.69314,8.24844],[98.77661,8.05503],[98.78289,8.04828],[98.96609,7.95223],[99.03714,7.88303],[99.02955,7.76718],[99.03213,7.7584],[99.06713,7.71041],[99.07833,7.7047],[99.17677,7.7047],[99.25304,7.6115],[99.28765,7.55573],[99.34615,7.36838],[99.35317,7.36017],[99.42917,7.32217],[99.43462,7.32073],[99.52862,7.31573],[99.5343,7.31665],[99.57537,7.33297],[99.54017,7.22331],[99.54235,7.21116],[99.59136,7.14716],[99.60153,7.14174],[99.66286,7.13802],[99.7059,7.10078],[99.68264,6.87871],[99.68819,6.8664],[99.85975,6.74047],[100.10705,6.43582],[100.14527,6.3202],[100.14729,6.31632],[100.25123,6.17675],[100.32999,5.98087],[100.36051,5.77813],[100.33971,5.58983],[100.33994,5.58555],[100.45997,5.04154],[100.46046,5.03986],[100.60167,4.65009],[100.60168,4.37343],[100.60229,4.36944],[100.6483,4.22244],[100.64998,4.21893],[100.77783,4.02671],[100.70708,3.97692],[100.70185,3.96842],[100.70428,3.95851],[100.84029,3.76952],[100.84244,3.76716],[101.01474,3.61665],[101.10361,3.4656],[101.10497,3.46367],[101.28778,3.24728],[101.34008,3.01293],[101.28391,2.89089],[101.28333,2.88157],[101.28907,2.87397],[101.39845,2.80303],[101.51017,2.6755],[101.51525,2.67182],[101.77328,2.56309],[101.88016,2.44053],[101.88207,2.43872],[102.13808,2.23773],[102.14035,2.23628],[102.54027,2.03136],[102.71765,1.84705],[102.7228,1.84366],[102.89196,1.77998],[103.34898,1.5356],[103.38897,1.49097],[103.46811,1.3238],[103.47356,1.31778],[103.48134,1.31583],[103.55134,1.31983],[103.55858,1.3226],[103.7013,1.43776],[103.81703,1.46338],[103.91166,1.43441],[103.91696,1.43389],[103.99396,1.44189],[104.00228,1.44627],[104.00518,1.45526],[103.99636,1.59066],[104.06452,1.52323],[104.10247,1.4084],[104.10723,1.40171],[104.16823,1.35471],[104.18227,1.35313],[104.28626,1.40413],[104.29311,1.4138],[104.30111,1.4788],[104.30069,1.48406],[104.2317,1.72605],[104.23094,1.72811],[103.97997,2.26611],[103.97954,2.26694],[103.84433,2.51254],[103.82476,2.583],[103.81938,2.59062],[103.5467,2.78399],[103.45233,2.93617],[103.45827,3.26022],[103.45815,3.26224],[103.44243,3.37821],[103.46709,3.51822],[103.46565,3.52687],[103.38591,3.67454],[103.3755,3.7674],[103.43381,3.97296],[103.43422,3.97501],[103.48223,4.391],[103.4823,4.39321],[103.46731,4.66921],[103.46704,4.67122],[103.42905,4.85222],[103.42775,4.8558],[103.20877,5.26781],[103.20797,5.26913],[103.10798,5.41513],[103.10642,5.41703],[102.99143,5.53403],[102.98886,5.53609],[102.79774,5.65555],[102.54417,5.8715],[102.35132,6.1787],[102.34343,6.18467],[102.10695,6.25394],[101.80888,6.48392],[101.62517,6.76101],[101.6232,6.76337],[101.5072,6.87437],[101.50228,6.87742],[101.40528,6.91243],[101.40171,6.9132],[101.3027,6.92121],[101.29941,6.92107],[101.02033,6.8749],[100.80079,7.00565],[100.59476,7.18582],[100.58354,7.18911],[100.49129,7.17469],[100.43265,7.19869],[100.21676,7.50728],[100.1744,7.60163],[100.17166,7.7196],[100.25451,7.75894],[100.30406,7.71022],[100.31011,7.64801],[100.26901,7.59196],[100.26664,7.58272],[100.27064,7.55072],[100.27469,7.54266],[100.28294,7.5388],[100.37057,7.52968],[100.39792,7.46087],[100.4257,7.27937],[100.43309,7.26924],[100.53909,7.21525],[100.54966,7.21443],[100.55734,7.22139],[100.55739,7.23182],[100.4669,7.44564],[100.29222,8.27138],[100.29187,8.2727],[100.24188,8.4287],[100.23957,8.43301],[100.17357,8.51601],[100.16462,8.52114],[100.15474,8.5187],[100.14961,8.51011],[100.14145,8.4512],[100.13159,8.44528],[100.00191,8.59549],[99.97424,8.67374],[99.91844,9.11433],[99.91762,9.11754],[99.84863,9.29254],[99.83884,9.30092],[99.72684,9.32693],[99.71974,9.32671],[99.39411,9.22804],[99.26983,9.27332],[99.30124,9.41184],[99.30062,9.4196],[99.17477,9.73575],[99.20857,10.17372],[99.20859,10.17544],[99.20359,10.26644],[99.20238,10.27127],[99.18134,10.31675],[99.24657,10.37835],[99.25019,10.38443],[99.2977,10.56355],[99.49867,10.88288],[99.50055,10.88811],[99.52742,11.09799],[99.6398,11.45798],[99.73667,11.65465],[99.80963,11.74043],[99.81245,11.74622],[99.84981,11.931],[99.94068,12.03847],[99.94248,12.04127],[100.00149,12.16526],[100.00268,12.16959],[100.01969,12.35358],[100.01964,12.35637],[99.97804,12.68837],[100.10305,13.04151],[100.1032,13.04963],[100.06421,13.17463],[100.06171,13.17921],[100.00594,13.24613],[100.02948,13.34567],[100.12941,13.42847],[100.23956,13.47099],[100.53764,13.5008],[100.54499,13.50378],[100.60273,13.55032],[100.64671,13.51132],[100.65293,13.50811],[100.90208,13.44956],[100.94678,13.42562],[100.91268,13.30672],[100.91238,13.30105],[100.9319,13.18787],[100.89067,13.03861],[100.89022,13.03571],[100.8823,12.82045],[100.84984,12.71911],[100.85098,12.70874],[100.88599,12.64774],[100.89098,12.64272],[100.94698,12.60972],[100.95936,12.6087],[101.09184,12.66033],[101.44305,12.60592],[101.44871,12.60618],[101.72255,12.67489],[102.0257,12.52137],[102.2201,12.32303],[102.23237,12.31892],[102.24255,12.32637],[102.2606,12.36497],[102.33112,12.2466],[102.33485,12.24252],[102.53185,12.09853],[102.54296,12.09603],[102.55204,12.10242],[102.59657,12.17993],[102.75039,12.0061],[102.77864,11.88634],[102.78118,11.88112],[102.87198,11.76664],[102.89926,11.69942],[102.90524,11.69266],[102.91421,11.69092],[102.93621,11.69392],[102.94343,11.69722],[102.94738,11.7039],[102.95658,11.74436],[102.99058,11.70603],[102.99733,11.58856],[103.00071,11.58052],[103.11063,11.45711],[103.07745,11.21301],[103.07741,11.20992],[103.09242,11.07292],[103.09287,11.07067],[103.13988,10.91067],[103.14515,10.90339],[103.1539,10.90081],[103.35488,10.90881],[103.36492,10.91383],[103.53486,11.12866],[103.64275,11.05084],[103.70757,10.88977],[103.66969,10.76873],[103.58623,10.73309],[103.58209,10.7303],[103.53009,10.6783],[103.52647,10.67091],[103.51847,10.60691],[103.52251,10.59576],[103.57751,10.54277],[103.58028,10.54069],[103.65528,10.49769],[103.66751,10.4968],[103.84649,10.5688],[103.8537,10.57591],[103.87897,10.63824],[103.8929,10.6333],[103.92533,10.58048],[103.93538,10.57395],[104.25656,10.52851],[104.5071,10.33026],[104.58209,10.26009],[104.60002,10.2044],[104.60479,10.19773],[104.65479,10.15973],[104.66659,10.15721],[104.79695,10.18817],[104.86237,10.10708],[104.87129,10.102],[104.96178,10.08838],[105.01904,10.05698],[105.07083,9.99132],[105.07849,9.91052],[104.98262,9.88157],[104.97936,9.88009],[104.89536,9.82709],[104.88988,9.81975],[104.83188,9.60974],[104.83147,9.6073],[104.80149,9.18629],[104.80146,9.18527],[104.80548,8.80226],[104.81122,8.79147],[104.87643,8.7449],[104.75946,8.60655],[104.7565,8.59786],[104.7602,8.58924],[104.76873,8.58494],[104.89072,8.56995],[104.89522,8.57013],[105.1172,8.61613],[105.12411,8.61996],[105.20017,8.70096],[105.33003,8.79018],[105.33424,8.79504],[105.41271,8.95494],[105.51003,9.08243],[106.17405,9.38508],[106.18081,9.39232],[106.21881,9.49731],[106.21812,9.50751],[106.17113,9.59952],[106.17074,9.60021],[106.12375,9.68021],[106.12233,9.6822],[105.87664,9.96816],[105.91826,9.95107],[106.19423,9.66619],[106.1964,9.66436],[106.3704,9.54537],[106.37883,9.54289],[106.48482,9.54589],[106.49358,9.54942],[106.58157,9.63142],[106.5855,9.64194],[106.5775,9.71693],[106.57598,9.7218],[106.51898,9.8268],[106.5166,9.82998],[106.19484,10.14978],[106.19279,10.15319],[106.43989,9.93054],[106.44261,9.92862],[106.58961,9.84863],[106.60399,9.84917],[106.66499,9.89016],[106.67058,9.90031],[106.67247,9.98528],[106.79488,10.10671],[106.79859,10.1156],[106.7986,10.15059],[106.79314,10.16125],[106.73714,10.20325],[106.73385,10.2051],[106.53366,10.28446],[106.75731,10.28289],[106.76549,10.28551],[106.7702,10.29243],[106.7912,10.37242],[106.79001,10.3818],[106.75302,10.4498],[106.74278,10.45694],[106.64475,10.4722],[106.72416,10.51879],[106.80249,10.42498],[106.80641,10.42173],[106.89541,10.37174],[106.90731,10.37078],[106.9523,10.38778],[106.96044,10.39751],[106.99711,10.61352],[107.00305,10.62463],[107.02284,10.553],[107.0258,10.54762],[107.0778,10.48962],[107.08502,10.48531],[107.18682,10.46035],[107.25193,10.3895],[107.25935,10.38524],[107.26781,10.38599],[107.4758,10.47399],[107.47848,10.47551],[107.57165,10.54391],[107.84962,10.68735],[108.00321,10.70704],[108.01319,10.71379],[108.10438,10.88551],[108.27529,10.92123],[108.28093,10.92386],[108.55787,11.14423],[108.70431,11.1865],[108.70983,11.18965],[108.82768,11.30264],[108.9892,11.32307],[108.99651,11.32636],[109.00041,11.33311],[109.05151,11.58087],[109.13464,11.58802],[109.14524,11.59483],[109.21125,11.71882],[109.21191,11.72895],[109.17226,11.8373],[109.20923,11.98339],[109.23389,11.90559],[109.24157,11.8972],[109.2531,11.89716],[109.2603,11.90551],[109.27231,11.95151],[109.27193,11.95893],[109.22965,12.07499],[109.22116,12.39817],[109.30193,12.37839],[109.31131,12.37926],[109.3177,12.38569],[109.31807,12.39465],[109.23468,12.64194],[109.33399,12.73192],[109.4337,12.59289],[109.44426,12.58702],[109.45539,12.5912],[109.45848,12.60219],[109.43377,12.71982],[109.43777,12.95542],[109.43552,12.96284],[109.38951,13.03038],[109.3231,13.22274],[109.32178,13.22547],[109.28613,13.28176],[109.30175,13.44952],[109.30141,13.45376],[109.26578,13.59235],[109.26203,13.78927],[109.27532,13.76012],[109.28389,13.75266],[109.29532,13.75377],[109.30166,13.76268],[109.31667,13.85368],[109.31623,13.8595],[109.22059,14.15645],[109.20475,14.27137],[109.20409,14.27399],[109.10086,14.55497],[109.0989,14.71585],[109.09644,14.72316],[109.03436,14.8089],[108.95336,15.00452],[108.91161,15.18352],[108.91107,15.18525],[108.83409,15.38225],[108.82937,15.38827],[108.68345,15.4935],[108.58895,15.59294],[108.45921,15.76924],[108.40776,15.87712],[108.40548,15.88046],[108.2991,15.99466],[108.28079,16.09202],[108.276,16.09985],[108.267,16.10306],[108.21763,16.10392],[108.18252,16.16965],[108.18095,16.17196],[108.03996,16.33897],[108.02664,16.34392],[107.88254,16.32334],[107.84467,16.33281],[107.8162,16.4072],[107.81354,16.41146],[107.73454,16.49647],[107.732,16.49862],[107.55673,16.61452],[107.56273,16.64],[107.55791,16.65298],[107.36391,16.80399],[107.36244,16.805],[107.19161,16.90653],[107.13327,17.06019],[107.12917,17.06581],[106.74656,17.37572],[106.52862,17.67033],[106.52434,17.67412],[106.45159,17.71599],[106.47396,17.70781],[106.48346,17.7075],[106.49094,17.71283],[106.49304,17.7214],[106.47357,17.87142],[106.51161,17.93988],[106.51305,17.94747],[106.50963,17.95455],[106.25064,18.22956],[106.2455,18.23304],[106.15219,18.27036],[106.0757,18.32556],[105.89974,18.50945],[105.63687,18.96807],[105.65229,19.05058],[105.72614,19.11867],[105.72918,19.12287],[105.80419,19.28886],[105.80525,19.29474],[105.79942,19.37749],[105.82576,19.46333],[105.8263,19.46669],[105.82826,19.58403],[105.99545,19.93017],[106.0668,19.97408],[106.16686,19.97889],[106.17628,19.98277],[106.40551,20.19605],[106.52664,20.27846],[106.53094,20.28319],[106.58594,20.38618],[106.58723,20.39384],[106.56622,20.52283],[106.76382,20.72627],[106.76675,20.73887],[106.68985,20.96077],[106.69442,20.98363],[106.88229,20.93735],[106.89005,20.9374],[107.07014,20.9841],[107.10108,20.95149],[107.10886,20.94723],[107.16186,20.93623],[107.17266,20.93785],[107.36165,21.04385],[107.36811,21.05212],[107.4225,21.27543],[107.64248,21.35586],[107.6463,21.35792],[107.81506,21.4845],[108.06886,21.51303],[108.07402,21.51453],[108.14925,21.55167],[108.24495,21.54497],[108.25741,21.54988],[108.31341,21.61388],[108.31595,21.61833],[108.33496,21.67785],[108.37441,21.66765],[108.43248,21.59912],[108.44076,21.59429],[108.45053,21.59531],[108.50852,21.6213],[108.51462,21.6265],[108.53863,21.6645],[108.5393,21.67617],[108.50731,21.7421],[108.49563,21.89139],[108.58573,21.88823],[108.59955,21.86814],[108.57578,21.82148],[108.57616,21.80995],[108.60316,21.76395],[108.60577,21.76078],[108.76178,21.62079],[108.77191,21.61695],[109.02708,21.61401],[109.09155,21.58042],[109.11668,21.54312],[109.06874,21.44532],[109.06907,21.4342],[109.07881,21.4273],[109.14581,21.4133],[109.15135,21.41312],[109.34933,21.44113],[109.35329,21.44222],[109.55027,21.52622],[109.55676,21.53174],[109.55837,21.53964],[109.53839,21.67435],[109.58421,21.66116],[109.67441,21.51862],[109.68796,21.512],[109.74395,21.515],[109.75623,21.52261],[109.7628,21.53574],[109.81892,21.47567],[109.82962,21.47099],[109.91525,21.46846],[109.90739,21.38588],[109.77565,21.34944],[109.76572,21.33921],[109.74629,21.23329],[109.66936,21.1398],[109.66702,21.12879],[109.68904,21.05316],[109.64907,20.9205],[109.65076,20.91019],[109.79003,20.70818],[109.77772,20.62381],[109.77954,20.61557],[109.84855,20.50757],[109.85297,20.50327],[109.95583,20.43982],[109.96354,20.41817],[109.88748,20.42593],[109.87666,20.42298],[109.87164,20.41384],[109.86864,20.36484],[109.87137,20.35645],[109.92637,20.28745],[109.93553,20.2822],[110.12051,20.25121],[110.12534,20.25115],[110.34732,20.28215],[110.35277,20.284],[110.45776,20.34399],[110.46243,20.34836],[110.53043,20.45335],[110.53233,20.46108],[110.52633,20.51908],[110.52132,20.52782],[110.32911,20.67659],[110.33884,20.7125],[110.37999,20.74177],[110.38443,20.74716],[110.40143,20.78615],[110.40119,20.79616],[110.37819,20.84316],[110.36669,20.85089],[110.19135,20.87081],[110.16918,20.94419],[110.20612,21.03008],[110.38423,21.16193],[110.3892,21.16943],[110.42155,21.31862],[110.42231,21.31827],[110.44386,21.22836],[110.45081,21.21977],[110.49681,21.19578],[110.50589,21.19411],[110.56888,21.20111],[110.57699,21.20453],[110.77806,21.37505],[111.0001,21.4173],[111.01115,21.42714],[111.02863,21.49876],[111.05622,21.49813],[111.09254,21.47452],[111.1012,21.47203],[111.31918,21.47303],[111.32776,21.47561],[111.39772,21.52257],[111.60493,21.54615],[111.61134,21.54834],[111.69033,21.59734],[111.6936,21.60014],[111.78316,21.7059],[111.87277,21.70406],[111.88436,21.70886],[111.93736,21.76786],[111.94019,21.77317],[111.95548,21.83601],[112.0208,21.83037],[112.18623,21.7516],[112.19012,21.75034],[112.30211,21.72935],[112.31399,21.73178],[112.39898,21.79078],[112.40436,21.80283],[112.37665,21.96639],[112.39167,21.96765],[112.41634,21.95046],[112.42375,21.92747],[112.40727,21.88533],[112.411,21.87169],[112.485,21.80869],[112.48852,21.80648],[112.57952,21.76548],[112.58909,21.76435],[112.5973,21.7688],[112.67089,21.84926],[112.80847,21.92921],[112.89528,21.87074],[112.90322,21.86811],[112.91142,21.86985],[112.96141,21.89584],[112.96506,21.89854],[112.99506,21.92954],[112.99844,21.9364],[113.02197,22.11372],[113.08476,22.18273],[113.13549,22.07029],[113.14173,22.06388],[113.15106,22.06221],[113.26805,22.07622],[113.27548,22.07915],[113.3745,22.15366],[113.55304,22.21087],[113.56201,22.21938],[113.60302,22.34637],[113.60137,22.35675],[113.56562,22.40755],[113.56761,22.59379],[113.56502,22.60126],[113.46353,22.73134],[113.44619,22.79208],[113.44227,22.79813],[113.35814,22.87163],[113.34875,22.90317],[113.44623,22.92864],[113.45608,22.93737],[113.47408,22.99237],[113.4743,22.99875],[113.46142,23.04943],[113.52649,23.0902],[113.59266,23.10659],[113.57893,23.0829],[113.5774,23.07826],[113.57141,23.02125],[113.5716,23.01769],[113.60562,22.85868],[113.60753,22.85432],[113.64853,22.79532],[113.6517,22.79211],[113.74238,22.72581],[113.81501,22.60118],[113.81867,22.59715],[113.92167,22.52115],[113.92747,22.51853],[113.99728,22.50275],[113.99435,22.4925],[113.88868,22.43919],[113.88272,22.43342],[113.88168,22.42565],[113.88868,22.39365],[113.89256,22.38708],[113.92656,22.35608],[113.93899,22.35223],[114.03131,22.36282],[114.26284,22.28401],[114.2747,22.28453],[114.28211,22.29267],[114.30357,22.36546],[114.34227,22.3848],[114.34833,22.39068],[114.34926,22.39861],[114.33926,22.43961],[114.3324,22.44803],[114.3007,22.46468],[114.30548,22.49726],[114.30392,22.50491],[114.28455,22.53744],[114.3452,22.57949],[114.41389,22.5708],[114.48668,22.51717],[114.49669,22.51416],[114.55468,22.51616],[114.56503,22.52051],[114.56853,22.53013],[114.55906,22.61739],[114.65787,22.73999],[114.69928,22.72876],[114.73602,22.62235],[114.74078,22.6161],[114.74868,22.61322],[114.85267,22.60422],[114.8618,22.60609],[114.90379,22.62909],[114.90979,22.63566],[114.92529,22.67442],[115.01602,22.69663],[115.02258,22.70007],[115.10034,22.77103],[115.1947,22.80279],[115.37557,22.70801],[115.38312,22.70618],[115.49811,22.70618],[115.51098,22.71302],[115.57152,22.81487],[115.64101,22.8395],[115.84822,22.78966],[115.85774,22.79018],[116.06671,22.86645],[116.15853,22.87427],[116.16801,22.8785],[116.25569,22.96525],[116.33967,22.92952],[116.3468,22.92823],[116.47178,22.93323],[116.48302,22.93861],[116.53202,22.99961],[116.53459,23.00575],[116.55209,23.17383],[116.59259,23.20589],[116.67112,23.21535],[116.68202,23.22203],[116.71202,23.27202],[116.71305,23.28161],[116.69606,23.3306],[116.68936,23.33801],[116.6764,23.34461],[116.71332,23.34727],[116.72064,23.34962],[116.86962,23.44261],[116.87535,23.45014],[116.92216,23.63174],[117.0256,23.6114],[117.07255,23.57008],[117.08096,23.56638],[117.0902,23.56783],[117.23218,23.63583],[117.23623,23.63869],[117.297,23.70038],[117.3193,23.6976],[117.35378,23.58579],[117.36325,23.57697],[117.37692,23.57881],[117.42591,23.61081],[117.43095,23.61684],[117.47596,23.73183],[117.47672,23.73654],[117.47472,23.77154],[117.46982,23.78044],[117.45177,23.79448],[117.47529,23.8294],[117.57694,23.84379],[117.62177,23.82549],[117.63381,23.82526],[117.64197,23.83285],[117.6811,23.9326],[117.74873,24.00206],[117.83856,23.99928],[117.8517,24.00544],[117.9159,24.09828],[118.06683,24.23728],[118.07077,24.2466],[118.06578,24.3276],[118.06456,24.33204],[118.03756,24.38504],[118.02582,24.39261],[117.88711,24.40793],[117.86232,24.43671],[117.85931,24.46206],[118.00691,24.4693],[118.01634,24.47285],[118.02076,24.48082],[118.02833,24.55448],[118.09343,24.61423],[118.19077,24.61333],[118.28724,24.56221],[118.29907,24.56076],[118.4129,24.58801],[118.55764,24.56748],[118.56663,24.56861],[118.66362,24.60961],[118.67067,24.616],[118.73267,24.74099],[118.73352,24.74859],[118.72911,24.75525],[118.65426,24.81495],[118.65284,24.82774],[118.91457,24.91722],[118.92217,24.92305],[118.96917,24.99904],[118.97028,25.00852],[118.93024,25.12486],[118.98767,25.19843],[119.02691,25.21012],[119.23464,25.19339],[119.24382,25.19519],[119.29382,25.22119],[119.3003,25.22836],[119.29946,25.2374],[119.25747,25.3124],[119.25307,25.31703],[119.18169,25.36367],[119.16275,25.41144],[119.18856,25.43877],[119.26258,25.45483],[119.33948,25.43394],[119.34715,25.43361],[119.41918,25.44655],[119.58503,25.35733],[119.59443,25.3554],[119.60323,25.35875],[119.63222,25.38174],[119.63691,25.39165],[119.63391,25.43765],[119.63267,25.44206],[119.5543,25.59295],[119.56768,25.69607],[119.66209,25.91463],[119.66241,25.92247],[119.63342,26.00747],[119.62832,26.0139],[119.61973,26.01664],[119.50172,26.02164],[119.49172,26.01896],[119.41234,25.96636],[119.33472,25.96185],[119.27384,25.98514],[119.17435,26.10217],[119.22633,26.0921],[119.30529,26.05214],[119.31208,26.05036],[119.46207,26.04237],[119.47328,26.04576],[119.70219,26.2259],[119.88893,26.32325],[119.89525,26.32993],[119.89508,26.33846],[119.79911,26.55146],[119.79679,26.55488],[119.73779,26.61689],[119.72842,26.62148],[119.64911,26.6323],[119.60502,26.73245],[119.6039,26.76328],[119.70273,26.71791],[119.712,26.71646],[119.72048,26.7199],[119.77748,26.76589],[119.78135,26.77106],[119.80142,26.82212],[119.8083,26.82507],[119.8059,26.73728],[119.80682,26.73265],[119.82782,26.68465],[119.83913,26.67659],[119.86432,26.6725],[119.86692,26.60957],[119.86992,26.60243],[119.87724,26.59801],[119.96324,26.57401],[119.97787,26.57644],[120.09686,26.66243],[120.10205,26.67103],[120.11192,26.77848],[120.15291,26.8809],[120.29047,27.08821],[120.39341,27.14551],[120.39729,27.14862],[120.62029,27.4046],[120.62275,27.40897],[120.64375,27.47897],[120.64338,27.48611],[120.60564,27.57727],[120.67523,27.62968],[120.68019,27.63988],[120.67641,27.68631],[120.69847,27.7387],[120.84468,27.88291],[120.84826,27.89104],[120.84827,27.93803],[120.84157,27.94845],[120.7756,27.98521],[120.77049,27.99645],[120.89117,27.99142],[120.89981,27.99319],[120.9668,28.02619],[120.97294,28.03187],[121.11065,28.28348],[121.15385,28.31588],[121.20764,28.33028],[121.25762,28.21765],[121.26395,28.21128],[121.27374,28.2095],[121.35673,28.21751],[121.36408,28.2199],[121.51226,28.30977],[121.60439,28.28029],[121.61457,28.28002],[121.62273,28.28504],[121.62526,28.29314],[121.61727,28.36813],[121.61633,28.3715],[121.49174,28.6404],[121.53003,28.70392],[121.59517,28.72318],[121.60091,28.72618],[121.64091,28.75918],[121.64468,28.76428],[121.67669,28.84728],[121.67676,28.85464],[121.67176,28.86076],[121.5975,28.91008],[121.63798,28.90366],[121.65267,28.90784],[121.69167,28.94484],[121.69508,28.95565],[121.68009,29.01365],[121.67543,29.0203],[121.53144,29.12731],[121.52439,29.13028],[121.47324,29.1394],[121.5422,29.22436],[121.65574,29.22343],[121.66171,29.22435],[121.71624,29.24224],[121.77962,29.21654],[121.84034,29.12309],[121.84676,29.11788],[121.85569,29.11653],[121.91968,29.12253],[121.9289,29.12616],[121.93335,29.13367],[121.98339,29.48964],[121.98322,29.49343],[121.95624,29.60842],[121.94816,29.61718],[121.89516,29.63918],[121.88196,29.63953],[121.81595,29.61653],[121.81182,29.61441],[121.68312,29.52277],[121.57022,29.50685],[121.68594,29.57379],[121.68825,29.57542],[121.91588,29.77025],[122.0912,29.85939],[122.09816,29.86728],[122.09616,29.87678],[122.08638,29.88227],[121.94956,29.9059],[121.81953,29.96304],[121.8159,29.96418],[121.68696,29.99017],[121.44524,30.2349],[121.44238,30.23712],[121.35038,30.29213],[121.34602,30.29395],[121.26301,30.31596],[121.25777,30.31658],[121.15876,30.31458],[121.15028,30.31237],[120.89841,30.17311],[120.64078,30.14651],[120.50809,30.31],[120.49923,30.31518],[120.48828,30.31433],[120.35116,30.26026],[120.27725,30.27312],[120.455,30.37547],[120.62819,30.37836],[120.81728,30.34273],[120.82914,30.34431],[120.90513,30.38231],[120.91101,30.38754],[121.00986,30.54901],[121.31759,30.68906],[121.3212,30.6913],[121.42868,30.78004],[121.53317,30.82894],[121.77114,30.85758],[121.77634,30.85896],[121.88533,30.90596],[121.89249,30.91227],[121.89306,30.92072],[121.80111,31.16672],[121.79934,31.16982],[121.67436,31.32683],[121.6699,31.33047],[121.36185,31.49446],[121.21735,31.63602],[121.21473,31.63804],[121.06473,31.72905],[121.06022,31.73095],[120.94477,31.76154],[120.80111,31.8286],[120.73102,31.98831],[120.71948,31.99634],[120.50046,32.03236],[120.49045,32.03141],[120.19053,31.91932],[120.07115,31.9423],[120.1033,31.9627],[120.18142,31.95351],[120.19123,31.95485],[120.52197,32.09268],[120.65559,32.069],[120.78214,32.02167],[120.96204,31.86057],[120.9707,31.85664],[121.14268,31.82965],[121.14742,31.82948],[121.3484,31.84608],[121.67306,31.70104],[121.67992,31.69945],[121.8649,31.69146],[121.87721,31.69525],[121.88181,31.70507],[121.87183,31.81706],[121.87148,31.81894],[121.84749,31.90294],[121.84512,31.90722],[121.76414,32.00023],[121.76206,32.00215],[121.68507,32.06016],[121.68112,32.06232],[121.50125,32.13114],[121.41985,32.21069],[121.41696,32.37238],[121.41308,32.38038],[121.35408,32.43338],[121.34949,32.43621],[120.99918,32.57755],[120.869,32.66689],[120.86902,32.76158],[120.91167,32.83813],[120.91293,32.8447],[120.88696,33.0187],[120.88547,33.0227],[120.74887,33.24212],[120.6312,33.49552],[120.62996,33.49757],[120.52096,33.64196],[120.51617,33.7169],[120.51541,33.72014],[120.28251,34.27814],[120.27875,34.28296],[120.21276,34.33496],[120.21026,34.33656],[119.97326,34.45858],[119.96933,34.46004],[119.77705,34.50763],[119.59362,34.592],[119.43921,34.72267],[119.43565,34.72492],[119.35965,34.75992],[119.35129,34.76166],[119.21356,34.76075],[119.18193,34.84953],[119.23081,35.00566],[119.36425,35.105],[119.36867,35.11049],[119.44411,35.29364],[119.53597,35.34914],[119.5398,35.35236],[119.73123,35.5793],[119.87296,35.63269],[119.87818,35.63571],[119.99118,35.7317],[119.99392,35.73482],[120.06767,35.85223],[120.22715,35.92419],[120.23044,35.9261],[120.29643,35.9751],[120.3015,35.98287],[120.29895,35.99116],[120.27896,36.01417],[120.26805,36.01947],[120.19116,36.02863],[120.11456,36.11846],[120.19208,36.19075],[120.31626,36.21302],[120.32604,36.18761],[120.31348,36.11119],[120.3172,36.10165],[120.38021,36.04565],[120.38989,36.04154],[120.40099,36.04312],[120.52478,36.09716],[120.64131,36.11773],[120.65051,36.12197],[120.69351,36.15996],[120.69766,36.16833],[120.69868,36.3394],[120.72649,36.40612],[120.77782,36.44061],[120.83849,36.41497],[120.85395,36.41471],[120.90295,36.43271],[120.91249,36.44232],[120.9215,36.48331],[120.921,36.48903],[120.89902,36.54303],[120.8953,36.54783],[120.81655,36.61011],[120.82228,36.62074],[120.87529,36.6223],[120.98281,36.58647],[120.99391,36.58585],[121.0579,36.59885],[121.06356,36.60089],[121.1521,36.6491],[121.6764,36.82454],[121.67862,36.82542],[121.93738,36.94646],[122.15443,36.94647],[122.1884,36.91996],[122.22625,36.84525],[122.23755,36.83781],[122.33654,36.81982],[122.35176,36.82263],[122.53075,36.93762],[122.53682,36.94689],[122.53983,37.00289],[122.53586,37.01138],[122.4696,37.06807],[122.59924,37.17267],[122.60383,37.18234],[122.59037,37.31427],[122.67995,37.39526],[122.68359,37.40587],[122.67471,37.41432],[122.60971,37.43733],[122.60076,37.43845],[122.34095,37.4178],[122.18046,37.46624],[122.12423,37.52916],[122.11352,37.53435],[122.06051,37.54135],[122.04398,37.53671],[121.95771,37.45794],[121.64587,37.47235],[121.39744,37.58968],[121.39138,37.5914],[121.22847,37.61177],[121.06113,37.73411],[121.05694,37.73632],[120.75792,37.84535],[120.74322,37.84537],[120.36466,37.71289],[120.25323,37.6912],[120.24393,37.6867],[120.24004,37.67902],[120.24318,37.67133],[120.29013,37.62354],[120.14495,37.50439],[119.87354,37.36123],[119.86611,37.35009],[119.87085,37.25761],[119.75338,37.16696],[119.45037,37.13774],[119.29216,37.15037],[119.12174,37.21172],[119.01117,37.28545],[118.96993,37.33495],[118.97191,37.49322],[119.00651,37.6344],[119.09947,37.69131],[119.10554,37.69862],[119.10423,37.70699],[119.05476,37.78074],[119.04499,37.90519],[119.04344,37.90973],[118.95547,38.04874],[118.951,38.05297],[118.811,38.13698],[118.80047,38.13968],[118.66745,38.13868],[118.66212,38.13801],[118.5427,38.10817],[118.02248,38.19489],[117.77932,38.32139],[117.67132,38.43039],[117.57503,38.62796],[117.57129,38.68997],[117.6332,38.84908],[117.7993,39.12682],[117.87439,39.17966],[118.0393,39.2136],[118.13727,39.1843],[118.28472,39.0585],[118.2939,39.05455],[118.30468,39.05549],[118.62757,39.1638],[118.74821,39.14753],[118.75373,39.14744],[118.97869,39.17045],[118.98786,39.17346],[119.05085,39.21246],[119.05387,39.21484],[119.23888,39.40082],[119.2421,39.40637],[119.27769,39.55749],[119.4053,39.74493],[119.60085,39.89256],[119.85656,39.9755],[119.85834,39.97616],[120.37572,40.1925],[120.48402,40.21908],[120.49409,40.22503],[120.78534,40.58204],[120.85227,40.63941],[120.93045,40.67222],[120.9361,40.67586],[121.09906,40.83384],[121.18071,40.88797],[121.52952,40.86582],[121.58759,40.83304],[121.5988,40.83045],[121.72878,40.83345],[121.74212,40.83799],[121.77912,40.86798],[121.78283,40.87259],[121.82059,40.95425],[121.84143,40.83985],[121.84779,40.83194],[122.12475,40.68018],[122.16218,40.59865],[122.16691,40.5935],[122.25588,40.53698],[122.24694,40.50283],[122.17526,40.36334],[121.96929,40.14347],[121.85623,40.0542],[121.85348,40.05136],[121.7882,39.96014],[121.50943,39.85609],[121.5005,39.84865],[121.45752,39.75864],[121.45782,39.74981],[121.49678,39.68168],[121.49964,39.64882],[121.40287,39.63326],[121.39586,39.63091],[121.25685,39.55491],[121.25065,39.54883],[121.25014,39.54142],[121.28203,39.45159],[121.25825,39.38782],[121.26071,39.37745],[121.27333,39.37245],[121.51129,39.36246],[121.51462,39.36255],[121.78074,39.388],[121.79054,39.38385],[121.65256,39.27739],[121.64987,39.27469],[121.61287,39.22569],[121.61157,39.21555],[121.65844,39.11556],[121.10036,38.93242],[121.09218,38.92703],[121.08983,38.91926],[121.10486,38.81126],[121.10586,38.80815],[121.14788,38.72716],[121.1585,38.71994],[121.17318,38.72162],[121.32649,38.79632],[121.65334,38.85278],[121.66511,38.85937],[121.68511,38.88637],[121.6859,38.8973],[121.65256,38.95411],[121.68554,38.99009],[121.86244,38.98347],[121.87319,38.98564],[121.99118,39.04263],[121.99388,39.04423],[122.13288,39.14322],[122.13491,39.14493],[122.34692,39.35692],[122.84625,39.58929],[122.96406,39.60779],[122.97346,39.61162],[123.03971,39.66201],[123.22791,39.67456],[123.23822,39.67777],[123.35509,39.75117],[123.58269,39.77364],[123.59644,39.7806],[123.65647,39.86294],[123.74897,39.81202],[123.76068,39.80957],[124.10662,39.82859],[124.11591,39.83103],[124.27689,39.91402],[124.28144,39.91737],[124.35285,39.9931],[124.35583,39.99119],[124.33186,39.90905],[124.33787,39.89709],[124.54291,39.78277],[124.59134,39.71253],[124.62093,39.612],[124.63049,39.60359],[124.64599,39.60418],[124.73997,39.64118],[124.74942,39.6518],[124.75592,39.73513],[124.77371,39.74304],[125.08939,39.57988],[125.09386,39.57823],[125.34523,39.51758],[125.39209,39.28929],[125.14119,38.87658],[125.13988,38.86997],[125.15189,38.80397],[125.15902,38.79563],[125.28902,38.73265],[125.29918,38.73062],[125.41872,38.73445],[125.50453,38.69421],[125.30852,38.67731],[125.30136,38.6755],[125.05832,38.56749],[125.05422,38.56498],[124.96121,38.48797],[124.95862,38.48514],[124.86563,38.34712],[124.86387,38.34208],[124.85821,38.23901],[124.68076,38.1387],[124.67439,38.13153],[124.67563,38.12319],[124.68392,38.11753],[124.77191,38.09053],[124.78046,38.08967],[124.90308,38.10021],[124.98642,38.06707],[124.99669,38.0657],[125.16045,38.0813],[125.19781,38.07112],[125.21881,38.05799],[124.97978,37.94122],[124.97287,37.93464],[124.97292,37.92648],[124.97993,37.92028],[125.09293,37.87129],[125.09739,37.86995],[125.29833,37.83343],[125.34724,37.74653],[125.3414,37.72732],[125.34497,37.71674],[125.35876,37.71264],[125.44974,37.71764],[125.46001,37.72081],[125.593,37.8058],[125.59611,37.80839],[125.69011,37.91138],[125.69229,37.91472],[125.70884,37.95389],[125.76521,37.97065],[125.93048,37.86463],[125.94061,37.86165],[126.03787,37.85805],[126.10109,37.73827],[126.11158,37.73117],[126.12604,37.73274],[126.17004,37.75373],[126.17638,37.75904],[126.21543,37.81947],[126.36877,37.86447],[126.60777,37.77759],[126.54978,37.72447],[126.5463,37.71428],[126.56331,37.65128],[126.56501,37.64787],[126.63981,37.54783],[126.63306,37.44724],[126.63587,37.43989],[126.77236,37.29279],[126.72994,37.1975],[126.73035,37.18903],[126.85339,36.97104],[126.8642,36.96409],[126.9492,36.94729],[126.958,36.93746],[126.94431,36.91367],[126.86903,36.87173],[126.86232,36.86333],[126.8597,36.84909],[126.85329,36.85336],[126.7997,36.95279],[126.78725,36.96016],[126.69419,36.97168],[126.58837,37.02994],[126.57522,37.03211],[126.4842,37.01911],[126.47596,37.0161],[126.42154,36.98045],[126.34921,36.97012],[126.34109,36.96719],[126.20608,36.88018],[126.20149,36.87548],[126.1455,36.77647],[126.14447,36.76945],[126.16448,36.68945],[126.17627,36.68005],[126.38425,36.63907],[126.39726,36.64041],[126.47613,36.67469],[126.5313,36.47628],[126.54026,36.23663],[126.52358,36.16789],[126.52654,36.15847],[126.67425,36.01176],[126.63141,35.92604],[126.63119,35.9179],[126.63785,35.91154],[126.7339,35.86624],[126.70248,35.77629],[126.47853,35.65697],[126.47142,35.64695],[126.47043,35.60594],[126.47323,35.5989],[126.48095,35.59441],[126.589,35.56465],[126.57069,35.54347],[126.48589,35.51203],[126.47739,35.50484],[126.34643,35.223],[126.27842,35.16178],[126.275,35.15079],[126.31102,35.04179],[126.31211,35.0395],[126.38213,34.9291],[126.40478,34.82084],[126.41603,34.81116],[126.47403,34.79816],[126.48635,34.79907],[126.54872,34.82348],[126.56488,34.81882],[126.52922,34.7891],[126.46634,34.76718],[126.45725,34.75921],[126.45935,34.74895],[126.49479,34.70944],[126.42812,34.70741],[126.30549,34.73195],[126.29497,34.7314],[126.28694,34.72615],[126.24995,34.67915],[126.25007,34.66629],[126.31908,34.58329],[126.32224,34.58054],[126.46663,34.48753],[126.49183,34.3491],[126.4932,34.34558],[126.51621,34.30858],[126.5228,34.30322],[126.53234,34.30172],[126.58533,34.30572],[126.59463,34.30878],[126.59988,34.31536],[126.62579,34.39787],[126.75738,34.49657],[126.78363,34.48505],[126.81151,34.4451],[126.82216,34.43896],[126.89315,34.42697],[126.90328,34.42771],[126.91098,34.4328],[127.04373,34.59922],[127.24147,34.73474],[127.25222,34.71765],[127.24524,34.66698],[127.18272,34.61298],[127.17924,34.60813],[127.15725,34.54912],[127.15751,34.54182],[127.16324,34.53598],[127.31524,34.453],[127.3257,34.45072],[127.33584,34.45393],[127.39183,34.49192],[127.39671,34.49778],[127.41577,34.54732],[127.49162,34.61733],[127.49531,34.62411],[127.49329,34.6312],[127.40697,34.74568],[127.41869,34.81261],[127.51509,34.82627],[127.61754,34.68401],[127.62691,34.67825],[127.63911,34.67902],[127.7221,34.71002],[127.73058,34.71738],[127.75759,34.77938],[127.75372,34.79175],[127.67622,34.8499],[127.65664,34.88993],[127.67227,34.91805],[127.72058,34.94307],[127.87421,34.95377],[127.88211,34.9559],[127.98234,35.00698],[128.02604,35.00921],[128.08027,34.92835],[128.09083,34.92208],[128.4398,34.8581],[128.45371,34.86024],[128.46041,34.86962],[128.46442,34.93162],[128.46393,34.93525],[128.43656,35.01456],[128.47082,35.0611],[128.51797,35.08957],[128.64243,35.10749],[128.79205,35.08207],[128.79669,35.08179],[128.98066,35.08979],[128.98671,35.09092],[129.22067,35.17092],[129.22834,35.17616],[129.34335,35.32714],[129.34432,35.32862],[129.43434,35.49361],[129.43513,35.49546],[129.5782,35.94541],[129.5786,35.94729],[129.58962,36.05028],[129.58648,36.05837],[129.57686,36.06292],[129.56538,36.06174],[129.46216,36.02136],[129.42048,36.05687],[129.40979,36.32189],[129.46122,36.4682],[129.46173,36.47191],[129.44991,36.63592],[129.4892,36.73898],[129.48954,36.74449],[129.44279,36.92766],[129.43487,37.05981],[129.43427,37.06252],[129.35132,37.27852],[129.35015,37.28072],[129.06723,37.68374],[129.06611,37.68509],[128.86652,37.89373],[128.63445,38.18166],[128.34499,38.68593],[128.34205,38.68929],[128.26206,38.7533],[128.25987,38.75476],[127.9848,38.90672],[127.80025,39.09132],[127.79594,39.09429],[127.70893,39.1353],[127.7032,39.13701],[127.58724,39.15471],[127.41138,39.21618],[127.40067,39.29488],[127.43715,39.3678],[127.4604,39.38574],[127.51461,39.36603],[127.53019,39.36599],[127.53999,39.37478],[127.56601,39.45877],[127.56638,39.46224],[127.54466,39.69481],[127.58228,39.77369],[127.87491,39.88525],[127.88125,39.88922],[127.978,39.98596],[128.10882,40.02079],[128.30373,40.02375],[128.31323,40.02581],[128.5202,40.1198],[128.52307,40.1214],[128.62306,40.18939],[128.62656,40.19267],[128.71342,40.30847],[128.84911,40.34669],[128.8552,40.34948],[128.95536,40.41822],[129.11809,40.48035],[129.12545,40.48545],[129.25915,40.65378],[129.3512,40.71611],[129.71668,40.84621],[129.72601,40.85389],[129.75903,40.92888],[129.7597,40.93375],[129.73004,41.12387],[129.78353,41.30199],[129.78387,41.30513],[129.7769,41.39313],[129.77502,41.39789],[129.70006,41.49722],[129.70388,41.59292],[129.77148,41.70587],[129.88944,41.79825],[129.89223,41.80114],[130.02245,41.98499],[130.08041,42.03724],[130.18972,42.08702],[130.19656,42.09253],[130.25068,42.17563],[130.4619,42.28885],[130.6323,42.26316],[130.64819,42.26575],[130.74118,42.31675],[130.74713,42.32241],[130.85117,42.51939],[130.84958,42.52973],[130.7349,42.6518],[130.75727,42.65989],[130.93993,42.62241],[130.94904,42.62214],[131.02421,42.63261],[131.15344,42.61416],[131.172,42.61861],[131.259,42.6896],[131.26186,42.69277],[131.30684,42.76454],[131.40358,42.81242],[131.40956,42.81729],[131.53187,42.99025],[131.80705,43.24567],[131.93865,43.28863],[131.98543,43.27473],[131.88296,43.17756],[131.88021,43.17366],[131.84923,43.09765],[131.85216,43.08745],[131.86624,43.08292],[131.94622,43.08293],[131.95392,43.08401],[132.0359,43.10801],[132.04136,43.1104],[132.24534,43.23638],[132.24776,43.23818],[132.30019,43.28518],[132.31544,43.2376],[132.28568,42.88315],[132.29195,42.8736],[132.30748,42.87127],[132.47719,42.89717],[132.56599,42.86165],[132.57612,42.85997],[132.70232,42.86378],[132.85215,42.78453],[132.86623,42.78213],[132.98604,42.79475],[133.04243,42.71748],[133.05176,42.71179],[133.15275,42.6858],[133.16904,42.68679],[133.33655,42.7532],[133.58992,42.81607],[133.70876,42.81802],[133.71798,42.81978],[134.01893,42.93676],[134.02277,42.93871],[134.16766,43.03298],[134.70234,43.28136],[134.7044,43.28245],[134.92847,43.41789],[135.14144,43.51641],[135.14741,43.52083],[135.27517,43.67826],[135.49627,43.82697],[135.50162,43.83474],[135.50746,43.89685],[135.54997,43.96637],[135.88994,44.36688],[135.99748,44.43025],[136.14992,44.47844],[136.15826,44.48339],[136.22526,44.55637],[136.22731,44.55955],[136.26823,44.66178],[136.47428,44.81456],[136.47636,44.81642],[136.61959,44.97154],[136.7516,45.07276],[136.75429,45.07545],[136.81992,45.16457],[137.1606,45.38602],[137.16263,45.38756],[137.43995,45.63291],[137.69914,45.81033],[137.70248,45.81344],[137.78595,45.92369],[138.12227,46.24496],[138.12465,46.24811],[138.2273,46.45725],[138.35087,46.53507],[138.35631,46.54159],[138.41095,46.74205],[138.51792,46.8856],[138.51927,46.88809],[138.5489,46.97295],[138.60418,47.05147],[139.01665,47.37619],[139.0195,47.37921],[139.18529,47.63076],[139.3895,47.88048],[139.53504,47.96701],[139.53664,47.96807],[139.69164,48.08305],[139.69363,48.08481],[139.77729,48.17434],[140.0123,48.31612],[140.01468,48.31783],[140.12969,48.41681],[140.13223,48.4198],[140.19026,48.52078],[140.19117,48.52311],[140.24386,48.77025],[140.39654,48.95952],[140.39418,48.97154],[140.35292,49.00062],[140.32997,49.05482],[140.38395,49.21851],[140.45048,49.32767],[140.4513,49.32945],[140.5374,49.59441],[140.53774,49.59679],[140.53181,49.76277],[140.53037,49.76676],[140.48579,49.82883],[140.48394,49.90871],[140.64342,50.07696],[140.64576,50.08413],[140.64005,50.09047],[140.55531,50.13663],[140.49723,50.54647],[140.54193,50.79818],[140.69128,51.04791],[140.69235,51.05102],[140.70922,51.2298],[140.85857,51.40971],[140.85992,51.41182],[140.95251,51.61458],[141.14414,51.72014],[141.14817,51.72313],[141.27564,51.8545],[141.38226,51.91318],[141.38873,51.92077],[141.40751,52.05478],[141.50505,52.17492],[141.50181,52.18688],[141.18985,52.37414],[141.15565,52.43539],[141.26446,52.5451],[141.26696,52.54942],[141.28801,52.65241],[141.28813,52.65398],[141.27822,52.84097],[141.26898,52.84977],[141.10281,52.90682],[140.89484,53.04618],[140.87092,53.07899],[140.88224,53.07996],[141.17001,53.00461],[141.18413,53.00365],[141.19695,53.0074],[141.34395,53.08938],[141.34839,53.09287],[141.42242,53.17986],[141.42422,53.18617],[141.39627,53.29517],[141.38514,53.30337],[141.23271,53.34344],[141.03665,53.45938],[141.02842,53.49698],[141.01873,53.50495],[140.70374,53.60502],[140.3677,53.81895],[140.26398,54.00484],[140.26154,54.00764],[140.19856,54.05864],[140.19521,54.06071],[139.87626,54.21279],[139.81575,54.26259],[139.80681,54.26662],[139.7178,54.28763],[139.69929,54.28769],[139.31931,54.20523],[139.11399,54.22912],[138.70719,54.3306],[138.69263,54.33143],[138.67947,54.32751],[138.64047,54.3055],[138.63563,54.29299],[138.69277,54.2204],[138.6822,54.14805],[138.68222,54.14622],[138.69913,54.0431],[138.6764,53.87051],[138.63911,53.74763],[138.49218,53.57612],[138.4412,53.54808],[138.28169,53.53779],[138.3125,53.58761],[138.5879,53.81321],[138.59169,53.81986],[138.59075,53.94785],[138.58109,53.95702],[138.54109,53.97003],[138.51637,53.96963],[138.36734,53.91862],[138.35765,53.91225],[138.23415,53.73277],[137.93972,53.61421],[137.73457,53.57163],[137.26798,53.55818],[137.24953,53.57664],[137.53063,53.69814],[137.53778,53.70315],[137.66229,53.85775],[137.79506,53.89259],[137.80549,53.8977],[137.8545,53.94169],[137.85614,53.95209],[137.84121,53.9585],[137.63471,53.98092],[137.37721,54.09976],[137.52385,54.14608],[137.5322,54.15036],[137.68522,54.27734],[137.68876,54.28522],[137.68181,54.29208],[137.66757,54.29476],[137.3795,54.29377],[137.36427,54.29088],[137.12824,54.19086],[137.12126,54.18614],[137.07528,54.13313],[137.07578,54.12278],[137.15181,54.05079],[137.15783,54.04726],[137.23213,54.01963],[137.13991,53.83774],[137.02815,53.85911],[137.01773,53.85969],[136.88469,53.8507],[136.86832,53.84569],[136.79748,53.79704],[136.73982,53.81214],[136.70601,53.93166],[136.75139,54.0597],[136.75172,54.06104],[136.79271,54.35193],[136.84222,54.44985],[136.84298,54.45268],[136.84704,54.56167],[136.84648,54.56447],[136.81952,54.62447],[136.81192,54.63056],[136.7983,54.6328],[136.23915,54.62582],[136.23637,54.6257],[135.85726,54.59626],[135.27845,54.73955],[135.23578,54.84173],[135.2831,54.93817],[135.55447,55.10446],[135.75889,55.15021],[135.76579,55.15247],[136.18974,55.34343],[136.19528,55.3469],[136.37022,55.50388],[136.47549,55.56858],[136.80646,55.68451],[136.80976,55.68586],[137.39971,55.9668],[137.40343,55.96897],[137.58827,56.10292],[137.70056,56.1284],[137.712,56.13334],[138.09405,56.42727],[138.09551,56.42853],[138.16254,56.49452],[138.16467,56.4975],[138.20313,56.58613],[138.2392,56.62408],[138.68011,56.95862],[138.98088,57.0793],[138.98697,57.08273],[139.19917,57.25362],[139.45451,57.31988],[139.46022,57.32184],[139.52322,57.34983],[139.52864,57.35316],[139.63742,57.44832],[139.81569,57.5045],[139.82208,57.50727],[139.88108,57.54226],[139.88442,57.54479],[140.02093,57.68027],[140.45872,57.8042],[140.4699,57.81011],[140.51792,57.8611],[140.51937,57.86306],[140.70878,58.20859],[140.81111,58.29723],[141.00484,58.40874],[141.36021,58.51861],[141.36491,58.52041],[141.6209,58.64138],[141.62359,58.64284],[141.77561,58.73882],[141.7782,58.7408],[142.04659,58.99415],[142.34722,59.14491],[142.59276,59.23035],[143.19387,59.35807],[143.51744,59.33274],[143.53324,59.33362],[143.87114,59.39926],[144.47763,59.36471],[144.48351,59.36465],[145.54853,59.40248],[145.73789,59.36481],[145.80516,59.32428],[145.9071,59.19377],[145.91861,59.18791],[146.03659,59.16093],[146.06092,59.16104],[146.28386,59.21102],[146.29771,59.21789],[146.4657,59.42306],[146.53504,59.4432],[146.78752,59.36378],[146.80062,59.36174],[147.03179,59.3549],[147.50148,59.25882],[147.52013,59.25823],[147.69408,59.28023],[147.70797,59.28418],[147.88816,59.37764],[148.24341,59.40184],[148.46875,59.25553],[148.48861,59.25081],[148.72453,59.24682],[148.73373,59.24735],[148.92067,59.27234],[148.93952,59.28081],[148.99058,59.3668],[148.98395,59.37719],[148.90895,59.4082],[148.88088,59.41028],[148.76397,59.38948],[148.73659,59.44824],[148.80429,59.51209],[148.90533,59.46709],[148.9266,59.46389],[149.20651,59.4769],[149.22737,59.4825],[149.22958,59.49269],[149.09631,59.62894],[149.30592,59.71926],[149.4323,59.75015],[149.63683,59.75861],[150.61861,59.55363],[150.46783,59.50249],[150.45749,59.49376],[150.46691,59.4852],[150.48906,59.4832],[150.60761,59.49498],[150.71194,59.46021],[150.72268,59.45812],[150.81666,59.45013],[150.83299,59.45092],[150.84551,59.45555],[151.0025,59.56344],[151.03918,59.57423],[151.33711,59.55052],[151.46649,59.51585],[151.77567,59.31677],[151.78312,59.31366],[151.9271,59.27467],[151.93947,59.27298],[152.15522,59.26732],[152.22251,59.22742],[151.98243,59.17069],[151.73467,59.15817],[151.51048,59.1749],[151.49404,59.17387],[151.10994,59.09285],[151.09658,59.08661],[151.09677,59.07837],[151.30291,58.8704],[151.32482,58.86394],[151.70271,58.85596],[151.71093,58.85633],[152.09381,58.89933],[152.11241,58.90645],[152.18579,58.98931],[152.32379,59.01958],[152.38824,59.0156],[152.55743,58.94601],[152.56842,58.94337],[152.81036,58.91539],[152.82879,58.91612],[152.89278,58.92912],[152.90457,58.93374],[153.09373,59.07172],[153.27513,59.08008],[153.28953,59.08266],[153.29815,59.08816],[153.38087,59.20464],[153.68201,59.21366],[153.87074,59.10736],[153.87575,59.10524],[153.99474,59.06725],[154.01888,59.06564],[154.25481,59.09863],[154.26728,59.10223],[154.46214,59.20199],[154.68802,59.13221],[154.70524,59.13011],[154.72188,59.13314],[154.83429,59.17716],[155.15987,59.1791],[155.17842,59.18234],[155.18633,59.19],[155.19346,59.35998],[155.18686,59.36734],[154.99089,59.45737],[154.98443,59.4595],[154.59639,59.54955],[154.57142,59.54973],[154.27033,59.48682],[154.23132,59.49211],[154.17925,59.53015],[154.29391,59.65432],[154.29565,59.65765],[154.31911,59.82786],[154.45805,59.87572],[154.46699,59.88147],[154.60325,60.09109],[154.99264,60.37035],[155.4466,60.54215],[155.44865,60.543],[155.73665,60.67496],[155.7399,60.67677],[155.87693,60.77174],[155.87897,60.77348],[156.08082,60.99106],[156.36557,61.14819],[156.65019,61.26459],[156.65795,61.27118],[156.70719,61.47633],[156.91219,61.55752],[156.91561,61.55915],[157.10434,61.66822],[157.38629,61.73795],[157.39414,61.7408],[157.48318,61.78804],[157.79283,61.78428],[158.0592,61.744],[158.08665,61.74529],[158.34066,61.81458],[158.54161,61.80043],[158.55699,61.80093],[158.8339,61.83992],[158.8413,61.84145],[159.08865,61.91184],[159.18611,61.91794],[159.2738,61.90553],[159.397,61.80359],[159.40301,61.80036],[159.47118,61.77516],[159.52505,61.71558],[159.54395,61.70873],[159.56966,61.71057],[160.19044,61.8916],[160.28106,61.88513],[160.28838,61.7939],[160.2193,61.65053],[160.1363,61.54171],[159.85717,61.29628],[159.85525,61.29045],[159.9203,61.13013],[159.76379,60.96064],[159.7648,60.95257],[159.78011,60.94702],[159.87309,60.93303],[159.89095,60.93271],[159.90552,60.93665],[160.02322,60.99889],[160.18787,61.03639],[160.34415,61.01798],[160.1995,60.83521],[160.19848,60.83325],[160.14663,60.63922],[160.15287,60.63125],[160.17181,60.62735],[160.19206,60.62985],[160.49381,60.72977],[160.77059,60.74239],[160.7926,60.74885],[160.93964,60.88784],[161.05981,60.95675],[162.21051,61.53436],[162.21202,61.53517],[162.40819,61.65094],[162.69747,61.64242],[162.71674,61.64453],[162.727,61.65095],[162.74485,61.69033],[162.76453,61.69959],[162.83277,61.69566],[162.8944,61.5959],[162.89673,61.59348],[162.96877,61.53949],[162.98821,61.53369],[163.01199,61.53562],[163.10297,61.5626],[163.11038,61.56601],[163.28343,61.69397],[163.28346,61.70341],[163.23349,61.74142],[163.22455,61.74543],[163.03801,61.79702],[163.04649,61.88916],[163.15882,62.04701],[163.15973,62.05018],[163.14696,62.15213],[163.19104,62.2567],[163.32855,62.3684],[163.33014,62.37535],[163.27436,62.45433],[163.35585,62.54314],[164.26485,62.68672],[164.41323,62.69405],[164.54798,62.66693],[164.7692,62.56473],[164.7779,62.56197],[165.02987,62.508],[165.04013,62.50662],[165.37151,62.48507],[165.3813,62.46211],[165.28777,62.47302],[165.26373,62.472],[165.19772,62.45699],[165.18504,62.44738],[165.19662,62.40699],[165.19153,62.39794],[165.14637,62.41837],[165.13161,62.42204],[164.60547,62.48109],[164.57616,62.4783],[164.26514,62.35425],[164.26124,62.35222],[164.18126,62.29721],[164.17857,62.29444],[164.04577,62.04738],[164.04526,62.04554],[164.03943,61.87503],[163.99251,61.71522],[163.85973,61.64636],[163.85501,61.64211],[163.77616,61.46307],[163.77839,61.45693],[163.78935,61.45217],[163.94723,61.41389],[163.97603,61.34564],[163.86846,61.24567],[163.59793,61.11778],[163.59323,61.11434],[163.52728,61.02932],[163.5297,61.02119],[163.67404,60.92043],[163.44927,60.85866],[163.4449,60.85714],[163.33762,60.81008],[162.96881,60.79353],[162.95133,60.78984],[162.69334,60.66676],[162.05077,60.47444],[162.04387,60.47126],[161.97989,60.42525],[161.97804,60.42358],[161.82061,60.23607],[161.73112,60.15821],[161.42927,60.03445],[161.42486,60.03199],[161.19566,59.85152],[160.83687,59.63558],[160.69996,59.61181],[160.6937,59.61026],[160.52967,59.55524],[160.52335,59.55208],[160.32749,59.39988],[159.82594,59.13354],[159.82201,59.13047],[159.56812,58.80861],[159.28578,58.61663],[159.28426,58.61542],[159.18854,58.52457],[159.01728,58.43104],[158.43022,58.17038],[158.42777,58.16908],[158.29979,58.08906],[158.29632,58.08582],[158.25878,58.02541],[158.22268,58.0343],[158.20059,58.03504],[157.97325,57.99732],[157.67224,58.03045],[157.65461,58.02968],[157.6425,58.02421],[157.43162,57.80835],[157.22065,57.78843],[156.99794,57.83954],[156.97409,57.83955],[156.86006,57.81355],[156.85041,57.80965],[156.77042,57.75364],[156.77083,57.74208],[156.87712,57.67224],[156.92315,57.6138],[156.95159,57.46724],[156.8254,57.29357],[156.70574,57.157],[156.50917,57.02754],[156.04816,56.78898],[156.04436,56.78626],[155.96039,56.69923],[155.95889,56.69707],[155.69323,56.07396],[155.69297,56.07315],[155.53138,55.34905],[155.53128,55.34771],[155.54037,55.1987],[155.54043,55.19819],[155.59663,54.86417],[155.59671,54.86379],[155.68292,54.51977],[155.68304,54.51938],[155.8823,53.9266],[155.92732,53.74296],[156.07663,53.00539],[156.08767,52.86572],[156.08801,52.86422],[156.13208,52.74522],[156.13268,52.74399],[156.20774,52.623],[156.20973,52.62074],[156.34308,52.50608],[156.35493,52.36672],[156.35507,52.36588],[156.46815,51.91248],[156.47835,51.47507],[156.47848,51.47403],[156.49953,51.37903],[156.49968,51.37849],[156.52171,51.31049],[156.52591,51.30558],[156.65054,51.22286],[156.72683,50.96763],[156.73381,50.96107],[156.74738,50.95819],[156.76123,50.96033],[156.86021,50.99832],[156.86338,50.99982],[157.21836,51.20576],[157.21949,51.20647],[157.50749,51.40242],[157.51078,51.40575],[157.55008,51.47377],[157.83738,51.59672],[157.8411,51.59879],[158.12211,51.80374],[158.1243,51.80578],[158.35238,52.08671],[158.35321,52.08793],[158.51432,52.37988],[158.51508,52.38294],[158.5033,52.62465],[158.55453,52.68357],[158.55584,52.68566],[158.63092,52.87163],[158.62899,52.8785],[158.58002,52.92651],[158.57064,52.9313],[158.45798,52.96213],[158.491,53.02397],[158.56034,53.03739],[158.61998,53.00957],[158.66239,52.93254],[158.66945,52.92705],[158.73046,52.90106],[158.74783,52.89831],[158.76335,52.9026],[158.96858,53.04038],[159.14894,53.10801],[159.59162,53.22704],[159.76085,53.21977],[159.92961,53.11855],[159.95084,53.1144],[160.02882,53.1194],[160.04271,53.12311],[160.04739,53.1304],[160.02447,53.27539],[160.02237,53.2792],[159.92062,53.38297],[159.9216,53.44623],[159.97796,53.54896],[159.97751,53.55502],[159.89333,53.67496],[159.86702,53.78338],[159.94425,54.00483],[160.09379,54.1828],[160.30553,54.28027],[160.30779,54.28148],[160.53462,54.42371],[160.7858,54.53162],[161.12439,54.58571],[161.27773,54.51373],[161.2943,54.51036],[161.62521,54.50537],[161.63387,54.506],[161.73485,54.523],[161.7452,54.52663],[161.98514,54.6819],[162.12282,54.74429],[162.12924,54.75243],[162.10332,54.88643],[162.10213,54.88899],[162.0182,55.00099],[162.01645,55.00279],[161.84598,55.14261],[161.80809,55.2068],[161.75266,55.3585],[161.7478,55.49487],[161.7993,55.65203],[161.94663,55.83605],[161.94711,55.83672],[162.10715,56.08502],[162.16409,56.12048],[162.54353,56.25255],[162.55206,56.26183],[162.51444,56.39524],[162.68132,56.47866],[162.87533,56.46553],[162.89651,56.46873],[162.95856,56.49881],[162.99634,56.50444],[162.95319,56.45436],[162.87454,56.40638],[162.69657,56.33914],[162.69022,56.33513],[162.60525,56.23611],[162.607,56.22715],[162.81909,56.06117],[162.82918,56.05677],[162.96116,56.02479],[162.98065,56.02394],[163.05563,56.03494],[163.06724,56.03881],[163.35626,56.22675],[163.36013,56.23336],[163.31827,56.44835],[163.31793,56.44945],[163.26755,56.56521],[163.28148,56.68695],[163.27324,56.69557],[163.18125,56.73258],[163.17127,56.73509],[163.05225,56.7511],[163.03721,56.75106],[162.92847,56.73528],[162.87119,56.76234],[162.82724,56.81288],[162.81571,56.87458],[162.83968,57.02178],[162.83973,57.02292],[162.83278,57.10292],[162.83256,57.104],[162.787,57.24394],[162.8035,57.3541],[163.12996,57.55878],[163.13189,57.56021],[163.21091,57.63219],[163.21259,57.63429],[163.23862,57.68428],[163.23916,57.68601],[163.25123,57.78899],[163.24627,57.79593],[163.16529,57.84294],[163.15754,57.84595],[162.7305,57.95501],[162.71888,57.95658],[162.65486,57.95858],[162.63772,57.95641],[162.50569,57.91239],[162.49699,57.90616],[162.44291,57.77026],[162.43172,57.76306],[162.43603,57.77614],[162.4335,57.78246],[162.42285,57.78717],[162.21378,57.83702],[162.06364,57.92218],[161.98602,58.07668],[162.16659,58.44325],[162.475,58.70291],[162.66302,58.79293],[162.66549,58.79433],[162.86777,58.9321],[162.98829,58.97814],[162.99429,58.9817],[163.02831,59.01569],[163.02922,59.02244],[162.96889,59.11115],[163.01694,59.13448],[163.07283,59.12181],[163.0938,59.12088],[163.10913,59.12644],[163.2972,59.29839],[163.29939,59.30266],[163.29557,59.51903],[163.34737,59.70282],[163.39083,59.77778],[163.43413,59.8297],[163.71152,59.9713],[163.71486,59.97354],[163.76322,60.0183],[163.90818,60.02602],[164.10646,59.97871],[164.08628,59.89951],[164.0942,59.89079],[164.11617,59.88746],[164.13577,59.89201],[164.39669,60.05008],[164.44411,60.06137],[164.51008,60.05206],[164.64646,59.99189],[164.75371,59.87099],[164.75942,59.86719],[164.83443,59.8342],[164.85741,59.83049],[164.95738,59.83349],[164.96964,59.83513],[165.03462,59.85213],[165.04501,59.85792],[165.10007,59.9429],[165.10087,59.94516],[165.11152,60.09196],[165.29734,60.12539],[165.30716,60.12852],[165.43446,60.19652],[165.59573,60.22645],[165.6015,60.22792],[165.96045,60.34887],[165.96418,60.35042],[166.19534,60.46987],[166.31634,60.4734],[166.28147,60.41701],[166.28098,60.41597],[166.20339,60.18064],[166.14192,60.0923],[166.14119,60.09081],[166.10928,59.9808],[166.10943,59.97803],[166.16054,59.84803],[166.17242,59.84056],[166.194,59.83871],[166.27997,59.84571],[166.28916,59.84724],[166.34815,59.86324],[166.35493,59.86601],[166.47594,59.94099],[166.47678,59.94154],[166.98617,60.30023],[167.24385,60.3972],[168.14673,60.56386],[168.46402,60.58139],[168.78401,60.55383],[168.79532,60.55374],[169.21255,60.5842],[169.25158,60.55316],[169.25867,60.54954],[169.59617,60.43217],[169.86039,60.21625],[169.87112,60.14832],[169.87318,60.14487],[169.95824,60.06388],[169.96289,60.06086],[170.13392,59.97988],[170.14965,59.97594],[170.3466,59.95595],[170.36486,59.95662],[170.37644,59.96182],[170.44848,60.04379],[170.44951,60.04539],[170.53829,60.25649],[170.61459,60.33866],[170.61599,60.34118],[170.63412,60.42867],[170.96564,60.51418],[170.96917,60.51528],[171.51011,60.71819],[171.51233,60.71914],[171.74263,60.83186],[171.82964,60.82674],[171.84975,60.8287],[171.93673,60.85569],[171.93934,60.85663],[172.41431,61.05455],[172.42001,61.06304],[172.3904,61.11566],[172.41965,61.15863],[172.59613,61.18009],[172.60824,61.18339],[172.72025,61.24237],[172.72474,61.24841],[172.71834,61.29069],[172.74185,61.30159],[172.86002,61.28347],[172.877,61.28287],[172.89063,61.28604],[172.93063,61.30503],[172.93363,61.31492],[172.86482,61.37789],[172.83631,61.43318],[172.86653,61.45312],[173.03828,61.39847],[173.05922,61.39564],[173.1362,61.39664],[173.15657,61.40105],[173.63579,61.70261],[173.81183,61.66987],[173.82866,61.66871],[173.8431,61.67125],[174.15514,61.78541],[174.52302,61.81384],[174.53686,61.8169],[174.63386,61.86088],[174.63685,61.86262],[174.73195,61.93576],[174.79329,61.9291],[174.81576,61.93016],[175.20967,62.02511],[175.21854,62.02905],[175.29086,62.09372],[175.45571,62.11834],[175.46258,62.1199],[175.63317,62.17542],[176.34541,62.33697],[176.35311,62.33977],[176.46067,62.40388],[176.72089,62.49679],[177.17157,62.55112],[177.18631,62.55627],[177.21733,62.58726],[177.21615,62.5949],[177.20056,62.60095],[177.02873,62.63401],[176.99378,62.66004],[176.99203,62.69033],[177.04957,62.76947],[177.08549,62.77645],[177.15047,62.74476],[177.17736,62.73966],[177.26333,62.73966],[177.2861,62.74491],[177.31536,62.77041],[177.33043,62.73891],[177.26786,62.64784],[177.26711,62.6458],[177.26416,62.60079],[177.27196,62.59314],[177.29181,62.58885],[178.01271,62.53725],[179.11001,62.31128],[179.13605,62.31043],[179.14941,62.31765],[179.16236,62.39294],[179.20394,62.46342],[179.50097,62.60591],[179.50357,62.60749],[179.59761,62.68247],[179.5998,62.68623],[179.59988,62.77122],[179.59906,62.7737],[179.53915,62.8637],[179.51902,62.8723],[179.40072,62.89143],[179.32948,62.94196],[179.29054,63.00512],[179.35321,63.05049],[179.42481,63.06932],[179.43411,63.07709],[179.41818,63.14609],[179.41518,63.15],[179.35822,63.19301],[179.34891,63.19733],[179.04957,63.28797],[178.9504,63.34641],[178.94857,63.39843],[178.94711,63.40156],[178.82126,63.54158],[178.804,63.54887],[178.77882,63.54977],[178.76385,63.54364],[178.74587,63.51363],[178.74536,63.51104],[178.7571,63.44488],[178.72301,63.40759],[178.70633,63.40938],[178.69883,63.43802],[178.73537,63.51881],[178.73197,63.52551],[178.68,63.56052],[178.65706,63.56699],[178.48898,63.58221],[178.47429,63.60031],[178.74921,63.65789],[178.76077,63.66613],[178.72197,63.84112],[178.72185,63.84156],[178.67999,63.96456],[178.67144,63.97103],[178.65377,63.97494],[178.55052,63.98491],[178.48215,64.01308],[178.5073,64.12562],[178.50646,64.12893],[178.41062,64.26194],[178.40794,64.2644],[178.25604,64.36743],[178.23851,64.37324],[178.21568,64.37391],[178.20026,64.36906],[178.1353,64.31404],[178.13371,64.31205],[178.10273,64.24242],[178.03446,64.23051],[177.96234,64.23208],[177.71071,64.31092],[177.46324,64.44593],[177.44105,64.57122],[177.49794,64.73434],[177.4914,64.74219],[177.41143,64.77921],[177.39217,64.78387],[177.37025,64.78345],[177.03314,64.72842],[177.02477,64.7262],[176.8232,64.64341],[176.73448,64.63628],[176.52467,64.68992],[176.50521,64.69236],[176.48689,64.69051],[176.25774,64.63079],[176.37838,64.69887],[176.38119,64.7062],[176.27736,64.84421],[176.27313,64.84752],[176.19517,64.88953],[176.18099,64.89397],[176.06897,64.91399],[176.04853,64.91527],[176.03169,64.91219],[175.83587,64.83304],[175.66125,64.79154],[175.32264,64.75738],[175.09307,64.75738],[175.08049,64.75642],[174.68916,64.69152],[174.66666,64.69198],[175.10979,64.76679],[175.40198,64.77365],[175.41224,64.77453],[175.79711,64.83449],[175.80661,64.83697],[176.06797,64.94619],[176.41023,64.84761],[176.42228,64.84527],[176.55024,64.83028],[176.56433,64.82968],[176.82517,64.83826],[177.05192,64.77921],[177.07084,64.77667],[177.08904,64.77819],[177.16802,64.79618],[177.17694,64.79978],[177.25198,64.85676],[177.25133,64.86503],[177.06549,65.00305],[177.04781,65.00914],[176.95079,65.02515],[176.93291,65.02633],[176.64651,65.01757],[176.39786,65.05023],[176.42298,65.0586],[176.61476,65.02874],[176.64255,65.02868],[176.88243,65.06992],[177.15418,65.00793],[177.22305,64.95137],[177.23429,64.94636],[177.31332,64.92499],[177.55489,64.77425],[177.56041,64.77165],[177.72744,64.71067],[177.74593,64.70695],[178.27344,64.6627],[178.50171,64.5957],[178.51896,64.59282],[178.53658,64.5935],[178.71452,64.62148],[178.72163,64.62315],[179.17011,64.77293],[179.46339,64.81228],[179.47465,64.81528],[179.67767,64.91423],[179.67929,64.91513],[179.85205,65.02599],[-179.98115,65.05779],[-179.96864,65.06555],[-179.96303,68.98112],[-179.97952,68.99069],[179.89395,69.01946],[179.30313,69.26492],[179.2826,69.26957],[178.98357,69.30304],[178.94408,69.36244],[178.93778,69.36676],[178.87881,69.39177],[178.86381,69.39575],[178.45872,69.46179],[178.44967,69.4629],[177.94843,69.50527],[177.41611,69.61989],[177.4005,69.62203],[176.93996,69.6553],[175.94532,69.90234],[175.9244,69.90521],[175.75432,69.91421],[175.73448,69.91386],[175.28484,69.87037],[174.78549,69.86646],[174.32309,69.89221],[174.31228,69.89239],[173.94846,69.88455],[173.74769,69.90044],[173.45969,69.95532],[173.43367,69.95742],[173.41012,69.95469],[173.32411,69.93168],[173.31469,69.92694],[173.25125,69.8434],[172.89329,69.92759],[172.88658,69.92889],[172.57751,69.97692],[172.56503,69.9782],[171.97959,70.01004],[171.25899,70.08571],[171.25085,70.0863],[170.49048,70.11834],[170.45945,70.11594],[170.44754,70.10804],[170.48571,69.93873],[170.46442,69.85981],[170.32467,69.75608],[170.16782,69.68894],[170.16294,69.68559],[170.12303,69.62958],[170.1278,69.62221],[170.14923,69.61725],[170.5483,69.57559],[170.67646,69.38677],[170.67837,69.3849],[170.84771,69.26156],[170.95924,69.13451],[170.95747,69.04849],[170.51366,68.8347],[169.63236,68.7977],[169.45108,68.92241],[169.34808,69.08129],[169.334,69.08793],[168.96898,69.17098],[168.96459,69.17184],[168.33857,69.27709],[168.26812,69.44771],[168.26783,69.44828],[168.18807,69.57828],[168.18518,69.58089],[167.98537,69.70292],[167.97891,69.70567],[167.88593,69.73469],[167.86298,69.7383],[167.63388,69.75031],[167.59801,69.74701],[166.86807,69.5115],[165.9935,69.556],[165.78112,69.59287],[165.76342,69.5945],[164.53121,69.61928],[164.18913,69.72594],[164.17004,69.7292],[163.95596,69.74521],[163.93321,69.74503],[163.49643,69.7041],[163.21101,69.72524],[163.1903,69.72521],[162.36491,69.65918],[162.35519,69.65795],[162.14512,69.62093],[162.13744,69.61914],[161.91643,69.55211],[161.91328,69.55101],[161.50536,69.38593],[161.49944,69.38199],[161.44256,69.30197],[161.44184,69.2999],[161.44201,69.20189],[161.44258,69.20007],[161.52825,69.06299],[161.52851,68.90682],[161.46386,68.85668],[161.34315,68.83159],[161.32862,68.82531],[161.1945,68.65708],[161.07607,68.57053],[160.94732,68.55811],[161.15952,68.64804],[161.16504,68.65162],[161.37739,68.90255],[161.37824,68.9063],[161.34737,68.9833],[161.33893,68.98889],[161.17278,69.04497],[161.07323,69.10097],[161.02014,69.33481],[161.01996,69.33539],[160.96736,69.45996],[160.94968,69.60651],[160.93905,69.61347],[160.76708,69.66249],[160.7553,69.66476],[160.13868,69.73941],[159.86606,69.79187],[159.76977,69.8707],[159.8772,69.98762],[159.87839,69.99052],[159.87067,70.0803],[159.92817,70.15613],[160.01988,70.21719],[160.02275,70.22052],[160.04592,70.30951],[160.0457,70.31161],[159.95209,70.50761],[159.95088,70.50918],[159.84406,70.60819],[159.8421,70.60961],[159.76517,70.65462],[159.76158,70.65629],[159.38474,70.79735],[159.37824,70.79922],[158.72923,70.94332],[158.72439,70.94423],[158.05924,71.04831],[158.04828,71.04947],[157.45801,71.08552],[157.45167,71.08576],[155.89885,71.10683],[155.8719,71.10466],[155.58389,71.04975],[155.02994,71.04487],[155.01703,71.0442],[154.40173,70.98417],[154.39558,70.98341],[153.78313,70.89056],[152.52247,70.8455],[151.84287,70.98034],[152.10768,71.01307],[152.13099,71.01956],[152.13082,71.02817],[151.79814,71.22322],[151.79504,71.22468],[151.61712,71.29371],[151.60902,71.29597],[151.17198,71.38303],[151.15394,71.38494],[150.97685,71.39095],[150.94941,71.38943],[150.29545,71.28768],[150.70231,71.44944],[150.70866,71.45879],[150.64079,71.5238],[150.62626,71.52924],[150.60136,71.53103],[150.08608,71.52248],[149.89393,71.60732],[149.88292,71.61037],[149.52386,71.67342],[149.50988,71.67491],[148.9987,71.70004],[148.96768,71.71729],[149.00464,71.75942],[149.07662,71.78768],[149.28858,71.8152],[149.88134,71.83198],[149.91609,71.83753],[150.05214,71.8905],[150.05959,71.89859],[150.0058,71.99459],[150.00195,71.99774],[149.80512,72.09677],[149.7993,72.09892],[149.53534,72.17196],[149.52825,72.17348],[148.99115,72.26155],[148.98553,72.2623],[148.42232,72.32237],[148.41199,72.32306],[147.44346,72.35213],[147.42601,72.35171],[147.25391,72.33871],[147.22756,72.33391],[146.86065,72.20384],[146.85654,72.20209],[146.33149,71.92682],[146.04228,71.81498],[145.78729,71.75597],[145.19483,71.70791],[145.10797,71.71637],[145.03518,71.75535],[145.1148,71.82911],[145.11651,71.83185],[145.12057,71.85585],[145.11999,71.85825],[145.09038,71.90232],[145.09566,71.91007],[145.38724,71.87945],[145.42424,71.88029],[145.77409,71.93126],[145.79985,71.94232],[145.80003,72.02231],[145.79559,72.02714],[145.708,72.07051],[145.75229,72.20341],[145.76204,72.20739],[146.01731,72.13396],[146.04243,72.13078],[146.17428,72.12786],[145.96503,71.94705],[145.97011,71.9378],[146.00109,71.93374],[146.10803,71.93375],[146.14457,71.93839],[146.43359,72.02834],[146.4388,72.03028],[146.6359,72.11924],[146.63779,72.12018],[146.84596,72.23313],[146.85033,72.23703],[146.87546,72.29502],[146.86539,72.30317],[146.83437,72.3062],[145.0403,72.27125],[145.02113,72.26967],[144.47216,72.18755],[144.32805,72.2023],[144.23732,72.2499],[144.36074,72.25375],[144.38273,72.25596],[144.60966,72.29694],[144.62391,72.30078],[144.79858,72.37136],[145.20037,72.38148],[145.44446,72.3517],[145.45946,72.35074],[146.22702,72.33878],[146.26217,72.34205],[146.27877,72.35075],[146.29699,72.44274],[146.2759,72.45222],[145.22154,72.58035],[145.21731,72.58077],[144.3219,72.65386],[144.31764,72.65414],[143.70127,72.68386],[143.54213,72.70799],[143.52497,72.70934],[142.07752,72.73232],[141.54937,72.7985],[141.34668,72.86579],[141.3267,72.86914],[140.82444,72.90218],[140.8126,72.90249],[140.71254,72.9015],[140.68349,72.89864],[140.66542,72.89191],[140.60952,72.8449],[140.6138,72.83575],[140.92908,72.71212],[140.93895,72.62806],[140.94414,72.62322],[141.01766,72.59034],[140.4452,72.50459],[139.60749,72.50756],[139.5754,72.5043],[139.44838,72.47529],[139.43851,72.4723],[139.10564,72.33524],[139.09786,72.32771],[139.13324,72.1607],[139.14447,72.15402],[139.16999,72.15141],[139.42384,72.15143],[139.45023,72.15367],[139.46871,72.15957],[139.5371,72.20056],[139.62113,72.21406],[140.10756,72.19904],[140.11996,72.19468],[139.83379,72.15938],[139.80707,72.15165],[139.60643,72.0051],[139.34065,71.96063],[139.32087,71.95453],[139.31765,71.9469],[139.33238,71.94105],[139.67989,71.8781],[139.65318,71.69885],[139.65675,71.69388],[139.899,71.55308],[139.93318,71.50312],[139.63636,71.50056],[139.62266,71.4998],[139.23198,71.45921],[139.04247,71.56241],[139.03808,71.56423],[138.81313,71.63727],[138.79346,71.64041],[138.6834,71.64642],[138.65577,71.64524],[138.63442,71.63956],[138.51459,71.58006],[138.3447,71.61289],[138.31161,71.61412],[138.22756,71.60712],[138.20836,71.60403],[138.09234,71.57402],[138.0813,71.56988],[138.01136,71.52987],[138.00782,71.5271],[137.95748,71.46695],[137.892,71.43465],[137.88593,71.42897],[137.87702,71.38297],[137.89538,71.37346],[138.20412,71.32834],[138.08449,71.31812],[138.05463,71.31081],[137.98227,71.26809],[137.82386,71.23621],[137.80468,71.22839],[137.80885,71.21975],[137.93543,71.16333],[137.94587,71.14828],[137.68299,71.21652],[137.4529,71.30606],[137.35235,71.36528],[137.34607,71.36781],[137.14709,71.42484],[137.14398,71.42562],[136.43392,71.58072],[136.4298,71.58148],[136.11372,71.63052],[136.10343,71.63155],[135.89832,71.64257],[135.88187,71.64246],[135.55568,71.62146],[135.52958,71.61692],[135.33926,71.5541],[135.01573,71.52626],[134.9972,71.52323],[134.78916,71.46921],[134.77681,71.46427],[134.67817,71.39846],[134.11646,71.39097],[133.71361,71.44451],[133.45736,71.50008],[133.16642,71.61456],[132.84286,71.77403],[132.6944,71.93074],[132.67796,71.9367],[132.65004,71.93754],[132.62402,71.93285],[132.53203,71.90184],[132.52341,71.8977],[132.18982,71.64563],[132.18799,71.64386],[131.96454,71.3508],[131.96364,71.34895],[131.95075,71.29195],[131.9519,71.28831],[131.99011,71.24585],[131.87868,71.21041],[131.86903,71.20592],[131.73218,71.10389],[131.73103,71.10292],[131.52567,70.90416],[131.40005,70.83356],[131.24322,70.77424],[131.15146,70.7544],[131.04751,70.75749],[130.93577,70.80979],[130.87112,70.93955],[130.86346,70.94467],[130.78848,70.97068],[130.76531,70.974],[130.73815,70.97156],[130.72005,70.96453],[130.64403,70.90127],[130.5561,70.90462],[130.31172,70.9562],[130.0602,71.07267],[130.05183,71.07526],[129.7958,71.12864],[129.42786,71.4109],[129.42699,71.4115],[129.2631,71.51493],[129.17294,71.5983],[129.14596,71.60498],[128.95433,71.61317],[128.88901,71.66306],[128.97309,71.69872],[129.23462,71.73268],[129.45093,71.72697],[129.47992,71.72931],[129.49933,71.73656],[129.49932,71.74505],[129.24862,71.92308],[129.24498,71.92501],[129.15701,71.96102],[129.12642,71.96508],[129.09248,71.96],[129.08089,71.94963],[129.11221,71.87753],[129.07799,71.82742],[129.00996,71.7894],[128.9303,71.77273],[128.39701,72.09467],[128.39575,72.09536],[128.06397,72.25741],[128.05988,72.25899],[127.87902,72.31543],[127.77463,72.41094],[127.79611,72.41679],[128.16384,72.30107],[128.16771,72.30003],[128.44288,72.23672],[128.90077,72.07059],[128.93377,72.067],[129.28155,72.08001],[129.31981,72.08809],[129.44791,72.16206],[129.45292,72.16792],[129.45424,72.31691],[129.45263,72.32014],[129.32188,72.44316],[129.31379,72.4471],[129.14981,72.49512],[129.12663,72.49806],[128.57269,72.50786],[128.50213,72.5289],[128.63649,72.53825],[128.6534,72.54045],[128.83534,72.57643],[128.84223,72.57805],[129.27719,72.697],[129.29297,72.70792],[129.27214,72.77892],[129.26693,72.78347],[129.05506,72.8795],[129.03211,72.88387],[128.67643,72.90351],[129.0855,73.03813],[129.09707,73.04466],[129.14422,73.11165],[129.13703,73.1205],[129.10751,73.12408],[128.94522,73.12324],[128.91683,73.14265],[128.93304,73.1909],[128.92114,73.19965],[128.61913,73.27169],[128.59685,73.27409],[128.30599,73.27855],[128.32529,73.33183],[128.31323,73.34071],[128.06528,73.39909],[127.99755,73.45164],[127.98294,73.45662],[127.76788,73.49265],[127.76067,73.49357],[127.05132,73.55864],[127.00377,73.55531],[126.92775,73.5363],[126.91275,73.5301],[126.79891,73.43848],[126.55128,73.35247],[126.3307,73.40233],[126.30366,73.42246],[126.38793,73.5046],[126.38453,73.51345],[126.2936,73.55546],[126.26953,73.56001],[126.23756,73.55846],[125.64814,73.46772],[125.66158,73.52224],[125.64928,73.53084],[124.82824,73.72195],[124.82289,73.72296],[124.5678,73.76199],[124.55276,73.76325],[124.39966,73.76726],[124.37672,73.76623],[124.0075,73.72322],[123.98403,73.71803],[123.78729,73.6427],[123.51505,73.67739],[123.48366,73.67768],[123.45603,73.67199],[123.38106,73.64298],[123.37328,73.63861],[123.2625,73.53458],[123.26062,73.53035],[123.27888,73.42835],[123.27964,73.42665],[123.34083,73.34265],[123.34321,73.34054],[123.57034,73.19383],[123.43237,73.15153],[123.4208,73.14597],[123.26328,73.00679],[123.15394,72.97034],[122.63811,73.03942],[122.60364,73.03926],[122.51559,73.02826],[122.48444,73.0169],[122.45954,72.9709],[122.47563,72.96009],[122.6926,72.92221],[122.7011,72.91213],[122.5372,72.89077],[122.05842,72.90874],[121.92307,72.96894],[121.90178,72.97316],[121.7637,72.98217],[121.75551,72.98244],[121.36125,72.98346],[121.34709,72.9828],[121.00459,72.95021],[120.61847,72.9928],[120.60488,72.99349],[119.77108,72.99159],[119.45624,73.07396],[119.44602,73.07579],[118.9863,73.12821],[118.47105,73.25467],[118.42111,73.36833],[118.49095,73.45281],[118.93413,73.46852],[118.97063,73.47503],[118.9779,73.48658],[118.91302,73.54358],[118.89379,73.54966],[118.4726,73.60171],[118.45865,73.60258],[117.32308,73.6116],[116.51529,73.68813],[116.50672,73.68863],[115.34795,73.71569],[115.31908,73.71348],[114.80719,73.61937],[114.06315,73.59771],[114.03559,73.59411],[113.84067,73.54442],[113.50462,73.51731],[113.47594,73.51127],[113.46705,73.50159],[113.49622,73.4306],[113.50839,73.42373],[113.81813,73.34526],[113.74208,73.32764],[113.73168,73.32444],[113.52752,73.24015],[113.53387,73.34771],[113.51941,73.35676],[113.31195,73.40137],[113.2053,73.46189],[113.40227,73.57873],[113.40621,73.58192],[113.45836,73.64691],[113.4573,73.65389],[113.22369,73.84292],[113.22122,73.84449],[113.07234,73.92151],[113.06438,73.9243],[112.86737,73.97233],[112.8327,73.97449],[112.80034,73.96796],[112.79283,73.95727],[112.89359,73.83557],[112.766,73.75628],[112.39933,73.72379],[112.16,73.72191],[111.82846,73.75672],[111.43558,73.83746],[111.34168,73.89105],[111.27908,73.96431],[111.57056,74.01842],[111.5929,74.02666],[111.59091,74.03626],[111.56572,74.04164],[111.14545,74.06567],[111.10886,74.0631],[111.08749,74.05359],[111.02374,73.95644],[110.28006,74.02934],[110.24826,74.02871],[110.07116,74.0057],[110.05527,74.00249],[109.84026,73.93947],[109.82955,73.93496],[109.62678,73.80392],[109.62338,73.79558],[109.66451,73.73958],[109.66966,73.73589],[109.71569,73.7149],[109.74128,73.71017],[110.07906,73.69619],[110.09326,73.69632],[110.39005,73.71332],[110.40442,73.71487],[110.70773,73.76395],[110.8135,73.72847],[110.74486,73.69809],[110.41128,73.6399],[110.40268,73.63801],[109.8378,73.48351],[109.6444,73.46755],[109.35007,73.49929],[109.32097,73.49905],[109.29657,73.49316],[109.06602,73.38884],[108.34385,73.32239],[108.31302,73.31407],[108.25616,73.27612],[107.99227,73.24825],[107.97735,73.24568],[107.73799,73.18561],[107.37624,73.17612],[107.12119,73.18986],[107.10655,73.1898],[106.47512,73.1518],[106.45874,73.14971],[106.29567,73.1167],[106.28269,73.11288],[106.17672,73.06786],[106.16892,73.06277],[106.12156,73.0056],[106.03504,72.95718],[105.68684,72.84755],[105.39516,72.80261],[105.28279,72.79701],[105.41606,72.83117],[105.42442,72.8339],[105.70849,72.95186],[105.71419,72.95486],[106.21552,73.29631],[106.6798,73.31809],[106.71111,73.32391],[106.82614,73.36989],[106.8307,73.37206],[107.20055,73.58207],[107.28531,73.60815],[107.76023,73.61199],[107.78086,73.61366],[108.21563,73.68264],[108.23302,73.68707],[109.10004,74.02186],[109.52384,74.07727],[109.53835,74.08006],[109.83731,74.16003],[109.85225,74.16676],[109.95346,74.25874],[109.95366,74.26664],[109.89565,74.31661],[110.2416,74.36766],[110.26605,74.37481],[110.40664,74.45736],[110.91024,74.53692],[110.92208,74.5394],[111.32219,74.64779],[111.88381,74.72873],[111.90257,74.73302],[112.22276,74.84464],[112.95072,75.00548],[112.96315,75.00918],[113.65251,75.28708],[113.66121,75.29264],[113.77367,75.45062],[113.76494,75.46017],[113.59798,75.5112],[113.58877,75.51324],[113.39711,75.54347],[113.28913,75.61717],[113.26944,75.62274],[113.1884,75.63275],[113.16006,75.63355],[113.13242,75.62985],[112.98087,75.59384],[112.77679,75.74393],[112.77073,75.74681],[112.52984,75.82696],[112.59906,75.82313],[113.08771,75.68947],[113.1052,75.68668],[113.36097,75.6665],[113.42525,75.64898],[113.46683,75.61873],[113.43761,75.56373],[113.4496,75.55406],[113.48736,75.55144],[113.56929,75.55544],[113.59668,75.55898],[113.61404,75.56568],[113.7954,75.70264],[113.79728,75.7044],[113.91974,75.85538],[113.92078,75.85874],[113.90699,75.92374],[113.88721,75.9323],[113.84596,75.93284],[113.60535,75.90907],[113.47807,76.11593],[113.47699,76.1172],[113.32242,76.25722],[113.28747,76.2647],[113.10032,76.27071],[113.06044,76.26791],[112.9624,76.2499],[112.93878,76.24133],[112.94358,76.232],[113.09446,76.17154],[113.05042,76.13843],[112.80026,76.07109],[112.73636,76.06914],[112.8431,76.12609],[112.84645,76.13562],[112.7342,76.22348],[112.67124,76.38723],[112.65238,76.39513],[112.32927,76.44617],[112.29046,76.44731],[112.13633,76.43631],[112.11264,76.43304],[112.05615,76.42065],[112.14206,76.47722],[112.14068,76.48731],[111.98585,76.56033],[111.98253,76.56164],[111.8296,76.61266],[111.81156,76.61606],[111.63702,76.63305],[111.43499,76.69593],[111.42201,76.69858],[111.14487,76.73461],[111.13399,76.73559],[110.48949,76.77064],[110.45948,76.77],[109.98531,76.72552],[109.38826,76.76162],[109.36881,76.76179],[108.64558,76.73314],[108.19724,76.75084],[108.16364,76.74935],[108.00954,76.72934],[107.97903,76.72054],[107.9012,76.66352],[107.89867,76.66083],[107.85345,76.57455],[107.6952,76.53232],[107.62218,76.52338],[107.17089,76.53694],[107.13992,76.53541],[106.8396,76.49577],[106.72107,76.52498],[106.68806,76.52803],[106.46094,76.52552],[106.44381,76.57145],[106.62021,76.56031],[106.6571,76.56157],[106.68465,76.56874],[106.98575,76.72503],[107.47359,76.92133],[107.47659,76.93469],[107.32573,76.99871],[107.30859,77.00273],[106.97141,77.04577],[106.93159,77.04628],[106.71296,77.02785],[106.36348,77.06031],[106.34324,77.06103],[106.14906,77.05803],[106.12324,77.05604],[105.81691,77.01149],[105.7587,77.01308],[105.69847,77.1048],[105.68346,77.11145],[105.65398,77.11407],[104.3231,77.11528],[104.34789,77.12156],[104.92,77.16244],[104.93247,77.1637],[105.40516,77.22667],[105.42652,77.23121],[105.76628,77.34212],[106.07821,77.37944],[106.10924,77.38723],[106.11082,77.39728],[105.94613,77.4953],[105.93304,77.49957],[105.748,77.53559],[105.73026,77.5377],[105.33523,77.56136],[105.00662,77.60531],[104.86184,77.66002],[104.8448,77.66377],[104.21545,77.74183],[104.19249,77.74312],[104.02232,77.74312],[103.98105,77.73921],[103.54937,77.64605],[103.34652,77.65398],[103.32107,77.65351],[103.1209,77.63851],[103.09665,77.63511],[102.57557,77.51805],[102.57116,77.51695],[101.47936,77.20581],[101.47315,77.20364],[101.24835,77.1076],[101.24392,77.10524],[101.14305,77.03629],[100.96077,77.00001],[100.93938,76.99164],[100.85568,76.90262],[100.85427,76.89887],[100.86855,76.82087],[100.87402,76.81572],[100.96003,76.77473],[101.04561,76.70253],[100.87966,76.55942],[100.8864,76.54829],[100.96143,76.5223],[101.00184,76.51784],[101.19982,76.52257],[101.61648,76.47749],[101.57889,76.45735],[101.33845,76.49084],[101.31543,76.4922],[101.08312,76.49036],[100.879,76.53551],[100.8332,76.5375],[100.32188,76.49248],[99.94666,76.50317],[99.93157,76.50298],[99.58159,76.48453],[98.88389,76.52302],[98.85122,76.52185],[98.82609,76.51568],[98.76315,76.48667],[98.75603,76.47867],[98.76738,76.47153],[99.57531,76.23161],[99.77633,76.13123],[99.78728,76.04654],[99.60405,76.11738],[99.59348,76.1202],[99.21736,76.18924],[99.21143,76.19014],[98.68613,76.25518],[98.63917,76.25407],[97.99685,76.14503],[97.97908,76.14014],[97.89052,76.10105],[97.66673,76.09112],[97.63754,76.08701],[97.62209,76.07909],[97.59252,76.03361],[97.50214,76.00176],[97.39053,76.04172],[97.36771,76.04587],[97.33904,76.04552],[97.19293,76.03152],[97.17287,76.02809],[96.85513,75.94231],[96.5681,75.91231],[96.6473,75.98737],[96.64679,75.9954],[96.62942,76.00145],[96.53739,76.01746],[96.49062,76.01782],[95.91627,75.93778],[95.90224,75.93493],[95.74299,75.88993],[95.71971,75.89505],[96.02297,76.00234],[96.03164,76.00674],[96.12083,76.07872],[96.12179,76.08671],[96.10588,76.093],[95.95084,76.12402],[95.93603,76.12593],[95.59477,76.14995],[95.58565,76.15033],[95.36546,76.15333],[95.34903,76.15279],[95.042,76.12794],[94.59322,76.16484],[94.55725,76.16388],[94.53153,76.15644],[94.47882,76.12279],[94.11241,76.13724],[94.09051,76.13671],[93.83131,76.1137],[93.81281,76.1108],[93.64544,76.07048],[93.38677,76.11267],[93.36013,76.11435],[93.25904,76.11235],[93.21766,76.10512],[93.10182,76.05022],[93.01135,76.08354],[92.98246,76.08825],[92.9482,76.08616],[92.92617,76.07834],[92.81343,75.98232],[92.81135,75.97641],[92.84256,75.90741],[92.85819,75.8994],[92.88954,75.89663],[93.06839,75.89963],[93.10832,75.90619],[93.18494,75.93853],[93.37239,75.89082],[93.40731,75.88768],[93.44143,75.89277],[93.5731,75.93589],[93.65076,75.91252],[93.69691,75.90915],[94.06811,75.93853],[94.04204,75.92368],[92.39911,75.76303],[91.8402,75.73722],[91.81946,75.73479],[91.46643,75.66343],[91.00765,75.66342],[90.99638,75.66302],[90.17574,75.604],[90.15768,75.60145],[89.58395,75.47215],[89.31877,75.48331],[89.28774,75.48146],[88.71046,75.38042],[88.69854,75.37745],[88.47431,75.30006],[87.66785,75.14521],[87.1897,75.20447],[87.15363,75.20425],[86.98853,75.18224],[86.96451,75.17504],[86.88062,75.11803],[86.87704,75.11103],[86.89416,75.06604],[86.9095,75.05752],[86.94049,75.05456],[87.12846,75.05829],[87.41773,75.00612],[87.37721,74.94633],[86.83386,74.72825],[86.65949,74.69866],[86.23248,74.82579],[86.19389,74.82923],[86.16122,74.82165],[86.0352,74.7435],[85.89166,74.75316],[85.85895,74.75149],[85.83854,74.74342],[85.74875,74.6484],[85.75356,74.63762],[85.78296,74.63169],[86.10196,74.61599],[86.40103,74.57354],[87.14761,74.3686],[86.91291,74.34101],[86.69901,74.42272],[86.69208,74.4248],[86.56504,74.45481],[86.54526,74.45735],[86.40315,74.46335],[86.38064,74.46245],[86.16751,74.43544],[86.14475,74.42904],[85.96292,74.32201],[85.95903,74.31248],[85.97635,74.30473],[86.15329,74.26774],[86.1652,74.26602],[86.54538,74.23217],[86.66069,74.18735],[87.17229,73.87256],[87.18777,73.86732],[87.49908,73.80874],[87.34343,73.7661],[87.33386,73.76239],[87.09404,73.62705],[86.36924,73.58222],[86.3572,73.58082],[86.07306,73.5308],[86.05992,73.5272],[85.90696,73.46418],[85.89824,73.45756],[85.86938,73.39156],[85.87274,73.38403],[85.93381,73.34104],[85.94335,73.33682],[86.59318,73.14424],[86.3358,73.20619],[86.1286,73.28219],[86.1194,73.28467],[85.85726,73.33524],[85.83445,73.4375],[85.86484,73.4865],[86.11738,73.56686],[86.38285,73.60786],[86.39436,73.61044],[87.05732,73.81436],[87.07073,73.82285],[87.06389,73.83189],[86.92796,73.89491],[86.89752,73.90043],[86.5953,73.90744],[86.58304,73.90714],[85.60236,73.83511],[85.57519,73.82875],[85.42264,73.74728],[85.19752,73.73542],[85.08482,73.73361],[84.75394,73.77557],[84.72336,73.77553],[84.40596,73.735],[83.54134,73.68048],[81.81613,73.67249],[81.80823,73.67218],[80.5734,73.58113],[80.55222,73.57706],[80.54195,73.56978],[80.52107,73.51678],[80.52219,73.51151],[80.55097,73.4769],[80.42516,73.42214],[80.41921,73.41847],[80.35931,73.36146],[80.35718,73.3561],[80.38445,73.23011],[80.3847,73.2293],[80.41486,73.1533],[80.41588,73.15158],[80.47101,73.08259],[80.48621,73.07514],[80.72358,73.01654],[80.79976,72.94854],[80.63695,72.76286],[80.63569,72.76088],[80.61678,72.71388],[80.61856,72.70767],[80.68202,72.64433],[80.78885,72.48502],[80.7988,72.47867],[81.06981,72.3807],[81.08112,72.37785],[81.26604,72.34686],[81.27619,72.34572],[81.77912,72.31416],[82.07124,72.25399],[82.15,72.23037],[82.28211,72.06824],[82.28882,72.06362],[82.6149,71.91666],[82.62612,71.91323],[82.73608,71.89124],[82.74815,71.88971],[83.18189,71.86243],[83.30882,71.81982],[83.49759,71.67986],[83.53302,71.59405],[83.4954,71.51855],[83.42571,71.47459],[83.42301,71.47249],[83.23128,71.28046],[83.23014,71.27908],[83.1154,71.10706],[83.11939,71.09706],[83.30122,70.98289],[83.54472,70.76154],[83.6992,70.54555],[83.62726,70.42408],[83.47567,70.35616],[83.06046,70.28941],[83.04295,70.28331],[83.03928,70.27441],[83.09629,70.15683],[83.07676,70.11499],[83.06408,70.10755],[82.87869,70.11748],[82.72055,70.21967],[82.7744,70.28059],[82.95092,70.40047],[82.95454,70.40399],[83.06479,70.57797],[83.06564,70.57989],[83.09382,70.69389],[83.09396,70.69542],[83.08716,70.81543],[83.08653,70.81765],[83.04566,70.89765],[83.03749,70.90391],[82.89651,70.96393],[82.8599,70.96803],[82.72883,70.95502],[82.71295,70.95171],[82.56694,70.89969],[82.5569,70.89333],[82.41816,70.6947],[82.22603,70.54996],[82.22243,70.5452],[82.2186,70.52989],[82.19952,70.59636],[82.3047,70.70234],[82.30597,70.70389],[82.37111,70.80388],[82.37196,70.80846],[82.35208,70.88047],[82.35128,70.88221],[82.27597,70.99889],[82.35734,71.25144],[82.51012,71.28109],[82.51767,71.28302],[83.00162,71.44097],[83.01125,71.44583],[83.26853,71.66279],[83.2627,71.67684],[83.13572,71.72985],[83.12776,71.73234],[83.00673,71.76035],[82.99325,71.76226],[82.76511,71.77727],[82.75586,71.77746],[82.54473,71.77246],[82.5361,71.77189],[82.07554,71.72062],[81.67288,71.72929],[81.53374,71.75693],[80.89147,71.97666],[80.85276,72.05626],[80.84896,72.06022],[80.797,72.09523],[80.78349,72.10039],[80.49439,72.16441],[80.48782,72.16557],[79.97391,72.23475],[79.44701,72.39125],[79.42349,72.39447],[78.48386,72.40847],[78.47478,72.40822],[78.21662,72.39022],[78.20612,72.3889],[77.94902,72.34088],[77.93777,72.33766],[77.70578,72.23891],[77.60883,72.21377],[77.46477,72.20529],[77.43521,72.19635],[77.40326,72.16134],[77.40226,72.16001],[77.37335,72.111],[77.3812,72.09971],[77.46322,72.06372],[77.48397,72.05897],[77.50841,72.05954],[77.78439,72.0998],[77.99589,72.08],[78.10754,72.03803],[78.1916,71.95227],[78.15617,71.91678],[77.76987,71.84972],[77.56665,71.85509],[77.08668,72.01378],[77.07557,72.01634],[76.88548,72.04535],[76.86375,72.04629],[76.41447,72.01928],[76.39961,72.01714],[76.00951,71.9211],[75.99592,71.9147],[75.99544,71.90659],[76.1798,71.67962],[76.18097,71.67839],[76.27709,71.5904],[76.28602,71.58554],[76.40702,71.54255],[76.41296,71.54082],[76.85082,71.43585],[76.85699,71.43464],[77.09605,71.39725],[77.45957,71.30117],[77.47689,71.29864],[77.70276,71.28764],[77.71874,71.28814],[77.90511,71.30947],[78.18324,71.25658],[78.35251,71.08267],[78.35596,71.08003],[78.46002,71.01804],[78.47336,71.01329],[78.70628,70.96431],[78.73152,70.96277],[79.0187,70.98356],[78.99,70.96189],[78.52593,70.92582],[78.3344,70.94263],[78.0906,70.9966],[77.6161,71.1773],[77.59158,71.18145],[76.99622,71.19446],[76.97555,71.19261],[76.96146,71.18684],[76.91806,71.15197],[76.76872,71.21104],[76.74394,71.21544],[76.11646,71.23231],[75.74774,71.27839],[75.36448,71.35086],[75.31965,71.42695],[75.50047,71.52635],[75.50624,71.53223],[75.54046,71.65322],[75.53551,71.66143],[75.28562,71.81581],[75.3108,71.95064],[75.41454,71.97121],[75.43177,71.97889],[75.58601,72.16558],[75.77537,72.28937],[75.77713,72.30055],[75.68125,72.38569],[75.63031,72.45796],[75.64336,72.58008],[75.64092,72.58529],[75.40627,72.80132],[75.39257,72.80758],[75.17552,72.8636],[75.15123,72.86646],[74.94108,72.86746],[74.91633,72.86462],[74.7613,72.8226],[74.74833,72.81576],[74.74995,72.8075],[74.97037,72.61531],[75.02116,72.54711],[75.05789,72.4209],[75.05128,72.26489],[75.01574,72.20323],[74.95874,72.1527],[74.77813,72.08735],[74.46679,72.00826],[74.29364,71.97032],[73.92571,71.92779],[73.91551,71.92593],[73.64845,71.8559],[73.6382,71.85166],[73.05266,71.45159],[73.05124,71.44066],[73.11532,71.38067],[73.12693,71.37483],[73.3384,71.31091],[73.54452,71.21082],[73.6978,71.06466],[73.69965,71.06315],[74.2764,70.6502],[74.30608,70.58091],[74.17467,70.45125],[73.90635,70.28018],[73.90429,70.27862],[73.79741,70.18161],[73.79587,70.17988],[73.54438,69.80684],[73.5434,69.80451],[73.52554,69.70851],[73.5296,69.70109],[73.80094,69.49951],[73.85594,69.41812],[73.74286,69.2012],[73.74507,69.19304],[73.80512,69.13805],[73.82193,69.131],[73.96287,69.103],[73.98469,69.1018],[74.36246,69.13116],[74.80626,69.07812],[74.82456,69.07797],[75.06344,69.10296],[75.07623,69.10561],[75.43624,69.22658],[75.56425,69.23839],[75.99291,69.22182],[76.63013,69.10504],[77.30802,68.94823],[77.443,68.89542],[77.46579,68.89152],[77.62365,68.88983],[77.75264,68.6276],[77.75377,68.62587],[77.87507,68.47895],[77.95867,68.26785],[77.74509,68.23463],[77.7359,68.2324],[77.64389,68.20039],[77.63389,68.19405],[77.50508,68.01203],[77.50386,68.00917],[77.48798,67.91117],[77.48843,67.90782],[77.55662,67.74983],[77.58025,67.73899],[78.5508,67.62602],[78.55734,67.62554],[78.82363,67.61794],[78.85792,67.60061],[77.98614,67.57255],[77.78057,67.58311],[77.69547,67.60066],[77.60422,67.652],[77.59845,67.65451],[77.20908,67.78435],[77.27955,67.93819],[77.28013,67.94053],[77.29359,68.31553],[77.29354,68.31655],[77.27073,68.47056],[77.26833,68.47488],[77.14245,68.6009],[77.13701,68.60456],[76.76342,68.78401],[76.63658,68.9031],[76.63267,68.90584],[76.48571,68.98586],[76.46618,68.99109],[76.32311,69.00509],[76.30894,69.00524],[76.10084,68.98923],[76.09604,68.98871],[75.58005,68.914],[75.11715,68.87518],[75.10936,68.87408],[74.56417,68.76304],[74.5495,68.75674],[74.45059,68.66473],[74.4483,68.6615],[74.3586,68.42349],[74.36085,68.41616],[74.48096,68.29818],[74.48305,68.29646],[74.60222,68.21281],[74.71151,68.07124],[74.74589,67.98503],[74.75485,67.89851],[74.73848,67.77021],[74.64977,67.70315],[74.05122,67.42319],[74.04608,67.4198],[73.95715,67.33379],[73.95506,67.33087],[73.85296,67.08936],[73.76538,67.00267],[73.49346,66.87155],[72.39981,66.57243],[72.38688,66.56395],[72.29424,66.34013],[72.05618,66.26607],[71.92246,66.26076],[71.57985,66.34566],[71.57276,66.34694],[71.36467,66.37195],[71.3556,66.37242],[70.34244,66.35552],[69.99501,66.41292],[69.71723,66.49596],[69.70563,66.49812],[69.42323,66.52352],[69.22004,66.58691],[69.12045,66.72728],[69.11814,66.7297],[69.05101,66.78484],[69.09542,66.80368],[69.22212,66.81552],[69.73968,66.80163],[69.75517,66.80298],[69.87883,66.83006],[69.93026,66.81935],[70.07061,66.7458],[70.07511,66.74385],[70.26408,66.67586],[70.28933,66.67275],[70.43629,66.6828],[70.42425,66.67904],[70.41431,66.67349],[70.35436,66.60748],[70.35436,66.59782],[70.36925,66.59034],[70.71114,66.50736],[70.73538,66.50617],[70.9493,66.53516],[70.95874,66.53733],[71.35316,66.67337],[71.53996,66.66959],[71.56105,66.6728],[71.57071,66.68155],[71.58179,66.75855],[71.57961,66.76445],[71.41369,66.94499],[71.66418,66.92676],[71.68912,66.92975],[71.86811,66.99773],[71.87448,67.00117],[72.61871,67.57766],[72.96838,67.685],[72.97539,67.688],[73.09343,67.75899],[73.09711,67.76196],[73.18221,67.85995],[73.184,67.86338],[73.20513,67.97138],[73.20485,67.97453],[73.1615,68.09119],[73.17117,68.17726],[73.29502,68.28734],[73.49127,68.42236],[73.61544,68.47221],[73.62427,68.48405],[73.58038,68.57706],[73.56974,68.58476],[73.21271,68.7168],[73.20944,68.71787],[72.83366,68.82496],[72.70631,68.882],[72.60931,68.97237],[72.56069,69.0816],[72.56079,69.15304],[72.59091,69.37562],[72.64947,69.48057],[72.65025,69.48368],[72.63369,69.79269],[72.63362,69.79332],[72.56519,70.17333],[72.56439,70.17539],[72.50648,70.27248],[72.68445,70.39616],[72.6869,70.3983],[72.73397,70.45229],[72.73569,70.45595],[72.76828,70.82195],[72.7682,70.82337],[72.74043,70.96338],[72.73952,70.96554],[72.61681,71.15356],[72.6043,71.161],[72.10834,71.31517],[71.90604,71.45847],[71.94661,71.54023],[72.15407,71.59826],[72.16243,71.60161],[72.31151,71.68859],[72.31554,71.69192],[72.41133,71.81737],[72.61008,72.00783],[72.61113,72.00899],[72.66124,72.07498],[72.66197,72.07615],[72.79145,72.34013],[72.79193,72.34159],[72.85161,72.68958],[72.83599,72.70131],[72.46991,72.80034],[72.45709,72.80271],[72.11188,72.84172],[72.09287,72.84227],[71.93925,72.83419],[71.64058,72.91242],[71.62688,72.91481],[71.50981,72.92682],[71.49623,72.92741],[69.74251,72.89856],[69.68927,72.90601],[69.69769,72.92634],[69.74263,72.9479],[69.74833,72.95814],[69.73338,72.98014],[69.71461,72.98906],[69.68302,72.9911],[69.37983,72.96909],[69.35354,72.96181],[69.002,72.67576],[69.0004,72.67413],[68.7919,72.3961],[68.79151,72.39552],[68.56953,72.01708],[68.43281,71.85825],[68.2357,71.69048],[67.93061,71.55755],[67.51824,71.42302],[66.8973,71.29364],[66.883,71.28755],[66.73502,71.14727],[66.6102,71.0897],[66.60707,71.07587],[66.66011,71.03688],[66.68108,71.02974],[66.70879,71.02954],[66.78744,71.04079],[66.72486,70.96804],[66.63359,70.90812],[66.62981,70.89987],[66.66595,70.81788],[66.6877,70.80715],[66.80764,70.78516],[66.83634,70.78437],[67.1268,70.82149],[67.2481,70.73696],[67.21119,70.50242],[67.12179,70.29807],[67.12139,70.29669],[67.11051,70.22169],[67.11216,70.21686],[67.20119,70.10985],[67.11467,70.03964],[67.05601,70.02009],[66.92859,70.02721],[66.90473,70.02521],[66.89148,70.01762],[66.79772,69.84561],[66.79722,69.84439],[66.76837,69.74239],[66.76817,69.74091],[66.76929,69.65991],[66.77125,69.65552],[66.86437,69.55053],[66.88415,69.542],[66.91274,69.54171],[66.93053,69.54986],[66.99548,69.64854],[67.07254,69.67782],[67.6053,69.57312],[67.75144,69.52051],[67.75893,69.51841],[67.9798,69.47081],[68.03938,69.41839],[68.0831,69.23565],[68.08757,69.23006],[68.32571,69.06209],[68.3283,69.0605],[68.51635,68.95952],[68.52205,68.95708],[68.63903,68.91709],[68.65404,68.91401],[68.75698,68.90401],[68.78175,68.90545],[68.9343,68.94241],[69.09489,68.93872],[68.79853,68.5732],[68.47924,68.35791],[68.37454,68.33115],[68.1799,68.41299],[68.17348,68.41512],[67.75508,68.52318],[67.66862,68.58497],[67.66118,68.58869],[67.17566,68.76179],[67.03198,68.87917],[67.00585,68.88712],[66.76347,68.90485],[66.43033,68.95971],[66.10236,69.0469],[66.09505,69.0484],[65.8358,69.08748],[65.76551,69.13771],[65.74948,69.14379],[65.0452,69.28183],[65.01677,69.28236],[64.94059,69.27005],[64.96285,69.32179],[64.95006,69.33481],[64.61301,69.44585],[64.60893,69.44701],[64.2068,69.54604],[64.20188,69.54706],[63.37251,69.6871],[63.36659,69.68786],[62.6362,69.75587],[62.63011,69.75623],[61.77415,69.77612],[61.02318,69.86361],[61.00911,69.86415],[60.90205,69.86015],[60.88653,69.85797],[60.79051,69.83196],[60.78394,69.82953],[60.53544,69.70327],[60.26105,69.66544],[60.24592,69.66088],[60.14097,69.59886],[60.13965,69.5864],[60.30507,69.45301],[60.63291,69.10666],[60.65346,69.09807],[60.68224,69.09799],[60.83421,69.12621],[60.89834,68.99054],[60.61026,68.79573],[60.4701,68.74115],[60.15397,68.71328],[59.89452,68.71916],[59.87306,68.71651],[59.86253,68.70885],[59.83166,68.60785],[59.83307,68.6022],[59.90662,68.51043],[59.8902,68.47475],[59.86535,68.42779],[59.83232,68.40518],[59.71118,68.36509],[59.60799,68.36424],[59.13311,68.45171],[59.14537,68.61115],[59.24995,68.68176],[59.39385,68.72744],[59.40433,68.73455],[59.40061,68.74313],[59.2497,68.85515],[59.2438,68.85839],[59.14145,68.90121],[59.09057,69.00709],[59.0769,69.01584],[59.05221,69.01915],[58.91413,69.01715],[58.90353,69.01629],[58.33832,68.92825],[58.32373,68.92325],[58.23877,68.86371],[58.20393,68.89419],[58.17913,68.90259],[58.14912,68.9003],[57.42125,68.65262],[57.11549,68.56773],[56.91552,68.57964],[56.63122,68.63078],[56.61756,68.63208],[56.27752,68.63701],[56.04951,68.66157],[56.02602,68.66079],[55.66229,68.58883],[55.41141,68.58101],[55.39446,68.57835],[55.12745,68.49032],[55.12415,68.48903],[54.8962,68.383],[54.88976,68.37726],[54.83051,68.21232],[54.7289,68.19952],[54.58781,68.27951],[54.57647,68.28376],[54.49145,68.30477],[54.46477,68.30669],[54.0876,68.27167],[54.07892,68.27025],[53.95729,68.24054],[53.30984,68.27721],[53.36894,68.3319],[53.57946,68.35444],[53.58929,68.35631],[53.69896,68.38841],[53.82068,68.37088],[53.84093,68.37038],[53.85684,68.37448],[53.95887,68.42746],[53.96465,68.43508],[53.95179,68.53608],[53.94608,68.54291],[53.79684,68.63404],[53.86602,68.70312],[53.86724,68.70463],[53.92298,68.79539],[53.99957,68.83557],[54.00523,68.84292],[53.99805,68.85068],[53.94706,68.87769],[53.92621,68.88341],[53.83234,68.89418],[53.83235,68.89933],[53.89083,68.91472],[54.38645,68.95222],[54.39658,68.95371],[54.51156,68.9807],[54.52536,68.98962],[54.5149,69.00023],[54.48754,69.00502],[53.79818,69.00899],[53.78141,69.00729],[52.66317,68.74218],[52.6589,68.74091],[52.31891,68.61787],[52.30996,68.60958],[52.31905,68.60045],[52.34133,68.59532],[52.52738,68.58087],[52.61717,68.50213],[52.6296,68.49608],[52.68251,68.48056],[52.64103,68.43589],[52.37785,68.36356],[52.3216,68.35456],[52.22643,68.37785],[52.31605,68.45243],[52.31017,68.46639],[52.15419,68.53941],[52.12944,68.54481],[51.99537,68.55181],[51.9783,68.55097],[51.60017,68.48794],[51.59549,68.48694],[51.31714,68.41362],[51.06651,68.37558],[50.83008,68.36277],[50.81905,68.36129],[50.67902,68.32928],[50.67528,68.32825],[49.90874,68.07566],[49.13882,67.88215],[48.95522,67.86753],[48.76681,67.90708],[48.74656,67.90876],[48.72908,67.90569],[48.67108,67.88368],[48.66295,67.87721],[48.66651,67.8696],[48.8422,67.73171],[48.80972,67.69557],[48.65633,67.70755],[48.63929,67.70712],[47.86002,67.59605],[47.84605,67.59154],[47.8422,67.5844],[47.87473,67.45789],[47.73671,67.28114],[47.73557,67.2789],[47.67714,67.04904],[47.62771,66.9846],[47.47848,66.94168],[46.49147,66.81387],[46.3107,66.85392],[46.29642,66.85567],[45.99686,66.86527],[45.91016,66.89789],[45.78229,66.99289],[45.59231,67.18906],[45.57605,67.19661],[45.15576,67.29497],[44.96821,67.35688],[44.93576,67.41136],[44.96987,67.47023],[45.54995,67.74638],[46.70062,67.8365],[46.71728,67.84032],[46.72339,67.84751],[46.71755,67.96852],[46.71201,67.9755],[46.18704,68.29609],[45.92192,68.48462],[45.90346,68.49126],[45.53031,68.55828],[45.52089,68.55944],[45.07967,68.59043],[45.07082,68.59063],[44.05229,68.56194],[43.48711,68.69044],[43.46248,68.69248],[43.32342,68.68547],[43.30161,68.67999],[43.30097,68.66981],[43.37204,68.60582],[43.38135,68.60074],[44.1375,68.32213],[44.17112,68.25413],[44.19202,68.15529],[44.19124,67.99908],[44.00359,67.67567],[43.82417,67.44404],[43.8236,67.44318],[43.76373,67.33418],[43.76316,67.33259],[43.74925,67.25659],[43.75214,67.25039],[43.8252,67.1854],[43.85099,67.17681],[44.06232,67.15558],[44.26649,67.09284],[44.37261,67.00195],[44.39667,66.93864],[44.4048,66.79643],[44.40525,66.79458],[44.45604,66.67479],[44.28641,66.48825],[44.19222,66.41382],[44.19037,66.41194],[44.06656,66.23993],[44.06584,66.23467],[44.1132,66.11466],[44.08335,66.03875],[43.8677,66.14897],[43.85144,66.15375],[43.7444,66.16976],[43.72109,66.16964],[43.57716,66.14382],[43.58107,66.16809],[43.68139,66.244],[43.67985,66.25617],[43.57789,66.32619],[43.56787,66.33068],[43.2498,66.4257],[43.22973,66.42858],[42.61234,66.43543],[42.47189,66.4903],[42.4594,66.49355],[42.2193,66.53156],[42.18614,66.52916],[42.05916,66.47514],[42.05576,66.47333],[41.75427,66.26721],[41.45348,66.13303],[41.05992,66.03265],[40.76188,66.00006],[40.75278,65.99827],[40.67077,65.97326],[40.66441,65.97042],[40.48642,65.85201],[40.3046,65.76155],[39.79616,65.60827],[39.78636,65.60177],[39.71852,65.45177],[39.7187,65.44714],[39.7678,65.34915],[39.77067,65.34576],[40.11586,65.05883],[40.12116,65.05556],[40.25495,64.99257],[40.3461,64.89376],[40.41272,64.78261],[40.39297,64.7698],[40.21032,64.79574],[40.19406,64.7962],[40.048,64.78319],[40.03598,64.78064],[39.82699,64.70061],[39.82026,64.69625],[39.73464,64.58887],[39.5718,64.58375],[39.06844,64.72403],[39.06108,64.72558],[38.55426,64.80164],[38.46678,64.83346],[38.43994,64.86032],[38.42684,64.86691],[38.40756,64.86938],[38.11996,64.86743],[38.02678,64.88832],[37.5502,65.11526],[37.5401,65.11859],[37.15298,65.20461],[37.13087,65.20607],[36.87278,65.18405],[36.8528,65.17602],[36.75765,64.99418],[36.63877,64.94769],[36.5335,64.95125],[36.51317,64.94869],[36.50444,64.94098],[36.49754,64.84899],[36.49955,64.84414],[36.55059,64.78816],[36.55159,64.78718],[36.59662,64.74719],[36.60256,64.74351],[36.745,64.6787],[37.01422,64.48409],[37.01654,64.48262],[37.16056,64.40164],[37.16932,64.39813],[37.27529,64.36814],[37.29185,64.3657],[37.43179,64.3617],[37.43896,64.36185],[37.73528,64.38376],[37.9254,64.31504],[37.94737,64.20756],[37.94865,64.20482],[38.03265,64.09035],[38.04103,64.03027],[37.94605,63.95921],[37.62109,63.90454],[37.61301,63.90232],[37.43342,63.82787],[36.98517,63.92092],[36.98202,63.92149],[36.38051,64.01319],[36.32716,64.03945],[36.17332,64.19243],[36.16617,64.19689],[35.82215,64.34293],[35.81658,64.34485],[35.66154,64.38786],[35.63388,64.38962],[35.42704,64.35979],[35.29461,64.3741],[35.05725,64.44751],[34.9,64.56194],[34.88874,64.70179],[34.97703,64.74778],[34.98215,64.75616],[34.97105,64.76445],[34.86264,64.80455],[34.83466,64.98516],[34.83346,64.98789],[34.70063,65.16993],[34.69891,65.17175],[34.44255,65.39259],[34.56859,65.44826],[34.57207,65.45022],[34.64411,65.50321],[34.6465,65.50567],[34.80778,65.76366],[34.80858,65.76592],[34.81769,65.86293],[34.81509,65.8683],[34.72117,65.95532],[34.71829,65.95744],[34.42638,66.13349],[34.4195,66.13657],[34.13246,66.2336],[34.12331,66.23589],[33.5771,66.33191],[33.5664,66.33305],[33.45794,66.33782],[33.61284,66.37448],[33.62328,66.37916],[33.68634,66.43716],[33.68583,66.44623],[33.66845,66.45347],[33.24359,66.53963],[33.21796,66.57134],[33.2536,66.59739],[33.25599,66.60487],[33.21308,66.68088],[33.18791,66.69138],[32.89306,66.72929],[32.88983,66.74618],[32.88088,66.75404],[32.49919,66.91829],[32.5339,67.00059],[32.523,67.01187],[32.22398,67.12091],[32.20464,67.12478],[31.99638,67.14094],[31.97695,67.1478],[32.39817,67.14102],[32.8834,67.08064],[32.81739,67.02824],[32.81856,67.01791],[32.97265,66.90394],[32.97804,66.90094],[33.12604,66.83696],[33.135,66.83407],[33.4669,66.7551],[33.49943,66.75392],[33.59575,66.77097],[33.87764,66.69741],[33.8972,66.69486],[34.14242,66.69096],[34.4056,66.64626],[34.36686,66.61994],[34.36742,66.60865],[34.45446,66.54566],[34.47139,66.53933],[34.49382,66.53806],[34.62077,66.54805],[34.63004,66.54945],[34.82522,66.59575],[35.34419,66.42046],[35.35071,66.41865],[35.49966,66.38566],[35.50837,66.38425],[36.368,66.29025],[36.37358,66.28981],[36.97999,66.26101],[37.28234,66.21433],[37.6114,66.12045],[37.62224,66.11829],[37.89512,66.08429],[37.90019,66.08382],[38.39696,66.05181],[38.40392,66.05164],[38.65981,66.05663],[38.66574,66.05698],[39.30051,66.11993],[39.30681,66.12087],[40.12064,66.28878],[40.12611,66.29027],[40.54511,66.43722],[40.54931,66.43909],[41.21656,66.818],[41.21956,66.82021],[41.30665,66.9082],[41.30824,66.91056],[41.3865,67.11756],[41.38681,67.11899],[41.39192,67.208],[41.38342,67.21701],[41.3616,67.2222],[41.27553,67.2293],[41.16703,67.27085],[41.16717,67.38425],[41.16366,67.38997],[41.09324,67.44598],[40.99931,67.71289],[40.97676,67.72414],[40.54075,67.80043],[40.40486,67.8398],[39.83679,68.15675],[39.8201,68.16205],[39.75707,68.17306],[39.73276,68.17403],[39.7151,68.16897],[39.71296,68.16041],[39.77801,68.07362],[39.58124,68.08367],[38.85373,68.3334],[38.84204,68.3362],[38.71599,68.3562],[38.69439,68.35714],[38.6773,68.35336],[38.64229,68.33692],[38.45482,68.36499],[38.38961,68.41846],[38.38407,68.42174],[37.75714,68.69883],[37.75082,68.70106],[36.63757,69.01216],[36.63633,69.01249],[35.87613,69.20155],[35.86813,69.2031],[35.29987,69.28612],[35.27071,69.2862],[35.21369,69.27719],[35.20051,69.27303],[35.15029,69.24217],[35.00786,69.23358],[34.23611,69.32443],[34.2231,69.32515],[33.67782,69.32212],[33.65529,69.31883],[33.5983,69.29782],[33.59282,69.29489],[33.40565,69.13889],[33.21711,69.09996],[33.22721,69.10875],[33.353,69.14208],[33.36332,69.14751],[33.44849,69.26251],[33.44944,69.26479],[33.4544,69.31164],[33.49969,69.37354],[33.50056,69.37698],[33.49064,69.42698],[33.47197,69.43756],[33.40295,69.45357],[33.36776,69.45543],[33.23872,69.43941],[33.23263,69.43839],[32.98472,69.3838],[33.05532,69.44002],[33.05627,69.44767],[33.0353,69.47168],[33.0162,69.47994],[32.98664,69.4818],[32.88066,69.47357],[32.64414,69.50037],[32.62745,69.501],[32.40616,69.49246],[32.36723,69.55468],[32.35091,69.56309],[32.1874,69.60446],[32.13611,69.63124],[32.19606,69.66014],[32.90922,69.59048],[32.94221,69.59256],[33.02221,69.61655],[33.03205,69.62367],[33.04521,69.71967],[33.03724,69.72798],[32.97126,69.75799],[32.9527,69.76293],[32.58466,69.81564],[32.41841,69.8762],[32.40911,69.87879],[32.00197,69.96382],[31.96722,69.96535],[31.94756,69.95726],[31.93163,69.91725],[31.93255,69.91276],[31.99163,69.83766],[31.97731,69.8268],[31.89383,69.84222],[31.85724,69.84274],[31.76722,69.82673],[31.75402,69.82197],[31.63486,69.72983],[31.52837,69.70835],[31.45448,69.70284],[31.06577,69.77901],[31.05398,69.7806],[30.71781,69.8076],[30.70799,69.80798],[30.47787,69.80696],[30.4474,69.79941],[30.41986,69.76346],[30.38622,69.83503],[30.36901,69.84408],[30.25798,69.87109],[30.23128,69.87395],[30.20807,69.87059],[30.15008,69.84959],[30.14244,69.84371],[30.11841,69.75178],[30.0749,69.73359],[30.00585,69.74696],[29.9795,69.74883],[29.79405,69.7404],[29.72116,69.75317],[29.67312,69.78169],[29.65888,69.87187],[29.68465,69.94092],[29.6814,69.94735],[29.63544,69.98036],[29.61287,69.98765],[28.83857,70.10039],[28.82487,70.1315],[29.92608,70.08419],[29.94108,70.08446],[30.27794,70.11343],[30.29323,70.11638],[30.4955,70.18802],[30.96525,70.26314],[30.98226,70.27132],[30.99939,70.34132],[30.99879,70.34448],[30.96389,70.40149],[30.95425,70.40775],[30.62428,70.5308],[30.60659,70.53489],[30.43251,70.55789],[30.41384,70.55894],[30.24482,70.55571],[30.2425,70.56012],[30.2765,70.61822],[30.26983,70.62738],[30.0969,70.70841],[30.07545,70.71389],[30.04936,70.71454],[29.94331,70.70553],[29.92895,70.70296],[29.77891,70.656],[29.76202,70.65717],[29.67331,70.70917],[29.64858,70.71599],[29.41832,70.74369],[29.35382,70.76632],[29.25475,70.83341],[29.24256,70.83838],[29.12554,70.86939],[29.09757,70.87288],[28.82741,70.87587],[28.8032,70.87336],[28.7212,70.85135],[28.7142,70.84863],[28.57331,70.76661],[28.57073,70.76458],[28.44697,70.62357],[28.44606,70.62213],[28.39927,70.50658],[28.27662,70.45052],[28.27169,70.44676],[28.20473,70.33555],[28.20475,70.35796],[28.24194,70.5737],[28.3104,70.66378],[28.30722,70.67164],[28.25126,70.70765],[28.22487,70.71502],[28.19201,70.71436],[27.99128,70.67735],[27.94932,70.68317],[27.98494,70.71001],[28.29978,70.78842],[28.30832,70.79174],[28.41942,70.86272],[28.42268,70.86693],[28.43188,70.97294],[28.41656,70.98315],[28.16652,71.05117],[28.14276,71.05467],[27.82221,71.07035],[27.61035,71.10143],[27.58511,71.10268],[27.56456,71.09932],[27.29963,71.00528],[27.29651,71.00394],[27.19957,70.95393],[27.19654,70.94552],[27.2306,70.90853],[27.2435,70.90214],[27.51394,70.82399],[27.51041,70.81582],[27.3031,70.8158],[27.27443,70.81123],[27.1495,70.75122],[27.14499,70.74764],[27.10841,70.68515],[26.95392,70.51861],[26.62341,70.43603],[26.62307,70.45177],[26.6842,70.63317],[26.67463,70.64239],[26.60437,70.66907],[26.71112,70.73468],[26.71415,70.73758],[26.77336,70.85058],[26.77256,70.85522],[26.69971,70.94124],[26.67426,70.95041],[26.63704,70.95035],[26.48301,70.92333],[26.47229,70.92024],[26.19644,70.7902],[26.19444,70.7891],[25.95218,70.6314],[25.43613,70.34764],[25.43245,70.34427],[25.3817,70.24043],[25.18299,70.14532],[25.05705,70.12508],[25.02207,70.14516],[25.03241,70.2139],[25.18209,70.31815],[25.18469,70.32109],[25.24761,70.4851],[25.31102,70.54646],[25.5037,70.6655],[25.69984,70.76942],[25.81286,70.8087],[25.82059,70.81655],[25.80765,70.85256],[25.79071,70.86158],[25.59267,70.9096],[25.57554,70.91225],[25.44146,70.92325],[25.40431,70.9204],[25.34432,70.90039],[25.33799,70.89719],[25.29266,70.85892],[25.27409,70.85737],[24.79327,71.01507],[24.75101,71.01941],[24.64396,71.0124],[24.62238,71.00785],[24.40774,70.89943],[24.2303,70.83396],[24.22306,70.8273],[24.22817,70.77431],[24.24832,70.76378],[24.36668,70.73942],[24.37865,70.70741],[24.25588,70.67073],[24.24904,70.66768],[24.00839,70.49573],[23.88622,70.49051],[23.86604,70.48736],[23.63009,70.40832],[23.62604,70.40661],[23.34423,70.25357],[23.34228,70.25229],[23.29234,70.21228],[23.29043,70.20994],[23.24761,70.10794],[23.24793,70.1045],[23.272,70.06351],[23.27789,70.05891],[23.35728,70.02014],[23.32901,69.99737],[23.28198,70.00227],[23.08301,70.10463],[22.97958,70.30526],[22.96544,70.31299],[22.70941,70.38302],[22.68741,70.38635],[22.66455,70.38559],[22.40047,70.34856],[22.3824,70.34144],[22.34893,70.28549],[22.32846,70.28127],[22.25022,70.31469],[22.22369,70.32018],[22.19429,70.31883],[22.0548,70.29093],[22.02166,70.30064],[21.99348,70.30451],[21.96676,70.30172],[21.76678,70.24338],[21.54901,70.26866],[21.51899,70.26857],[21.33594,70.24355],[21.31721,70.23577],[21.30726,70.21077],[21.31106,70.20425],[21.3651,70.17026],[21.37108,70.16745],[21.5791,70.09149],[21.59284,70.08807],[21.77401,70.05835],[21.85563,70.00217],[21.93516,69.8389],[21.92691,69.83506],[21.46264,70.0192],[21.44383,70.02355],[21.42135,70.02433],[21.24227,70.01431],[21.21636,70.00699],[21.13111,69.90092],[21.04946,69.89904],[21.00287,69.9212],[20.96555,69.92749],[20.61637,69.92547],[20.58555,69.91903],[20.50965,69.85602],[20.5076,69.85268],[20.49489,69.69369],[20.4953,69.6917],[20.5244,69.63271],[20.52937,69.62837],[20.70064,69.53575],[20.49267,69.55304],[20.4693,69.55272],[20.45286,69.54819],[20.16607,69.37834],[20.08344,69.35108],[20.08248,69.35329],[20.31247,69.53072],[20.31398,69.5322],[20.37511,69.61319],[20.37599,69.61588],[20.37115,69.67526],[20.42531,69.86566],[20.42432,69.86936],[20.36144,69.94638],[20.34678,69.95334],[20.32157,69.95643],[20.29747,69.95423],[20.04246,69.89219],[20.03478,69.88944],[19.92685,69.83143],[19.9239,69.82927],[19.82807,69.72626],[19.82732,69.72527],[19.70021,69.50814],[19.67817,69.48959],[19.67787,69.50183],[19.73361,69.60996],[19.734,69.61111],[19.76029,69.78012],[19.75662,69.78563],[19.72165,69.80863],[19.69934,69.8153],[19.66955,69.81573],[19.17939,69.75867],[19.16278,69.75429],[19.00389,69.66627],[19.00019,69.66287],[18.95475,69.5668],[18.86208,69.53417],[18.66778,69.53136],[18.64111,69.52677],[18.58114,69.49776],[18.57616,69.4917],[18.58626,69.43471],[18.59352,69.42837],[18.71955,69.37239],[18.7279,69.36961],[18.86371,69.33528],[18.83981,69.32604],[18.65888,69.33283],[18.51366,69.37115],[18.41366,69.44333],[18.40856,69.44603],[18.32257,69.48105],[18.30081,69.48578],[18.27549,69.4856],[18.24248,69.4816],[18.22654,69.47743],[18.15458,69.43942],[18.15169,69.43739],[18.04286,69.32938],[18.04136,69.32641],[18.03752,69.23442],[18.03864,69.23148],[18.07873,69.18196],[18.06747,69.16432],[17.68623,69.11036],[17.67115,69.10585],[17.51228,69.00683],[17.50921,69.00374],[17.45395,68.88291],[17.35804,68.80531],[17.10919,68.70379],[16.87736,68.69623],[16.86007,68.69404],[16.62706,68.635],[16.62102,68.63295],[16.54905,68.59994],[16.54529,68.59759],[16.47937,68.53758],[16.4777,68.53323],[16.48876,68.49123],[16.49666,68.48487],[16.55667,68.45988],[16.58758,68.45472],[17.20429,68.4477],[17.21656,68.44822],[17.4223,68.46934],[17.52949,68.44348],[17.52216,68.43491],[16.9409,68.3663],[16.87276,68.3663],[16.63675,68.41522],[16.60783,68.41704],[16.37674,68.40102],[16.35869,68.39751],[16.17474,68.32448],[16.16893,68.32075],[16.13998,68.28475],[16.13966,68.27989],[16.22485,68.14392],[16.22733,68.14142],[16.28637,68.09843],[16.30762,68.09172],[16.35065,68.08583],[16.33811,68.06699],[16.22779,68.00738],[16.22374,68.00052],[16.25567,67.92876],[16.15609,68.02824],[16.10073,68.20005],[16.09511,68.20518],[16.03813,68.23419],[16.01121,68.24006],[15.98185,68.2375],[15.83037,68.19213],[15.64376,68.1748],[15.62901,68.17185],[15.46202,68.1119],[15.29484,68.07864],[15.28102,68.07237],[15.25807,68.03937],[15.2633,68.03068],[15.32732,67.99869],[15.35319,67.993],[15.57399,67.97882],[15.58272,67.95565],[15.40718,67.9333],[15.29825,67.96846],[15.28031,67.97181],[15.14025,67.98381],[15.11312,67.98266],[15.0271,67.96565],[15.01626,67.96199],[14.76742,67.81495],[14.76386,67.80869],[14.78535,67.75129],[14.74628,67.67783],[14.75019,67.67049],[14.76739,67.6651],[14.84136,67.65311],[14.86894,67.65235],[15.05487,67.67233],[15.0668,67.67465],[15.29355,67.74535],[15.30709,67.73536],[15.18739,67.66082],[15.18443,67.654],[15.21451,67.60101],[15.2191,67.59705],[15.32414,67.53907],[15.33631,67.53488],[15.46927,67.50589],[15.50492,67.50486],[15.64582,67.52754],[15.65345,67.52212],[15.54438,67.44965],[15.54124,67.44435],[15.55087,67.39421],[15.49842,67.45316],[15.49166,67.45741],[15.43566,67.48042],[15.4139,67.48493],[15.3076,67.4929],[15.14829,67.5612],[15.13057,67.56547],[14.9715,67.58447],[14.93486,67.58185],[14.72789,67.50682],[14.72347,67.50471],[14.54759,67.39169],[14.54555,67.39001],[14.50502,67.34555],[14.41882,67.30484],[14.41342,67.29976],[14.40746,67.27276],[14.41568,67.2645],[14.45269,67.2495],[14.4824,67.24481],[15.29918,67.24577],[15.39616,67.2386],[15.38537,67.21295],[14.77144,67.2052],[14.75811,67.20406],[14.46794,67.15521],[14.34942,67.16946],[14.31358,67.1669],[14.19228,67.12343],[14.11472,67.12982],[14.09295,67.12929],[14.07777,67.12455],[13.85578,66.97514],[13.79955,66.97201],[13.78222,66.96901],[13.62624,66.91499],[13.61945,66.90451],[13.67151,66.84952],[13.69163,66.84197],[13.89349,66.81071],[13.90804,66.80205],[13.78567,66.79344],[13.6262,66.80585],[13.59277,66.80195],[13.42776,66.72567],[13.29967,66.71267],[13.28195,66.70791],[13.18101,66.6469],[13.17726,66.64253],[13.16028,66.54884],[13.1047,66.55011],[13.08243,66.54782],[13.07154,66.54109],[13.03468,66.43309],[13.0346,66.43089],[13.08585,66.23092],[13.09959,66.22248],[13.12693,66.22002],[13.50678,66.24099],[13.51418,66.24171],[13.96654,66.3066],[13.99028,66.29804],[13.89325,66.25608],[13.74334,66.23107],[13.73234,66.22791],[13.65568,66.19134],[13.38536,66.19414],[13.37256,66.19338],[12.7694,66.11032],[12.7549,66.10601],[12.75113,66.09949],[12.76217,66.0685],[12.77524,66.0606],[12.94769,66.01298],[12.99532,65.96042],[12.97207,65.95391],[12.82095,65.96391],[12.79126,65.96056],[12.66329,65.90954],[12.65685,65.90508],[12.59681,65.81041],[12.24383,65.57355],[12.24149,65.57139],[12.09073,65.36538],[12.08984,65.36219],[12.10193,65.2792],[12.10774,65.27325],[12.17375,65.23926],[12.19303,65.23436],[12.21596,65.23502],[12.26343,65.24331],[12.30584,65.23435],[12.33275,65.19137],[12.35181,65.18305],[12.4058,65.17405],[12.43006,65.17345],[12.52404,65.18444],[12.53571,65.18699],[12.79392,65.2792],[12.71006,65.22016],[12.4882,65.10917],[12.3227,65.09846],[12.18778,65.18384],[12.16481,65.18983],[12.13819,65.18761],[11.4672,64.98451],[11.46252,64.98268],[11.32357,64.91266],[11.31896,64.90889],[11.27305,64.83189],[11.27242,64.83003],[11.26551,64.75604],[11.2732,64.74828],[11.29358,64.7441],[11.31578,64.74574],[11.571,64.80639],[11.58316,64.80571],[11.49869,64.7514],[11.31563,64.69636],[11.21739,64.68987],[11.19938,64.68593],[11.06742,64.62334],[10.9136,64.5873],[10.90294,64.5827],[10.80787,64.50114],[10.54567,64.42674],[10.53792,64.42331],[10.20965,64.18637],[9.9859,64.09028],[9.98012,64.08619],[9.90977,63.98596],[9.83804,63.92469],[9.68643,63.87315],[9.68031,63.87013],[9.58738,63.80012],[9.58507,63.79759],[9.53716,63.70858],[9.53862,63.70257],[9.56664,63.67557],[9.58265,63.66918],[9.60594,63.66858],[9.747,63.6858],[9.80289,63.61448],[9.80553,63.61213],[9.86435,63.57262],[9.89446,63.52026],[9.90341,63.51433],[9.91985,63.51119],[10.0508,63.50219],[10.07076,63.50334],[10.35472,63.56131],[10.36012,63.56273],[10.95615,63.76165],[10.96194,63.76433],[11.074,63.83932],[11.07254,63.85051],[10.95272,63.91905],[11.23348,64.02192],[11.30846,64.03643],[11.40606,64.01723],[11.42122,64.00574],[11.15354,63.90695],[11.14552,63.90044],[11.15073,63.89331],[11.18874,63.87232],[11.21397,63.86696],[11.28588,63.86543],[11.33621,63.80877],[11.10092,63.72874],[10.94156,63.70845],[10.93229,63.70648],[10.7043,63.63345],[10.69579,63.62847],[10.64486,63.56147],[10.64532,63.55509],[10.72154,63.46927],[10.58968,63.45833],[10.34552,63.47972],[10.33126,63.47969],[10.18021,63.46568],[10.17338,63.46469],[10.06537,63.44268],[10.05418,63.43847],[10.00479,63.40387],[9.96562,63.48052],[9.95868,63.48584],[9.8573,63.52973],[9.72412,63.62943],[9.70489,63.63546],[9.68036,63.63446],[9.50842,63.59635],[9.31608,63.58071],[9.29735,63.57562],[9.13905,63.47097],[9.1121,63.47247],[9.10668,63.49762],[9.18566,63.56112],[9.18707,63.56856],[9.16509,63.59657],[9.1484,63.6038],[8.8543,63.65582],[8.82824,63.65597],[8.56219,63.61094],[8.55391,63.60881],[8.37593,63.54278],[8.36962,63.53916],[8.33265,63.50316],[8.33127,63.49752],[8.35732,63.44353],[8.37185,63.43577],[8.46482,63.41478],[8.48266,63.41307],[8.57647,63.41472],[8.61067,63.38999],[8.60631,63.346],[8.56151,63.32278],[8.26315,63.29765],[8.24553,63.29311],[8.15856,63.24309],[8.15431,63.23876],[8.12839,63.16376],[8.12991,63.15869],[8.20697,63.07871],[8.21388,63.07459],[8.31564,63.03546],[8.58069,62.87751],[8.58109,62.87653],[8.23583,63.00207],[8.12832,63.09498],[8.10727,63.10159],[7.86619,63.12359],[7.85543,63.12384],[7.56733,63.11082],[7.54927,63.10732],[7.37031,63.03198],[6.99479,62.96787],[6.98562,62.96537],[6.91763,62.93736],[6.91076,62.93204],[6.89945,62.90653],[6.7553,62.79487],[6.75339,62.79291],[6.70646,62.7239],[6.7126,62.71417],[6.7576,62.69418],[6.77348,62.69047],[6.79197,62.69096],[7.11763,62.74112],[7.234,62.74111],[7.39246,62.70293],[7.41607,62.70144],[8.03021,62.75824],[8.05185,62.74138],[7.801,62.73185],[7.79133,62.73082],[7.52429,62.68179],[7.50975,62.67529],[7.48977,62.64929],[7.4888,62.64531],[7.49783,62.60932],[7.51706,62.59986],[7.63439,62.58272],[7.55659,62.55826],[7.49888,62.55456],[7.30127,62.61061],[7.28926,62.61265],[6.96615,62.63765],[6.96428,62.63777],[6.7482,62.64877],[6.73902,62.6487],[6.3469,62.62167],[6.33299,62.6191],[6.253,62.59209],[6.24432,62.58644],[6.20939,62.52422],[6.09297,62.45275],[6.08926,62.44542],[6.10729,62.40543],[6.12086,62.39786],[6.14488,62.3966],[6.62131,62.44898],[6.56144,62.41633],[6.09466,62.36278],[6.00403,62.41294],[5.98879,62.41727],[5.91677,62.42627],[5.89414,62.42563],[5.70411,62.38861],[5.6974,62.38678],[5.51242,62.31876],[5.50486,62.31382],[5.4568,62.24311],[5.34138,62.16336],[5.31142,62.1643],[5.2661,62.19423],[5.24637,62.19959],[5.22288,62.19752],[5.12488,62.1685],[5.11436,62.16155],[5.06749,62.02855],[5.06883,62.02359],[5.13288,61.95361],[5.14703,61.94742],[5.254,61.92643],[5.27108,61.92528],[5.47003,61.93493],[6.12117,61.84189],[6.13132,61.84115],[6.39623,61.84014],[6.40555,61.84069],[6.67557,61.87468],[6.68397,61.87177],[6.4569,61.81754],[6.02106,61.79916],[5.47782,61.9066],[5.46208,61.90778],[5.11957,61.89596],[4.99294,61.91034],[4.96406,61.90746],[4.90907,61.88545],[4.90156,61.8793],[4.88162,61.8113],[4.88152,61.80936],[4.8996,61.71037],[4.90157,61.70709],[4.97061,61.64111],[4.98183,61.63593],[5.0754,61.613],[5.14122,61.53962],[5.14939,61.53494],[5.29746,61.48476],[5.24398,61.46494],[4.99675,61.44456],[4.98175,61.44118],[4.9749,61.43505],[4.96195,61.37906],[4.96198,61.37705],[4.99408,61.25006],[4.99716,61.24607],[5.08219,61.18309],[5.08788,61.18018],[5.30586,61.10021],[5.32192,61.09726],[5.44787,61.09126],[5.46569,61.09273],[5.65655,61.13751],[6.08108,61.15599],[6.37575,61.12357],[6.39569,61.12424],[6.50567,61.14523],[6.52033,61.15252],[6.56969,61.24124],[6.59097,61.25803],[6.58219,61.23054],[6.58858,61.22216],[6.63558,61.20017],[6.64681,61.19696],[6.93272,61.15097],[6.94791,61.15025],[7.28081,61.17023],[7.30308,61.17803],[7.32511,61.21103],[7.32579,61.21506],[7.30447,61.2831],[7.35716,61.36728],[7.39621,61.38926],[7.32046,61.3048],[7.31999,61.29829],[7.37704,61.2193],[7.38585,61.21388],[7.4008,61.21121],[7.55544,61.20272],[7.52612,61.18581],[7.02827,61.10097],[7.01213,61.09084],[7.01919,61.01485],[7.02,61.01259],[7.04694,60.97009],[7.04652,60.96995],[7.0084,60.9969],[6.99982,61.05639],[6.99598,61.06134],[6.927,61.10735],[6.92047,61.11034],[6.79545,61.15035],[6.77535,61.15284],[6.60729,61.14783],[6.59357,61.14591],[6.40794,61.09465],[6.29582,61.09196],[5.99157,61.12739],[5.97504,61.12732],[5.49878,61.06664],[5.29062,61.058],[5.10325,61.08129],[5.0753,61.07871],[4.98931,61.0457],[4.9812,61.03742],[4.99717,60.93614],[4.98337,60.85985],[4.98344,60.85801],[5.02156,60.70703],[5.02312,60.70435],[5.09016,60.63237],[5.0942,60.62947],[5.2222,60.5635],[5.23884,60.5594],[5.25809,60.56068],[5.45429,60.60609],[5.14912,60.49288],[5.14187,60.4883],[5.1109,60.4493],[5.1099,60.44461],[5.15701,60.30664],[5.15872,60.30405],[5.26077,60.20208],[5.26694,60.19835],[5.39793,60.14637],[5.41727,60.14318],[5.63973,60.14319],[5.65582,60.12712],[5.48842,60.08136],[5.20993,60.09869],[5.19151,60.09716],[5.18012,60.0912],[5.14815,60.0492],[5.14796,60.04318],[5.19237,59.97858],[5.16097,59.90995],[5.09385,59.83783],[5.0922,59.83464],[5.07828,59.73264],[5.07826,59.73163],[5.08431,59.66763],[5.08702,59.66328],[5.12203,59.63429],[5.13405,59.62936],[5.15097,59.62837],[5.19096,59.63137],[5.21022,59.63741],[5.28691,59.70422],[5.51594,59.81917],[5.52067,59.82278],[5.5819,59.90367],[5.71791,60.00131],[5.81102,60.0159],[5.82324,60.01977],[5.89926,60.06376],[5.90379,60.06845],[5.93017,60.14738],[6.12569,60.28454],[6.12759,60.28618],[6.17648,60.33981],[6.36266,60.40984],[6.81414,60.49045],[6.94585,60.4981],[6.93061,60.48683],[6.77707,60.4642],[6.76492,60.46057],[6.69794,60.42456],[6.69515,60.42269],[6.63619,60.37168],[6.63453,60.3698],[6.57147,60.26901],[6.60104,60.35943],[6.59862,60.36552],[6.54264,60.41253],[6.52383,60.41858],[6.50053,60.41646],[6.33153,60.36144],[6.3265,60.35927],[6.11857,60.23924],[6.11442,60.23537],[6.07847,60.16737],[6.07799,60.16421],[6.08453,60.13349],[6.04556,60.08798],[5.76165,59.91911],[5.75931,59.9174],[5.70535,59.86739],[5.7039,59.86053],[5.73693,59.80554],[5.75212,59.79814],[5.8231,59.78514],[5.84062,59.78447],[6.16975,59.81673],[5.97898,59.75506],[5.86101,59.74458],[5.8433,59.73912],[5.75977,59.6749],[5.48232,59.72296],[5.4625,59.72314],[5.4479,59.71776],[5.38486,59.66488],[5.29663,59.65329],[5.2796,59.64637],[5.21666,59.56737],[5.21594,59.56627],[5.15903,59.45627],[5.15857,59.45505],[5.10576,59.22706],[5.10654,59.22323],[5.14757,59.16024],[5.15742,59.1543],[5.17412,59.1522],[5.36306,59.15519],[5.37935,59.15784],[5.48536,59.19583],[5.49201,59.1995],[5.58443,59.28319],[5.85763,59.34344],[5.86405,59.34542],[6.29511,59.52612],[6.35074,59.53769],[6.28785,59.51401],[6.28419,59.5123],[5.93029,59.30525],[5.9257,59.3001],[5.91075,59.23511],[5.91158,59.2312],[5.94209,59.18548],[5.92395,59.13912],[5.86713,59.10406],[5.86273,59.09807],[5.86276,59.06007],[5.86864,59.05322],[6.07864,58.94526],[6.09538,58.94127],[6.11407,58.94309],[6.31946,59.00229],[6.32344,59.00087],[6.19633,58.95306],[6.1902,58.94958],[6.11801,58.88391],[6.10501,58.8822],[5.87112,58.96715],[5.86636,58.96852],[5.6243,59.02254],[5.60506,59.02345],[5.58961,59.01866],[5.53363,58.98066],[5.52994,58.97603],[5.49605,58.82404],[5.49595,58.82326],[5.49102,58.72727],[5.49192,58.7242],[5.56098,58.61723],[5.56311,58.61496],[5.68415,58.51898],[5.69082,58.51558],[5.95709,58.42488],[6.03272,58.36963],[6.03959,58.36635],[6.37353,58.25938],[6.38813,58.25715],[6.64157,58.25248],[6.6633,58.22602],[6.58559,58.18262],[6.58231,58.18018],[6.53135,58.12718],[6.53303,58.11753],[6.56903,58.09154],[6.58002,58.08723],[6.71998,58.05823],[6.73477,58.05723],[6.74827,58.05994],[6.78427,58.07393],[6.7925,58.08153],[6.79631,58.12877],[6.81657,58.14332],[6.86929,58.14046],[6.88273,58.13739],[6.86511,58.10452],[6.86488,58.10018],[6.87789,58.06918],[6.88439,58.06364],[6.98638,58.01665],[7.01251,58.01357],[7.19509,58.03674],[7.46048,58.01038],[7.47447,58.01067],[7.88438,58.06963],[7.89394,58.07212],[8.04729,58.13591],[8.16549,58.13407],[8.18616,58.13813],[8.33073,58.21632],[8.53796,58.29264],[8.54267,58.29495],[8.94835,58.56293],[9.19646,58.66709],[9.20351,58.67275],[9.21853,58.70743],[9.25503,58.72932],[9.32999,58.73734],[9.34601,58.74264],[9.41905,58.80063],[9.41709,58.8122],[9.34561,58.85462],[9.67341,58.96224],[9.68115,58.96648],[9.72017,59.00548],[9.71871,59.01519],[9.59835,59.10448],[9.62408,59.10613],[9.77605,59.02233],[9.81773,58.95552],[9.82953,58.94874],[9.84896,58.94721],[9.96593,58.9572],[9.98015,58.96072],[10.09032,59.01534],[10.168,58.99915],[10.18881,58.99865],[10.20342,59.0047],[10.45561,59.27567],[10.45723,59.27848],[10.48131,59.37548],[10.48141,59.37722],[10.47246,59.44423],[10.46126,59.45279],[10.43271,59.46158],[10.42546,59.51265],[10.50788,59.53238],[10.51594,59.53545],[10.59197,59.58044],[10.59637,59.58808],[10.56134,59.6944],[10.58018,59.71569],[10.60741,59.60174],[10.61855,59.38918],[10.62039,59.38533],[10.80949,59.18038],[10.8262,59.17357],[11.34362,59.09676],[11.3566,59.07149],[11.31535,59.09364],[11.28855,59.09783],[11.18953,59.08882],[11.17046,59.0809],[11.12152,58.99189],[11.12143,58.9871],[11.18205,58.86505],[11.1981,58.68002],[11.19822,58.67928],[11.24611,58.47638],[11.22243,58.37046],[11.22639,58.36335],[11.23962,58.35867],[11.25644,58.35842],[11.32435,58.36753],[11.40674,58.33522],[11.42351,58.11805],[11.42515,58.11445],[11.5252,57.99748],[11.53999,57.99078],[11.67858,57.96559],[11.70981,57.71781],[11.72239,57.7086],[11.85439,57.67286],[11.85987,57.61296],[11.86027,57.61138],[11.93738,57.42441],[11.95131,57.41613],[11.97417,57.4161],[12.0353,57.43021],[12.1276,57.22522],[12.12878,57.22338],[12.39792,56.90245],[12.40225,56.89908],[12.55178,56.81746],[12.69536,56.65911],[12.70608,56.65347],[12.86174,56.61128],[12.89474,56.51792],[12.84009,56.46237],[12.65221,56.45206],[12.63489,56.44691],[12.63326,56.43737],[12.77256,56.26867],[12.70384,56.2479],[12.48154,56.30086],[12.46251,56.30156],[12.44871,56.29576],[12.44863,56.28703],[12.81279,55.87812],[12.81506,55.87611],[12.91982,55.80173],[12.94989,55.74728],[12.91747,55.48463],[12.86366,55.41512],[12.86491,55.40621],[12.8796,55.40036],[13.31447,55.33537],[13.32983,55.33549],[13.8077,55.41725],[14.07426,55.38123],[14.08356,55.38086],[14.17754,55.38585],[14.19441,55.39091],[14.36247,55.52189],[14.36461,55.53105],[14.22712,55.73005],[14.23873,55.83013],[14.28326,55.8822],[14.42052,55.96942],[14.56298,56.03474],[14.64363,56.01062],[14.66347,56.00917],[14.76245,56.02216],[14.77573,56.02685],[14.77867,56.0346],[14.74023,56.12946],[14.79276,56.15108],[15.05111,56.16067],[15.32417,56.13988],[15.33394,56.14006],[15.62367,56.17385],[15.8145,56.11564],[15.83138,56.1138],[15.84604,56.11763],[16.01608,56.2156],[16.02044,56.21965],[16.17438,56.49723],[16.2396,56.58509],[16.37091,56.7034],[16.37288,56.70589],[16.55211,57.06489],[16.5523,57.06946],[16.50376,57.18852],[16.50094,57.26219],[16.65404,57.42504],[16.65574,57.42785],[16.67679,57.49885],[16.67575,57.50391],[16.62856,57.56983],[16.60911,57.64198],[16.61118,57.76025],[16.61027,57.76337],[16.58085,57.81182],[16.61868,57.90263],[16.69933,57.90673],[16.71426,57.91015],[16.72029,57.91719],[16.7254,58.15728],[16.79218,58.20781],[16.7948,58.21594],[16.68153,58.42749],[16.93643,58.48274],[16.94898,58.48966],[16.94528,58.49875],[16.8093,58.59077],[16.79169,58.5961],[16.48159,58.62409],[16.46948,58.6239],[16.39148,58.61404],[16.2696,58.63816],[16.32419,58.6526],[16.97864,58.64266],[16.99713,58.64586],[17.12031,58.70201],[17.36307,58.77134],[17.37025,58.77455],[17.4764,58.8495],[17.68474,58.90621],[17.69028,58.9083],[17.77446,58.9517],[17.82178,58.9443],[17.84723,58.94635],[18.11438,59.05257],[18.29917,59.099],[18.30816,59.10303],[18.39621,59.17402],[18.39883,59.17738],[18.4368,59.27906],[18.5023,59.2806],[18.51477,59.28239],[18.63376,59.31738],[18.64324,59.32304],[18.64251,59.33031],[18.58455,59.39732],[18.57288,59.40352],[18.52186,59.41753],[18.50629,59.41942],[18.49171,59.41714],[18.38493,59.38028],[18.2681,59.3784],[18.2493,59.37412],[18.19306,59.34036],[18.12818,59.32787],[18.00141,59.33864],[17.99317,59.35413],[18.17031,59.41699],[18.20895,59.41042],[18.23267,59.41136],[18.29167,59.42836],[18.29516,59.42958],[18.59718,59.55754],[18.60033,59.55918],[18.73981,59.64915],[18.98978,59.7483],[18.99741,59.75483],[19.01647,59.82583],[19.01604,59.82955],[18.95911,59.94357],[18.95721,59.94603],[18.81127,60.08306],[18.79763,60.08912],[18.61719,60.12792],[18.5629,60.1559],[18.58486,60.25204],[18.57854,60.26071],[18.42055,60.34374],[18.40827,60.34757],[18.26567,60.37133],[18.18484,60.41408],[18.03597,60.51501],[17.98214,60.59241],[17.96663,60.60012],[17.94338,60.60047],[17.67732,60.55087],[17.61908,60.63056],[17.61101,60.63596],[17.57301,60.65097],[17.55233,60.65437],[17.37212,60.65252],[17.2794,60.70357],[17.30633,60.81],[17.30581,60.81367],[17.23097,60.95174],[17.24043,60.98381],[17.24056,60.98591],[17.19227,61.27525],[17.22576,61.30686],[17.22739,61.31333],[17.20542,61.35934],[17.20079,61.36385],[17.16722,61.384],[17.19178,61.45561],[17.19186,61.4584],[17.15978,61.57349],[17.24207,61.65087],[17.24402,61.65644],[17.22909,61.70818],[17.45679,61.67343],[17.47696,61.67336],[17.491,61.67877],[17.49168,61.68686],[17.44465,61.74276],[17.40373,61.86486],[17.53764,62.16182],[17.58656,62.20424],[17.65235,62.22369],[17.6627,62.23249],[17.6507,62.24168],[17.55644,62.2712],[17.45594,62.33856],[17.4021,62.42713],[17.40674,62.46027],[17.42622,62.48763],[17.55258,62.44286],[17.57339,62.43964],[17.64836,62.43963],[17.67147,62.44481],[17.73644,62.4899],[17.83764,62.49164],[17.85926,62.49663],[17.96927,62.56959],[18.05426,62.5913],[18.06596,62.59911],[18.05783,62.60822],[17.93744,62.66036],[18.0008,62.71564],[18.00235,62.72274],[17.93976,62.82441],[17.95457,62.82263],[18.05858,62.82409],[18.04517,62.79386],[18.05198,62.78427],[18.07496,62.77963],[18.17092,62.77763],[18.19632,62.78318],[18.27082,62.84045],[18.47898,62.88593],[18.49196,62.89322],[18.53105,62.98622],[18.52447,62.99557],[18.50227,63.00035],[18.35334,63.00588],[18.36838,63.02332],[18.54483,63.05349],[18.55962,63.06029],[18.63105,63.16869],[18.86968,63.19602],[18.8878,63.20334],[18.88107,63.21382],[18.82735,63.23869],[18.83435,63.24402],[19.02993,63.22687],[19.05867,63.23082],[19.26073,63.33979],[19.26494,63.34334],[19.31622,63.42408],[19.36327,63.45828],[19.47515,63.41621],[19.49581,63.41257],[19.51603,63.41516],[19.5248,63.42256],[19.53005,63.48533],[19.63772,63.44964],[19.6644,63.44675],[19.73038,63.45174],[19.75061,63.45871],[19.80946,63.53218],[19.93513,63.60164],[20.21957,63.65146],[20.22689,63.65336],[20.39291,63.71434],[20.397,63.71627],[20.47677,63.76525],[20.69546,63.816],[20.70258,63.81842],[20.7876,63.86041],[20.79194,63.8636],[21.04588,64.17192],[21.28026,64.29101],[21.4881,64.37152],[21.49488,64.37614],[21.54997,64.45913],[21.54628,64.46798],[21.42293,64.54733],[21.30925,64.72653],[21.30501,64.73029],[21.17215,64.80951],[21.22491,64.87129],[21.45222,65.00619],[21.45361,65.00711],[21.60271,65.1201],[21.60549,65.12393],[21.61253,65.15893],[21.61141,65.16294],[21.57646,65.20895],[21.57469,65.21073],[21.49736,65.2735],[21.54108,65.2494],[21.55932,65.24417],[21.58127,65.24419],[21.62326,65.25018],[21.6407,65.25931],[21.64475,65.29731],[21.64056,65.30362],[21.5575,65.35905],[21.59125,65.39747],[21.88772,65.41254],[21.90835,65.4176],[21.97839,65.46359],[21.97896,65.4737],[21.93679,65.50784],[21.94554,65.52018],[22.08945,65.51844],[22.11127,65.52153],[22.17228,65.54452],[22.17997,65.55092],[22.17495,65.55814],[22.12685,65.58684],[22.12326,65.59657],[22.25065,65.58669],[22.27451,65.58832],[22.28599,65.5958],[22.31985,65.74733],[22.42157,65.84715],[22.442,65.84428],[22.50975,65.7903],[22.52918,65.78343],[22.5549,65.78333],[22.63588,65.79632],[22.64707,65.7996],[22.74946,65.85119],[22.89359,65.77993],[22.90119,65.77711],[23.08415,65.72613],[23.10734,65.7234],[23.12763,65.72695],[23.23993,65.77505],[23.60004,65.79346],[23.61208,65.7951],[23.69446,65.81507],[23.8757,65.77246],[23.90196,65.77065],[24.23713,65.79962],[24.39159,65.76983],[24.411,65.76837],[24.42785,65.77118],[24.57918,65.82459],[24.55023,65.7602],[24.55225,65.75387],[24.64533,65.66789],[24.67296,65.6595],[24.82852,65.64906],[25.21862,65.53872],[25.31515,65.47775],[25.27655,65.35572],[25.27636,65.35478],[25.26655,65.24547],[25.22494,65.14613],[25.23117,65.13696],[25.31009,65.09565],[25.33955,65.01556],[25.25183,64.99405],[25.24261,64.99012],[25.19964,64.95711],[25.20133,64.94613],[25.25025,64.91385],[25.25586,64.86939],[25.21742,64.86575],[25.15032,64.8842],[25.13428,64.88663],[24.9422,64.89563],[24.92684,64.89483],[24.7328,64.86281],[24.7222,64.85962],[24.6389,64.81703],[24.55045,64.8126],[24.52735,64.80422],[24.50024,64.74406],[24.41367,64.68662],[24.41186,64.68516],[24.25038,64.52153],[23.99677,64.39366],[23.99279,64.39075],[23.89879,64.28208],[23.84238,64.26797],[23.8348,64.26505],[23.62688,64.14102],[23.6233,64.1377],[23.57323,64.05133],[23.4857,64.04548],[23.46842,64.04127],[23.22561,63.90443],[22.9935,63.83131],[22.98894,63.82943],[22.73537,63.69275],[22.51834,63.65882],[22.50208,63.64947],[22.49831,63.58421],[22.38342,63.50552],[22.32809,63.51461],[22.30234,63.51423],[22.28929,63.50605],[22.28332,63.47505],[22.28568,63.46953],[22.29167,63.46391],[22.28295,63.46546],[22.26334,63.46629],[22.24793,63.46221],[22.21794,63.44521],[22.21468,63.43563],[22.28657,63.34515],[22.28984,63.31596],[22.10293,63.25425],[21.89799,63.22314],[21.81603,63.24703],[21.78806,63.249],[21.533,63.21497],[21.51943,63.21074],[21.51564,63.20393],[21.53973,63.11395],[21.54214,63.11035],[21.609,63.04929],[21.46859,63.04451],[21.45212,63.04152],[21.44472,63.03499],[21.42933,62.95474],[21.17111,62.79792],[21.16883,62.79619],[21.11687,62.74518],[21.11517,62.74262],[21.07528,62.62562],[21.07523,62.62272],[21.13742,62.41375],[21.14533,62.4068],[21.29569,62.33883],[21.3145,62.27691],[21.32521,62.22557],[21.228,61.99296],[21.23328,61.98398],[21.35949,61.91064],[21.51884,61.70102],[21.57725,61.59316],[21.56771,61.57678],[21.48532,61.56275],[21.47171,61.55696],[21.47222,61.54851],[21.52447,61.49556],[21.5044,61.49556],[21.48622,61.49249],[21.47907,61.48491],[21.48523,61.28272],[21.45195,61.17476],[21.35209,61.06391],[21.35051,61.06092],[21.33359,60.96892],[21.33363,60.96697],[21.37671,60.76738],[21.38379,60.63777],[21.38469,60.63505],[21.40972,60.59405],[21.41937,60.58752],[21.59634,60.52254],[21.6157,60.51943],[21.63357,60.52271],[21.74344,60.5728],[21.78606,60.57882],[21.82764,60.50334],[21.83662,60.49682],[21.85249,60.49354],[21.92557,60.48897],[22.24364,60.39177],[22.25667,60.38951],[22.54916,60.37164],[22.48627,60.28538],[22.4853,60.28066],[22.49031,60.26266],[22.49784,60.25564],[22.51335,60.25168],[22.56185,60.2469],[22.56296,60.23156],[22.54559,60.21686],[22.46436,60.21253],[22.44402,60.20491],[22.41705,60.16091],[22.41775,60.15411],[22.42711,60.14831],[22.44085,60.1434],[22.41298,60.09369],[22.41265,60.08905],[22.43669,60.02806],[22.44662,60.0205],[22.4651,60.01739],[22.64804,60.01638],[22.6618,60.01805],[22.76579,60.04703],[22.77249,60.04987],[22.84152,60.09386],[22.84533,60.09792],[22.88855,60.20127],[22.89135,60.2009],[22.9686,60.0964],[22.97282,60.09277],[23.05883,60.04079],[23.07021,60.0366],[23.16973,60.01553],[23.16202,59.97685],[22.94155,59.83307],[22.93912,59.82297],[22.95615,59.81524],[23.01313,59.80524],[23.03298,59.80518],[23.19295,59.83416],[23.20162,59.83687],[23.4758,59.97344],[23.71972,59.95451],[23.73141,59.95474],[24.34301,60.02957],[24.43674,60.01045],[24.46369,60.01154],[24.53569,60.03653],[24.54181,60.03976],[24.61948,60.10414],[25.16641,60.18278],[25.17655,60.18564],[25.28305,60.23697],[25.46264,60.24937],[25.47418,60.25162],[25.64575,60.31338],[25.69019,60.26368],[25.70178,60.25739],[25.71906,60.25524],[25.76204,60.25624],[25.77749,60.25911],[25.95728,60.33464],[26.03528,60.3303],[26.05414,60.33256],[26.06278,60.34013],[26.0668,60.37014],[26.06517,60.37497],[25.99309,60.46264],[26.02794,60.46307],[26.18793,60.39869],[26.21337,60.39547],[26.38632,60.41246],[26.39968,60.41609],[26.47769,60.45907],[26.48238,60.4635],[26.52192,60.54738],[26.526,60.55147],[26.52445,60.54926],[26.49351,60.47526],[26.49326,60.47188],[26.5083,60.41289],[26.51596,60.40556],[26.53188,60.40146],[26.54915,60.40237],[26.73172,60.44359],[26.95778,60.4593],[26.97083,60.46215],[27.09189,60.51443],[27.20304,60.52993],[27.44834,60.45547],[27.46567,60.45314],[27.48141,60.45595],[27.53888,60.47966],[27.67504,60.48721],[27.6874,60.48954],[27.77594,60.5219],[28.18699,60.55933],[28.19622,60.5611],[28.51148,60.66114],[28.62284,60.60789],[28.60022,60.51475],[28.50784,60.54883],[28.48713,60.55188],[28.46946,60.54753],[28.46584,60.53848],[28.49588,60.48149],[28.49823,60.47861],[28.61928,60.37064],[28.63178,60.36477],[28.79671,60.32305],[29.04904,60.1841],[29.06892,60.17912],[29.36982,60.16411],[29.37987,60.16448],[29.57416,60.18986],[29.71018,60.18359],[29.85046,60.11485],[29.95359,60.02159],[29.96229,60.0168],[30.14468,59.95262],[30.13146,59.90874],[30.10909,59.88899],[29.67735,59.96709],[29.67221,59.96776],[29.14903,60.01175],[29.12557,60.00799],[29.05759,59.96898],[29.05472,59.96685],[28.92738,59.83942],[28.74436,59.81917],[28.61328,59.82918],[28.53342,59.85889],[28.51393,59.86191],[28.4968,59.85804],[28.43281,59.82203],[28.42802,59.81715],[28.39932,59.74047],[28.32846,59.70782],[28.2302,59.73338],[28.1533,59.79226],[28.14078,59.79754],[28.12449,59.79877],[28.05147,59.79377],[28.03304,59.78692],[27.98908,59.72991],[27.98795,59.72462],[28.0373,59.55633],[27.97867,59.47682],[27.88103,59.42664],[27.337,59.46175],[27.33362,59.46186],[26.97735,59.46284],[26.86337,59.48229],[26.64004,59.56297],[26.62244,59.56583],[26.46201,59.56582],[25.79837,59.64638],[25.79232,59.64678],[25.50723,59.65077],[25.48918,59.64756],[25.48276,59.63934],[25.49411,59.56405],[25.43082,59.53281],[24.87551,59.53374],[24.86456,59.53261],[24.5779,59.46824],[24.38241,59.48451],[24.36019,59.48146],[24.16139,59.38737],[24.04969,59.38367],[24.03273,59.37965],[24.0282,59.37116],[24.05324,59.30226],[23.77739,59.28659],[23.76803,59.28514],[23.479,59.2061],[23.46815,59.19566],[23.49061,59.10999],[23.44305,59.03615],[23.44656,59.02633],[23.48539,58.99908],[23.40851,58.92678],[23.40696,58.91913],[23.47904,58.78815],[23.48872,58.78125],[23.50533,58.77833],[23.64038,58.77606],[23.62604,58.76212],[23.5148,58.72567],[23.50568,58.71898],[23.48373,58.66198],[23.48447,58.65659],[23.53851,58.5736],[23.54406,58.56893],[23.66732,58.50207],[23.68062,58.43299],[23.68242,58.42953],[23.74445,58.35755],[23.75865,58.35054],[23.99832,58.29728],[24.09952,58.25739],[24.12669,58.25518],[24.24767,58.27917],[24.2588,58.28396],[24.35488,58.37048],[24.39042,58.37371],[24.50675,58.34654],[24.52314,58.30837],[24.46653,58.26908],[24.46272,58.26385],[24.43903,58.10915],[24.30798,57.91437],[24.30704,57.91227],[24.27713,57.78628],[24.27751,57.78258],[24.33823,57.64444],[24.37819,57.32638],[24.35915,57.2548],[24.26116,57.17983],[23.91715,57.01858],[23.65085,56.98375],[23.30777,57.09684],[23.16063,57.32656],[23.15544,57.33105],[22.67089,57.60022],[22.57863,57.72693],[22.56423,57.73443],[22.54345,57.73472],[21.93199,57.60899],[21.72069,57.58219],[21.70655,57.57685],[21.43669,57.32782],[21.4347,57.32515],[21.39676,57.23915],[21.39633,57.23768],[21.38052,57.13352],[21.32764,57.0227],[21.23607,56.93984],[21.05149,56.83163],[21.04664,56.82597],[21.00676,56.63898],[21.00665,56.63803],[20.99088,56.26006],[20.99096,56.25887],[21.03004,56.02324],[21.03815,55.81359],[21.03884,55.81101],[21.1315,55.62433],[21.1181,55.62834],[21.10141,55.62691],[21.09184,55.62029],[20.99153,55.40649],[20.82525,55.23813],[20.65933,55.1099],[20.50275,55.00351],[20.38861,54.96267],[20.10732,54.96751],[20.09603,54.96624],[19.96302,54.93122],[19.95173,54.92271],[19.92109,54.75315],[19.83775,54.63932],[19.73879,54.55208],[19.58779,54.46772],[19.39669,54.39689],[18.97618,54.36076],[18.84561,54.38034],[18.68789,54.43831],[18.60845,54.51682],[18.46854,54.7321],[18.49439,54.73092],[18.78679,54.62396],[18.80564,54.62175],[18.82065,54.62721],[18.82158,54.63661],[18.7806,54.68862],[18.77187,54.69416],[18.33579,54.8472],[18.32136,54.84942],[18.0843,54.84741],[18.08115,54.84728],[17.83809,54.82826],[17.83519,54.82793],[17.25407,54.74088],[17.24773,54.73933],[16.87406,54.60647],[16.55305,54.56496],[16.54075,54.56076],[16.17096,54.29963],[15.27969,54.15067],[15.27822,54.15039],[14.70614,54.02832],[14.70413,54.02783],[14.37835,53.93655],[14.25861,53.94275],[13.84346,54.13504],[13.82731,54.13821],[13.81155,54.13509],[13.80501,54.12744],[13.80428,54.07641],[13.74563,54.15647],[13.73607,54.16234],[13.72127,54.16416],[13.45595,54.15262],[13.16616,54.28934],[13.0501,54.4153],[13.0342,54.4218],[12.58008,54.4778],[12.55618,54.47376],[12.27844,54.29151],[12.15291,54.23416],[12.14818,54.23104],[12.09533,54.17816],[11.792,54.15598],[11.78282,54.15425],[11.68782,54.12324],[11.68274,54.12094],[11.44496,53.97326],[11.39734,53.95765],[11.11299,54.01911],[11.10008,54.01995],[10.92126,54.00648],[10.87375,54.01779],[10.83695,54.07221],[11.02625,54.17351],[11.03128,54.17798],[11.08634,54.27798],[11.08641,54.28347],[11.03546,54.38149],[11.02278,54.38894],[11.00288,54.38905],[10.73385,54.32872],[10.37286,54.44709],[10.3509,54.44822],[10.22439,54.42343],[10.16442,54.49211],[10.15453,54.49749],[10.13987,54.49895],[9.91802,54.48603],[10.04815,54.57461],[10.05226,54.58122],[10.04531,54.67423],[10.04221,54.67936],[9.91223,54.78638],[9.90002,54.79129],[9.76696,54.815],[9.72905,54.92701],[9.75441,54.96454],[9.75171,54.97386],[9.70771,55.00587],[9.70202,55.00874],[9.586,55.04975],[9.57126,55.052],[9.48634,55.05129],[9.52638,55.1109],[9.66222,55.19846],[9.66611,55.20254],[9.69415,55.26354],[9.69437,55.26759],[9.61575,55.49109],[9.6806,55.55034],[9.78991,55.60009],[9.7937,55.60235],[9.91678,55.69998],[10.01172,55.72655],[10.02079,55.73124],[10.0458,55.75623],[10.04383,55.76701],[9.93762,55.83965],[10.02063,55.86388],[10.15171,55.84356],[10.17614,55.84612],[10.20015,55.85711],[10.20665,55.86283],[10.34184,56.20819],[10.42587,56.2572],[10.51896,56.19401],[10.54088,56.18897],[10.62286,56.19097],[10.63477,56.19276],[10.76676,56.23274],[10.77149,56.23463],[10.87451,56.28862],[10.87975,56.29339],[10.94984,56.44039],[10.94813,56.44738],[10.86816,56.5264],[10.84527,56.53306],[10.49721,56.53208],[10.40149,56.56278],[10.30764,56.62413],[10.32063,56.99466],[10.35703,57.01372],[10.36179,57.01765],[10.46016,57.16754],[10.54596,57.23752],[10.54891,57.2429],[10.54303,57.37814],[10.56187,57.44738],[10.56057,57.45244],[10.47068,57.56295],[10.48476,57.61257],[10.50434,57.64423],[10.63136,57.73083],[10.63485,57.73863],[10.62532,57.74557],[10.60776,57.74803],[10.53074,57.74602],[10.51505,57.74299],[10.24558,57.6269],[9.95466,57.59162],[9.94059,57.58702],[9.79364,57.484],[9.79223,57.48286],[9.53295,57.23832],[9.41882,57.18313],[9.2935,57.15806],[8.95211,57.16197],[8.93801,57.16018],[8.80428,57.12101],[8.61884,57.12196],[8.59828,57.11719],[8.40634,56.99017],[8.40465,56.98885],[8.26173,56.85684],[8.2594,56.85293],[8.24346,56.75494],[8.25076,56.74629],[8.45074,56.65732],[8.46642,56.65408],[8.48288,56.6562],[8.61352,56.69973],[8.77713,56.71424],[8.79564,56.72183],[8.8994,56.88328],[9.01275,57.00816],[9.11089,57.03164],[9.22891,57.0056],[9.17776,56.73561],[9.08779,56.79972],[9.07139,56.80477],[9.05215,56.80287],[8.87315,56.74385],[8.86712,56.74095],[8.71518,56.63293],[8.7116,56.62822],[8.69402,56.5469],[8.66092,56.51235],[8.62645,56.52258],[8.57443,56.56516],[8.56319,56.5699],[8.29112,56.62691],[8.27612,56.62775],[8.15909,56.61774],[8.14531,56.61417],[8.13951,56.60755],[8.09681,56.14058],[8.09743,56.13761],[8.17767,55.9813],[8.10821,55.60101],[8.11705,55.59153],[8.5942,55.41216],[8.6274,55.32784],[8.64565,55.16272],[8.56248,55.14385],[8.55144,55.13854],[8.55027,55.13115],[8.63766,54.98433],[8.65863,54.79155],[8.6612,54.78706],[8.93357,54.53564],[8.92927,54.47503],[8.6377,54.40785],[8.62545,54.40058],[8.60347,54.35658],[8.60312,54.3524],[8.62215,54.29341],[8.63,54.28671],[8.64515,54.28404],[8.73613,54.28404],[8.75116,54.28668],[8.78479,54.30043],[8.83697,54.29101],[8.88388,54.25775],[8.88105,54.00014],[8.88158,53.99772],[8.8976,53.96272],[8.90136,53.95867],[8.95936,53.91968],[8.97146,53.9155],[9.206,53.88101],[9.29496,53.85136],[9.32849,53.82442],[9.21986,53.86469],[9.20282,53.86689],[8.89962,53.84719],[8.62526,53.88553],[8.60946,53.88498],[8.59824,53.87965],[8.50728,53.78564],[8.50527,53.78207],[8.48333,53.67208],[8.48344,53.66955],[8.5151,53.55698],[8.50629,53.5234],[8.35144,53.61301],[8.33302,53.61694],[8.31537,53.61229],[8.28338,53.59028],[8.2797,53.58613],[8.22471,53.45183],[8.20276,53.44535],[8.13504,53.47156],[8.18822,53.53912],[8.18722,53.54797],[8.02925,53.69601],[8.00983,53.70192],[7.62973,53.70791],[7.62692,53.70787],[7.28283,53.69184],[7.27216,53.68997],[7.19316,53.66396],[7.18552,53.6597],[7.08657,53.56169],[7.08452,53.55847],[7.03062,53.37748],[7.03676,53.36837],[7.13323,53.32063],[7.15101,53.30288],[6.98322,53.3358],[6.83507,53.44694],[6.81421,53.45184],[6.06003,53.41779],[6.05471,53.41722],[5.86668,53.3852],[5.86196,53.38409],[5.51995,53.27805],[5.51405,53.2754],[5.42807,53.22039],[5.42481,53.21749],[5.33874,53.10198],[5.04742,52.96951],[4.88786,52.92062],[4.78047,52.95039],[4.76125,52.95103],[4.7478,52.94421],[4.65687,52.8132],[4.65595,52.81136],[4.54036,52.44505],[4.46231,52.31255],[4.3566,52.20183],[4.19151,52.06534],[4.06924,52.00122],[4.065,51.99807],[4.00603,51.93206],[4.00528,51.93109],[3.92634,51.81409],[3.92882,51.80478],[4.11549,51.6678],[4.15309,51.61851],[4.00227,51.60662],[3.98893,51.60296],[3.98331,51.59596],[3.98811,51.58898],[4.0631,51.54399],[4.0685,51.5417],[4.22261,51.49615],[4.24131,51.47907],[4.14781,51.46781],[3.90103,51.582],[3.89314,51.58427],[3.7511,51.60627],[3.74322,51.60672],[3.54818,51.59971],[3.5342,51.59658],[3.43421,51.54856],[3.42741,51.54149],[3.4318,51.53416],[3.5698,51.44718],[3.58461,51.44329],[3.68628,51.43949],[3.80983,51.39991],[3.82888,51.39894],[4.00483,51.43127],[4.17621,51.38671],[4.11501,51.37327],[4.02372,51.4049],[4.01177,51.40675],[3.99956,51.40492],[3.8803,51.36578],[3.59598,51.40928],[3.58849,51.40972],[3.42546,51.40471],[3.41831,51.40387],[3.21728,51.36185],[3.21365,51.36088],[2.94863,51.27385],[2.94733,51.27339],[2.43685,51.07668],[1.90799,51.00123],[1.90062,50.99938],[1.75562,50.94436],[1.75279,50.94309],[1.65681,50.89207],[1.65277,50.88911],[1.5908,50.8231],[1.58909,50.82048],[1.55813,50.74049],[1.55774,50.73872],[1.53095,50.29376],[1.53302,50.28886],[1.56796,50.25309],[1.4983,50.21163],[1.49504,50.20906],[1.38951,50.09459],[1.23347,50.00636],[0.91699,49.91984],[0.61114,49.87314],[0.60443,49.87144],[0.17542,49.71138],[0.16698,49.70515],[0.08905,49.56015],[0.08869,49.5552],[0.10871,49.50521],[0.11763,49.49878],[0.2666,49.45379],[0.27914,49.45248],[0.40577,49.46036],[0.40239,49.45653],[0.13092,49.41206],[0.12229,49.40942],[-0.02167,49.33888],[-0.16263,49.30827],[-0.51356,49.36511],[-0.51862,49.36555],[-0.7608,49.37049],[-0.95117,49.40304],[-0.9585,49.40353],[-1.12524,49.3989],[-1.21199,49.49874],[-1.24422,49.59948],[-1.23827,49.68044],[-1.24861,49.68951],[-1.35563,49.71651],[-1.37134,49.71693],[-1.58867,49.67874],[-1.85196,49.69445],[-1.86852,49.69183],[-1.87667,49.68396],[-1.89063,49.59497],[-1.88998,49.59142],[-1.83295,49.48644],[-1.83252,49.48575],[-1.70948,49.30879],[-1.7086,49.30772],[-1.60342,49.19866],[-1.58537,48.8049],[-1.58395,48.80134],[-1.49893,48.69336],[-1.49376,48.68969],[-1.42752,48.66106],[-1.81073,48.6422],[-1.83286,48.67336],[-1.83701,48.67673],[-1.89101,48.70474],[-1.90252,48.70747],[-1.91548,48.70583],[-1.92448,48.70052],[-2.00616,48.60463],[-2.06147,48.65107],[-2.07682,48.6555],[-2.4439,48.65849],[-2.4585,48.65564],[-2.68825,48.55195],[-2.77588,48.60747],[-2.98512,48.79684],[-2.99352,48.80068],[-3.22157,48.8507],[-3.2336,48.8512],[-3.47364,48.82318],[-3.4862,48.81914],[-3.55884,48.7736],[-3.72117,48.71979],[-3.85476,48.70557],[-4.0545,48.71836],[-4.06402,48.71778],[-4.53609,48.62974],[-4.54274,48.62778],[-4.73273,48.54776],[-4.74061,48.54135],[-4.78257,48.45135],[-4.78254,48.44634],[-4.73851,48.35936],[-4.73198,48.35435],[-4.72057,48.3526],[-4.39898,48.35753],[-4.31597,48.33837],[-4.27832,48.31185],[-4.39965,48.30359],[-4.52408,48.32011],[-4.5429,48.31767],[-4.5889,48.29766],[-4.59659,48.29121],[-4.59478,48.28416],[-4.52977,48.22418],[-4.51964,48.21999],[-4.44628,48.20856],[-4.35482,48.16716],[-4.39023,48.13752],[-4.63334,48.09585],[-4.64617,48.09033],[-4.69615,48.04432],[-4.69849,48.03656],[-4.68995,48.03071],[-4.44513,47.96148],[-4.39415,47.87303],[-4.39232,47.87089],[-4.32932,47.8169],[-4.31939,47.81296],[-4.23341,47.79997],[-4.2192,47.80065],[-4.06964,47.83731],[-3.90784,47.82779],[-3.5213,47.74419],[-3.46003,47.70399],[-3.44537,47.70056],[-3.33745,47.70244],[-3.27862,47.6767],[-3.26342,47.67472],[-3.16941,47.68359],[-3.08082,47.61458],[-3.07261,47.61117],[-2.97263,47.59117],[-2.96065,47.59091],[-2.79344,47.61453],[-2.75775,47.59867],[-2.81442,47.54108],[-2.81415,47.53087],[-2.78714,47.50788],[-2.76964,47.5036],[-2.55851,47.5163],[-2.49661,47.50322],[-2.45058,47.46893],[-2.49252,47.41822],[-2.54394,47.38869],[-2.5494,47.37896],[-2.52238,47.30897],[-2.512,47.30226],[-2.36203,47.26926],[-2.35167,47.26866],[-1.98179,47.29996],[-1.86631,47.25282],[-2.01954,47.28386],[-2.03123,47.28415],[-2.11125,47.27314],[-2.12503,47.26744],[-2.16602,47.22843],[-2.1671,47.22725],[-2.21508,47.16624],[-2.21307,47.15615],[-2.16008,47.11916],[-2.15308,47.11628],[-2.09728,47.10368],[-2.04002,47.03646],[-2.10861,46.92336],[-2.10961,46.9202],[-2.11159,46.86421],[-2.10986,46.8598],[-1.80481,46.50988],[-1.79973,46.50645],[-1.40479,46.34149],[-1.39894,46.33988],[-1.16461,46.30274],[-1.12324,45.92346],[-1.12286,45.9219],[-1.06083,45.76376],[-1.10281,45.77808],[-1.11151,45.77951],[-1.20753,45.78151],[-1.22361,45.77771],[-1.22905,45.76866],[-1.21503,45.71167],[-1.21024,45.70626],[-0.89618,45.53082],[-0.80815,45.46237],[-0.75151,45.38135],[-0.66065,45.09035],[-0.67319,45.09839],[-0.74827,45.31687],[-0.7497,45.31927],[-0.80869,45.38628],[-0.81146,45.38852],[-1.06648,45.53955],[-1.07877,45.54252],[-1.09225,45.53991],[-1.09976,45.5331],[-1.16769,45.34411],[-1.16793,45.34329],[-1.20786,45.1613],[-1.20797,45.16064],[-1.26379,44.66668],[-1.25765,44.65857],[-1.24193,44.65685],[-1.22853,44.66281],[-1.15319,44.74221],[-1.10328,44.69362],[-1.1786,44.67117],[-1.18833,44.66517],[-1.2633,44.56316],[-1.2647,44.56004],[-1.36445,44.02041],[-1.50247,43.56709],[-1.64198,43.44664],[-1.83306,43.41092],[-1.83728,43.40981],[-1.99614,43.35488],[-2.19613,43.33254],[-2.32992,43.33827],[-2.5968,43.42229],[-2.60037,43.4231],[-2.86842,43.46411],[-2.87906,43.46385],[-2.95207,43.44985],[-2.96171,43.44603],[-3.05032,43.38453],[-3.40668,43.46114],[-3.51033,43.51884],[-3.51878,43.52126],[-3.59979,43.52926],[-3.61047,43.5285],[-3.77284,43.4891],[-3.8815,43.50894],[-3.89308,43.50878],[-4.31385,43.4254],[-4.51831,43.42636],[-5.09708,43.51188],[-5.30697,43.56261],[-5.31094,43.56324],[-5.65762,43.59196],[-5.83586,43.654],[-5.85139,43.6546],[-6.08108,43.6053],[-6.89882,43.59629],[-6.9048,43.59565],[-7.05838,43.56493],[-7.2494,43.60389],[-7.38378,43.70297],[-7.38662,43.70455],[-7.49164,43.74856],[-7.50593,43.74994],[-7.58927,43.73803],[-7.68634,43.77384],[-7.70652,43.77327],[-7.8575,43.71676],[-8.00499,43.70413],[-8.01511,43.70158],[-8.2671,43.58755],[-8.27354,43.58289],[-8.30552,43.54288],[-8.30573,43.53442],[-8.27017,43.49311],[-8.2676,43.44365],[-8.54212,43.34638],[-8.66425,43.32744],[-8.86858,43.34413],[-8.88667,43.34008],[-9.03613,43.24602],[-9.18732,43.18177],[-9.19565,43.17471],[-9.2536,43.03671],[-9.25411,43.03418],[-9.25309,42.97519],[-9.25123,42.971],[-9.14322,42.85903],[-9.14108,42.85735],[-9.05609,42.80637],[-9.04874,42.80402],[-8.95153,42.79135],[-9.05126,42.66478],[-9.053,42.66011],[-9.05098,42.59212],[-9.04088,42.5842],[-8.99589,42.5762],[-8.98162,42.57719],[-8.82997,42.62373],[-8.82996,42.46831],[-8.8267,42.46282],[-8.75157,42.4097],[-8.8251,42.33798],[-8.82787,42.33299],[-8.83386,42.284],[-8.83084,42.27795],[-8.82153,42.27489],[-8.72007,42.26598],[-8.90138,42.10957],[-8.90484,42.10294],[-8.89579,41.94496],[-8.8929,41.94005],[-8.8669,41.92006],[-8.8492,41.91733],[-8.81102,41.92446],[-8.89339,41.83552],[-8.8957,41.83113],[-8.90568,41.76414],[-8.90463,41.75987],[-8.86262,41.69988],[-8.8512,41.69488],[-8.78487,41.68978],[-8.82494,41.65685],[-8.82871,41.64995],[-8.82368,41.55796],[-8.82352,41.55689],[-8.75545,41.28193],[-8.75521,41.28116],[-8.67764,41.0834],[-8.70233,40.75325],[-8.78838,40.60777],[-8.78918,40.60596],[-8.89007,40.25898],[-8.89024,40.25825],[-8.90421,40.17826],[-8.90297,40.17348],[-8.85644,40.11369],[-9.16371,39.54542],[-9.26479,39.43057],[-9.38724,39.34363],[-9.39191,39.33478],[-9.37037,39.24678],[-9.4304,39.11287],[-9.43098,39.11079],[-9.44787,38.95938],[-9.49665,38.79898],[-9.49691,38.7966],[-9.49089,38.72861],[-9.48337,38.72166],[-9.36639,38.68866],[-9.35434,38.68844],[-9.13337,38.73342],[-9.11981,38.74186],[-9.07517,38.83306],[-8.9851,38.952],[-9.01568,38.90512],[-9.01682,38.89986],[-8.99449,38.80286],[-9.03487,38.75145],[-9.09992,38.70626],[-9.1779,38.698],[-9.18607,38.69589],[-9.25807,38.66488],[-9.2654,38.65942],[-9.26649,38.65297],[-9.22,38.53634],[-9.22982,38.44679],[-9.22381,38.43915],[-9.19782,38.42915],[-9.18254,38.42887],[-8.91354,38.50204],[-8.80824,38.50748],[-8.71357,38.43963],[-8.87523,38.45702],[-8.88724,38.45561],[-8.89608,38.44983],[-8.89728,38.44261],[-8.82773,38.29663],[-8.81888,38.18296],[-8.89538,37.95926],[-8.89476,37.95387],[-8.83935,37.86783],[-8.80882,37.73106],[-8.83555,37.59132],[-8.83566,37.58994],[-8.83066,37.43046],[-9.01385,37.033],[-9.01342,37.02665],[-9.00662,37.02251],[-8.94363,37.00651],[-8.93325,37.00629],[-8.92359,37.0101],[-8.84283,37.06578],[-8.74231,37.06485],[-8.73348,37.06622],[-8.59789,37.11045],[-8.14503,37.0672],[-7.95025,36.99601],[-7.94268,36.99482],[-7.8367,36.99582],[-7.82538,36.99838],[-7.48905,37.15859],[-7.17684,37.1987],[-6.97925,37.18782],[-6.96832,37.18947],[-6.92232,37.20647],[-6.9153,37.21071],[-6.87606,37.24934],[-6.87588,37.24825],[-6.90091,37.19526],[-6.8976,37.18613],[-6.50619,36.94813],[-6.41115,36.82639],[-6.40312,36.82216],[-6.39162,36.82272],[-6.38225,36.82779],[-6.31258,36.89837],[-6.26006,36.9014],[-6.33841,36.85479],[-6.34302,36.85072],[-6.42699,36.73171],[-6.42826,36.72553],[-6.40025,36.63354],[-6.39378,36.62787],[-6.28528,36.59014],[-6.28248,36.52505],[-6.28205,36.52305],[-6.24204,36.42207],[-6.24153,36.42105],[-6.18552,36.32906],[-6.18471,36.32797],[-6.05571,36.182],[-6.04554,36.17783],[-5.97024,36.17218],[-5.82045,36.08015],[-5.81751,36.07879],[-5.63454,36.01681],[-5.62005,36.01686],[-5.45806,36.06484],[-5.44679,36.07406],[-5.42956,36.14381],[-5.41251,36.1475],[-5.37265,36.1267],[-5.3621,36.12478],[-5.351,36.12796],[-5.34489,36.13465],[-5.31426,36.23436],[-5.21702,36.36985],[-5.16112,36.41642],[-4.93302,36.49178],[-4.67616,36.4957],[-4.66228,36.49994],[-4.49025,36.62292],[-4.48805,36.62483],[-4.42444,36.69221],[-4.36499,36.70794],[-3.83032,36.74561],[-3.58475,36.72982],[-3.43836,36.69816],[-3.42609,36.69864],[-3.2574,36.74571],[-3.15185,36.74762],[-2.90794,36.7328],[-2.79585,36.70527],[-2.78296,36.70563],[-2.66597,36.73862],[-2.65865,36.74217],[-2.58764,36.79706],[-2.45388,36.82043],[-2.31517,36.81005],[-2.20059,36.73723],[-2.19098,36.73461],[-2.18004,36.7366],[-2.10404,36.76859],[-2.09833,36.77224],[-1.92529,36.94123],[-1.92311,36.94415],[-1.78278,37.22963],[-1.62863,37.38078],[-1.32265,37.55084],[-0.82301,37.57054],[-0.81243,37.57315],[-0.71242,37.62314],[-0.70541,37.63038],[-0.70821,37.638],[-0.80566,37.71617],[-0.79845,37.76831],[-0.73791,37.8464],[-0.73687,37.84804],[-0.66683,37.99004],[-0.66622,37.99175],[-0.63116,38.1474],[-0.5408,38.19538],[-0.53423,38.20249],[-0.50491,38.3138],[-0.36938,38.42896],[-0.04383,38.57779],[-0.04191,38.57879],[0.1471,38.68977],[0.15004,38.69193],[0.21605,38.75392],[0.21784,38.76405],[0.17085,38.83006],[0.16468,38.83428],[-0.02182,38.89941],[-0.11897,38.9752],[-0.1885,39.06727],[-0.31167,39.41916],[-0.30971,39.51884],[-0.05936,39.87236],[0.05795,40.0095],[0.37856,40.31402],[0.37975,40.31532],[0.60755,40.60582],[0.72282,40.61964],[0.72991,40.62144],[0.86791,40.67742],[0.87442,40.68175],[0.90643,40.71775],[0.90585,40.72855],[0.81085,40.81057],[0.8038,40.81389],[0.74327,40.82809],[1.04331,41.0535],[1.57166,41.18603],[2.08664,41.27681],[2.09436,41.2794],[2.15736,41.31339],[2.16056,41.31559],[2.32363,41.45984],[3.01479,41.75851],[3.01862,41.76066],[3.26166,41.93763],[3.266,41.94563],[3.24304,42.11265],[3.23905,42.11833],[3.16878,42.16613],[3.18287,42.24875],[3.31261,42.2791],[3.32266,42.28428],[3.32481,42.29184],[3.30582,42.34685],[3.30034,42.35235],[3.25626,42.3744],[3.21562,42.46444],[3.21452,42.46618],[3.1088,42.59467],[3.06139,42.83901],[3.07008,42.91314],[3.27406,43.18696],[3.7967,43.45415],[3.79978,43.45611],[3.92216,43.55418],[4.04818,43.5808],[4.09777,43.556],[4.14625,43.4988],[4.15196,43.495],[4.21295,43.471],[4.21661,43.46991],[4.70451,43.36292],[4.71339,43.36234],[4.79038,43.36833],[4.80289,43.37237],[4.80748,43.38019],[4.80682,43.38744],[4.83917,43.38346],[4.85536,43.3859],[4.91956,43.41705],[5.04345,43.43211],[5.05458,43.36536],[5.06224,43.35789],[5.10923,43.33989],[5.11835,43.33823],[5.30734,43.33445],[5.39001,43.22423],[5.40041,43.21872],[5.6615,43.16847],[5.79563,43.09015],[5.80847,43.08719],[6.0254,43.09012],[6.10613,43.06257],[6.12492,43.06281],[6.31159,43.12897],[6.49797,43.15853],[6.50377,43.16009],[6.57977,43.19008],[6.58412,43.19242],[6.67113,43.25541],[6.67461,43.25919],[6.73273,43.36762],[6.87555,43.42936],[6.879,43.43126],[7.19371,43.65129],[7.27169,43.6869],[7.49913,43.75678],[7.73694,43.79244],[7.74035,43.79315],[8.01233,43.86712],[8.01748,43.86915],[8.09449,43.91114],[8.09822,43.91392],[8.30774,44.13133],[8.56482,44.33791],[8.7695,44.41058],[8.92344,44.39743],[9.18653,44.31335],[9.19409,44.31205],[9.28117,44.3083],[9.71862,44.09254],[9.72317,44.09088],[10.03757,44.01054],[10.17193,43.94145],[10.22772,43.84915],[10.30256,43.51132],[10.30455,43.50761],[10.43059,43.36674],[10.50275,43.20177],[10.51347,43.13947],[10.49661,42.96837],[10.49989,42.96144],[10.50968,42.95735],[10.69446,42.92671],[10.7861,42.7994],[10.79132,42.79529],[10.92426,42.73129],[11.15042,42.53073],[11.16552,42.46154],[11.09177,42.42555],[11.08484,42.41789],[11.08899,42.40968],[11.12699,42.38269],[11.13596,42.37928],[11.14666,42.37956],[11.29443,42.41102],[11.48751,42.35366],[11.62222,42.28098],[11.79072,42.07684],[11.79501,42.07348],[12.061,41.93356],[12.19061,41.80694],[12.19159,41.80608],[12.61658,41.46314],[12.62333,41.45981],[12.838,41.39974],[13.07556,41.23643],[13.08514,41.23304],[13.09619,41.23386],[13.24803,41.2771],[13.54957,41.22127],[13.55997,41.2213],[13.66844,41.24205],[13.72126,41.22695],[13.84447,41.12413],[14.03,40.86764],[14.0262,40.81229],[14.03201,40.80357],[14.064,40.78557],[14.07925,40.783],[14.09193,40.78915],[14.1123,40.815],[14.30129,40.80221],[14.43822,40.72655],[14.32473,40.60457],[14.32305,40.59546],[14.33262,40.5887],[14.34708,40.58877],[14.46158,40.62148],[14.55471,40.61482],[14.56214,40.61529],[14.76202,40.65545],[14.82617,40.6225],[14.89057,40.55139],[14.93093,40.4658],[14.9671,40.37829],[14.91348,40.31525],[14.91132,40.31014],[14.90933,40.26514],[14.91174,40.25917],[14.93574,40.23317],[14.94013,40.23001],[15.28409,40.06103],[15.28983,40.05916],[15.38581,40.04116],[15.3909,40.04071],[15.57807,40.04167],[15.67801,39.98337],[15.74717,39.86652],[15.83696,39.62424],[15.83776,39.62261],[16.0071,39.35078],[16.08986,39.02202],[16.09346,39.01677],[16.19238,38.93708],[16.18031,38.76741],[15.96709,38.7238],[15.95733,38.71881],[15.86435,38.6198],[15.86189,38.61233],[15.88744,38.48375],[15.80775,38.31081],[15.69243,38.27204],[15.68425,38.2663],[15.62728,38.17929],[15.62585,38.17459],[15.62888,38.03361],[15.63097,38.02838],[15.70997,37.9334],[15.7249,37.92769],[16.05685,37.93068],[16.0665,37.93271],[16.07285,37.93797],[16.15948,38.08129],[16.29558,38.24297],[16.55748,38.40067],[16.56281,38.40676],[16.59084,38.49176],[16.59121,38.49467],[16.57645,38.71298],[16.63144,38.79352],[16.76452,38.88029],[16.95222,38.92816],[17.09512,38.90788],[17.10558,38.90852],[17.11362,38.91301],[17.18964,38.992],[17.19186,39.00082],[17.14035,39.13861],[17.13245,39.38138],[17.12902,39.38787],[17.01302,39.48889],[17.01037,39.49072],[16.83535,39.58673],[16.83089,39.58849],[16.61118,39.6478],[16.53972,39.75031],[16.54744,39.85805],[16.68632,40.13269],[16.94208,40.45077],[17.03651,40.50119],[17.17316,40.49201],[17.19979,40.47907],[17.24111,40.3955],[17.24816,40.38949],[17.38614,40.3305],[17.38822,40.32974],[17.4682,40.30474],[17.47351,40.3037],[17.85242,40.26961],[18.06166,39.93272],[18.0661,39.92854],[18.20709,39.84456],[18.21253,39.84235],[18.33751,39.81035],[18.35145,39.81065],[18.36069,39.81749],[18.50277,40.10149],[18.50347,40.1066],[18.4785,40.22261],[18.47634,40.2267],[18.34335,40.37673],[18.34075,40.37896],[18.05027,40.57197],[17.97039,40.66075],[17.96427,40.66477],[17.4853,40.84998],[17.28796,40.98287],[17.28616,40.98392],[17.11414,41.07093],[17.11094,41.07222],[16.5606,41.24201],[16.02449,41.44392],[15.91859,41.5161],[15.93142,41.61573],[16.16321,41.74968],[16.16763,41.75361],[16.20565,41.80961],[16.20681,41.81608],[16.18282,41.89809],[16.17096,41.90672],[15.96992,41.94972],[15.96281,41.95029],[15.40573,41.92436],[15.17554,41.94483],[14.8773,42.06196],[14.55435,42.25176],[14.19808,42.51254],[14.02689,42.69466],[13.94279,42.85503],[13.82305,43.18256],[13.82262,43.18352],[13.71066,43.39355],[13.71008,43.39449],[13.58111,43.57552],[13.57844,43.57815],[13.52244,43.61916],[13.51747,43.62169],[13.30662,43.69495],[12.92035,43.92892],[12.9165,43.93068],[12.70317,44.00377],[12.50231,44.14065],[12.41354,44.22846],[12.32362,44.43118],[12.26717,44.72284],[12.2952,44.82127],[12.31179,44.82168],[12.37105,44.78977],[12.38431,44.78686],[12.39739,44.79018],[12.4774,44.83717],[12.48231,44.84208],[12.54135,44.96508],[12.53615,44.97614],[12.4084,45.04637],[12.30397,45.21194],[12.29944,45.216],[12.24629,45.24613],[12.292,45.44012],[12.49683,45.53405],[12.41688,45.47482],[12.41277,45.46763],[12.4175,45.46062],[12.42889,45.45699],[12.49488,45.45099],[12.50704,45.4522],[12.77003,45.53417],[12.77312,45.53537],[12.91262,45.60117],[13.03657,45.62751],[13.0453,45.63123],[13.21236,45.75744],[13.45766,45.69964],[13.46937,45.6991],[13.47947,45.7026],[13.56671,45.7598],[13.61729,45.7598],[13.75825,45.62889],[13.50384,45.49015],[13.49806,45.48002],[13.61016,45.10607],[13.61195,45.10291],[13.84398,44.83196],[13.86065,44.82579],[13.96563,44.82478],[13.98307,44.83108],[14.25318,45.15506],[14.2549,45.15825],[14.28752,45.27967],[14.32573,45.32741],[14.38271,45.33053],[14.53692,45.28915],[14.61588,45.21694],[14.61798,45.21535],[14.83785,45.07538],[14.88771,44.96995],[14.86605,44.81898],[14.86601,44.81741],[14.87605,44.70642],[14.87798,44.70203],[14.96399,44.59805],[14.96613,44.59603],[15.25512,44.37607],[15.25724,44.37469],[15.41311,44.28872],[15.28678,44.30016],[15.27806,44.29972],[15.11704,44.2677],[15.10576,44.26155],[15.10579,44.25241],[15.16881,44.16743],[15.17075,44.1654],[15.48375,43.90245],[15.48624,43.90074],[15.92342,43.65211],[15.92438,43.56894],[15.92658,43.56367],[15.96959,43.51468],[15.98313,43.50881],[16.1281,43.49481],[16.13524,43.49496],[16.3907,43.53089],[16.59013,43.4544],[16.59336,43.45341],[16.89148,43.38257],[17.11431,43.20412],[17.11773,43.20201],[17.31752,43.10659],[17.63196,42.89634],[17.22891,43.03595],[17.21807,43.03733],[17.04304,43.02632],[17.02942,43.02113],[17.02757,43.01131],[17.03887,43.00428],[17.24985,42.95772],[17.57502,42.82745],[17.58033,42.82598],[17.81573,42.78658],[18.14927,42.62525],[18.50476,42.42454],[18.51938,42.42163],[18.61821,42.4293],[18.6019,42.4021],[18.60229,42.39345],[18.61629,42.37345],[18.62181,42.36899],[18.88096,42.24092],[19.10589,42.05449],[19.16896,41.94514],[19.17468,41.94008],[19.33066,41.86009],[19.33925,41.85765],[19.45957,41.84523],[19.55985,41.78325],[19.558,41.64356],[19.48189,41.56935],[19.47954,41.56596],[19.42359,41.42796],[19.42317,41.42355],[19.46192,41.23599],[19.43822,41.10742],[19.4381,41.10583],[19.4431,40.93462],[19.31996,40.66732],[19.32,40.66065],[19.44024,40.40557],[19.43117,40.39096],[19.32855,40.41767],[19.3151,40.4176],[19.30563,40.41142],[19.30559,40.40269],[19.3816,40.28071],[19.38391,40.27807],[19.4709,40.20308],[19.475,40.20053],[19.83782,40.03643],[19.94841,39.86814],[19.97853,39.7992],[19.98348,39.70861],[19.9883,39.70106],[20.08515,39.63387],[20.17509,39.54101],[20.28444,39.32339],[20.29153,39.31731],[20.45589,39.24645],[20.69903,39.02814],[20.70429,39.025],[20.77128,38.999],[20.78493,38.99789],[20.92508,39.02533],[21.10377,39.01891],[21.13307,38.92589],[21.10217,38.9058],[21.07421,38.8977],[20.90024,38.95152],[20.89011,38.95242],[20.77409,38.93941],[20.76432,38.9359],[20.75974,38.92915],[20.75176,38.87515],[20.75173,38.87307],[20.75974,38.80708],[20.7693,38.79764],[20.8611,38.76704],[20.97619,38.64906],[21.09652,38.38167],[21.10205,38.37606],[21.17204,38.33707],[21.18864,38.33504],[21.30863,38.36303],[21.31917,38.37002],[21.34618,38.42002],[21.34722,38.42386],[21.34756,38.44456],[21.4581,38.31522],[21.46596,38.31041],[21.47651,38.30963],[21.80846,38.3556],[21.81165,38.35626],[21.96573,38.39959],[22.2216,38.34195],[22.22816,38.34137],[22.32115,38.34537],[22.3295,38.34726],[22.3945,38.37625],[22.40056,38.38097],[22.42795,38.4202],[22.5718,38.33618],[22.57572,38.33445],[22.74395,38.28034],[22.82181,38.22681],[22.82652,38.22451],[22.92551,38.19151],[22.93848,38.1909],[22.9947,38.20359],[23.13705,38.16661],[23.16289,38.13471],[23.11301,38.08481],[22.9552,38.08669],[22.94649,38.08518],[22.88449,38.06117],[22.87741,38.05589],[22.8762,38.04877],[22.89783,37.97439],[22.80932,37.99134],[22.72464,38.05484],[22.72101,38.05691],[22.56499,38.12291],[22.56176,38.12398],[22.25175,38.19948],[21.9625,38.33068],[21.95435,38.3326],[21.82633,38.33959],[21.81261,38.33609],[21.73562,38.28208],[21.73336,38.28011],[21.64764,38.18578],[21.55267,38.17706],[21.45985,38.21495],[21.4468,38.21626],[21.3998,38.20826],[21.38796,38.20115],[21.29318,38.03322],[21.11242,37.89983],[21.10835,37.88936],[21.12136,37.85136],[21.12753,37.84482],[21.27297,37.76824],[21.31252,37.66604],[21.3215,37.65857],[21.40621,37.63033],[21.55704,37.534],[21.66246,37.38373],[21.67441,37.31209],[21.5652,37.20671],[21.56207,37.19969],[21.5661,37.0807],[21.56782,37.07585],[21.72284,36.85788],[21.72511,36.85547],[21.87911,36.72949],[21.88874,36.72558],[21.89982,36.72672],[21.90744,36.7324],[21.94946,36.7994],[21.95079,36.80308],[21.97203,36.98226],[22.07175,37.01362],[22.1497,36.89808],[22.1582,36.89233],[22.21901,36.8739],[22.35916,36.69899],[22.35822,36.51402],[22.36294,36.50587],[22.41593,36.46787],[22.41851,36.46636],[22.4795,36.43737],[22.49104,36.43542],[22.50155,36.43929],[22.50577,36.44702],[22.5058,36.56583],[22.62029,36.76971],[22.717,36.78213],[22.76748,36.77572],[22.81619,36.683],[22.81798,36.68054],[22.96898,36.52156],[22.97192,36.51921],[23.09591,36.44322],[23.10519,36.44037],[23.15818,36.43637],[23.16923,36.43824],[23.17604,36.4446],[23.17547,36.45253],[23.05842,36.64637],[23.09059,36.77297],[23.09072,36.77642],[23.07673,36.85543],[23.07602,36.85763],[22.86708,37.29469],[22.86567,37.29685],[22.78117,37.3971],[22.74314,37.53886],[22.77637,37.56743],[22.83889,37.52382],[22.84415,37.52131],[23.00645,37.47183],[23.07932,37.43495],[23.08304,37.36362],[23.09028,37.35443],[23.15227,37.32443],[23.16193,37.3223],[23.17162,37.32434],[23.26101,37.36657],[23.49517,37.42906],[23.50596,37.43928],[23.50797,37.46328],[23.50476,37.47084],[23.42477,37.54694],[23.41257,37.58264],[23.40075,37.59123],[23.21104,37.62956],[23.16405,37.71802],[23.16407,37.79495],[23.15958,37.80287],[23.05517,37.88096],[23.06139,37.89507],[23.20016,37.94792],[23.42365,37.98054],[23.43046,37.98269],[23.50439,38.02145],[23.56965,38.00137],[23.86336,37.77095],[23.9577,37.67067],[23.97263,37.66526],[24.02062,37.66626],[24.03363,37.67089],[24.06864,37.70289],[24.072,37.70905],[24.07902,37.77405],[24.07903,37.77571],[24.04211,38.14074],[24.04194,38.14172],[24.02196,38.22873],[24.02009,38.23252],[23.98209,38.28053],[23.9753,38.28523],[23.84428,38.33524],[23.84022,38.33635],[23.69533,38.36209],[23.58497,38.49473],[23.5744,38.50031],[23.38028,38.53604],[23.2679,38.66685],[23.25442,38.67266],[23.14533,38.6793],[23.03169,38.75056],[23.02561,38.75303],[22.78264,38.81031],[22.69911,38.8579],[22.69169,38.86039],[22.59965,38.87432],[22.60601,38.87977],[22.80448,38.89035],[22.8113,38.8917],[22.9383,38.93769],[22.94216,38.9396],[23.07917,39.02959],[23.08436,39.03826],[23.07838,39.04677],[23.06508,39.04964],[22.97954,39.04371],[22.95596,39.11447],[22.9538,39.11805],[22.90178,39.17499],[22.85941,39.25526],[22.93089,39.29622],[22.99221,39.31751],[23.1455,39.25129],[23.15124,39.212],[23.10305,39.13777],[23.10518,39.12599],[23.14118,39.094],[23.1564,39.08933],[23.21939,39.09232],[23.23009,39.09552],[23.3401,39.1665],[23.34493,39.17757],[23.30496,39.29158],[23.30335,39.29443],[23.24836,39.36344],[23.24761,39.36429],[23.11761,39.49831],[23.11439,39.50079],[22.99244,39.5716],[22.93501,39.63383],[22.8527,39.80448],[22.85046,39.80752],[22.60863,40.04147],[22.58696,40.1188],[22.66037,40.36461],[22.66066,40.36767],[22.64741,40.49011],[22.81802,40.56789],[22.89717,40.57645],[22.87695,40.52971],[22.83734,40.49858],[22.83415,40.48751],[22.87917,40.39652],[22.88634,40.39029],[23.29513,40.20951],[23.31043,40.08918],[23.31196,40.08529],[23.37997,39.9853],[23.38927,39.97924],[23.62023,39.91324],[23.63094,39.91254],[23.64017,39.91611],[23.68718,39.95111],[23.69154,39.95976],[23.68518,39.96795],[23.48077,40.08152],[23.44937,40.11939],[23.40518,40.22006],[23.43426,40.25059],[23.65343,40.2139],[23.81965,40.0164],[23.82459,40.01264],[23.93657,39.95665],[23.95043,39.95445],[23.96205,39.95977],[24.01607,40.01877],[24.01808,40.02769],[23.98409,40.1177],[23.97968,40.12303],[23.73945,40.29005],[23.74468,40.32288],[23.82693,40.35577],[23.90797,40.34766],[24.14846,40.27042],[24.33015,40.14009],[24.34468,40.13627],[24.35791,40.14155],[24.35958,40.15182],[24.3086,40.24584],[24.30704,40.248],[24.22804,40.33401],[24.22269,40.33772],[24.04067,40.41873],[24.03234,40.4207],[23.87967,40.43],[23.85129,40.4811],[23.89489,40.53859],[23.89366,40.55044],[23.76182,40.67941],[23.77786,40.73628],[23.94397,40.73626],[24.07769,40.71266],[24.09156,40.71398],[24.24355,40.77596],[24.24812,40.77867],[24.39605,40.90387],[24.48014,40.93552],[24.54914,40.92516],[24.66776,40.86002],[24.67679,40.85734],[24.79077,40.84634],[24.80419,40.84868],[25.01433,40.95769],[25.10255,40.98174],[25.24058,40.92311],[25.2539,40.92142],[25.32303,40.93064],[25.48953,40.87738],[25.49419,40.87637],[25.8491,40.83286],[25.99645,40.76157],[26.08851,40.60687],[26.0955,40.60114],[26.1061,40.59916],[26.76035,40.61444],[26.70703,40.55295],[26.43827,40.45546],[26.43431,40.45348],[26.24133,40.32346],[26.23634,40.31484],[26.24226,40.2038],[26.18613,40.07865],[26.18759,40.06948],[26.19833,40.06364],[26.21188,40.06463],[26.33887,40.11262],[26.34469,40.11623],[26.48216,40.25365],[26.78323,40.48832],[26.98304,40.55326],[26.98492,40.55397],[27.26792,40.67695],[27.2723,40.67968],[27.44433,40.83266],[27.44684,40.83582],[27.5128,40.96289],[27.74799,41.0008],[27.92223,40.97926],[27.93389,40.98048],[28.17482,41.06825],[28.7759,40.96242],[28.78542,40.96247],[28.9614,40.99646],[28.97267,41.00337],[29.0487,41.13536],[29.04958,41.13744],[29.0746,41.22744],[29.07188,41.23634],[29.06073,41.24165],[28.95307,41.25927],[28.35609,41.47579],[28.2121,41.56141],[28.06655,41.73355],[28.00554,41.85564],[28.03189,41.96678],[28.03151,41.97166],[28.00053,42.04967],[27.99852,42.05284],[27.72354,42.35588],[27.72156,42.35767],[27.65355,42.40868],[27.64971,42.41088],[27.51114,42.4708],[27.76636,42.69747],[27.8975,42.73923],[27.90733,42.74936],[27.91439,43.0197],[27.94664,43.18069],[28.04935,43.26013],[28.05159,43.26234],[28.14706,43.38572],[28.31939,43.41443],[28.45861,43.37794],[28.4715,43.37764],[28.48124,43.38285],[28.57827,43.49484],[28.5805,43.49976],[28.6095,43.79478],[28.67721,43.98082],[28.67768,43.98382],[28.6639,44.29318],[28.71547,44.36763],[28.86733,44.49861],[28.86991,44.50178],[28.90593,44.57077],[28.90544,44.57907],[28.89659,44.58542],[28.88362,44.58677],[28.83583,44.58088],[28.86389,44.63265],[28.86488,44.63617],[28.8678,44.71247],[28.9429,44.8041],[28.94458,44.81179],[28.9119,44.91668],[28.94632,44.95814],[28.98661,44.97989],[29.06514,44.9675],[29.03165,44.93256],[29.02928,44.92458],[29.06132,44.80144],[29.03106,44.76383],[29.03002,44.75479],[29.03933,44.7476],[29.05363,44.7464],[29.56356,44.83135],[29.57588,44.8385],[29.65292,44.97549],[29.65375,44.97754],[29.74587,45.34055],[29.7458,45.34456],[29.68885,45.54258],[29.68527,45.54778],[29.62024,45.60341],[29.62119,45.68],[29.6443,45.71464],[29.69102,45.74169],[29.81685,45.7204],[29.83085,45.72137],[30.22882,45.85632],[30.23451,45.85935],[30.52756,46.09732],[30.52902,46.0987],[30.67406,46.26069],[30.67502,46.26192],[30.74005,46.36092],[30.74088,46.3625],[30.81257,46.54253],[31.14026,46.6117],[31.31902,46.59996],[31.32705,46.60048],[31.41004,46.61748],[31.42032,46.62283],[31.51299,46.73024],[31.53337,46.74229],[31.51275,46.66771],[31.51615,46.65849],[31.52899,46.65316],[31.77694,46.62015],[31.78676,46.6204],[31.87975,46.63839],[31.89195,46.64642],[31.92097,46.71842],[31.92153,46.72088],[31.9323,46.91922],[31.94423,46.85599],[31.9257,46.78666],[31.926,46.78182],[31.95502,46.70683],[31.95781,46.7028],[32.02781,46.63581],[32.03169,46.63304],[32.11468,46.58805],[32.12378,46.58516],[32.35073,46.55315],[32.36161,46.55356],[32.50393,46.58599],[32.3532,46.48797],[31.88151,46.53383],[31.72107,46.56651],[31.71472,46.56712],[31.55368,46.56612],[31.54006,46.56229],[31.53563,46.55337],[31.5431,46.54484],[31.70208,46.46285],[31.71072,46.46018],[31.98972,46.42033],[31.99321,46.39041],[31.97858,46.37438],[31.77355,46.33665],[31.76139,46.32908],[31.76465,46.31813],[31.81565,46.27514],[31.83372,46.26991],[31.92333,46.27468],[32.02761,46.25025],[32.31937,46.12024],[32.3222,46.11917],[32.46918,46.07317],[32.48241,46.07215],[32.79955,46.11872],[32.9416,46.11185],[32.9488,46.11237],[33.19569,46.16174],[33.24794,46.11892],[33.25323,46.11585],[33.4202,46.04785],[33.43755,46.04651],[33.58184,46.07994],[33.64304,45.95157],[33.45404,45.84802],[33.27214,45.77662],[33.13753,45.761],[33.12968,45.75877],[32.81568,45.60274],[32.81458,45.60214],[32.4946,45.41311],[32.48912,45.40647],[32.49116,45.39885],[32.53517,45.34486],[32.54305,45.33957],[32.60204,45.31758],[32.61737,45.31633],[32.77568,45.34661],[32.91155,45.33637],[33.17475,45.18611],[33.17927,45.18414],[33.25425,45.16014],[33.26676,45.15904],[33.38751,45.17483],[33.5377,45.0919],[33.59266,44.90888],[33.51214,44.68578],[33.44618,44.60304],[33.44446,44.59977],[33.43248,44.55677],[33.43877,44.54514],[33.64375,44.42416],[33.64801,44.42222],[33.74799,44.38823],[33.75493,44.38684],[33.9089,44.37584],[33.91681,44.37639],[34.08079,44.41237],[34.08652,44.41447],[34.29452,44.52844],[34.29783,44.53085],[34.48343,44.71245],[34.72385,44.79517],[34.88894,44.81157],[35.08597,44.79087],[35.09733,44.792],[35.10517,44.79729],[35.17,44.88724],[35.3686,44.96744],[35.37422,44.97109],[35.48592,45.08761],[35.57185,45.10621],[35.67035,45.0907],[35.8589,44.99544],[35.87499,44.99295],[36.05765,45.01861],[36.23022,45.01367],[36.2374,45.01439],[36.40038,45.05337],[36.41149,45.06163],[36.46906,45.22725],[36.59215,45.38799],[36.59238,45.39839],[36.58023,45.40567],[36.29517,45.46867],[36.28793,45.46933],[36.1689,45.46532],[36.162,45.4642],[36.068,45.43519],[36.06183,45.43202],[36.00506,45.38589],[35.83673,45.41393],[35.82748,45.41398],[35.74547,45.40097],[35.74026,45.39956],[35.5523,45.32358],[35.46378,45.328],[35.3868,45.36282],[35.27554,45.4536],[35.04027,45.70582],[34.87618,45.98866],[34.86957,46.18259],[35.07426,46.25621],[35.08071,46.26019],[35.22997,46.41661],[35.27219,46.36893],[35.26126,46.28492],[35.00079,46.11483],[34.99571,46.10645],[35.00138,46.09783],[35.01463,46.09375],[35.05462,46.09175],[35.06375,46.09274],[35.14074,46.11473],[35.14592,46.11698],[35.27093,46.19497],[35.2743,46.19788],[35.41586,46.37302],[35.83777,46.61307],[36.02754,46.65427],[36.19241,46.6339],[36.20071,46.634],[36.2847,46.647],[36.29141,46.64902],[36.4423,46.72199],[36.56376,46.75067],[36.68366,46.75159],[36.78402,46.70425],[36.79821,46.7017],[36.81062,46.70601],[36.94599,46.81566],[37.05799,46.86489],[37.22372,46.90462],[37.34123,46.90461],[37.35547,46.90882],[37.5539,47.06323],[37.83069,47.08354],[38.17782,47.06761],[38.18757,47.06879],[38.49454,47.16476],[38.49978,47.16723],[38.58783,47.22751],[38.6895,47.24017],[38.53881,47.15974],[38.53242,47.15127],[38.53779,47.14204],[38.5517,47.1376],[38.66767,47.13159],[38.67295,47.13177],[38.9329,47.16376],[38.94474,47.16884],[39.03529,47.25936],[39.18278,47.25678],[39.27261,47.10588],[39.25442,47.05457],[39.12146,47.03517],[39.11662,47.03398],[38.79164,46.91732],[38.43071,46.82458],[38.42088,46.81831],[38.42089,46.80917],[38.46899,46.72969],[38.47859,46.67964],[38.23285,46.71316],[38.22051,46.71222],[37.96363,46.63083],[37.76847,46.64829],[37.75203,46.64451],[37.74823,46.63354],[37.79126,46.52955],[37.79298,46.52674],[37.897,46.40075],[37.90537,46.39525],[37.96936,46.37225],[37.98242,46.37075],[38.07235,46.38065],[38.30077,46.23414],[38.45836,46.09978],[38.3981,46.09256],[38.18486,46.10736],[38.17363,46.10586],[38.16618,46.1004],[38.09509,45.99102],[38.0932,46.01683],[38.08544,46.02651],[38.02544,46.05752],[38.01286,46.06042],[38.00081,46.05755],[37.91981,46.01154],[37.91453,46.00616],[37.82353,45.80622],[37.65355,45.66189],[37.65128,45.65934],[37.59431,45.57033],[37.59292,45.56598],[37.59094,45.50098],[37.59492,45.493],[37.60558,45.48812],[37.65311,45.47892],[37.65393,45.43256],[37.63179,45.38741],[37.25812,45.32299],[37.24912,45.31927],[37.20774,45.28698],[37.1142,45.31333],[36.99096,45.39256],[36.98697,45.39456],[36.87495,45.43756],[36.85575,45.4378],[36.70974,45.38278],[36.70182,45.37635],[36.70245,45.36787],[36.71133,45.36134],[36.90807,45.28837],[36.86234,45.2628],[36.611,45.19649],[36.60218,45.19134],[36.6003,45.18358],[36.60931,45.14958],[36.61188,45.14509],[36.63489,45.1201],[36.64668,45.11414],[36.93737,45.05857],[37.19278,44.96267],[37.26747,44.89933],[37.33444,44.78417],[37.33702,44.78104],[37.39603,44.72805],[37.40055,44.72509],[37.48454,44.68509],[37.49152,44.68296],[37.70147,44.64896],[37.71274,44.64942],[37.84561,44.684],[38.16647,44.4127],[38.173,44.40907],[38.30398,44.36308],[38.30829,44.36196],[38.62983,44.30638],[38.70642,44.27801],[39.31536,43.88898],[39.50239,43.72087],[39.50393,43.71964],[39.86091,43.46468],[39.86352,43.4631],[40.1798,43.30247],[40.45013,43.13688],[40.45724,43.13408],[40.82852,43.0519],[41.04719,42.92361],[41.11241,42.82337],[41.12227,42.81657],[41.40676,42.72828],[41.47202,42.65464],[41.64544,42.14472],[41.64626,42.14287],[41.74494,41.9683],[41.7411,41.81986],[41.68589,41.71132],[41.40099,41.43328],[41.07403,41.27175],[40.95194,41.22388],[40.81534,41.20226],[40.80782,41.19954],[40.67755,41.11762],[40.2587,40.97302],[40.12886,40.95596],[40.00559,40.9887],[39.99619,40.98934],[39.91074,40.97877],[39.81312,40.99488],[39.43276,41.11733],[39.42151,41.11822],[38.84743,41.03018],[38.84491,41.02965],[38.55212,40.94924],[38.38145,40.93759],[37.9172,41.01347],[37.77642,41.08875],[37.76792,41.09128],[37.43397,41.12616],[37.07757,41.1945],[37.00746,41.28073],[37.00063,41.28557],[36.7866,41.37358],[36.77529,41.3753],[36.64426,41.36529],[36.6344,41.36215],[36.50356,41.27618],[36.41129,41.28672],[36.29029,41.34484],[36.19496,41.43247],[36.06897,41.68654],[36.05715,41.69466],[35.92513,41.72566],[35.91384,41.72576],[35.55902,41.64734],[35.30871,41.73879],[35.22323,41.80122],[35.13961,41.89447],[35.13233,41.95465],[35.17186,42.02306],[35.17124,42.0329],[35.16023,42.0396],[35.0112,42.0746],[34.99611,42.07358],[34.74443,41.96935],[34.19329,41.97624],[33.38193,42.03016],[33.37674,42.02998],[33.28072,42.01697],[33.27646,42.016],[32.93966,41.90338],[32.53593,41.81762],[32.53372,41.81703],[32.29771,41.74101],[32.29334,41.73898],[32.07457,41.59875],[31.44798,41.33029],[31.4417,41.32543],[31.33242,41.16588],[31.24767,41.11981],[30.81183,41.09726],[30.35043,41.20836],[30.34162,41.20892],[29.9187,41.16324],[29.32475,41.23981],[29.32036,41.23999],[29.14634,41.23298],[29.13403,41.22881],[29.08004,41.1848],[29.07642,41.17961],[29.02847,41.01061],[29.03116,41.00165],[29.09917,40.93166],[29.10214,40.92929],[29.24812,40.83831],[29.25199,40.83645],[29.35697,40.79845],[29.36296,40.79711],[29.82919,40.74992],[29.82892,40.7484],[28.9543,40.6428],[28.94633,40.64027],[28.77634,40.54325],[28.77036,40.53318],[28.77915,40.52379],[29.02695,40.42174],[28.99873,40.40174],[28.63005,40.38802],[28.29054,40.41489],[28.28594,40.41484],[27.96495,40.38233],[27.95343,40.38572],[28.01081,40.46133],[28.0125,40.46849],[28.00751,40.4905],[27.99483,40.5004],[27.87981,40.5244],[27.87379,40.52493],[27.76777,40.52193],[27.75543,40.51792],[27.71844,40.48892],[27.71429,40.4814],[27.71828,40.4737],[27.82308,40.38506],[27.72198,40.34076],[27.47993,40.3321],[27.34703,40.38414],[27.30139,40.46022],[27.29442,40.46592],[27.28392,40.46791],[27.12089,40.4639],[27.11109,40.46156],[27.00589,40.40799],[26.73793,40.41188],[26.72454,40.40793],[26.46157,40.20491],[26.46004,40.20352],[26.30106,40.03468],[26.17425,40.00104],[26.16368,39.99232],[26.13271,39.87532],[26.13244,39.87304],[26.13744,39.6595],[26.08483,39.57373],[26.08357,39.56828],[26.09559,39.46628],[26.10197,39.45795],[26.11517,39.45521],[26.35314,39.4722],[26.3579,39.47301],[26.48923,39.50954],[26.82662,39.55083],[26.88459,39.54036],[26.89203,39.51992],[26.69711,39.34736],[26.69486,39.34471],[26.66588,39.29671],[26.66759,39.28552],[26.83632,39.11291],[26.83193,39.06104],[26.79342,39.02063],[26.79072,39.01315],[26.79773,38.96015],[26.80235,38.95303],[26.85335,38.91504],[26.87122,38.91159],[26.917,38.92092],[26.99049,38.88418],[26.89699,38.7853],[26.78218,38.7467],[26.7757,38.74286],[26.74971,38.71685],[26.74726,38.70726],[26.77828,38.62327],[26.77983,38.62051],[26.89184,38.47653],[26.89655,38.47267],[26.95954,38.43867],[26.97088,38.43611],[27.10505,38.43921],[27.08932,38.42661],[26.86053,38.38526],[26.77874,38.39874],[26.73933,38.42715],[26.72879,38.4308],[26.71742,38.42898],[26.68642,38.41498],[26.67919,38.40773],[26.66268,38.3559],[26.65453,38.35985],[26.61281,38.42063],[26.62703,38.48503],[26.6268,38.48944],[26.60381,38.55944],[26.60109,38.56368],[26.52809,38.63569],[26.51775,38.64055],[26.44474,38.65255],[26.43447,38.65206],[26.37146,38.63506],[26.36078,38.62498],[26.35479,38.56298],[26.35564,38.55843],[26.41242,38.44004],[26.40097,38.38029],[26.34442,38.38186],[26.33447,38.37998],[26.32798,38.37449],[26.275,38.28149],[26.27785,38.2695],[26.31985,38.23451],[26.32505,38.23157],[26.57401,38.13857],[26.59198,38.13924],[26.68324,38.18351],[26.79428,38.12977],[26.86436,38.04899],[26.87206,38.0442],[26.88224,38.04329],[26.9416,38.05059],[27.15142,37.97641],[27.15661,37.97524],[27.21718,37.9686],[27.23772,37.88202],[27.2085,37.73381],[27.07197,37.6992],[27.0614,37.69086],[27.05141,37.66086],[27.05627,37.64949],[27.13329,37.5975],[27.1873,37.48856],[27.20212,37.38794],[27.2085,37.37974],[27.27949,37.33975],[27.28801,37.33719],[27.3651,37.33001],[27.38596,37.30164],[27.39149,37.29722],[27.50414,37.24232],[27.51655,37.17209],[27.36572,37.13414],[27.30153,37.13885],[27.28632,37.13413],[27.23633,37.08613],[27.23317,37.07807],[27.24619,36.97608],[27.25263,36.96769],[27.26567,36.96521],[27.31366,36.97021],[27.32483,36.97505],[27.35753,37.00773],[27.66722,36.99509],[27.66919,36.99508],[28.21677,37.0161],[28.20993,37.00356],[28.07266,36.92955],[28.06868,36.92646],[27.99333,36.84143],[27.92934,36.82069],[27.62905,36.79887],[27.62524,36.79826],[27.46122,36.75725],[27.45075,36.74924],[27.43776,36.71524],[27.4388,36.70701],[27.44714,36.70117],[27.53312,36.67317],[27.53838,36.67214],[27.65436,36.66314],[27.66458,36.66466],[27.8093,36.7243],[28.05232,36.73733],[27.99964,36.67635],[27.99727,36.66897],[28.00228,36.63298],[28.00896,36.6245],[28.02221,36.62224],[28.1152,36.63423],[28.12148,36.63604],[28.20547,36.67603],[28.21039,36.67968],[28.31322,36.79962],[28.47945,36.79221],[28.8091,36.66449],[28.81695,36.66301],[28.89594,36.662],[28.90643,36.66448],[28.97251,36.70109],[29.02318,36.68469],[29.04951,36.58788],[29.05107,36.58466],[29.09985,36.51639],[29.12645,36.39531],[29.12996,36.38959],[29.21096,36.3166],[29.21427,36.31432],[29.33826,36.24933],[29.3418,36.2479],[29.68275,36.1459],[29.69176,36.1451],[29.79174,36.15609],[29.79518,36.15675],[30.08915,36.23772],[30.09112,36.23837],[30.232,36.2932],[30.37886,36.23255],[30.39611,36.23277],[30.45511,36.25977],[30.45984,36.26306],[30.49785,36.30305],[30.50063,36.30845],[30.52233,36.44734],[30.57303,36.52045],[30.57474,36.52501],[30.59853,36.79292],[30.65276,36.85325],[31.2383,36.81005],[31.34661,36.78973],[31.76939,36.6027],[31.7715,36.6019],[32.01219,36.52495],[32.11791,36.44154],[32.36421,36.17733],[32.36835,36.17421],[32.52433,36.09121],[32.52892,36.08947],[32.78988,36.02447],[32.80391,36.02557],[32.93512,36.08431],[33.44233,36.14064],[33.52083,36.13191],[33.52813,36.13229],[33.70012,36.17027],[33.70375,36.17145],[33.96375,36.28442],[33.96804,36.28713],[34.31207,36.59519],[34.61012,36.77339],[34.70605,36.80412],[34.80403,36.78763],[34.93307,36.71627],[34.93541,36.71517],[35.16837,36.62418],[35.17045,36.62349],[35.38742,36.56349],[35.39682,36.56294],[35.5408,36.58493],[35.5481,36.58756],[35.6371,36.64355],[35.6418,36.64854],[35.67467,36.71518],[35.81008,36.76703],[35.8136,36.76885],[35.91537,36.838],[36.04625,36.89525],[36.16345,36.8022],[36.17097,36.66374],[35.87036,36.41432],[35.86831,36.41218],[35.79633,36.31618],[35.79523,36.3062],[35.93878,35.99959],[35.82559,35.85539],[35.82371,35.85172],[35.74777,35.57473],[35.75039,35.5652],[35.88625,35.41656],[35.9262,35.22478],[35.874,35.06314],[35.87354,35.06041],[35.87156,34.94942],[35.87162,34.94819],[35.88264,34.8512],[35.88312,34.8491],[35.95966,34.62754],[35.96153,34.5514],[35.9098,34.50238],[35.79506,34.44745],[35.79009,34.44366],[35.63412,34.25465],[35.63182,34.24974],[35.59621,34.03583],[35.49648,33.88569],[35.49567,33.88426],[35.32126,33.50835],[35.23705,33.39935],[35.23539,33.39633],[35.18869,33.2631],[35.09412,33.08884],[35.09324,33.08666],[35.06146,32.97036],[34.90682,32.61804],[34.90635,32.61672],[34.78859,32.19931],[34.66324,31.90072],[34.47032,31.59831],[34.37459,31.4917],[34.16593,31.31367],[33.89678,31.19238],[33.66484,31.14225],[33.378,31.14322],[33.37314,31.14264],[33.20107,31.09962],[33.14352,31.17425],[33.13553,31.17942],[33.12514,31.17962],[32.90094,31.12357],[32.85689,31.12999],[32.85014,31.12983],[32.60691,31.08234],[32.26105,31.30437],[32.2504,31.30716],[32.21539,31.30616],[32.20563,31.30318],[32.20046,31.29615],[32.20216,31.28816],[32.26345,31.20183],[32.19716,31.12934],[32.1094,31.10761],[32.02172,31.227],[32.01157,31.23284],[31.90754,31.25148],[31.79387,31.29748],[31.88915,31.40725],[31.89155,31.41182],[31.90228,31.45737],[32.06496,31.33531],[32.075,31.33187],[32.13499,31.32886],[32.14629,31.33177],[32.15173,31.33993],[32.14821,31.3487],[31.9762,31.50972],[31.97286,31.51206],[31.89785,31.55106],[31.88321,31.55232],[31.60423,31.46821],[31.52807,31.47004],[31.20121,31.59879],[31.19676,31.59993],[31.08574,31.61493],[31.07633,31.61399],[31.04533,31.60298],[31.03681,31.59544],[30.9894,31.47304],[30.699,31.41628],[30.62294,31.42351],[30.8902,31.51087],[30.89709,31.5152],[30.93709,31.5602],[30.93939,31.56984],[30.93159,31.57762],[30.91881,31.57843],[30.56749,31.48486],[30.39326,31.47],[30.38179,31.46462],[30.21481,31.27042],[30.04986,31.27704],[30.04296,31.27613],[29.92395,31.23812],[29.92031,31.23649],[29.42048,30.93713],[29.27356,30.87836],[29.07419,30.84271],[28.52227,31.06067],[28.51693,31.0619],[27.97504,31.10845],[27.84082,31.20376],[27.82985,31.20694],[27.62264,31.20397],[27.54759,31.22367],[27.25751,31.38758],[27.25208,31.38954],[26.77301,31.48153],[26.77277,31.48158],[25.89664,31.63256],[25.88889,31.6324],[25.3814,31.52512],[25.2363,31.54452],[25.03961,31.88778],[25.03761,31.89029],[24.96361,31.9613],[24.95893,31.9643],[24.88692,31.9943],[24.88265,31.99551],[24.68762,32.02751],[24.68224,32.02769],[24.4796,32.00881],[24.13374,32.02065],[24.04762,32.04714],[23.90851,32.13594],[23.90454,32.13778],[23.80452,32.16978],[23.80059,32.17061],[23.29319,32.2251],[23.12306,32.33569],[23.1458,32.44645],[23.14577,32.45009],[23.10679,32.62111],[23.09833,32.62948],[22.76128,32.75149],[22.75907,32.75214],[22.53011,32.80466],[22.3499,32.88981],[22.34642,32.89104],[22.19239,32.92904],[22.18674,32.92964],[21.84199,32.92071],[21.72702,32.95286],[21.72,32.95359],[21.63499,32.94858],[21.62536,32.94555],[21.41729,32.80945],[21.31709,32.78959],[21.06215,32.78759],[21.05384,32.78584],[20.61284,32.5898],[20.61101,32.58886],[20.36102,32.43983],[20.35897,32.43837],[20.109,32.22635],[20.10732,32.22464],[20.01734,32.11363],[20.01618,32.11188],[19.9582,32.00288],[19.95739,32.00081],[19.91042,31.81982],[19.91022,31.81653],[19.94526,31.55456],[19.94584,31.5524],[20.00485,31.40742],[20.00617,31.40514],[20.08922,31.2964],[20.12537,31.19384],[20.13515,31.0797],[20.0971,30.96746],[19.99936,30.80647],[19.70163,30.49577],[19.58143,30.42344],[19.28707,30.29895],[19.12455,30.27766],[18.94226,30.30092],[18.68025,30.42503],[18.2014,30.78517],[18.19666,30.78753],[17.95783,30.86185],[17.84061,30.93671],[17.83683,30.93846],[17.35576,31.09147],[17.3545,31.09182],[16.78741,31.22582],[16.7835,31.22634],[16.45331,31.23829],[16.12824,31.27495],[15.84045,31.37087],[15.71785,31.43412],[15.51054,31.66218],[15.37883,31.97325],[15.37489,32.1607],[15.37366,32.16483],[15.28167,32.31685],[15.27959,32.3193],[15.18958,32.39832],[15.18168,32.40191],[14.5199,32.52149],[14.43435,32.55898],[14.24854,32.68914],[14.24481,32.69104],[14.1638,32.72004],[14.16215,32.72055],[13.8411,32.80255],[13.83667,32.80318],[13.65167,32.8101],[13.54279,32.8344],[13.29089,32.92499],[13.281,32.92599],[13.13599,32.90798],[13.13333,32.90749],[12.75344,32.81249],[12.2871,32.86953],[11.82287,33.10312],[11.8175,33.10481],[11.66383,33.12943],[11.40984,33.23459],[11.39625,33.23536],[11.33936,33.2209],[11.23372,33.25222],[11.27959,33.27754],[11.28543,33.28354],[11.28504,33.29053],[11.27204,33.31354],[11.26762,33.31773],[11.16455,33.37553],[11.10073,33.5661],[11.09498,33.57207],[10.96797,33.63508],[10.95419,33.63655],[10.94332,33.62998],[10.88717,33.54385],[10.7369,33.52667],[10.72022,33.61099],[10.7291,33.68882],[10.72438,33.69729],[10.71165,33.69991],[10.45849,33.67449],[10.3163,33.73652],[10.17339,33.85594],[10.06502,34.05896],[10.05637,34.1398],[10.08008,34.20802],[10.21201,34.33894],[10.54535,34.5369],[10.54756,34.53848],[10.70359,34.67146],[10.70507,34.67294],[10.88011,34.87893],[10.88115,34.88036],[10.97083,35.02977],[11.13443,35.2352],[11.13457,35.24566],[11.05898,35.33895],[11.01756,35.55316],[11.02055,35.63431],[11.0157,35.64222],[10.79567,35.78024],[10.79138,35.78213],[10.70007,35.80905],[10.60575,35.89279],[10.52224,36.0353],[10.49377,36.17582],[10.50441,36.25309],[10.54066,36.31792],[10.65331,36.4121],[10.80721,36.48409],[10.81323,36.48893],[10.98184,36.73825],[11.06937,36.83354],[11.13637,36.86511],[11.14295,36.87098],[11.1429,36.87811],[11.09345,36.97011],[11.0707,37.07506],[11.06401,37.0822],[11.05133,37.08383],[10.94832,37.06982],[10.93897,37.06637],[10.75674,36.93927],[10.56543,36.88922],[10.55539,36.8826],[10.50407,36.79734],[10.41121,36.74565],[10.31288,36.78613],[10.35,36.86214],[10.34878,36.87074],[10.20597,37.03724],[10.21289,37.20627],[10.20556,37.21538],[10.09654,37.26039],[10.08825,37.26201],[9.87722,37.26499],[9.86343,37.26092],[9.85936,37.2515],[9.87787,37.18495],[9.83621,37.15528],[9.80204,37.21173],[9.85389,37.30578],[9.85336,37.31412],[9.8439,37.31949],[9.69387,37.35049],[9.68236,37.35015],[9.13632,37.2051],[9.13072,37.20273],[8.81543,37.00736],[8.57412,36.94775],[8.12645,36.92086],[8.12188,36.92016],[7.91046,36.86753],[7.80164,36.88966],[7.6203,37.00793],[7.61652,37.00972],[7.4405,37.06873],[7.43674,37.06961],[7.2087,37.10261],[7.19754,37.10172],[7.18923,37.09656],[7.18742,37.08939],[7.21855,36.9769],[6.93008,36.93034],[6.58734,37.01212],[6.50107,37.09258],[6.49262,37.09643],[6.48188,37.09605],[6.32287,37.05603],[6.31287,37.05],[6.23622,36.94518],[6.05905,36.8739],[5.72143,36.81032],[5.7167,36.80893],[5.41875,36.68475],[5.29728,36.65951],[5.20646,36.68611],[5.00738,36.81587],[5.00429,36.8174],[4.76725,36.90541],[4.75952,36.90673],[3.78037,36.90669],[3.77121,36.90498],[3.51737,36.80559],[2.97399,36.79464],[2.96598,36.79319],[2.83897,36.74818],[2.83587,36.7468],[2.58855,36.61187],[2.34555,36.6206],[2.34263,36.62054],[1.25648,36.53046],[1.25204,36.52968],[0.96702,36.45366],[0.96295,36.45216],[0.78314,36.36571],[0.50842,36.27112],[0.50583,36.27005],[0.30284,36.17002],[0.3012,36.16912],[0.14121,36.0701],[0.13681,36.06595],[0.0341,35.9059],[-0.05506,35.84273],[-0.18504,35.82982],[-0.34307,35.87273],[-0.34933,35.87348],[-0.42434,35.87248],[-0.43335,35.87073],[-0.92436,35.67668],[-0.92737,35.6752],[-1.21535,35.50317],[-1.21851,35.50073],[-1.34716,35.37106],[-1.49152,35.31154],[-1.49467,35.30992],[-1.68286,35.19103],[-1.91649,35.10401],[-2.01568,35.0955],[-2.41954,35.13328],[-2.42289,35.13335],[-2.63256,35.1235],[-2.72358,35.1448],[-2.73031,35.14532],[-2.82842,35.13902],[-2.93805,35.31885],[-2.95581,35.40971],[-2.96217,35.41608],[-2.97455,35.4169],[-2.98537,35.41167],[-3.07476,35.32322],[-3.21182,35.24844],[-3.39341,35.22249],[-3.58268,35.23793],[-3.68173,35.28843],[-3.6995,35.28875],[-3.79032,35.25528],[-3.97983,35.25331],[-3.9855,35.25262],[-4.32862,35.17175],[-4.62007,35.21575],[-4.82557,35.2895],[-5.09144,35.47503],[-5.2382,35.62083],[-5.32166,35.74851],[-5.32164,35.85466],[-5.26601,35.8973],[-5.26186,35.9063],[-5.27034,35.91272],[-5.38936,35.93973],[-5.40498,35.93804],[-5.62774,35.83847],[-5.92606,35.79597],[-5.93535,35.79274],[-5.94076,35.787],[-6.36824,34.77765],[-6.77022,34.136],[-6.91289,33.97459],[-7.15345,33.83751],[-7.56858,33.64831],[-8.30661,33.38258],[-8.31019,33.38093],[-8.52217,33.2589],[-8.52438,33.25742],[-8.60736,33.19241],[-8.60926,33.19065],[-8.84857,32.92434],[-9.25772,32.57696],[-9.26156,32.5707],[-9.30238,32.24059],[-9.36141,32.08801],[-9.68805,31.71444],[-9.68971,31.71194],[-9.82365,31.42595],[-9.82438,31.42306],[-9.84723,30.84607],[-9.88989,30.71803],[-9.89002,30.71415],[-9.86901,30.64116],[-9.86493,30.63663],[-9.7858,30.59561],[-9.66762,30.44299],[-9.63937,30.35047],[-9.68186,30.10908],[-9.75674,29.96025],[-10.02281,29.64426],[-10.02333,29.6436],[-10.2139,29.3831],[-10.49712,29.06997],[-10.68262,28.94562],[-11.08881,28.721],[-11.09198,28.71881],[-11.30995,28.53079],[-11.31125,28.52953],[-11.44057,28.38733],[-11.55987,28.31748],[-11.98972,28.13775],[-12.46913,28.0186],[-12.79238,27.98775],[-12.7992,27.98604],[-12.9542,27.92202],[-12.96237,27.91572],[-13.05331,27.77334],[-13.18659,27.66076],[-13.19026,27.65583],[-13.27001,27.43542],[-13.42364,27.148],[-13.42429,27.14647],[-13.50996,26.87339],[-13.58785,26.73897],[-13.95826,26.49656],[-14.1715,26.42349],[-14.17815,26.41986],[-14.3199,26.30367],[-14.41897,26.26189],[-14.42714,26.25549],[-14.48412,26.16449],[-14.4853,26.16171],[-14.53691,25.92529],[-14.61484,25.81083],[-14.61586,25.80894],[-14.72053,25.54865],[-14.80807,25.40535],[-14.80912,25.40295],[-14.85709,25.21897],[-14.85731,25.21747],[-14.87023,24.8704],[-14.91741,24.72092],[-15.04874,24.55452],[-15.19447,24.48649],[-15.20017,24.48256],[-15.59566,24.078],[-15.78572,23.95918],[-15.78834,23.95721],[-15.90932,23.8482],[-15.91237,23.84426],[-15.99434,23.67026],[-15.99419,23.66407],[-15.988,23.6606],[-15.97862,23.66142],[-15.97032,23.66616],[-15.81101,23.8192],[-15.80365,23.79142],[-15.95568,23.55443],[-15.95615,23.55362],[-16.12672,23.22933],[-16.22219,23.10002],[-16.22323,23.09222],[-16.18464,23.02858],[-16.21486,22.9464],[-16.31519,22.83817],[-16.31783,22.83354],[-16.37251,22.59478],[-16.52384,22.33891],[-16.68684,22.28231],[-16.69496,22.2773],[-16.80394,22.16329],[-16.80596,22.16054],[-16.94391,21.90055],[-16.94481,21.89795],[-17.11268,20.85506],[-17.11112,20.85007],[-17.06013,20.79908],[-17.05133,20.79651],[-17.04035,20.80016],[-17.03438,20.80764],[-16.98487,21.03922],[-16.92746,21.10071],[-16.88825,21.07883],[-16.6361,20.62839],[-16.63313,20.62568],[-16.57314,20.59569],[-16.56439,20.59469],[-16.55493,20.59841],[-16.54956,20.60495],[-16.52259,20.69151],[-16.44261,20.6451],[-16.34736,20.41098],[-16.34684,20.40999],[-16.22438,20.22437],[-16.2543,20.14038],[-16.25472,20.1377],[-16.24675,19.9986],[-16.29629,19.78649],[-16.45774,19.47347],[-16.458,19.46739],[-16.45246,19.46381],[-16.4436,19.46433],[-16.32814,19.49732],[-16.37926,19.41753],[-16.47427,19.40017],[-16.48349,19.3962],[-16.52249,19.3672],[-16.52701,19.36187],[-16.52709,19.35658],[-16.48909,19.27959],[-16.48733,19.2775],[-16.31826,19.14723],[-16.22629,18.99792],[-16.16348,18.71383],[-16.16332,18.71327],[-16.09847,18.51677],[-16.06054,18.21951],[-16.04356,17.88531],[-16.09234,17.54464],[-16.21983,17.19293],[-16.35951,16.92649],[-16.36003,16.92531],[-16.47699,16.60134],[-16.47739,16.59966],[-16.49429,16.45237],[-16.54904,16.28609],[-16.5494,16.2839],[-16.54837,15.83605],[-16.58364,15.73412],[-16.85461,15.2957],[-17.1557,14.92717],[-17.41507,14.7999],[-17.53724,14.76344],[-17.54757,14.75656],[-17.54795,14.74835],[-17.45696,14.64537],[-17.44911,14.64269],[-17.43872,14.64576],[-17.43221,14.65269],[-17.40858,14.71478],[-17.35215,14.71948],[-17.27073,14.69266],[-17.17992,14.63407],[-17.09161,14.4773],[-17.09004,14.47553],[-16.98619,14.39641],[-16.89376,14.20262],[-16.89326,14.20178],[-16.81114,14.08801],[-16.80524,14.00052],[-16.80131,13.99556],[-16.79241,13.99511],[-16.63923,14.02769],[-16.64952,14.01178],[-16.73876,13.9681],[-16.74607,13.96181],[-16.77906,13.90581],[-16.77996,13.90017],[-16.75796,13.83518],[-16.75583,13.8324],[-16.65965,13.764],[-16.60082,13.68458],[-16.54307,13.4536],[-16.54196,13.45145],[-16.45297,13.34647],[-16.44708,13.34377],[-16.35809,13.33377],[-16.34733,13.33585],[-16.13439,13.43886],[-15.85361,13.45066],[-15.85168,13.45084],[-15.57409,13.49048],[-15.46039,13.47584]],[[31.92976,46.93263],[31.80778,47.1605],[31.82086,47.15122],[31.92078,46.97987],[31.92976,46.93263]],[[-8.9428,39.00787],[-8.94039,39.01105],[-8.8604,39.05701],[-8.85021,39.05864],[-8.9428,39.00787]],[[26.5301,60.55556],[26.5754,60.60084],[26.57529,60.5999],[26.5301,60.55556]],[[70.51006,66.70577],[70.59023,66.73958],[70.61311,66.73775],[70.51006,66.70577]],[[87.98404,22.25681],[87.97542,22.26262],[87.97305,22.27607],[87.98072,22.26044],[87.98404,22.25681]],[[113.52499,73.19537],[113.53839,73.14045],[113.51964,73.09695],[113.52499,73.19537]],[[113.31578,72.89619],[113.1806,72.81113],[113.17165,72.8297],[113.31578,72.89619]],[[113.19191,72.78767],[113.25889,72.73299],[113.27177,72.72799],[113.65326,72.64974],[113.65206,72.64925],[113.34168,72.66859],[113.22549,72.73597],[113.19892,72.77309],[113.19191,72.78767]],[[99.79304,76.00203],[99.80211,75.93196],[99.66009,75.86226],[99.79304,76.00203]],[[99.60071,75.8329],[99.57441,75.81985],[99.53577,75.81304],[99.60071,75.8329]],[[5.47528,60.61383],[5.60046,60.68168],[5.60431,60.68129],[5.52459,60.63202],[5.47528,60.61383]],[[21.13827,55.61053],[21.21391,55.45535],[21.17772,55.34661],[21.17807,55.34206],[21.21228,55.2708],[21.16673,54.94375],[20.99202,54.91477],[20.89247,54.92025],[20.62899,54.98614],[20.87898,55.1773],[20.88006,55.17822],[21.05314,55.3442],[21.05487,55.34644],[21.12695,55.48444],[21.12764,55.48674],[21.13827,55.61053]],[[13.83237,54.03787],[13.89777,53.99449],[13.87943,53.94121],[13.87955,53.93718],[13.90357,53.87719],[13.91096,53.8708],[13.92463,53.86784],[14.34674,53.84796],[14.53476,53.81527],[14.52925,53.70768],[14.52981,53.70488],[14.54983,53.66107],[14.26065,53.74174],[14.25624,53.74269],[14.03624,53.77691],[13.96655,53.80851],[13.88782,53.85726],[13.84474,54.0201],[13.84359,54.02244],[13.83237,54.03787]],[[50.69077,46.9276],[50.74062,46.93982],[50.74486,46.94132],[50.93013,47.02948],[51.18028,47.09637],[51.60512,47.01858],[51.73103,46.92561],[51.74067,46.92156],[51.94062,46.88256],[51.94912,46.88218],[52.00381,46.88798],[52.07131,46.83218],[52.08122,46.82763],[52.13321,46.81663],[52.14726,46.81726],[52.34923,46.88324],[52.3555,46.88665],[52.43364,46.95403],[52.4873,46.97702],[52.67417,46.94443],[52.6788,46.944],[52.91023,46.94108],[53.0208,46.8844],[53.05165,46.85083],[53.1491,46.67052],[53.06176,46.55339],[53.05999,46.54954],[53.04501,46.47754],[53.04696,46.46971],[53.09022,46.41109],[53.11571,46.19401],[53.02426,45.97359],[52.87134,45.78683],[52.87022,45.78519],[52.75628,45.57818],[52.75772,45.56702],[52.82073,45.49103],[52.829,45.48554],[53.07547,45.39645],[53.16356,45.33852],[53.07633,45.32121],[52.91376,45.33281],[52.53548,45.41144],[52.53155,45.41195],[52.42753,45.41795],[52.42478,45.41797],[52.04782,45.40101],[51.73288,45.41196],[51.72488,45.411],[51.53681,45.35643],[51.41824,45.37076],[51.40007,45.36553],[51.27809,45.23752],[51.27587,45.23413],[51.23288,45.12855],[51.14046,45.04959],[51.02812,44.99045],[51.02237,44.98507],[50.99139,44.92706],[50.99042,44.92113],[51.00244,44.85313],[51.00518,44.8477],[51.04219,44.80571],[51.04571,44.80272],[51.20419,44.70071],[51.295,44.61189],[51.30728,44.6063],[51.42537,44.58971],[51.48189,44.56817],[51.50518,44.5463],[51.37759,44.55391],[51.37101,44.55348],[51.17638,44.51455],[51.05702,44.54159],[50.87068,44.63919],[50.85873,44.64194],[50.40764,44.63693],[50.39946,44.63545],[50.28745,44.59344],[50.27967,44.58739],[50.24768,44.53239],[50.24643,44.52858],[50.23446,44.40758],[50.2353,44.40274],[50.25831,44.35175],[50.26505,44.34499],[50.32005,44.31499],[50.32758,44.31244],[50.67793,44.25305],[50.81547,44.18523],[50.92248,43.95559],[50.92306,43.95451],[51.0481,43.74553],[51.04881,43.74446],[51.12382,43.64347],[51.12716,43.64022],[51.22386,43.5699],[51.28395,43.47933],[51.29468,43.3567],[51.27682,43.17555],[51.28155,43.16574],[51.29466,43.16107],[51.60911,43.14539],[51.68562,43.09621],[51.82804,42.90438],[51.83125,42.90122],[51.88525,42.86122],[51.89166,42.85807],[51.95465,42.83907],[51.96776,42.83873],[52.07868,42.8667],[52.17562,42.85682],[52.25996,42.79144],[52.27613,42.78711],[52.49266,42.8067],[52.53911,42.79426],[52.57978,42.75533],[52.6198,42.5564],[52.60031,42.43144],[52.44502,42.10574],[52.44407,42.10133],[52.45012,41.88633],[52.4504,41.88428],[52.47643,41.77828],[52.4771,41.77637],[52.59215,41.52539],[52.59398,41.52253],[52.7314,41.35925],[52.83395,41.19502],[52.84202,41.18865],[52.85351,41.18714],[52.8635,41.19116],[52.8755,41.20115],[52.87943,41.21173],[52.84794,41.34178],[52.90068,41.65083],[52.89643,41.66111],[52.83527,41.71419],[52.92132,41.89003],[52.98405,41.96721],[53.17007,42.08034],[53.28336,42.06909],[53.2896,42.06927],[53.62705,42.12286],[53.74742,42.11622],[53.83125,42.08233],[54.07807,41.51557],[54.08078,41.51162],[54.16679,41.42463],[54.17044,41.42185],[54.5791,41.18521],[54.68698,41.06677],[54.7052,40.95181],[54.69349,40.8977],[54.67482,40.88426],[54.54552,40.84584],[54.37846,40.88349],[54.36204,40.88095],[54.30704,40.84495],[54.30217,40.83168],[54.35342,40.70631],[54.28574,40.70703],[54.19877,40.73215],[54.1874,40.73254],[53.86861,40.66246],[53.77393,40.67764],[53.62912,40.82635],[53.61726,40.83185],[53.52224,40.84385],[53.5112,40.84256],[53.41778,40.80557],[53.3336,40.79632],[53.15404,40.83643],[53.074,40.89764],[52.95816,41.0442],[52.94698,41.05055],[52.93337,41.04921],[52.92565,41.04101],[52.8329,40.68962],[52.7172,40.4032],[52.7165,40.39899],[52.72654,40.22],[52.72716,40.21703],[52.7882,40.05105],[52.78943,40.04862],[52.88245,39.90763],[52.8842,39.90549],[53.0222,39.76651],[53.03299,39.76127],[53.04537,39.76277],[53.0528,39.77019],[53.05135,39.77963],[52.97062,39.89596],[53.00005,39.97412],[53.39762,39.9474],[53.4681,39.90409],[53.43289,39.75172],[53.43301,39.74684],[53.45502,39.66685],[53.46196,39.65867],[53.56687,39.59955],[53.58108,39.55899],[53.39154,39.54918],[53.31393,39.56835],[53.24802,39.61803],[53.23281,39.62189],[53.22028,39.61493],[53.10931,39.43792],[53.10771,39.43261],[53.10673,39.34762],[53.10749,39.34365],[53.14051,39.26166],[53.14847,39.25393],[53.16107,39.25223],[53.17146,39.25748],[53.21521,39.30693],[53.27162,39.32985],[53.3335,39.32805],[53.46689,39.29446],[53.60726,39.20611],[53.61709,39.20301],[53.68984,39.198],[53.70694,39.10174],[53.71013,39.09567],[53.85261,38.94438],[53.86772,38.86418],[53.823,38.51674],[53.82294,38.51485],[53.83694,38.28657],[53.80708,37.92929],[53.80709,37.9275],[53.83114,37.66951],[53.83137,37.6681],[54.00708,36.90107],[54.00013,36.85673],[53.96324,36.83106],[53.77246,36.83105],[53.72729,36.84863],[53.83142,36.86831],[53.83702,36.8703],[53.92502,36.9193],[53.93169,36.92847],[53.92717,36.93867],[53.91448,36.94305],[53.76745,36.94305],[53.76426,36.9428],[53.37021,36.88178],[53.36926,36.88161],[52.18709,36.63496],[51.76343,36.62802],[51.12408,36.75527],[50.9348,36.82132],[50.54306,37.02414],[50.35151,37.15676],[50.22903,37.34546],[50.22597,37.34879],[50.14196,37.41579],[50.13484,37.41925],[49.98582,37.45725],[49.98317,37.45775],[49.37692,37.53239],[49.18076,37.61144],[49.09523,37.67512],[48.97639,37.89321],[48.9179,38.14524],[48.88807,38.39328],[48.87129,38.83603],[48.94181,38.95644],[48.94278,38.95864],[48.97809,39.07332],[49.01796,39.11631],[49.09462,39.07798],[49.10385,39.00332],[49.1092,38.99497],[49.12046,38.99114],[49.13199,38.99376],[49.17599,39.01976],[49.17981,39.02298],[49.21481,39.06598],[49.21675,39.06949],[49.28463,39.27788],[49.37503,39.34038],[49.38026,39.34868],[49.38427,39.39668],[49.38365,39.40102],[49.34527,39.50245],[49.34142,39.60583],[49.43173,39.83593],[49.43212,39.83713],[49.49373,40.08235],[49.5646,40.18479],[49.67728,40.2373],[49.92313,40.30318],[50.14179,40.31001],[50.36214,40.26652],[50.37411,40.2673],[50.38222,40.27364],[50.38262,40.28254],[50.32364,40.41555],[50.31926,40.42085],[50.19525,40.51386],[50.19045,40.51646],[49.99842,40.58846],[49.99103,40.5899],[49.78203,40.59671],[49.56805,40.72509],[49.47058,40.8078],[49.24192,41.03154],[49.12392,41.30535],[49.12197,41.30843],[48.839,41.63647],[48.83826,41.63725],[48.67927,41.79427],[48.67599,41.79677],[48.39823,41.96086],[48.2451,42.18617],[48.24422,42.18732],[48.09523,42.36034],[48.09458,42.36105],[47.83659,42.62008],[47.83464,42.62174],[47.74536,42.68633],[47.72707,42.81168],[47.72469,42.81689],[47.6507,42.9089],[47.64643,42.91255],[47.54241,42.97537],[47.48235,43.03726],[47.53096,43.21597],[47.53119,43.21959],[47.50842,43.3813],[47.52713,43.5071],[47.66391,43.88122],[47.66115,43.89175],[47.64801,43.89766],[47.63348,43.89489],[47.55049,43.84488],[47.54508,43.83872],[47.47027,43.62911],[47.44733,43.78067],[47.44701,43.78207],[47.38006,43.99509],[47.37945,43.99658],[47.32447,44.10659],[47.32277,44.10911],[47.24578,44.19812],[47.2432,44.20049],[47.03719,44.35151],[47.03281,44.35392],[46.9248,44.39792],[46.92049,44.39923],[46.764,44.43187],[46.73945,44.45566],[46.73475,44.55876],[46.77169,44.64962],[46.97004,44.77331],[46.97478,44.77829],[47.0112,44.85187],[47.07067,44.80854],[47.08249,44.80432],[47.09504,44.80624],[47.10224,44.81337],[47.13261,44.90049],[47.23718,45.01685],[47.23818,45.01814],[47.36823,45.21213],[47.36882,45.21312],[47.40884,45.29011],[47.40975,45.29276],[47.43082,45.4132],[47.50006,45.44417],[47.50685,45.45003],[47.54687,45.52502],[47.54793,45.52984],[47.54295,45.60184],[47.54067,45.60744],[47.49768,45.66246],[47.49905,45.66228],[47.61953,45.57553],[47.63196,45.57126],[47.64493,45.57357],[47.65174,45.58128],[47.66772,45.64983],[47.7066,45.67193],[47.82618,45.65061],[47.83697,45.6508],[48.16592,45.72478],[48.16962,45.72594],[48.26861,45.76693],[48.27194,45.76872],[48.49576,45.92215],[48.58413,45.92214],[48.68,45.87847],[48.69639,45.87665],[48.73639,45.88464],[48.74673,45.89019],[48.76674,45.91419],[48.76637,45.92691],[48.72147,45.97947],[48.70498,46.07517],[48.81419,46.0873],[48.81924,46.08838],[49.08921,46.17736],[49.09823,46.18436],[49.13977,46.27015],[49.24945,46.27921],[49.2623,46.28457],[49.26441,46.29483],[49.22758,46.38146],[49.29013,46.42133],[49.35383,46.39869],[49.36696,46.39737],[49.37775,46.402],[49.38112,46.4104],[49.36764,46.50864],[49.89104,46.58336],[49.8954,46.58437],[50.00939,46.62237],[50.01247,46.62367],[50.31847,46.78464],[50.32071,46.78604],[50.42859,46.86623],[50.58469,46.86907],[50.59626,46.87207],[50.69077,46.9276]]]}},{"type":"Feature","properties":{"class":"coastline"},"geometry":{"type":"Polygon","coordinates":[[[-25.432,70.921],[-25.394,70.835],[-25.421,70.795],[-25.468,70.78],[-25.38,70.741],[-25.346,70.693],[-25.402,70.653],[-25.911,70.573],[-26.218,70.454],[-26.274,70.454],[-26.339,70.511],[-26.605,70.553],[-27.105,70.531],[-27.898,70.454],[-28.035,70.487],[-28.037,70.514],[-27.94,70.615],[-27.805,70.642],[-27.714,70.713],[-27.744,70.79],[-27.709,70.897],[-27.617,70.914],[-27.239,70.868],[-26.622,70.876],[-26.337,70.919],[-25.819,71.044],[-25.727,71.042],[-25.612,70.976],[-25.458,70.943],[-25.432,70.921]]]}},{"type":"Feature","properties":{"class":"coastline"},"geometry":{"type":"Polygon","coordinates":[[[22.617,58.621],[22.688,58.597],[22.82,58.622],[22.964,58.606],[23.293,58.483],[23.323,58.451],[23.127,58.436],[23.035,58.372],[22.98,58.364],[22.757,58.261],[22.73,58.231],[22.498,58.236],[22.372,58.217],[22.269,58.161],[22.227,58.052],[22.152,57.967],[22.076,57.936],[21.997,57.931],[21.978,57.963],[21.986,57.995],[22.188,58.154],[21.882,58.262],[21.854,58.302],[21.924,58.316],[21.984,58.387],[21.862,58.497],[22.002,58.51],[22.081,58.478],[22.169,58.516],[22.267,58.508],[22.328,58.581],[22.547,58.627],[22.617,58.621]]]}},{"type":"Feature","properties":{"class":"coastline"},"geometry":{"type":"Polygon","coordinates":[[[50.265,69.186],[50.283,69.089],[50.221,69.049],[50.164,69.038],[50.141,69.098],[50.094,69.126],[49.921,69.053],[49.84,68.974],[49.626,68.86],[48.91,68.743],[48.667,68.733],[48.439,68.805],[48.316,68.942],[48.279,69.04],[48.32,69.269],[48.414,69.346],[48.631,69.436],[48.845,69.495],[49.225,69.511],[50.167,69.257],[50.265,69.186]]]}},{"type":"Feature","properties":{"class":"coastline"},"geometry":{"type":"Polygon","coordinates":[[[60.45,69.935],[60.481,69.885],[60.477,69.794],[60.44,69.726],[60.216,69.688],[60.026,69.717],[59.813,69.696],[59.637,69.721],[59.578,69.739],[59.581,69.791],[59.503,69.866],[59.382,69.89],[59.144,69.922],[59.004,69.883],[58.953,69.893],[58.68,70.051],[58.473,70.267],[58.52,70.318],[58.678,70.36],[58.794,70.433],[59.005,70.465],[59.31,70.362],[59.636,70.197],[60.393,69.962],[60.45,69.935]]]}},{"type":"Feature","properties":{"class":"coastline"},"geometry":{"type":"Polygon","coordinates":[[[23.852,35.535],[24.013,35.529],[24.093,35.594],[24.166,35.595],[24.198,35.537],[24.109,35.496],[24.179,35.46],[24.255,35.469],[24.275,35.386],[24.354,35.359],[24.721,35.425],[25.003,35.41],[25.104,35.347],[25.297,35.339],[25.476,35.306],[25.73,35.349],[25.756,35.326],[25.735,35.184],[25.745,35.143],[25.791,35.123],[25.837,35.133],[25.893,35.179],[26.028,35.215],[26.168,35.215],[26.286,35.31],[26.32,35.315],[26.244,35.045],[26.166,35.019],[25.83,35.025],[24.8,34.934],[24.745,34.951],[24.735,35.058],[24.709,35.089],[24.464,35.16],[23.884,35.246],[23.638,35.235],[23.593,35.257],[23.562,35.295],[23.548,35.416],[23.57,35.535],[23.609,35.566],[23.627,35.53],[23.673,35.514],[23.715,35.55],[23.737,35.656],[23.771,35.634],[23.793,35.556],[23.852,35.535]]]}},{"type":"Feature","properties":{"class":"coastline"},"geometry":{"type":"Polygon","coordinates":[[[23.415,38.959],[23.472,38.85],[23.525,38.813],[23.878,38.687],[24.099,38.671],[24.128,38.648],[24.2,38.541],[24.211,38.504],[24.188,38.463],[24.22,38.339],[24.276,38.22],[24.36,38.163],[24.563,38.148],[24.588,38.124],[24.579,38.02],[24.502,37.97],[24.417,38.017],[24.359,38.019],[24.212,38.118],[24.189,38.204],[24.144,38.243],[24.103,38.317],[24.064,38.337],[24.04,38.39],[23.759,38.401],[23.651,38.443],[23.617,38.553],[23.505,38.613],[23.364,38.735],[23.144,38.845],[23.029,38.873],[22.936,38.84],[22.881,38.848],[22.87,38.871],[23.146,39.003],[23.313,39.035],[23.415,38.959]]]}},{"type":"Feature","properties":{"class":"coastline"},"geometry":{"type":"Polygon","coordinates":[[[34.463,35.594],[33.942,35.292],[33.908,35.202],[33.931,35.14],[34.024,35.046],[34.05,34.988],[33.699,34.97],[33.514,34.806],[33.415,34.751],[33.062,34.675],[33.025,34.637],[33.008,34.57],[32.942,34.576],[32.914,34.635],[32.867,34.661],[32.693,34.649],[32.449,34.729],[32.317,34.953],[32.301,35.083],[32.391,35.05],[32.556,35.156],[32.652,35.183],[32.772,35.16],[32.88,35.181],[32.926,35.278],[32.942,35.39],[33.308,35.342],[33.459,35.336],[33.608,35.354],[34.063,35.474],[34.192,35.546],[34.411,35.629],[34.556,35.662],[34.463,35.594]]]}},{"type":"Feature","properties":{"class":"coastline"},"geometry":{"type":"Polygon","coordinates":[[[19.076,57.836],[18.994,57.812],[18.945,57.742],[18.814,57.706],[18.791,57.483],[18.908,57.398],[18.785,57.361],[18.743,57.324],[18.7,57.243],[18.477,57.163],[18.387,57.088],[18.34,56.978],[18.249,56.932],[18.146,56.921],[18.285,57.083],[18.21,57.133],[18.105,57.272],[18.152,57.339],[18.129,57.449],[18.137,57.557],[18.405,57.757],[18.537,57.831],[18.722,57.864],[18.805,57.833],[18.841,57.9],[18.901,57.915],[18.956,57.9],[19.076,57.836]]]}},{"type":"Feature","properties":{"class":"coastline"},"geometry":{"type":"Polygon","coordinates":[[[12.569,55.785],[12.571,55.685],[12.545,55.656],[12.321,55.588],[12.243,55.538],[12.215,55.467],[12.275,55.414],[12.385,55.386],[12.413,55.286],[12.322,55.237],[12.09,55.188],[12.05,54.815],[11.862,54.773],[11.741,54.915],[11.74,54.972],[11.654,55.187],[11.476,55.212],[11.286,55.204],[11.171,55.329],[11.19,55.466],[11.128,55.535],[11.121,55.601],[11.009,55.644],[10.979,55.722],[11.05,55.74],[11.224,55.731],[11.322,55.753],[11.464,55.879],[11.475,55.943],[11.628,55.957],[11.696,55.908],[11.691,55.729],[11.82,55.698],[11.885,55.808],[11.922,55.828],[11.935,55.896],[11.913,55.937],[11.866,55.968],[12.219,56.119],[12.428,56.106],[12.579,56.064],[12.608,56.033],[12.525,55.918],[12.569,55.785]]]}},{"type":"Feature","properties":{"class":"coastline"},"geometry":{"type":"Polygon","coordinates":[[[10.645,55.61],[10.819,55.322],[10.785,55.27],[10.808,55.203],[10.785,55.133],[10.624,55.052],[10.443,55.049],[9.989,55.163],[9.93,55.229],[9.859,55.357],[9.861,55.515],[10.286,55.611],[10.354,55.599],[10.424,55.56],[10.505,55.558],[10.623,55.613],[10.645,55.61]]]}},{"type":"Feature","properties":{"class":"coastline"},"geometry":{"type":"Polygon","coordinates":[[[3.145,39.79],[3.241,39.757],[3.342,39.787],[3.396,39.777],[3.449,39.761],[3.462,39.698],[3.293,39.477],[3.245,39.387],[3.073,39.301],[2.9,39.368],[2.8,39.385],[2.77,39.41],[2.746,39.51],[2.701,39.542],[2.634,39.556],[2.5,39.478],[2.459,39.53],[2.394,39.54],[2.37,39.572],[2.371,39.613],[2.905,39.908],[3.159,39.971],[3.198,39.961],[3.164,39.924],[3.199,39.89],[3.191,39.861],[3.159,39.837],[3.145,39.79]]]}},{"type":"Feature","properties":{"class":"coastline"},"geometry":{"type":"Polygon","coordinates":[[[55.32,73.308],[56.138,73.256],[56.43,73.201],[56.397,73.139],[56.189,73.033],[56.167,72.983],[56.193,72.905],[56.171,72.848],[56.122,72.807],[56.084,72.789],[55.82,72.79],[55.723,72.766],[55.701,72.672],[55.616,72.599],[55.441,72.575],[55.403,72.549],[55.417,72.501],[55.356,72.465],[55.36,72.409],[55.39,72.378],[55.399,72.314],[55.518,72.221],[55.403,72.107],[55.375,72.015],[55.298,71.935],[55.471,71.869],[55.614,71.69],[55.819,71.508],[56.043,71.346],[56.454,71.107],[56.895,70.927],[57.484,70.792],[57.625,70.729],[57.447,70.661],[57.264,70.636],[57.247,70.605],[57.146,70.589],[56.649,70.647],[56.51,70.729],[56.386,70.734],[56.26,70.715],[56.335,70.677],[56.417,70.665],[56.561,70.594],[56.5,70.566],[56.435,70.563],[56.142,70.658],[56.087,70.618],[55.942,70.649],[55.907,70.626],[55.797,70.616],[55.707,70.642],[55.687,70.692],[55.052,70.667],[54.867,70.678],[54.645,70.742],[54.608,70.713],[54.601,70.68],[54.333,70.745],[53.722,70.814],[53.384,70.874],[53.614,70.915],[53.588,71.052],[53.671,71.087],[53.857,71.07],[53.834,71.127],[53.922,71.138],[54.094,71.105],[54.156,71.125],[53.591,71.297],[53.622,71.333],[53.41,71.34],[53.319,71.399],[53.333,71.477],[53.412,71.53],[53.364,71.542],[52.909,71.495],[52.419,71.537],[52.18,71.49],[51.938,71.475],[51.692,71.525],[51.59,71.571],[51.511,71.648],[51.439,71.777],[51.444,71.934],[51.583,72.071],[51.653,72.099],[51.885,72.153],[52.252,72.13],[52.407,72.197],[52.462,72.252],[52.622,72.301],[52.706,72.391],[52.714,72.437],[52.749,72.483],[52.864,72.55],[52.823,72.591],[52.917,72.669],[52.683,72.682],[52.529,72.737],[52.551,72.769],[52.913,72.9],[53.37,72.917],[53.247,72.973],[53.189,73.104],[53.198,73.148],[53.358,73.225],[53.512,73.238],[53.753,73.293],[54.202,73.281],[54.804,73.388],[55.121,73.357],[55.32,73.308]]]}},{"type":"Feature","properties":{"class":"coastline"},"geometry":{"type":"Polygon","coordinates":[[[53.11,38.803],[53.1,38.756],[53.046,38.897],[53.019,39.053],[53.053,39.097],[53.092,39.094],[53.055,39.038],[53.11,38.803]]]}},{"type":"Feature","properties":{"class":"coastline"},"geometry":{"type":"Polygon","coordinates":[[[50.184,44.855],[50.149,44.826],[50.095,44.831],[49.995,44.937],[50.023,45.045],[50.11,45.082],[50.117,45.058],[50.045,45.01],[50.039,44.949],[50.098,44.882],[50.184,44.855]]]}},{"type":"Feature","properties":{"class":"coastline"},"geometry":{"type":"Polygon","coordinates":[[[50.312,44.972],[50.277,44.959],[50.256,45.022],[50.295,45.076],[50.35,45.083],[50.331,44.998],[50.312,44.972]]]}},{"type":"Feature","properties":{"class":"coastline"},"geometry":{"type":"Polygon","coordinates":[[[9.632,40.882],[9.682,40.818],[9.805,40.5],[9.754,40.4],[9.643,40.268],[9.659,40.159],[9.701,40.092],[9.707,40.017],[9.617,39.354],[9.562,39.166],[9.486,39.14],[9.264,39.217],[9.149,39.197],[9.056,39.239],[9.023,39.043],[8.967,38.964],[8.881,38.913],[8.649,38.927],[8.595,38.964],[8.418,39.206],[8.399,39.482],[8.447,39.563],[8.451,39.722],[8.471,39.748],[8.511,39.722],[8.541,39.732],[8.548,39.839],[8.496,39.897],[8.408,39.917],[8.409,40.038],[8.455,40.078],[8.471,40.131],[8.471,40.293],[8.409,40.352],[8.353,40.501],[8.19,40.652],[8.181,40.771],[8.204,40.871],[8.224,40.913],[8.31,40.858],[8.468,40.834],[8.699,40.895],[8.821,40.95],[8.998,41.11],[9.107,41.143],[9.163,41.185],[9.182,41.242],[9.228,41.257],[9.283,41.202],[9.351,41.196],[9.455,41.15],[9.539,41.054],[9.615,41.017],[9.554,40.932],[9.574,40.915],[9.632,40.882]]]}},{"type":"Feature","properties":{"class":"coastline"},"geometry":{"type":"Polygon","coordinates":[[[9.48,42.805],[9.454,42.659],[9.526,42.553],[9.551,42.13],[9.401,41.926],[9.395,41.731],[9.253,41.46],[9.186,41.385],[8.895,41.516],[8.808,41.588],[8.887,41.701],[8.718,41.761],[8.719,41.804],[8.759,41.87],[8.74,41.925],[8.622,41.931],[8.615,41.959],[8.703,42.043],[8.701,42.096],[8.588,42.161],[8.566,42.219],[8.675,42.284],[8.626,42.343],[8.566,42.358],[8.64,42.427],[8.713,42.55],[8.815,42.608],[9.044,42.662],[9.138,42.733],[9.288,42.695],[9.313,42.713],[9.338,42.767],[9.323,42.814],[9.331,42.944],[9.363,43.017],[9.415,43.021],[9.463,42.981],[9.479,42.86],[9.48,42.805]]]}},{"type":"Feature","properties":{"class":"coastline"},"geometry":{"type":"Polygon","coordinates":[[[15.577,38.22],[15.476,38.063],[15.234,37.785],[15.1,37.459],[15.117,37.335],[15.23,37.244],[15.174,37.209],[15.289,37.097],[15.296,37.055],[15.295,37.013],[15.142,36.892],[15.104,36.785],[15.113,36.688],[14.89,36.724],[14.776,36.71],[14.555,36.777],[14.502,36.799],[14.367,36.973],[14.143,37.104],[13.905,37.101],[13.361,37.349],[13.17,37.479],[13.04,37.507],[12.924,37.571],[12.757,37.567],[12.64,37.594],[12.527,37.67],[12.436,37.82],[12.548,38.053],[12.664,38.108],[12.734,38.183],[12.851,38.064],[12.903,38.035],[13.049,38.084],[13.057,38.131],[13.16,38.19],[13.291,38.191],[13.352,38.181],[13.383,38.127],[13.491,38.103],[13.682,38.001],[13.789,37.981],[14.05,38.041],[14.288,38.017],[14.506,38.046],[14.637,38.085],[14.79,38.167],[15.119,38.153],[15.176,38.168],[15.224,38.211],[15.28,38.23],[15.341,38.217],[15.499,38.291],[15.568,38.296],[15.635,38.268],[15.577,38.22]]]}},{"type":"Feature","properties":{"class":"coastline"},"geometry":{"type":"Polygon","coordinates":[[[-3.11,58.515],[-3.113,58.409],[-3.212,58.321],[-3.99,57.959],[-4.036,57.852],[-3.857,57.819],[-4.078,57.677],[-4.135,57.578],[-3.868,57.6],[-3.403,57.708],[-3.295,57.71],[-3.036,57.672],[-2.856,57.692],[-2.244,57.681],[-2.074,57.702],[-1.962,57.677],[-1.867,57.612],[-1.778,57.494],[-1.781,57.474],[-2.02,57.259],[-2.09,57.103],[-2.26,56.863],[-2.427,56.731],[-2.501,56.637],[-2.593,56.562],[-2.775,56.483],[-3.047,56.449],[-3.31,56.363],[-2.885,56.398],[-2.653,56.318],[-2.674,56.253],[-2.768,56.202],[-2.98,56.194],[-3.178,56.08],[-3.362,56.028],[-3.695,56.063],[-3.789,56.095],[-3.704,56.043],[-3.608,56.016],[-3.049,55.952],[-2.837,56.026],[-2.599,56.027],[-2.147,55.903],[-1.83,55.672],[-1.655,55.57],[-1.61,55.498],[-1.423,55.026],[-1.292,54.774],[-1.232,54.704],[-1.154,54.654],[-0.671,54.504],[-0.37,54.279],[-0.084,54.118],[-0.156,54.081],[-0.206,54.022],[-0.169,53.942],[0.115,53.609],[0.036,53.641],[-0.074,53.644],[-0.27,53.737],[-0.461,53.716],[-0.66,53.724],[-0.485,53.694],[-0.294,53.692],[0.128,53.468],[0.271,53.335],[0.356,53.16],[0.298,53.081],[0.046,52.906],[0.28,52.809],[0.382,52.825],[0.559,52.967],[0.704,52.977],[1.056,52.959],[1.382,52.894],[1.657,52.754],[1.716,52.677],[1.743,52.579],[1.747,52.469],[1.647,52.279],[1.591,52.12],[1.413,51.995],[1.317,51.957],[1.232,51.971],[1.228,51.949],[1.274,51.902],[1.274,51.845],[1.188,51.803],[1.101,51.785],[0.955,51.808],[0.752,51.73],[0.898,51.689],[0.927,51.647],[0.891,51.571],[0.799,51.538],[0.507,51.501],[0.425,51.466],[0.528,51.484],[0.6,51.468],[0.646,51.405],[0.687,51.387],[0.889,51.36],[1.257,51.375],[1.415,51.363],[1.398,51.182],[1.366,51.155],[1.044,51.047],[0.96,50.926],[0.772,50.934],[0.684,50.886],[0.3,50.776],[0.205,50.763],[-0.204,50.814],[-0.451,50.81],[-0.785,50.765],[-1.133,50.845],[-1.285,50.857],[-1.416,50.897],[-1.334,50.821],[-1.517,50.747],[-1.866,50.715],[-2.031,50.725],[-1.962,50.628],[-2.036,50.603],[-2.35,50.637],[-2.395,50.631],[-2.433,50.599],[-2.548,50.616],[-2.777,50.706],[-2.999,50.717],[-3.405,50.632],[-3.485,50.548],[-3.584,50.322],[-3.68,50.24],[-3.793,50.229],[-3.9,50.286],[-4.195,50.393],[-4.297,50.359],[-4.507,50.341],[-4.817,50.256],[-5.049,50.134],[-5.119,50.038],[-5.225,50.021],[-5.323,50.083],[-5.434,50.104],[-5.622,50.051],[-5.655,50.077],[-5.656,50.132],[-5.571,50.197],[-5.342,50.246],[-5.142,50.374],[-5.004,50.495],[-4.894,50.534],[-4.861,50.582],[-4.583,50.776],[-4.523,50.977],[-4.296,51.027],[-4.188,51.189],[-3.842,51.231],[-3.608,51.229],[-3.375,51.197],[-3.136,51.205],[-3.042,51.249],[-2.881,51.406],[-2.433,51.741],[-2.742,51.581],[-2.979,51.539],[-3.293,51.39],[-3.562,51.414],[-3.763,51.54],[-3.891,51.592],[-4.235,51.569],[-4.174,51.627],[-4.091,51.66],[-4.276,51.683],[-4.386,51.741],[-4.601,51.738],[-4.902,51.626],[-5.125,51.706],[-5.168,51.741],[-5.167,51.808],[-5.201,51.861],[-5.262,51.88],[-5.183,51.95],[-5.088,51.996],[-4.879,52.042],[-4.383,52.197],[-4.218,52.277],[-4.149,52.326],[-4.051,52.475],[-3.98,52.542],[-4.048,52.558],[-4.079,52.608],[-4.071,52.659],[-4.039,52.704],[-4.118,52.82],[-4.101,52.915],[-4.356,52.897],[-4.584,52.815],[-4.683,52.806],[-4.681,52.844],[-4.638,52.891],[-4.405,53.014],[-4.328,53.105],[-4.269,53.145],[-4.111,53.219],[-3.809,53.303],[-3.646,53.298],[-3.428,53.341],[-3.326,53.347],[-3.098,53.26],[-3.166,53.395],[-3.065,53.427],[-2.919,53.305],[-2.864,53.293],[-2.75,53.31],[-2.913,53.35],[-2.97,53.389],[-3.065,53.513],[-3.059,53.586],[-2.925,53.733],[-3.032,53.774],[-3.045,53.844],[-3.027,53.906],[-2.9,53.961],[-2.846,54.135],[-2.868,54.177],[-2.994,54.171],[-3.11,54.126],[-3.166,54.128],[-3.322,54.229],[-3.569,54.468],[-3.592,54.564],[-3.465,54.773],[-3.268,54.907],[-3.036,54.953],[-3.434,54.964],[-3.55,54.947],[-3.658,54.893],[-3.783,54.87],[-3.958,54.781],[-4.133,54.779],[-4.208,54.837],[-4.253,54.847],[-4.517,54.758],[-4.818,54.846],[-4.89,54.772],[-4.911,54.689],[-5.032,54.761],[-5.135,54.858],[-5.17,54.918],[-5.173,54.986],[-5.117,55.012],[-5.056,54.988],[-4.965,55.149],[-4.721,55.421],[-4.677,55.501],[-4.684,55.554],[-4.724,55.598],[-4.892,55.699],[-4.872,55.874],[-4.807,55.94],[-4.584,55.939],[-4.844,56.051],[-4.8,56.158],[-4.927,56.028],[-5.093,55.987],[-5.115,55.945],[-5.196,55.929],[-5.228,55.886],[-5.247,56],[-5.223,56.066],[-5.176,56.117],[-4.997,56.233],[-5.084,56.197],[-5.282,56.09],[-5.41,55.995],[-5.418,55.952],[-5.373,55.828],[-5.386,55.77],[-5.556,55.39],[-5.618,55.331],[-5.731,55.334],[-5.768,55.363],[-5.768,55.395],[-5.681,55.624],[-5.605,55.721],[-5.504,55.802],[-5.574,55.792],[-5.623,55.813],[-5.61,56.055],[-5.555,56.135],[-5.535,56.251],[-5.392,56.515],[-5.329,56.556],[-5.313,56.619],[-5.188,56.758],[-5.652,56.532],[-5.865,56.562],[-5.937,56.606],[-5.969,56.69],[-6.134,56.707],[-6.035,56.764],[-5.878,56.78],[-5.731,56.853],[-5.861,56.903],[-5.736,56.961],[-5.591,57.102],[-5.562,57.233],[-5.656,57.334],[-5.795,57.379],[-5.818,57.436],[-5.802,57.468],[-5.689,57.524],[-5.582,57.547],[-5.679,57.572],[-5.715,57.601],[-5.745,57.668],[-5.695,57.778],[-5.608,57.881],[-5.349,57.878],[-5.29,57.905],[-5.157,57.881],[-5.413,58.07],[-5.351,58.144],[-5.356,58.212],[-5.338,58.239],[-5.008,58.263],[-5.081,58.345],[-5.09,58.385],[-5.067,58.52],[-5.017,58.567],[-4.925,58.588],[-4.81,58.573],[-4.715,58.51],[-4.492,58.568],[-4.433,58.513],[-4.189,58.557],[-3.454,58.617],[-3.259,58.65],[-3.053,58.635],[-3.057,58.589],[-3.11,58.515]]]}},{"type":"Feature","properties":{"class":"coastline"},"geometry":{"type":"Polygon","coordinates":[[[-7.179,55.057],[-7.101,55.048],[-7.031,55.081],[-6.947,55.183],[-6.699,55.193],[-6.475,55.241],[-6.129,55.217],[-6.036,55.145],[-5.986,55.03],[-5.869,54.916],[-5.717,54.817],[-5.711,54.757],[-5.879,54.684],[-5.879,54.641],[-5.739,54.673],[-5.583,54.663],[-5.528,54.62],[-5.47,54.5],[-5.484,54.442],[-5.526,54.46],[-5.569,54.513],[-5.671,54.55],[-5.646,54.478],[-5.656,54.382],[-5.558,54.371],[-5.607,54.273],[-5.826,54.236],[-5.938,54.089],[-6.019,54.051],[-6.218,54.089],[-6.157,54.017],[-6.308,54.011],[-6.345,53.987],[-6.348,53.941],[-6.322,53.882],[-6.27,53.84],[-6.195,53.641],[-6.142,53.578],[-6.129,53.391],[-6.152,53.366],[-6.045,53.091],[-6.027,52.927],[-6.169,52.738],[-6.217,52.543],[-6.345,52.402],[-6.463,52.345],[-6.325,52.247],[-6.438,52.203],[-6.561,52.189],[-6.697,52.214],[-6.782,52.21],[-6.89,52.159],[-6.915,52.169],[-6.966,52.25],[-7.003,52.166],[-7.082,52.139],[-7.216,52.145],[-7.527,52.099],[-7.625,51.993],[-7.872,51.935],[-7.952,51.866],[-8.058,51.826],[-8.145,51.814],[-8.29,51.891],[-8.409,51.889],[-8.347,51.848],[-8.336,51.793],[-8.349,51.739],[-8.408,51.712],[-8.478,51.707],[-8.588,51.651],[-8.734,51.636],[-8.813,51.585],[-9.296,51.498],[-9.463,51.529],[-9.737,51.474],[-9.835,51.483],[-9.71,51.604],[-9.542,51.664],[-9.525,51.681],[-9.58,51.689],[-10.121,51.601],[-10.069,51.656],[-9.803,51.78],[-9.75,51.824],[-9.599,51.874],[-10.084,51.771],[-10.212,51.784],[-10.242,51.812],[-10.341,51.799],[-10.379,51.869],[-10.232,51.975],[-10.146,52.02],[-9.946,52.08],[-9.91,52.123],[-9.956,52.137],[-10.39,52.135],[-10.357,52.207],[-10.211,52.272],[-10.132,52.282],[-9.937,52.238],[-9.772,52.25],[-9.841,52.291],[-9.853,52.375],[-9.906,52.404],[-9.761,52.466],[-9.632,52.547],[-9.056,52.621],[-8.783,52.68],[-8.923,52.712],[-8.99,52.755],[-9.098,52.668],[-9.175,52.635],[-9.394,52.617],[-9.561,52.654],[-9.764,52.58],[-9.917,52.57],[-9.74,52.648],[-9.465,52.823],[-9.394,52.896],[-9.416,52.929],[-9.462,52.947],[-9.299,53.098],[-9.242,53.125],[-9.027,53.153],[-8.93,53.207],[-9.14,53.25],[-9.514,53.238],[-9.582,53.272],[-9.602,53.323],[-9.626,53.334],[-9.825,53.32],[-9.876,53.343],[-9.795,53.395],[-10.091,53.413],[-10.094,53.446],[-10.054,53.478],[-10.106,53.509],[-10.117,53.549],[-9.721,53.604],[-9.91,53.658],[-9.902,53.727],[-9.745,53.781],[-9.578,53.805],[-9.591,53.841],[-9.579,53.88],[-9.748,53.891],[-9.914,53.864],[-9.856,54.004],[-9.856,54.095],[-9.934,54.075],[-9.944,54.142],[-9.977,54.187],[-10.093,54.156],[-10.09,54.216],[-10.056,54.258],[-9.996,54.276],[-9.825,54.269],[-9.717,54.3],[-9.562,54.309],[-9.316,54.299],[-9.146,54.21],[-9.002,54.288],[-8.588,54.231],[-8.546,54.241],[-8.568,54.304],[-8.623,54.347],[-8.471,54.442],[-8.23,54.507],[-8.193,54.58],[-8.133,54.641],[-8.457,54.609],[-8.764,54.681],[-8.715,54.732],[-8.538,54.783],[-8.528,54.809],[-8.377,54.889],[-8.412,54.965],[-8.393,55.02],[-8.326,55.056],[-8.275,55.146],[-8.006,55.195],[-7.803,55.2],[-7.751,55.186],[-7.763,55.248],[-7.667,55.256],[-7.63,55.244],[-7.613,55.2],[-7.57,55.171],[-7.557,55.122],[-7.634,55.055],[-7.59,55.025],[-7.659,54.971],[-7.478,55.047],[-7.531,55.194],[-7.518,55.248],[-7.458,55.282],[-7.302,55.299],[-7.366,55.36],[-7.309,55.366],[-6.962,55.238],[-7.056,55.178],[-7.173,55.137],[-7.219,55.092],[-7.179,55.057]]]}},{"type":"Feature","properties":{"class":"coastline"},"geometry":{"type":"Polygon","coordinates":[[[-15.543,66.229],[-15.428,66.225],[-15.241,66.259],[-14.97,66.36],[-14.856,66.381],[-14.596,66.382],[-14.912,66.284],[-15.117,66.126],[-15.116,66.102],[-15.01,66.061],[-14.894,66.038],[-14.787,66.059],[-14.698,66.02],[-14.669,65.96],[-14.688,65.897],[-14.839,65.781],[-14.827,65.764],[-14.392,65.787],[-14.318,65.684],[-14.328,65.658],[-14.473,65.575],[-14.302,65.628],[-14.167,65.642],[-13.935,65.616],[-13.841,65.586],[-13.785,65.533],[-13.67,65.55],[-13.618,65.519],[-13.616,65.487],[-13.668,65.399],[-13.805,65.355],[-13.723,65.291],[-13.653,65.29],[-13.641,65.275],[-13.649,65.237],[-13.755,65.193],[-13.559,65.125],[-13.556,65.098],[-13.599,65.036],[-13.854,64.993],[-13.828,64.958],[-13.853,64.862],[-13.952,64.784],[-14.044,64.742],[-14.135,64.715],[-14.385,64.745],[-14.375,64.677],[-14.465,64.636],[-14.417,64.583],[-14.433,64.538],[-14.547,64.446],[-14.628,64.416],[-14.79,64.38],[-15.022,64.296],[-15.256,64.297],[-15.833,64.177],[-16.06,64.111],[-16.468,63.916],[-16.64,63.865],[-16.933,63.841],[-17.816,63.713],[-17.915,63.636],[-17.92,63.62],[-17.88,63.59],[-17.947,63.536],[-18.08,63.496],[-18.252,63.53],[-18.266,63.514],[-18.222,63.473],[-18.654,63.407],[-19.25,63.442],[-19.778,63.537],[-20.198,63.556],[-20.494,63.687],[-20.502,63.708],[-20.47,63.748],[-20.363,63.765],[-20.414,63.805],[-20.593,63.735],[-20.651,63.737],[-20.727,63.766],[-20.73,63.793],[-20.879,63.804],[-21.137,63.888],[-21.156,63.907],[-21.094,63.934],[-21.152,63.945],[-21.246,63.935],[-21.449,63.858],[-22.652,63.828],[-22.693,63.869],[-22.743,64.019],[-22.701,64.083],[-22.651,64.077],[-22.51,63.991],[-22.188,64.039],[-22.057,64.071],[-21.866,64.18],[-21.768,64.285],[-21.669,64.349],[-21.463,64.379],[-21.647,64.398],[-21.951,64.314],[-22.053,64.314],[-21.901,64.392],[-22.001,64.413],[-22.004,64.452],[-21.95,64.515],[-21.591,64.626],[-21.675,64.648],[-21.924,64.563],[-22.106,64.533],[-22.254,64.572],[-22.325,64.624],[-22.32,64.647],[-22.234,64.714],[-22.248,64.727],[-22.467,64.795],[-22.72,64.789],[-23.347,64.824],[-23.819,64.739],[-23.933,64.779],[-24.026,64.863],[-24.007,64.896],[-23.864,64.924],[-23.693,64.913],[-23.315,64.958],[-23.198,65.002],[-23.109,64.966],[-22.9,65.003],[-22.788,65.046],[-22.6,65.026],[-21.892,65.049],[-21.8,65.106],[-21.764,65.174],[-21.78,65.188],[-22.04,65.125],[-22.4,65.159],[-22.509,65.197],[-22.314,65.292],[-21.907,65.4],[-21.85,65.422],[-21.844,65.447],[-22.006,65.493],[-22.311,65.481],[-22.39,65.535],[-22.644,65.568],[-22.813,65.547],[-22.902,65.58],[-23.9,65.408],[-24.224,65.487],[-24.455,65.5],[-24.476,65.525],[-24.341,65.601],[-24.249,65.615],[-23.857,65.538],[-24.01,65.616],[-24.018,65.691],[-24.065,65.71],[-24.112,65.76],[-24.093,65.776],[-23.909,65.766],[-23.616,65.68],[-23.472,65.695],[-23.285,65.75],[-23.705,65.781],[-23.833,65.849],[-23.741,65.885],[-23.525,65.88],[-23.767,65.997],[-23.777,66.018],[-23.737,66.069],[-23.434,66.024],[-23.599,66.109],[-23.553,66.122],[-23.528,66.164],[-23.453,66.181],[-23.3,66.167],[-23.063,66.086],[-23.029,66.064],[-23.019,65.982],[-22.926,65.995],[-22.815,65.983],[-22.723,66.039],[-22.66,66.026],[-22.61,65.976],[-22.616,65.867],[-22.552,65.905],[-22.442,65.908],[-22.424,65.998],[-22.445,66.07],[-22.806,66.153],[-22.948,66.213],[-22.862,66.251],[-22.484,66.266],[-22.646,66.302],[-22.686,66.338],[-22.972,66.324],[-23.117,66.339],[-23.12,66.357],[-22.944,66.429],[-22.559,66.445],[-22.426,66.43],[-22.17,66.307],[-21.967,66.257],[-21.625,66.09],[-21.407,66.026],[-21.397,66.009],[-21.433,65.99],[-21.517,65.968],[-21.388,65.939],[-21.309,65.895],[-21.303,65.876],[-21.375,65.742],[-21.457,65.698],[-21.658,65.724],[-21.61,65.681],[-21.466,65.635],[-21.434,65.61],[-21.455,65.585],[-21.387,65.592],[-21.365,65.578],[-21.374,65.536],[-21.432,65.474],[-21.313,65.459],[-21.23,65.421],[-21.13,65.267],[-21.076,65.385],[-21.047,65.428],[-20.998,65.445],[-20.94,65.565],[-20.804,65.636],[-20.679,65.663],[-20.548,65.579],[-20.455,65.571],[-20.357,65.719],[-20.344,65.828],[-20.374,65.948],[-20.357,66.033],[-20.292,66.084],[-20.208,66.1],[-20.026,66.049],[-19.875,65.93],[-19.648,65.801],[-19.49,65.768],[-19.462,65.772],[-19.434,65.814],[-19.456,65.985],[-19.383,66.076],[-19.195,66.098],[-18.911,66.181],[-18.846,66.184],[-18.706,66.136],[-18.455,65.965],[-18.277,65.885],[-18.184,65.758],[-18.142,65.734],[-18.103,65.774],[-18.099,65.83],[-18.315,66.093],[-18.318,66.129],[-18.297,66.157],[-17.907,66.143],[-17.82,66.114],[-17.55,65.964],[-17.417,66.026],[-17.153,66.203],[-17.062,66.197],[-16.838,66.125],[-16.485,66.196],[-16.428,66.278],[-16.541,66.447],[-16.493,66.481],[-16.249,66.523],[-15.985,66.515],[-15.714,66.359],[-15.703,66.286],[-15.647,66.259],[-15.543,66.229]]]}},{"type":"Feature","properties":{"class":"coastline"},"geometry":{"type":"Polygon","coordinates":[[[14.313,36.028],[14.254,36.012],[14.18,36.06],[14.263,36.076],[14.321,36.036],[14.313,36.028]]]}},{"type":"Feature","properties":{"class":"coastline"},"geometry":{"type":"Polygon","coordinates":[[[13.938,40.706],[13.868,40.709],[13.854,40.724],[13.871,40.762],[13.962,40.739],[13.961,40.718],[13.938,40.706]]]}},{"type":"Feature","properties":{"class":"coastline"},"geometry":{"type":"Polygon","coordinates":[[[12.051,36.757],[12.003,36.746],[11.941,36.78],[11.948,36.843],[12.024,36.821],[12.048,36.776],[12.051,36.757]]]}},{"type":"Feature","properties":{"class":"coastline"},"geometry":{"type":"Polygon","coordinates":[[[6.333,53.511],[6.193,53.477],[6.159,53.484],[6.168,53.494],[6.291,53.515],[6.333,53.511]]]}},{"type":"Feature","properties":{"class":"coastline"},"geometry":{"type":"Polygon","coordinates":[[[5.929,53.459],[5.732,53.443],[5.654,53.467],[5.928,53.465],[5.929,53.459]]]}},{"type":"Feature","properties":{"class":"coastline"},"geometry":{"type":"Polygon","coordinates":[[[5.109,53.308],[4.924,53.235],[4.908,53.246],[5.027,53.31],[5.109,53.308]]]}},{"type":"Feature","properties":{"class":"coastline"},"geometry":{"type":"Polygon","coordinates":[[[5.326,53.386],[5.233,53.378],[5.19,53.392],[5.415,53.431],[5.583,53.438],[5.326,53.386]]]}},{"type":"Feature","properties":{"class":"coastline"},"geometry":{"type":"Polygon","coordinates":[[[-25.027,36.96],[-25.032,36.942],[-25.16,36.943],[-25.198,36.997],[-25.164,37.019],[-25.083,37.024],[-25.044,37],[-25.027,36.96]]]}},{"type":"Feature","properties":{"class":"coastline"},"geometry":{"type":"Polygon","coordinates":[[[16.651,42.997],[16.836,42.969],[16.971,42.981],[17.094,42.964],[17.188,42.917],[16.978,42.928],[16.851,42.896],[16.739,42.913],[16.666,42.96],[16.651,42.997]]]}},{"type":"Feature","properties":{"class":"coastline"},"geometry":{"type":"Polygon","coordinates":[[[17.194,43.126],[16.679,43.123],[16.55,43.144],[16.376,43.214],[16.521,43.229],[16.656,43.214],[16.697,43.175],[17.061,43.144],[17.194,43.126]]]}},{"type":"Feature","properties":{"class":"coastline"},"geometry":{"type":"Polygon","coordinates":[[[16.785,43.271],[16.49,43.286],[16.423,43.317],[16.449,43.387],[16.834,43.351],[16.891,43.315],[16.874,43.298],[16.785,43.271]]]}},{"type":"Feature","properties":{"class":"coastline"},"geometry":{"type":"Polygon","coordinates":[[[-2.512,49.495],[-2.547,49.429],[-2.639,49.451],[-2.646,49.468],[-2.521,49.506],[-2.512,49.495]]]}},{"type":"Feature","properties":{"class":"coastline"},"geometry":{"type":"Polygon","coordinates":[[[-2.019,49.231],[-2.01,49.181],[-2.236,49.176],[-2.221,49.266],[-2.082,49.255],[-2.019,49.231]]]}},{"type":"Feature","properties":{"class":"coastline"},"geometry":{"type":"Polygon","coordinates":[[[52.682,45.412],[52.665,45.401],[52.598,45.428],[52.554,45.474],[52.609,45.528],[52.66,45.518],[52.693,45.461],[52.682,45.412]]]}},{"type":"Feature","properties":{"class":"coastline"},"geometry":{"type":"Polygon","coordinates":[[[47.983,45.488],[47.968,45.47],[47.92,45.562],[47.918,45.618],[47.947,45.647],[47.987,45.554],[47.983,45.488]]]}},{"type":"Feature","properties":{"class":"coastline"},"geometry":{"type":"Polygon","coordinates":[[[18.416,59.029],[18.35,59.023],[18.377,59.069],[18.398,59.089],[18.486,59.105],[18.416,59.029]]]}},{"type":"Feature","properties":{"class":"coastline"},"geometry":{"type":"Polygon","coordinates":[[[18.595,59.47],[18.57,59.437],[18.545,59.478],[18.572,59.526],[18.621,59.548],[18.698,59.535],[18.624,59.492],[18.595,59.47]]]}},{"type":"Feature","properties":{"class":"coastline"},"geometry":{"type":"Polygon","coordinates":[[[56.188,26.921],[56.095,26.801],[55.954,26.701],[55.894,26.732],[55.848,26.731],[55.747,26.692],[55.675,26.686],[55.543,26.618],[55.424,26.583],[55.34,26.586],[55.312,26.593],[55.296,26.658],[55.347,26.648],[55.763,26.812],[55.785,26.857],[55.747,26.931],[55.758,26.948],[55.907,26.91],[56.074,26.983],[56.214,27.003],[56.279,26.952],[56.188,26.921]]]}},{"type":"Feature","properties":{"class":"coastline"},"geometry":{"type":"Polygon","coordinates":[[[48.275,29.624],[48.218,29.602],[48.18,29.611],[48.081,29.799],[48.159,29.96],[48.185,29.979],[48.348,29.783],[48.34,29.695],[48.275,29.624]]]}},{"type":"Feature","properties":{"class":"coastline"},"geometry":{"type":"Polygon","coordinates":[[[32.012,46.204],[32.15,46.155],[32.009,46.168],[31.7,46.214],[31.564,46.258],[31.509,46.373],[31.638,46.273],[32.012,46.204]]]}},{"type":"Feature","properties":{"class":"coastline"},"geometry":{"type":"Polygon","coordinates":[[[22.924,58.827],[22.842,58.777],[22.767,58.821],[22.661,58.709],[22.542,58.69],[22.473,58.712],[22.479,58.754],[22.411,58.863],[22.307,58.895],[22.162,58.898],[22.056,58.944],[22.463,58.974],[22.587,59.081],[22.649,59.087],[22.702,59.074],[22.725,59.015],[22.91,58.991],[22.982,58.92],[23.009,58.834],[22.924,58.827]]]}},{"type":"Feature","properties":{"class":"coastline"},"geometry":{"type":"Polygon","coordinates":[[[23.344,58.55],[23.26,58.54],[23.063,58.611],[23.109,58.659],[23.165,58.678],[23.333,58.649],[23.356,58.576],[23.344,58.55]]]}},{"type":"Feature","properties":{"class":"coastline"},"geometry":{"type":"Polygon","coordinates":[[[35.816,65.182],[35.848,65.143],[35.858,65.078],[35.827,65.036],[35.842,65.001],[35.779,64.977],[35.68,65.058],[35.621,65.059],[35.559,65.094],[35.529,65.151],[35.609,65.157],[35.729,65.198],[35.816,65.182]]]}},{"type":"Feature","properties":{"class":"coastline"},"geometry":{"type":"Polygon","coordinates":[[[42.714,66.702],[42.676,66.688],[42.477,66.735],[42.469,66.786],[42.547,66.796],[42.631,66.782],[42.691,66.735],[42.714,66.702]]]}},{"type":"Feature","properties":{"class":"coastline"},"geometry":{"type":"MultiPolygon","coordinates":[[[[53.141,71.242],[53.193,71.215],[53.205,71.16],[53.048,71.031],[53.121,70.982],[53.023,70.969],[53.004,71.012],[52.95,71.054],[52.835,71.086],[52.738,71.181],[52.547,71.25],[52.425,71.239],[52.289,71.27],[52.25,71.285],[52.24,71.325],[52.297,71.357],[52.513,71.385],[52.617,71.383],[52.73,71.355],[52.732,71.404],[52.777,71.4],[52.903,71.365],[53.074,71.238],[53.141,71.242]]],[[[53.141,71.242],[53.138,71.243],[53.146,71.242],[53.141,71.242]]]]}},{"type":"Feature","properties":{"class":"coastline"},"geometry":{"type":"Polygon","coordinates":[[[-8.954,70.839],[-9.046,70.833],[-9.099,70.855],[-8.965,70.916],[-8.521,71.031],[-8.344,71.14],[-8.001,71.178],[-7.979,71.117],[-8.002,71.041],[-8.635,70.94],[-8.954,70.839]]]}},{"type":"Feature","properties":{"class":"coastline"},"geometry":{"type":"Polygon","coordinates":[[[27.843,35.929],[27.746,35.911],[27.716,35.957],[27.757,36.069],[27.716,36.172],[27.774,36.214],[27.815,36.277],[27.914,36.345],[28.232,36.434],[28.23,36.37],[28.144,36.21],[28.068,36.13],[28.088,36.065],[27.966,36.048],[27.843,35.929]]]}},{"type":"Feature","properties":{"class":"coastline"},"geometry":{"type":"Polygon","coordinates":[[[27.176,35.465],[27.138,35.409],[27.099,35.456],[27.116,35.511],[27.071,35.598],[27.156,35.726],[27.158,35.789],[27.223,35.82],[27.207,35.714],[27.157,35.629],[27.209,35.559],[27.234,35.479],[27.176,35.465]]]}},{"type":"Feature","properties":{"class":"coastline"},"geometry":{"type":"Polygon","coordinates":[[[27.86,36.554],[27.838,36.538],[27.788,36.584],[27.786,36.608],[27.863,36.641],[27.869,36.583],[27.86,36.554]]]}},{"type":"Feature","properties":{"class":"coastline"},"geometry":{"type":"Polygon","coordinates":[[[27.02,36.959],[26.92,36.945],[26.938,37.025],[26.889,37.087],[27.04,37.002],[27.035,36.976],[27.02,36.959]]]}},{"type":"Feature","properties":{"class":"coastline"},"geometry":{"type":"Polygon","coordinates":[[[26.95,36.727],[26.918,36.726],[26.956,36.774],[27.061,36.84],[27.215,36.899],[27.266,36.905],[27.352,36.869],[27.151,36.778],[27.034,36.771],[26.95,36.727]]]}},{"type":"Feature","properties":{"class":"coastline"},"geometry":{"type":"Polygon","coordinates":[[[25.546,36.968],[25.457,36.93],[25.396,36.984],[25.362,37.07],[25.525,37.196],[25.564,37.185],[25.588,37.153],[25.584,37.039],[25.546,36.968]]]}},{"type":"Feature","properties":{"class":"coastline"},"geometry":{"type":"Polygon","coordinates":[[[25.279,37.068],[25.199,36.991],[25.133,37],[25.105,37.035],[25.146,37.107],[25.235,37.149],[25.275,37.138],[25.271,37.084],[25.279,37.068]]]}},{"type":"Feature","properties":{"class":"coastline"},"geometry":{"type":"Polygon","coordinates":[[[25.482,36.393],[25.436,36.34],[25.371,36.359],[25.413,36.405],[25.397,36.465],[25.409,36.474],[25.467,36.435],[25.482,36.393]]]}},{"type":"Feature","properties":{"class":"coastline"},"geometry":{"type":"Polygon","coordinates":[[[25.382,36.674],[25.364,36.658],[25.26,36.758],[25.296,36.789],[25.407,36.717],[25.382,36.674]]]}},{"type":"Feature","properties":{"class":"coastline"},"geometry":{"type":"Polygon","coordinates":[[[26.824,37.811],[27.04,37.77],[27.055,37.709],[26.978,37.7],[26.845,37.645],[26.788,37.657],[26.721,37.705],[26.581,37.724],[26.639,37.781],[26.743,37.81],[26.824,37.811]]]}},{"type":"Feature","properties":{"class":"coastline"},"geometry":{"type":"Polygon","coordinates":[[[26.029,37.529],[25.982,37.526],[25.997,37.566],[26.086,37.635],[26.212,37.638],[26.351,37.674],[26.297,37.62],[26.205,37.569],[26.029,37.529]]]}},{"type":"Feature","properties":{"class":"coastline"},"geometry":{"type":"Polygon","coordinates":[[[25.859,36.79],[25.743,36.79],[25.834,36.825],[26.001,36.937],[26.064,36.903],[25.985,36.88],[25.859,36.79]]]}},{"type":"Feature","properties":{"class":"coastline"},"geometry":{"type":"Polygon","coordinates":[[[26.461,36.585],[26.382,36.562],[26.331,36.511],[26.27,36.547],[26.27,36.595],[26.337,36.581],[26.384,36.608],[26.37,36.639],[26.421,36.624],[26.461,36.585]]]}},{"type":"Feature","properties":{"class":"coastline"},"geometry":{"type":"Polygon","coordinates":[[[24.356,37.577],[24.289,37.528],[24.277,37.601],[24.32,37.678],[24.379,37.683],[24.401,37.649],[24.356,37.577]]]}},{"type":"Feature","properties":{"class":"coastline"},"geometry":{"type":"Polygon","coordinates":[[[24.436,37.344],[24.379,37.314],[24.398,37.383],[24.37,37.42],[24.431,37.475],[24.481,37.408],[24.436,37.344]]]}},{"type":"Feature","properties":{"class":"coastline"},"geometry":{"type":"Polygon","coordinates":[[[24.536,36.764],[24.531,36.684],[24.326,36.656],[24.357,36.744],[24.425,36.713],[24.46,36.747],[24.536,36.764]]]}},{"type":"Feature","properties":{"class":"coastline"},"geometry":{"type":"Polygon","coordinates":[[[24.943,37.494],[24.938,37.39],[24.912,37.391],[24.896,37.407],[24.907,37.509],[24.943,37.494]]]}},{"type":"Feature","properties":{"class":"coastline"},"geometry":{"type":"Polygon","coordinates":[[[24.992,37.76],[24.962,37.692],[24.884,37.771],[24.799,37.824],[24.767,37.871],[24.714,37.899],[24.7,37.962],[24.79,37.99],[24.855,37.914],[24.956,37.905],[24.948,37.858],[24.98,37.797],[24.992,37.76]]]}},{"type":"Feature","properties":{"class":"coastline"},"geometry":{"type":"Polygon","coordinates":[[[25.256,37.6],[25.219,37.535],[25.156,37.545],[25.016,37.646],[24.996,37.677],[25.039,37.681],[25.092,37.648],[25.225,37.631],[25.256,37.6]]]}},{"type":"Feature","properties":{"class":"coastline"},"geometry":{"type":"Polygon","coordinates":[[[24.721,36.921],[24.703,36.917],[24.676,36.959],[24.681,37.022],[24.716,37.024],[24.763,36.949],[24.721,36.921]]]}},{"type":"Feature","properties":{"class":"coastline"},"geometry":{"type":"Polygon","coordinates":[[[26.094,38.218],[25.999,38.162],[25.892,38.243],[25.874,38.27],[25.953,38.303],[25.991,38.354],[25.96,38.416],[25.851,38.508],[25.846,38.574],[26.012,38.602],[26.11,38.545],[26.16,38.541],[26.141,38.486],[26.157,38.303],[26.111,38.28],[26.103,38.234],[26.094,38.218]]]}},{"type":"Feature","properties":{"class":"coastline"},"geometry":{"type":"Polygon","coordinates":[[[26.41,39.329],[26.393,39.27],[26.531,39.172],[26.578,39.11],[26.596,39.049],[26.584,39.031],[26.489,39.075],[26.503,39.031],[26.547,38.994],[26.39,38.974],[26.161,39.026],[26.108,39.081],[26.273,39.198],[26.176,39.194],[26.072,39.096],[25.906,39.139],[25.855,39.179],[25.844,39.2],[25.91,39.288],[26.026,39.285],[26.088,39.304],[26.165,39.332],[26.165,39.374],[26.348,39.383],[26.41,39.329]]]}},{"type":"Feature","properties":{"class":"coastline"},"geometry":{"type":"Polygon","coordinates":[[[23.78,39.114],[23.735,39.081],[23.666,39.095],[23.594,39.209],[23.78,39.114]]]}},{"type":"Feature","properties":{"class":"coastline"},"geometry":{"type":"Polygon","coordinates":[[[23.888,39.158],[23.841,39.147],[23.888,39.226],[23.971,39.268],[23.94,39.201],[23.888,39.158]]]}},{"type":"Feature","properties":{"class":"coastline"},"geometry":{"type":"Polygon","coordinates":[[[24.675,38.809],[24.541,38.789],[24.566,38.832],[24.461,38.889],[24.473,38.962],[24.486,38.98],[24.564,38.942],[24.581,38.879],[24.675,38.809]]]}},{"type":"Feature","properties":{"class":"coastline"},"geometry":{"type":"Polygon","coordinates":[[[25.686,40.427],[25.573,40.4],[25.448,40.483],[25.569,40.516],[25.664,40.464],[25.686,40.427]]]}},{"type":"Feature","properties":{"class":"coastline"},"geometry":{"type":"Polygon","coordinates":[[[25.438,39.983],[25.372,39.891],[25.357,39.808],[25.299,39.806],[25.263,39.823],[25.249,39.894],[25.224,39.893],[25.185,39.83],[25.126,39.826],[25.062,39.852],[25.052,39.976],[25.058,40],[25.234,40.005],[25.286,39.956],[25.374,40.016],[25.449,40.035],[25.438,39.983]]]}},{"type":"Feature","properties":{"class":"coastline"},"geometry":{"type":"Polygon","coordinates":[[[24.774,40.615],[24.646,40.579],[24.516,40.647],[24.517,40.687],[24.623,40.793],[24.719,40.786],[24.786,40.704],[24.769,40.659],[24.774,40.615]]]}},{"type":"Feature","properties":{"class":"coastline"},"geometry":{"type":"Polygon","coordinates":[[[25.97,40.136],[25.74,40.105],[25.669,40.136],[25.741,40.196],[25.875,40.234],[25.918,40.238],[25.977,40.178],[25.97,40.136]]]}},{"type":"Feature","properties":{"class":"coastline"},"geometry":{"type":"Polygon","coordinates":[[[-17.191,32.869],[-17.054,32.816],[-16.929,32.841],[-16.693,32.758],[-16.837,32.648],[-17.018,32.663],[-17.171,32.722],[-17.226,32.767],[-17.241,32.807],[-17.191,32.869]]]}},{"type":"Feature","properties":{"class":"coastline"},"geometry":{"type":"Polygon","coordinates":[[[-16.334,28.38],[-16.418,28.151],[-16.543,28.032],[-16.658,28.007],[-16.795,28.149],[-16.905,28.34],[-16.843,28.376],[-16.752,28.37],[-16.517,28.413],[-16.319,28.558],[-16.124,28.576],[-16.119,28.528],[-16.334,28.38]]]}},{"type":"Feature","properties":{"class":"coastline"},"geometry":{"type":"Polygon","coordinates":[[[-13.716,28.911],[-13.784,28.845],[-13.86,28.869],[-13.824,29.013],[-13.788,29.056],[-13.65,29.119],[-13.535,29.144],[-13.501,29.211],[-13.464,29.237],[-13.423,29.198],[-13.454,29.151],[-13.478,29.007],[-13.555,28.96],[-13.716,28.911]]]}},{"type":"Feature","properties":{"class":"coastline"},"geometry":{"type":"Polygon","coordinates":[[[-14.197,28.169],[-14.333,28.056],[-14.469,28.082],[-14.492,28.101],[-14.356,28.13],[-14.232,28.216],[-14.153,28.407],[-14.028,28.617],[-14.003,28.707],[-13.954,28.741],[-13.857,28.738],[-13.827,28.691],[-13.828,28.585],[-13.863,28.409],[-13.928,28.253],[-14.197,28.169]]]}},{"type":"Feature","properties":{"class":"coastline"},"geometry":{"type":"Polygon","coordinates":[[[-15.401,28.147],[-15.389,27.875],[-15.437,27.811],[-15.559,27.747],[-15.656,27.758],[-15.71,27.784],[-15.807,27.888],[-15.809,27.994],[-15.721,28.064],[-15.683,28.154],[-15.453,28.137],[-15.415,28.159],[-15.401,28.147]]]}},{"type":"Feature","properties":{"class":"coastline"},"geometry":{"type":"Polygon","coordinates":[[[-17.185,28.022],[-17.225,28.014],[-17.274,28.038],[-17.325,28.118],[-17.259,28.203],[-17.13,28.156],[-17.101,28.083],[-17.185,28.022]]]}},{"type":"Feature","properties":{"class":"coastline"},"geometry":{"type":"Polygon","coordinates":[[[-17.888,27.81],[-17.985,27.646],[-18.136,27.728],[-18.161,27.761],[-18.043,27.768],[-17.925,27.85],[-17.888,27.81]]]}},{"type":"Feature","properties":{"class":"coastline"},"geometry":{"type":"Polygon","coordinates":[[[-17.834,28.493],[-17.859,28.486],[-17.882,28.565],[-18.001,28.758],[-17.929,28.845],[-17.798,28.847],[-17.745,28.787],[-17.727,28.724],[-17.752,28.689],[-17.758,28.569],[-17.834,28.493]]]}},{"type":"Feature","properties":{"class":"coastline"},"geometry":{"type":"Polygon","coordinates":[[[11.278,34.754],[11.124,34.682],[11.153,34.745],[11.255,34.82],[11.281,34.802],[11.278,34.754]]]}},{"type":"Feature","properties":{"class":"coastline"},"geometry":{"type":"Polygon","coordinates":[[[10.958,33.722],[10.857,33.687],[10.722,33.739],[10.745,33.889],[10.922,33.893],[11.034,33.805],[11.038,33.785],[10.993,33.746],[10.958,33.722]]]}},{"type":"Feature","properties":{"class":"coastline"},"geometry":{"type":"Polygon","coordinates":[[[-4.412,54.185],[-4.614,54.059],[-4.696,54.081],[-4.785,54.073],[-4.699,54.225],[-4.615,54.267],[-4.509,54.377],[-4.425,54.407],[-4.377,54.393],[-4.338,54.269],[-4.392,54.225],[-4.412,54.185]]]}},{"type":"Feature","properties":{"class":"coastline"},"geometry":{"type":"Polygon","coordinates":[[[-6.608,56.585],[-6.664,56.579],[-6.669,56.594],[-6.57,56.661],[-6.484,56.666],[-6.53,56.627],[-6.608,56.585]]]}},{"type":"Feature","properties":{"class":"coastline"},"geometry":{"type":"Polygon","coordinates":[[[-5.105,55.449],[-5.231,55.448],[-5.331,55.481],[-5.393,55.618],[-5.371,55.667],[-5.318,55.709],[-5.252,55.717],[-5.185,55.691],[-5.105,55.574],[-5.095,55.494],[-5.105,55.449]]]}},{"type":"Feature","properties":{"class":"coastline"},"geometry":{"type":"Polygon","coordinates":[[[-5.778,56.344],[-6.176,56.289],[-6.313,56.294],[-6.326,56.321],[-6.298,56.339],[-6.185,56.357],[-6.139,56.491],[-6.311,56.552],[-6.32,56.569],[-6.286,56.612],[-6.103,56.646],[-6.03,56.61],[-5.947,56.535],[-5.836,56.523],[-5.761,56.491],[-5.778,56.344]]]}},{"type":"Feature","properties":{"class":"coastline"},"geometry":{"type":"Polygon","coordinates":[[[-6.129,55.931],[-6.055,55.695],[-6.088,55.658],[-6.253,55.607],[-6.305,55.607],[-6.27,55.67],[-6.302,55.728],[-6.286,55.773],[-6.302,55.781],[-6.452,55.704],[-6.491,55.697],[-6.496,55.712],[-6.463,55.808],[-6.413,55.855],[-6.344,55.874],[-6.311,55.856],[-6.216,55.905],[-6.129,55.931]]]}},{"type":"Feature","properties":{"class":"coastline"},"geometry":{"type":"Polygon","coordinates":[[[-5.97,55.815],[-6.042,55.807],[-6.071,55.848],[-6.072,55.893],[-6.041,55.926],[-5.912,55.975],[-5.97,55.992],[-5.939,56.045],[-5.8,56.109],[-5.725,56.119],[-5.797,56.006],[-5.97,55.815]]]}},{"type":"Feature","properties":{"class":"coastline"},"geometry":{"type":"Polygon","coordinates":[[[-1.043,60.514],[-1.068,60.502],[-1.166,60.604],[-1.093,60.72],[-1.006,60.717],[-1,60.658],[-1.049,60.647],[-1.034,60.53],[-1.043,60.514]]]}},{"type":"Feature","properties":{"class":"coastline"},"geometry":{"type":"Polygon","coordinates":[[[-1.308,60.538],[-1.287,60.467],[-1.236,60.485],[-1.158,60.418],[-1.052,60.444],[-1.179,60.114],[-1.199,60.007],[-1.245,59.971],[-1.284,59.887],[-1.299,59.879],[-1.356,59.911],[-1.276,60.115],[-1.323,60.188],[-1.481,60.173],[-1.499,60.222],[-1.641,60.237],[-1.664,60.283],[-1.494,60.292],[-1.375,60.333],[-1.45,60.469],[-1.572,60.494],[-1.414,60.599],[-1.302,60.608],[-1.308,60.538]]]}},{"type":"Feature","properties":{"class":"coastline"},"geometry":{"type":"Polygon","coordinates":[[[-0.774,60.812],[-0.826,60.716],[-0.825,60.684],[-0.909,60.687],[-0.938,60.746],[-0.928,60.797],[-0.802,60.831],[-0.774,60.812]]]}},{"type":"Feature","properties":{"class":"coastline"},"geometry":{"type":"Polygon","coordinates":[[[-3.165,58.794],[-3.279,58.782],[-3.367,58.84],[-3.401,58.882],[-3.395,58.91],[-3.272,58.905],[-3.212,58.814],[-3.159,58.801],[-3.165,58.794]]]}},{"type":"Feature","properties":{"class":"coastline"},"geometry":{"type":"Polygon","coordinates":[[[-4.197,53.321],[-4.155,53.303],[-4.049,53.306],[-4.084,53.264],[-4.373,53.134],[-4.419,53.178],[-4.472,53.176],[-4.553,53.26],[-4.568,53.386],[-4.462,53.419],[-4.315,53.417],[-4.197,53.321]]]}},{"type":"Feature","properties":{"class":"coastline"},"geometry":{"type":"Polygon","coordinates":[[[-2.549,59.231],[-2.662,59.23],[-2.604,59.289],[-2.407,59.298],[-2.43,59.271],[-2.549,59.231]]]}},{"type":"Feature","properties":{"class":"coastline"},"geometry":{"type":"Polygon","coordinates":[[[-2.929,58.742],[-2.975,58.757],[-3.035,58.823],[-2.896,58.828],[-2.913,58.8],[-2.929,58.742]]]}},{"type":"Feature","properties":{"class":"coastline"},"geometry":{"type":"Polygon","coordinates":[[[-3.057,59.03],[-3.071,59.005],[-2.818,58.982],[-2.762,58.956],[-2.793,58.907],[-2.864,58.891],[-2.995,58.939],[-3.201,58.925],[-3.233,58.956],[-3.242,59],[-3.304,58.967],[-3.332,58.971],[-3.354,59.019],[-3.31,59.131],[-3.156,59.136],[-3.051,59.099],[-3.02,59.058],[-3.057,59.03]]]}},{"type":"Feature","properties":{"class":"coastline"},"geometry":{"type":"Polygon","coordinates":[[[-6.623,61.806],[-6.643,61.768],[-6.67,61.769],[-6.839,61.841],[-6.885,61.899],[-6.662,61.862],[-6.626,61.827],[-6.623,61.806]]]}},{"type":"Feature","properties":{"class":"coastline"},"geometry":{"type":"Polygon","coordinates":[[[-6.699,61.445],[-6.68,61.414],[-6.703,61.418],[-6.888,61.535],[-6.935,61.634],[-6.906,61.631],[-6.882,61.603],[-6.741,61.571],[-6.741,61.536],[-6.704,61.496],[-6.699,61.445]]]}},{"type":"Feature","properties":{"class":"coastline"},"geometry":{"type":"Polygon","coordinates":[[[-7.187,62.139],[-7.065,62.073],[-7.117,62.047],[-7.255,62.046],[-7.379,62.075],[-7.423,62.14],[-7.235,62.151],[-7.187,62.139]]]}},{"type":"Feature","properties":{"class":"coastline"},"geometry":{"type":"Polygon","coordinates":[[[-6.631,62.228],[-6.656,62.094],[-6.823,62.139],[-6.841,62.119],[-6.838,62.095],[-6.723,61.99],[-6.725,61.951],[-6.81,61.977],[-7.014,62.094],[-7.172,62.286],[-6.959,62.316],[-6.804,62.266],[-6.631,62.228]]]}},{"type":"Feature","properties":{"class":"coastline"},"geometry":{"type":"Polygon","coordinates":[[[-2.729,59.187],[-2.815,59.162],[-2.852,59.182],[-2.861,59.247],[-3.013,59.291],[-3.052,59.324],[-2.976,59.347],[-2.862,59.288],[-2.815,59.241],[-2.72,59.219],[-2.729,59.187]]]}},{"type":"Feature","properties":{"class":"coastline"},"geometry":{"type":"Polygon","coordinates":[[[-6.406,62.259],[-6.454,62.187],[-6.544,62.206],[-6.559,62.225],[-6.555,62.356],[-6.473,62.292],[-6.406,62.259]]]}},{"type":"Feature","properties":{"class":"coastline"},"geometry":{"type":"Polygon","coordinates":[[[-6.199,58.363],[-6.326,58.189],[-6.376,58.185],[-6.419,58.141],[-6.555,58.093],[-6.437,58.092],[-6.403,58.076],[-6.402,58.041],[-6.425,58.021],[-6.578,57.941],[-6.683,57.911],[-6.797,57.828],[-6.854,57.827],[-6.957,57.75],[-7.013,57.762],[-7.083,57.814],[-6.857,57.924],[-7.057,58.003],[-6.985,58.05],[-7.077,58.079],[-7.096,58.138],[-7.085,58.182],[-7.012,58.229],[-6.886,58.183],[-6.726,58.189],[-6.788,58.284],[-6.776,58.302],[-6.297,58.487],[-6.237,58.503],[-6.194,58.435],[-6.199,58.363]]]}},{"type":"Feature","properties":{"class":"coastline"},"geometry":{"type":"Polygon","coordinates":[[[-6.279,56.965],[-6.346,56.954],[-6.433,57.018],[-6.322,57.051],[-6.278,57.031],[-6.261,56.985],[-6.279,56.965]]]}},{"type":"Feature","properties":{"class":"coastline"},"geometry":{"type":"Polygon","coordinates":[[[-6.145,57.505],[-6.164,57.409],[-6.136,57.314],[-6.068,57.284],[-5.88,57.263],[-5.706,57.269],[-5.672,57.253],[-5.669,57.227],[-5.696,57.198],[-5.949,57.045],[-6.015,57.052],[-6.034,57.201],[-6.163,57.182],[-6.323,57.202],[-6.442,57.327],[-6.675,57.363],[-6.761,57.442],[-6.704,57.496],[-6.643,57.483],[-6.583,57.507],[-6.617,57.563],[-6.379,57.603],[-6.358,57.667],[-6.306,57.672],[-6.247,57.651],[-6.166,57.585],[-6.145,57.505]]]}},{"type":"Feature","properties":{"class":"coastline"},"geometry":{"type":"Polygon","coordinates":[[[-7.206,57.683],[-7.093,57.627],[-7.183,57.533],[-7.321,57.534],[-7.515,57.602],[-7.47,57.653],[-7.271,57.657],[-7.206,57.683]]]}},{"type":"Feature","properties":{"class":"coastline"},"geometry":{"type":"Polygon","coordinates":[[[-7.25,57.115],[-7.381,57.131],[-7.422,57.229],[-7.411,57.381],[-7.267,57.372],[-7.248,57.126],[-7.25,57.115]]]}},{"type":"Feature","properties":{"class":"coastline"},"geometry":{"type":"Polygon","coordinates":[[[-9.948,53.913],[-9.953,53.885],[-10.027,53.92],[-10.062,53.96],[-10.266,53.978],[-10.181,54.017],[-9.956,53.987],[-9.948,53.913]]]}},{"type":"Feature","properties":{"class":"coastline"},"geometry":{"type":"Polygon","coordinates":[[[-7.417,56.965],[-7.537,56.96],[-7.523,57.007],[-7.455,57.019],[-7.399,56.983],[-7.417,56.965]]]}},{"type":"Feature","properties":{"class":"coastline"},"geometry":{"type":"Polygon","coordinates":[[[21.994,60.337],[21.921,60.332],[21.819,60.382],[21.806,60.401],[21.846,60.412],[21.819,60.452],[21.827,60.47],[21.907,60.438],[21.95,60.402],[21.908,60.393],[21.98,60.355],[21.994,60.337]]]}},{"type":"Feature","properties":{"class":"coastline"},"geometry":{"type":"Polygon","coordinates":[[[19.662,60.187],[19.667,60.165],[19.6,60.163],[19.58,60.135],[19.537,60.145],[19.519,60.185],[19.551,60.244],[19.629,60.246],[19.662,60.187]]]}},{"type":"Feature","properties":{"class":"coastline"},"geometry":{"type":"Polygon","coordinates":[[[19.99,60.351],[20.087,60.353],[20.259,60.261],[20.195,60.194],[20.125,60.201],[20.043,60.181],[20.034,60.094],[19.8,60.082],[19.746,60.099],[19.672,60.233],[19.687,60.268],[19.779,60.286],[19.785,60.213],[19.848,60.221],[19.872,60.302],[19.788,60.354],[19.823,60.39],[19.888,60.406],[19.945,60.358],[19.99,60.351]]]}},{"type":"Feature","properties":{"class":"coastline"},"geometry":{"type":"Polygon","coordinates":[[[21.218,63.241],[21.229,63.223],[21.287,63.228],[21.366,63.262],[21.422,63.246],[21.416,63.197],[21.367,63.207],[21.31,63.163],[21.253,63.152],[21.149,63.199],[21.084,63.278],[21.236,63.278],[21.222,63.259],[21.218,63.241]]]}},{"type":"Feature","properties":{"class":"coastline"},"geometry":{"type":"Polygon","coordinates":[[[19.156,57.923],[19.138,57.86],[19.087,57.865],[19.039,57.911],[19.135,57.981],[19.331,57.963],[19.156,57.923]]]}},{"type":"Feature","properties":{"class":"coastline"},"geometry":{"type":"Polygon","coordinates":[[[16.529,56.291],[16.477,56.24],[16.432,56.244],[16.401,56.311],[16.394,56.484],[16.412,56.569],[16.63,56.877],[16.728,56.902],[17.025,57.345],[17.118,57.32],[17.05,57.28],[17.054,57.208],[16.884,56.985],[16.838,56.841],[16.778,56.805],[16.529,56.291]]]}},{"type":"Feature","properties":{"class":"coastline"},"geometry":{"type":"Polygon","coordinates":[[[15.088,55.022],[15.051,55.005],[14.886,55.033],[14.684,55.102],[14.714,55.238],[14.765,55.297],[15.133,55.145],[15.137,55.087],[15.088,55.022]]]}},{"type":"Feature","properties":{"class":"coastline"},"geometry":{"type":"Polygon","coordinates":[[[13.709,54.383],[13.734,54.315],[13.707,54.281],[13.595,54.338],[13.482,54.337],[13.415,54.25],[13.364,54.246],[13.19,54.326],[13.162,54.365],[13.177,54.544],[13.231,54.583],[13.24,54.638],[13.337,54.697],[13.423,54.699],[13.491,54.615],[13.636,54.577],[13.671,54.535],[13.58,54.464],[13.602,54.425],[13.709,54.383]]]}},{"type":"Feature","properties":{"class":"coastline"},"geometry":{"type":"Polygon","coordinates":[[[12.549,54.966],[12.511,54.951],[12.358,54.962],[12.184,54.892],[12.119,54.914],[12.162,54.975],[12.259,55.021],[12.274,55.064],[12.31,55.041],[12.417,55.031],[12.513,54.997],[12.549,54.966]]]}},{"type":"Feature","properties":{"class":"coastline"},"geometry":{"type":"Polygon","coordinates":[[[12.666,55.597],[12.551,55.556],[12.52,55.615],[12.599,55.68],[12.648,55.647],[12.666,55.597]]]}},{"type":"Feature","properties":{"class":"coastline"},"geometry":{"type":"Polygon","coordinates":[[[11.361,54.892],[11.538,54.83],[11.658,54.833],[11.74,54.807],[11.766,54.679],[11.457,54.629],[11.036,54.773],[11.059,54.941],[11.258,54.952],[11.361,54.892]]]}},{"type":"Feature","properties":{"class":"coastline"},"geometry":{"type":"Polygon","coordinates":[[[10.484,54.848],[10.417,54.837],[10.341,54.859],[10.2,54.963],[10.505,54.861],[10.484,54.848]]]}},{"type":"Feature","properties":{"class":"coastline"},"geometry":{"type":"Polygon","coordinates":[[[10.061,54.886],[9.957,54.872],[9.904,54.897],[9.806,54.906],[9.771,55.06],[9.83,55.058],[9.999,54.986],[10.058,54.908],[10.061,54.886]]]}},{"type":"Feature","properties":{"class":"coastline"},"geometry":{"type":"Polygon","coordinates":[[[10.734,54.751],[10.69,54.745],[10.622,54.851],[10.857,55.052],[10.925,55.158],[10.951,55.156],[10.921,55.062],[10.765,54.8],[10.734,54.751]]]}},{"type":"Feature","properties":{"class":"coastline"},"geometry":{"type":"Polygon","coordinates":[[[10.607,55.783],[10.59,55.765],[10.527,55.784],[10.52,55.848],[10.544,55.907],[10.516,55.959],[10.547,55.992],[10.636,55.914],[10.662,55.878],[10.627,55.834],[10.607,55.783]]]}},{"type":"Feature","properties":{"class":"coastline"},"geometry":{"type":"Polygon","coordinates":[[[11.283,54.418],[11.129,54.416],[11.071,54.456],[11.012,54.466],[11.043,54.515],[11.085,54.533],[11.234,54.501],[11.28,54.438],[11.283,54.418]]]}},{"type":"Feature","properties":{"class":"coastline"},"geometry":{"type":"Polygon","coordinates":[[[11.052,57.253],[11.011,57.229],[10.874,57.262],[10.935,57.309],[11.086,57.33],[11.175,57.323],[11.077,57.277],[11.052,57.253]]]}},{"type":"Feature","properties":{"class":"coastline"},"geometry":{"type":"Polygon","coordinates":[[[8.308,54.787],[8.285,54.767],[8.296,54.908],[8.405,55.059],[8.451,55.055],[8.39,54.986],[8.371,54.929],[8.38,54.9],[8.63,54.892],[8.601,54.865],[8.347,54.848],[8.308,54.787]]]}},{"type":"Feature","properties":{"class":"coastline"},"geometry":{"type":"Polygon","coordinates":[[[-1.178,45.904],[-1.214,45.817],[-1.369,45.968],[-1.389,46.05],[-1.285,46.003],[-1.178,45.904]]]}},{"type":"Feature","properties":{"class":"coastline"},"geometry":{"type":"Polygon","coordinates":[[[-1.066,50.69],[-1.149,50.656],[-1.196,50.599],[-1.251,50.589],[-1.306,50.589],[-1.515,50.67],[-1.563,50.666],[-1.516,50.703],[-1.386,50.734],[-1.313,50.773],[-1.144,50.735],[-1.066,50.69]]]}},{"type":"Feature","properties":{"class":"coastline"},"geometry":{"type":"Polygon","coordinates":[[[4.886,53.071],[4.787,53],[4.709,53.036],[4.74,53.091],[4.886,53.183],[4.886,53.071]]]}},{"type":"Feature","properties":{"class":"coastline"},"geometry":{"type":"Polygon","coordinates":[[[10.395,42.858],[10.432,42.797],[10.41,42.771],[10.419,42.713],[10.336,42.761],[10.209,42.737],[10.131,42.742],[10.11,42.785],[10.128,42.81],[10.359,42.822],[10.395,42.858]]]}},{"type":"Feature","properties":{"class":"coastline"},"geometry":{"type":"Polygon","coordinates":[[[8.479,39.068],[8.421,38.969],[8.361,39.039],[8.359,39.099],[8.367,39.116],[8.441,39.091],[8.479,39.068]]]}},{"type":"Feature","properties":{"class":"coastline"},"geometry":{"type":"Polygon","coordinates":[[[8.286,41.04],[8.253,40.994],[8.206,40.997],[8.267,41.099],[8.32,41.122],[8.344,41.102],[8.319,41.063],[8.286,41.04]]]}},{"type":"Feature","properties":{"class":"coastline"},"geometry":{"type":"Polygon","coordinates":[[[4.294,39.842],[4.275,39.83],[3.968,39.946],[3.867,39.959],[3.843,39.976],[3.853,40.063],[4.059,40.075],[4.226,40.032],[4.322,39.898],[4.294,39.842]]]}},{"type":"Feature","properties":{"class":"coastline"},"geometry":{"type":"Polygon","coordinates":[[[1.594,38.672],[1.571,38.659],[1.406,38.671],[1.402,38.711],[1.436,38.768],[1.497,38.712],[1.593,38.701],[1.594,38.672]]]}},{"type":"Feature","properties":{"class":"coastline"},"geometry":{"type":"Polygon","coordinates":[[[1.445,38.919],[1.409,38.857],[1.257,38.879],[1.223,38.904],[1.256,38.973],[1.3,38.982],[1.303,39.031],[1.349,39.081],[1.564,39.121],[1.613,39.087],[1.624,39.039],[1.495,38.933],[1.445,38.919]]]}},{"type":"Feature","properties":{"class":"coastline"},"geometry":{"type":"Polygon","coordinates":[[[-31.137,39.407],[-31.181,39.359],[-31.283,39.394],[-31.261,39.497],[-31.2,39.521],[-31.139,39.479],[-31.137,39.407]]]}},{"type":"Feature","properties":{"class":"coastline"},"geometry":{"type":"Polygon","coordinates":[[[-27.075,38.643],[-27.303,38.661],[-27.362,38.698],[-27.386,38.766],[-27.351,38.789],[-27.26,38.803],[-27.127,38.79],[-27.042,38.741],[-27.042,38.679],[-27.075,38.643]]]}},{"type":"Feature","properties":{"class":"coastline"},"geometry":{"type":"Polygon","coordinates":[[[-27.778,38.556],[-27.826,38.544],[-28.187,38.655],[-28.311,38.744],[-27.963,38.636],[-27.778,38.556]]]}},{"type":"Feature","properties":{"class":"coastline"},"geometry":{"type":"Polygon","coordinates":[[[-28.641,38.525],[-28.744,38.522],[-28.842,38.598],[-28.698,38.638],[-28.624,38.586],[-28.606,38.551],[-28.641,38.525]]]}},{"type":"Feature","properties":{"class":"coastline"},"geometry":{"type":"Polygon","coordinates":[[[-28.147,38.453],[-28.065,38.413],[-28.231,38.385],[-28.332,38.413],[-28.454,38.409],[-28.531,38.463],[-28.549,38.519],[-28.51,38.553],[-28.402,38.553],[-28.147,38.453]]]}},{"type":"Feature","properties":{"class":"coastline"},"geometry":{"type":"Polygon","coordinates":[[[-25.649,37.841],[-25.182,37.838],[-25.191,37.764],[-25.251,37.735],[-25.439,37.715],[-25.734,37.763],[-25.834,37.826],[-25.846,37.894],[-25.784,37.911],[-25.649,37.841]]]}},{"type":"Feature","properties":{"class":"coastline"},"geometry":{"type":"Polygon","coordinates":[[[14.566,35.853],[14.533,35.82],[14.436,35.822],[14.352,35.872],[14.351,35.978],[14.448,35.957],[14.537,35.886],[14.566,35.853]]]}},{"type":"Feature","properties":{"class":"coastline"},"geometry":{"type":"Polygon","coordinates":[[[15.231,44.062],[15.247,44.027],[15.122,44.093],[15.066,44.158],[15.231,44.062]]]}},{"type":"Feature","properties":{"class":"coastline"},"geometry":{"type":"Polygon","coordinates":[[[14.81,44.977],[14.687,44.956],[14.628,44.994],[14.613,45.025],[14.512,45.035],[14.45,45.079],[14.438,45.099],[14.525,45.147],[14.571,45.225],[14.739,45.065],[14.81,44.977]]]}},{"type":"Feature","properties":{"class":"coastline"},"geometry":{"type":"Polygon","coordinates":[[[14.831,44.759],[14.857,44.715],[14.678,44.77],[14.66,44.8],[14.691,44.848],[14.754,44.845],[14.764,44.821],[14.831,44.759]]]}},{"type":"Feature","properties":{"class":"coastline"},"geometry":{"type":"Polygon","coordinates":[[[15.188,44.336],[15.163,44.309],[14.913,44.486],[14.885,44.545],[14.742,44.697],[15.006,44.534],[15.24,44.35],[15.214,44.348],[15.188,44.336]]]}},{"type":"Feature","properties":{"class":"coastline"},"geometry":{"type":"Polygon","coordinates":[[[15.189,43.922],[15.202,43.898],[15.136,43.907],[14.891,44.126],[14.865,44.168],[14.953,44.117],[15.189,43.922]]]}},{"type":"Feature","properties":{"class":"coastline"},"geometry":{"type":"Polygon","coordinates":[[[15.371,43.974],[15.437,43.9],[15.374,43.915],[15.27,44.011],[15.371,43.974]]]}},{"type":"Feature","properties":{"class":"coastline"},"geometry":{"type":"Polygon","coordinates":[[[14.488,44.66],[14.48,44.621],[14.42,44.67],[14.303,44.94],[14.342,44.98],[14.34,45.02],[14.286,45.145],[14.358,45.167],[14.394,45.031],[14.467,44.97],[14.453,44.869],[14.483,44.693],[14.488,44.66]]]}},{"type":"Feature","properties":{"class":"coastline"},"geometry":{"type":"Polygon","coordinates":[[[17.608,42.769],[17.744,42.7],[17.344,42.79],[17.432,42.8],[17.608,42.769]]]}},{"type":"Feature","properties":{"class":"coastline"},"geometry":{"type":"Polygon","coordinates":[[[20.612,38.383],[20.625,38.268],[20.695,38.246],[20.789,38.142],[20.781,38.089],[20.761,38.071],[20.606,38.12],[20.569,38.098],[20.524,38.107],[20.499,38.184],[20.452,38.234],[20.353,38.18],[20.352,38.222],[20.409,38.337],[20.435,38.356],[20.481,38.318],[20.52,38.332],[20.563,38.475],[20.612,38.383]]]}},{"type":"Feature","properties":{"class":"coastline"},"geometry":{"type":"Polygon","coordinates":[[[20.888,37.805],[20.994,37.708],[20.909,37.732],[20.819,37.665],[20.704,37.743],[20.62,37.855],[20.692,37.93],[20.759,37.853],[20.84,37.841],[20.888,37.805]]]}},{"type":"Feature","properties":{"class":"coastline"},"geometry":{"type":"Polygon","coordinates":[[[20.687,38.609],[20.584,38.602],[20.555,38.583],[20.558,38.662],[20.592,38.76],[20.635,38.818],[20.694,38.844],[20.72,38.799],[20.715,38.638],[20.687,38.609]]]}},{"type":"Feature","properties":{"class":"coastline"},"geometry":{"type":"Polygon","coordinates":[[[20.759,38.329],[20.709,38.319],[20.646,38.414],[20.624,38.48],[20.675,38.476],[20.739,38.366],[20.759,38.329]]]}},{"type":"Feature","properties":{"class":"coastline"},"geometry":{"type":"Polygon","coordinates":[[[20.078,39.433],[20.1,39.377],[19.975,39.411],[19.884,39.462],[19.809,39.585],[19.649,39.726],[19.646,39.767],[19.707,39.798],[19.839,39.82],[19.926,39.774],[19.937,39.747],[19.847,39.668],[19.904,39.619],[19.927,39.506],[19.955,39.47],[20.028,39.442],[20.078,39.433]]]}},{"type":"Feature","properties":{"class":"coastline"},"geometry":{"type":"Polygon","coordinates":[[[23.551,37.926],[23.511,37.901],[23.467,37.902],[23.419,37.931],[23.484,37.991],[23.535,37.97],[23.551,37.926]]]}},{"type":"Feature","properties":{"class":"coastline"},"geometry":{"type":"Polygon","coordinates":[[[23.054,36.19],[23.042,36.146],[22.939,36.176],[22.911,36.221],[22.906,36.32],[22.933,36.369],[22.95,36.384],[23.097,36.247],[23.054,36.19]]]}},{"type":"Feature","properties":{"class":"coastline"},"geometry":{"type":"Polygon","coordinates":[[[3.949,51.739],[4.047,51.685],[4.075,51.649],[3.951,51.627],[3.819,51.694],[3.732,51.678],[3.699,51.73],[3.789,51.746],[3.949,51.739]]]}},{"type":"Feature","properties":{"class":"coastline"},"geometry":{"type":"Polygon","coordinates":[[[8.588,54.713],[8.549,54.688],[8.454,54.691],[8.4,54.714],[8.468,54.757],[8.573,54.749],[8.588,54.713]]]}},{"type":"Feature","properties":{"class":"coastline"},"geometry":{"type":"Polygon","coordinates":[[[6.735,53.583],[6.642,53.579],[6.669,53.606],[6.801,53.625],[6.735,53.583]]]}},{"type":"Feature","properties":{"class":"coastline"},"geometry":{"type":"Polygon","coordinates":[[[22.175,60.371],[22.302,60.348],[22.355,60.356],[22.416,60.303],[22.313,60.27],[22.306,60.229],[22.346,60.203],[22.361,60.166],[22.258,60.166],[22.209,60.197],[22.188,60.237],[22.077,60.286],[22.126,60.356],[22.175,60.371]]]}},{"type":"Feature","properties":{"class":"coastline"},"geometry":{"type":"Polygon","coordinates":[[[21.451,60.53],[21.437,60.483],[21.3,60.48],[21.244,60.526],[21.215,60.604],[21.268,60.638],[21.301,60.596],[21.451,60.53]]]}},{"type":"Feature","properties":{"class":"coastline"},"geometry":{"type":"Polygon","coordinates":[[[21.833,60.141],[21.733,60.106],[21.695,60.114],[21.705,60.172],[21.764,60.199],[21.864,60.202],[21.833,60.141]]]}},{"type":"Feature","properties":{"class":"coastline"},"geometry":{"type":"Polygon","coordinates":[[[20.611,60.041],[20.603,60.017],[20.522,60.012],[20.488,60.033],[20.411,60.03],[20.398,60.041],[20.43,60.062],[20.569,60.07],[20.611,60.041]]]}},{"type":"Feature","properties":{"class":"coastline"},"geometry":{"type":"Polygon","coordinates":[[[21.628,60.108],[21.541,60.098],[21.486,60.127],[21.568,60.172],[21.634,60.169],[21.648,60.141],[21.628,60.108]]]}},{"type":"Feature","properties":{"class":"coastline"},"geometry":{"type":"Polygon","coordinates":[[[24.848,64.991],[24.699,64.958],[24.579,64.979],[24.577,65.043],[24.651,65.074],[24.786,65.086],[24.971,65.055],[24.998,65.039],[24.892,65.026],[24.848,64.991]]]}},{"type":"Feature","properties":{"class":"coastline"},"geometry":{"type":"Polygon","coordinates":[[[29.956,69.797],[29.766,69.768],[29.744,69.792],[29.836,69.906],[29.914,69.902],[30.055,69.838],[29.956,69.797]]]}},{"type":"Feature","properties":{"class":"coastline"},"geometry":{"type":"Polygon","coordinates":[[[4.959,61.085],[4.799,61.083],[4.824,61.178],[4.862,61.194],[4.915,61.199],[4.973,61.148],[4.959,61.085]]]}},{"type":"Feature","properties":{"class":"coastline"},"geometry":{"type":"Polygon","coordinates":[[[8.103,63.338],[7.888,63.352],[7.815,63.385],[7.804,63.414],[8.074,63.471],[8.136,63.431],[8.141,63.366],[8.103,63.338]]]}},{"type":"Feature","properties":{"class":"coastline"},"geometry":{"type":"Polygon","coordinates":[[[8.471,63.667],[8.356,63.665],[8.287,63.687],[8.709,63.774],[8.765,63.805],[8.809,63.771],[8.815,63.726],[8.787,63.703],[8.471,63.667]]]}},{"type":"Feature","properties":{"class":"coastline"},"geometry":{"type":"Polygon","coordinates":[[[12.51,65.902],[12.429,65.899],[12.43,65.94],[12.549,66.002],[12.747,66.011],[12.779,65.992],[12.719,65.964],[12.51,65.902]]]}},{"type":"Feature","properties":{"class":"coastline"},"geometry":{"type":"Polygon","coordinates":[[[12.42,66.043],[12.327,66.037],[12.343,66.081],[12.418,66.123],[12.461,66.185],[12.527,66.211],[12.621,66.178],[12.623,66.122],[12.576,66.072],[12.42,66.043]]]}},{"type":"Feature","properties":{"class":"coastline"},"geometry":{"type":"Polygon","coordinates":[[[19.767,70.217],[19.91,70.202],[19.994,70.149],[20.084,70.129],[20.088,70.102],[20.006,70.076],[19.781,70.077],[19.711,70.165],[19.613,70.219],[19.599,70.266],[19.684,70.274],[19.767,70.217]]]}},{"type":"Feature","properties":{"class":"coastline"},"geometry":{"type":"Polygon","coordinates":[[[23.441,70.816],[23.387,70.754],[23.068,70.594],[22.829,70.542],[22.656,70.559],[22.558,70.516],[22.359,70.515],[22.169,70.562],[22.056,70.613],[21.995,70.657],[22.35,70.658],[22.421,70.703],[22.571,70.697],[22.858,70.728],[22.964,70.711],[23.205,70.815],[23.28,70.813],[23.396,70.843],[23.441,70.816]]]}},{"type":"Feature","properties":{"class":"coastline"},"geometry":{"type":"Polygon","coordinates":[[[20.779,70.09],[20.643,70.057],[20.464,70.077],[20.405,70.119],[20.412,70.155],[20.493,70.203],[20.655,70.231],[20.819,70.205],[20.779,70.09]]]}},{"type":"Feature","properties":{"class":"coastline"},"geometry":{"type":"Polygon","coordinates":[[[25.586,71.142],[25.945,71.105],[26.078,71.033],[26.147,71.04],[26.134,70.996],[25.76,70.954],[25.582,70.961],[25.482,71.02],[25.315,71.034],[25.315,71.053],[25.423,71.097],[25.586,71.142]]]}},{"type":"Feature","properties":{"class":"coastline"},"geometry":{"type":"Polygon","coordinates":[[[23.615,70.549],[23.641,70.464],[23.548,70.408],[23.333,70.335],[23.345,70.315],[23.271,70.296],[23.159,70.283],[23.1,70.296],[23.108,70.359],[23.091,70.378],[23.006,70.353],[22.918,70.385],[22.941,70.445],[23.022,70.487],[23.158,70.516],[23.248,70.505],[23.547,70.617],[23.579,70.594],[23.615,70.549]]]}},{"type":"Feature","properties":{"class":"coastline"},"geometry":{"type":"Polygon","coordinates":[[[24.018,70.567],[23.827,70.527],[23.717,70.562],[23.67,70.597],[23.663,70.675],[23.689,70.723],[23.778,70.747],[24.078,70.651],[24.018,70.567]]]}},{"type":"Feature","properties":{"class":"coastline"},"geometry":{"type":"Polygon","coordinates":[[[13.873,68.265],[13.932,68.248],[14.119,68.247],[14.029,68.188],[13.888,68.169],[13.778,68.105],[13.584,68.094],[13.495,68.052],[13.424,68.083],[13.392,68.021],[13.229,67.995],[13.2,68.087],[13.3,68.16],[13.429,68.163],[13.538,68.249],[13.784,68.276],[13.873,68.265]]]}},{"type":"Feature","properties":{"class":"coastline"},"geometry":{"type":"Polygon","coordinates":[[[12.972,67.874],[12.824,67.821],[12.958,68.015],[13.068,68.071],[13.123,68.049],[13.098,68.003],[13.098,67.956],[13.075,67.935],[12.972,67.874]]]}},{"type":"Feature","properties":{"class":"coastline"},"geometry":{"type":"Polygon","coordinates":[[[17.503,69.596],[17.623,69.539],[17.784,69.563],[17.927,69.507],[18.004,69.505],[18.052,69.458],[18.077,69.396],[18.021,69.35],[17.942,69.329],[17.921,69.274],[17.951,69.198],[17.568,69.16],[17.488,69.197],[17.324,69.13],[17.161,69.026],[17.083,69.014],[17.077,69.047],[16.81,69.071],[16.843,69.112],[16.972,69.138],[16.998,69.191],[16.974,69.285],[17.002,69.362],[17.083,69.399],[17.361,69.381],[17.395,69.417],[17.373,69.439],[17.23,69.478],[17.252,69.504],[17.454,69.53],[17.488,69.587],[17.503,69.596]]]}},{"type":"Feature","properties":{"class":"coastline"},"geometry":{"type":"Polygon","coordinates":[[[19.255,70.066],[19.344,70.012],[19.422,70.017],[19.5,70.048],[19.608,70.019],[19.592,69.97],[19.442,69.908],[19.335,69.82],[19.197,69.8],[19.131,69.81],[19.008,69.76],[18.807,69.64],[18.785,69.579],[18.274,69.535],[18.13,69.558],[18.062,69.602],[18.083,69.626],[18.227,69.636],[18.232,69.677],[18.315,69.715],[18.349,69.768],[18.406,69.782],[18.512,69.769],[18.624,69.813],[18.674,69.782],[18.698,69.825],[18.674,69.864],[18.687,69.891],[18.824,69.96],[18.883,70.011],[18.969,70.043],[19.051,70.038],[19.075,70.086],[19.051,70.135],[19.06,70.167],[19.133,70.244],[19.213,70.247],[19.249,70.179],[19.255,70.066]]]}},{"type":"Feature","properties":{"class":"coastline"},"geometry":{"type":"Polygon","coordinates":[[[15.76,68.561],[15.772,68.554],[15.909,68.65],[16.06,68.681],[16.069,68.714],[16.127,68.746],[16.121,68.799],[16.151,68.842],[16.329,68.876],[16.48,68.803],[16.547,68.717],[16.519,68.633],[16.194,68.538],[16.048,68.464],[15.975,68.402],[15.912,68.389],[15.764,68.409],[15.683,68.356],[15.438,68.313],[15.341,68.325],[15.337,68.378],[15.28,68.374],[15.188,68.31],[15.038,68.283],[14.927,68.307],[14.629,68.198],[14.35,68.178],[14.258,68.191],[14.257,68.257],[14.586,68.4],[15.095,68.441],[15.413,68.616],[15.489,68.805],[15.564,68.874],[15.529,68.912],[15.444,68.919],[15.438,68.979],[15.483,69.043],[15.742,69.171],[15.893,69.278],[15.965,69.302],[16.048,69.302],[16.129,69.274],[16.115,69.216],[15.993,69.113],[15.812,69.024],[15.834,68.961],[15.906,68.908],[15.928,68.733],[15.791,68.617],[15.76,68.561]]]}},{"type":"Feature","properties":{"class":"coastline"},"geometry":{"type":"Polygon","coordinates":[[[15.207,68.943],[15.397,68.784],[15.348,68.672],[15.222,68.616],[14.89,68.611],[14.804,68.638],[14.793,68.668],[14.743,68.677],[14.612,68.638],[14.521,68.633],[14.405,68.663],[14.373,68.711],[14.554,68.819],[14.802,68.791],[14.849,68.848],[14.838,68.887],[14.872,68.914],[15.037,68.894],[15.038,69.001],[15.102,69.008],[15.176,68.982],[15.207,68.943]]]}},{"type":"Feature","properties":{"class":"coastline"},"geometry":{"type":"Polygon","coordinates":[[[11.231,64.866],[11.179,64.838],[11.062,64.86],[10.833,64.843],[10.74,64.87],[10.813,64.923],[11.021,64.979],[11.133,64.976],[11.246,64.908],[11.231,64.866]]]}},{"type":"Feature","properties":{"class":"coastline"},"geometry":{"type":"Polygon","coordinates":[[[5.086,60.308],[5.089,60.189],[4.997,60.198],[4.956,60.243],[4.93,60.412],[4.957,60.447],[4.991,60.452],[5.05,60.389],[5.086,60.308]]]}},{"type":"Feature","properties":{"class":"coastline"},"geometry":{"type":"Polygon","coordinates":[[[11.968,65.627],[11.902,65.596],[11.778,65.605],[11.765,65.631],[11.8,65.684],[11.875,65.706],[11.972,65.702],[12.003,65.679],[11.968,65.627]]]}},{"type":"Feature","properties":{"class":"coastline"},"geometry":{"type":"Polygon","coordinates":[[[-29.953,83.565],[-28.992,83.505],[-28.484,83.435],[-27.034,83.377],[-25.947,83.29],[-25.795,83.261],[-26.183,83.221],[-30.092,83.157],[-31.534,83.089],[-31.993,83.085],[-32.033,82.983],[-31.516,82.992],[-30.386,83.094],[-29.964,83.11],[-29.175,83.102],[-28.151,83.064],[-27.002,83.067],[-26.141,83.096],[-25.123,83.16],[-24.845,83.019],[-24.47,82.877],[-23.92,82.885],[-23.834,82.839],[-23.695,82.819],[-23.407,82.83],[-22.525,82.789],[-21.692,82.683],[-21.521,82.595],[-21.616,82.548],[-21.994,82.463],[-22.473,82.385],[-23.118,82.325],[-23.862,82.287],[-29.579,82.161],[-29.773,82.131],[-29.887,82.055],[-29.811,81.955],[-29.544,81.94],[-28.919,81.996],[-27.84,82.049],[-25.149,82.001],[-24.589,81.883],[-24.293,81.701],[-23.637,81.742],[-23.496,81.773],[-23.393,81.827],[-23.249,81.947],[-23.104,82.012],[-22.563,82.053],[-21.338,82.069],[-21.167,81.984],[-21.13,81.934],[-21.123,81.79],[-21.147,81.695],[-21.231,81.601],[-21.504,81.438],[-21.724,81.348],[-22.573,81.098],[-23.072,80.927],[-23.196,80.847],[-23.204,80.789],[-23.118,80.778],[-22.826,80.913],[-22.089,81.02],[-21.45,81.178],[-20.89,81.276],[-20.016,81.564],[-19.63,81.64],[-19.225,81.64],[-19.153,81.512],[-18.457,81.498],[-17.456,81.398],[-17.226,81.43],[-16.937,81.544],[-16.637,81.626],[-16.359,81.729],[-16.121,81.777],[-15.451,81.837],[-14.242,81.814],[-13.704,81.789],[-12.434,81.683],[-11.841,81.578],[-11.426,81.481],[-11.431,81.457],[-11.529,81.424],[-12.231,81.309],[-12.461,81.233],[-13.126,81.088],[-13.451,81.038],[-14.452,80.993],[-14.49,80.973],[-14.229,80.87],[-14.24,80.832],[-14.504,80.763],[-15.194,80.721],[-15.543,80.65],[-16.319,80.65],[-16.761,80.573],[-16.588,80.511],[-15.937,80.428],[-15.933,80.395],[-16.489,80.252],[-17.011,80.19],[-17.191,80.204],[-18.071,80.172],[-18.693,80.207],[-19.206,80.262],[-19.429,80.258],[-19.867,80.145],[-20.04,80.079],[-20.15,80.011],[-20.197,79.938],[-20.181,79.858],[-20.138,79.803],[-20.069,79.774],[-19.839,79.746],[-19.518,79.755],[-19.353,79.734],[-19.284,79.683],[-19.296,79.635],[-19.399,79.488],[-19.431,79.398],[-19.414,79.349],[-19.152,79.325],[-19.011,79.251],[-18.971,79.211],[-18.992,79.178],[-19.262,79.123],[-19.723,79.065],[-19.77,79.047],[-19.887,78.911],[-20.05,78.842],[-20.616,78.804],[-21.134,78.659],[-21.141,78.643],[-20.947,78.596],[-20.956,78.555],[-21.195,78.38],[-21.26,78.293],[-21.312,78.174],[-21.397,78.074],[-21.748,77.791],[-21.73,77.709],[-21.579,77.651],[-21.38,77.698],[-21.132,77.847],[-20.863,77.912],[-20.319,77.862],[-19.49,77.719],[-19.297,77.621],[-19.296,77.585],[-19.468,77.566],[-19.953,77.666],[-20.162,77.69],[-20.681,77.619],[-20.464,77.447],[-20.232,77.368],[-19.809,77.332],[-19.3,77.222],[-19.131,77.233],[-18.903,77.28],[-18.586,77.283],[-18.443,77.259],[-18.339,77.215],[-18.292,77.133],[-18.303,77.012],[-18.337,76.921],[-18.51,76.778],[-18.606,76.763],[-19.865,76.914],[-20.487,76.921],[-20.942,76.887],[-20.96,76.843],[-21.615,76.688],[-21.749,76.69],[-22.185,76.794],[-22.334,76.794],[-22.555,76.729],[-22.609,76.704],[-22.607,76.681],[-22.379,76.612],[-21.877,76.573],[-21.758,76.401],[-21.569,76.294],[-21.488,76.272],[-21.185,76.268],[-20.887,76.304],[-20.564,76.24],[-20.104,76.219],[-19.863,76.121],[-19.958,75.997],[-19.807,75.897],[-19.509,75.758],[-19.48,75.645],[-19.4,75.494],[-19.366,75.386],[-19.375,75.298],[-19.426,75.23],[-19.526,75.18],[-19.676,75.149],[-19.798,75.157],[-20.199,75.308],[-20.485,75.314],[-20.906,75.157],[-21.247,75.133],[-21.409,75.065],[-21.649,75.023],[-21.861,75.04],[-22.233,75.12],[-21.904,75.004],[-21.695,74.964],[-21.141,75.069],[-20.986,75.074],[-20.928,75.053],[-20.861,74.993],[-20.786,74.892],[-20.795,74.806],[-20.89,74.735],[-21.038,74.67],[-21.038,74.654],[-20.862,74.636],[-20.611,74.728],[-20.417,74.975],[-20.214,75.019],[-19.985,74.975],[-19.8,74.852],[-19.538,74.625],[-19.287,74.546],[-19.225,74.479],[-19.272,74.343],[-19.369,74.284],[-19.646,74.258],[-20.256,74.283],[-20.231,74.205],[-20.653,74.137],[-21.129,74.111],[-21.581,74.163],[-21.955,74.244],[-21.832,74.357],[-21.762,74.483],[-21.943,74.566],[-21.983,74.567],[-21.92,74.439],[-21.973,74.39],[-22.322,74.303],[-22.334,74.286],[-22.217,74.246],[-22.196,74.206],[-22.22,74.166],[-22.329,74.091],[-22.335,74.063],[-22.135,73.99],[-21.988,73.971],[-21.298,73.962],[-21.022,73.941],[-20.367,73.848],[-20.338,73.82],[-20.449,73.653],[-20.51,73.493],[-20.637,73.464],[-21.326,73.457],[-21.548,73.432],[-22.185,73.27],[-22.347,73.269],[-22.988,73.346],[-23.233,73.398],[-23.761,73.543],[-24.158,73.764],[-24.451,73.629],[-24.677,73.602],[-24.905,73.653],[-25.351,73.814],[-25.521,73.852],[-25.528,73.841],[-25.427,73.794],[-24.778,73.54],[-24.791,73.511],[-25.311,73.431],[-25.45,73.391],[-25.665,73.293],[-26.062,73.253],[-27.27,73.436],[-27.169,73.374],[-26.604,73.279],[-26.542,73.249],[-26.729,73.171],[-27.265,73.176],[-27.562,73.138],[-27.483,73.089],[-27.348,73.068],[-27.19,73.132],[-26.753,73.121],[-26.433,73.171],[-26.029,73.199],[-25.399,73.276],[-25.268,73.362],[-25.057,73.396],[-24.587,73.423],[-24.133,73.409],[-23.899,73.398],[-23.71,73.317],[-23.244,73.193],[-22.996,73.172],[-22.852,73.084],[-22.45,72.986],[-22.194,72.965],[-22.036,72.918],[-22.007,72.635],[-22.075,72.399],[-22.28,72.345],[-22.239,72.22],[-22.293,72.12],[-23.208,72.327],[-23.674,72.393],[-24.069,72.499],[-24.359,72.687],[-24.63,73.038],[-24.789,73.044],[-24.992,73.013],[-25.171,72.98],[-25.256,72.924],[-25.861,72.847],[-26.08,72.794],[-26.206,72.796],[-26.658,72.716],[-26.392,72.673],[-25.688,72.797],[-25.357,72.81],[-24.985,72.889],[-24.813,72.902],[-24.771,72.869],[-24.65,72.583],[-24.701,72.506],[-25.204,72.393],[-25.118,72.347],[-24.667,72.437],[-24.572,72.42],[-24.417,72.348],[-23.587,72.14],[-22.869,71.971],[-22.497,71.914],[-22.37,71.77],[-21.96,71.745],[-22.013,71.689],[-22.503,71.5],[-22.48,71.383],[-22.418,71.249],[-22.299,71.432],[-21.961,71.508],[-21.752,71.478],[-21.671,71.206],[-21.69,71.092],[-21.675,70.856],[-21.625,70.805],[-21.574,70.59],[-21.523,70.526],[-21.626,70.469],[-21.944,70.443],[-22.069,70.472],[-22.384,70.462],[-22.401,70.612],[-22.422,70.649],[-22.437,70.86],[-22.526,70.808],[-22.61,70.493],[-22.691,70.437],[-23.328,70.451],[-23.792,70.555],[-23.971,70.649],[-24.13,70.791],[-24.229,70.923],[-24.266,71.046],[-24.377,71.146],[-24.562,71.224],[-25.255,71.396],[-25.656,71.53],[-25.885,71.572],[-26.211,71.59],[-26.689,71.583],[-27.011,71.631],[-27.087,71.627],[-27.162,71.602],[-27.107,71.533],[-26.737,71.501],[-26.074,71.498],[-25.843,71.48],[-25.758,71.44],[-25.699,71.368],[-25.668,71.265],[-25.742,71.184],[-26.158,71.05],[-26.718,70.95],[-27.336,70.953],[-27.889,71.002],[-28.303,71.007],[-28.398,70.993],[-28.292,70.949],[-27.992,70.895],[-27.979,70.84],[-28.07,70.699],[-28.146,70.656],[-28.417,70.574],[-29.072,70.445],[-28.541,70.477],[-28.015,70.402],[-27.596,70.407],[-26.747,70.476],[-26.622,70.463],[-26.508,70.397],[-26.577,70.357],[-27.203,70.256],[-27.561,70.124],[-27.629,70.028],[-27.384,69.992],[-27.274,70.038],[-27.144,70.141],[-27.028,70.201],[-26.752,70.242],[-26.416,70.221],[-26.156,70.246],[-25.53,70.353],[-24.749,70.295],[-23.667,70.139],[-23.173,70.115],[-22.284,70.126],[-22.207,70.108],[-22.287,70.033],[-22.615,69.954],[-23.034,69.901],[-23.088,69.883],[-23.015,69.805],[-23.05,69.793],[-23.237,69.791],[-23.553,69.741],[-23.866,69.737],[-23.764,69.681],[-23.709,69.627],[-23.739,69.589],[-23.944,69.558],[-24.297,69.586],[-24.227,69.527],[-24.221,69.479],[-24.296,69.439],[-24.741,69.318],[-25.189,69.261],[-25.08,69.192],[-25.092,69.165],[-25.272,69.092],[-25.544,69.046],[-25.581,69.021],[-25.626,68.928],[-25.698,68.89],[-26.139,68.781],[-26.341,68.702],[-26.483,68.676],[-26.815,68.654],[-27.851,68.494],[-28.365,68.447],[-29.25,68.299],[-29.426,68.289],[-29.869,68.312],[-30.051,68.272],[-30.196,68.199],[-30.318,68.193],[-30.72,68.251],[-30.712,68.225],[-30.606,68.162],[-30.611,68.118],[-30.979,68.061],[-31.419,68.128],[-32.327,68.437],[-32.314,68.388],[-32.195,68.292],[-32.18,68.257],[-32.367,68.213],[-32.156,68.063],[-32.165,67.991],[-32.37,67.883],[-32.449,67.871],[-32.918,67.701],[-33.108,67.658],[-33.349,67.443],[-33.504,67.377],[-33.518,67.354],[-33.498,67.318],[-33.528,67.258],[-34.102,66.726],[-34.269,66.625],[-34.423,66.63],[-34.576,66.471],[-34.633,66.435],[-35.189,66.25],[-35.291,66.269],[-35.412,66.262],[-35.662,66.344],[-35.867,66.441],[-35.862,66.406],[-35.756,66.324],[-35.63,66.14],[-36.044,65.987],[-36.379,65.831],[-36.399,65.93],[-36.389,65.96],[-36.527,66.008],[-36.537,65.941],[-36.665,65.79],[-36.822,65.771],[-36.932,65.783],[-37.063,65.871],[-37.233,65.788],[-37.316,65.79],[-37.33,65.72],[-37.41,65.656],[-37.516,65.629],[-37.664,65.631],[-37.754,65.593],[-37.955,65.634],[-38.001,65.71],[-37.797,65.857],[-37.827,65.91],[-37.788,65.978],[-37.484,66.195],[-37.279,66.304],[-37.291,66.324],[-37.814,66.385],[-38.052,66.398],[-38.157,66.386],[-37.752,66.262],[-37.969,66.141],[-38.073,65.973],[-38.14,65.904],[-38.52,66.01],[-38.443,65.922],[-38.216,65.838],[-38.203,65.712],[-38.637,65.624],[-40.174,65.556],[-40.192,65.523],[-39.578,65.341],[-39.653,65.288],[-39.763,65.255],[-40.028,65.103],[-40.253,65.049],[-40.668,65.109],[-40.881,65.082],[-41.084,65.101],[-41.089,65.035],[-41.028,64.988],[-40.966,64.869],[-40.655,64.915],[-40.521,64.825],[-40.433,64.673],[-40.278,64.596],[-40.21,64.536],[-40.182,64.48],[-40.478,64.344],[-40.699,64.33],[-40.686,64.267],[-40.782,64.222],[-40.985,64.235],[-41.178,64.281],[-41.581,64.298],[-41.031,64.121],[-40.966,64.154],[-40.826,64.163],[-40.618,64.132],[-40.652,63.928],[-40.55,63.725],[-40.772,63.626],[-40.775,63.534],[-40.907,63.508],[-41.049,63.514],[-41.056,63.412],[-41.152,63.349],[-41.108,63.274],[-41.275,63.131],[-41.388,63.062],[-41.844,63.07],[-42.02,63.16],[-42.175,63.209],[-42.143,63.151],[-42.094,63.117],[-41.932,63.052],[-41.634,62.972],[-41.644,62.916],[-41.723,62.891],[-41.909,62.737],[-41.975,62.734],[-42.058,62.694],[-42.424,62.723],[-42.942,62.72],[-42.855,62.677],[-42.467,62.598],[-42.153,62.568],[-42.164,62.512],[-42.243,62.466],[-42.198,62.397],[-42.321,62.153],[-42.236,62.059],[-42.143,62.014],[-42.154,61.953],[-42.11,61.857],[-42.25,61.771],[-42.53,61.755],[-42.585,61.717],[-42.324,61.682],[-42.347,61.617],[-42.419,61.537],[-42.646,61.064],[-42.717,60.767],[-43.044,60.524],[-43.189,60.507],[-43.348,60.52],[-43.598,60.576],[-43.923,60.595],[-43.94,60.567],[-43.831,60.522],[-43.296,60.445],[-43.213,60.391],[-43.156,60.333],[-43.165,60.263],[-43.123,60.061],[-43.32,59.928],[-43.617,59.937],[-43.955,60.025],[-43.937,59.994],[-43.658,59.859],[-43.907,59.815],[-44.117,59.832],[-44.065,59.925],[-44.269,59.893],[-44.384,59.899],[-44.413,59.923],[-44.453,60.015],[-44.231,60.18],[-44.176,60.244],[-44.224,60.274],[-44.348,60.205],[-44.533,60.029],[-44.613,60.017],[-44.812,60.05],[-45.379,60.203],[-45.368,60.373],[-45.202,60.383],[-44.975,60.457],[-44.854,60.532],[-44.742,60.655],[-44.757,60.665],[-45.083,60.507],[-45.381,60.445],[-45.59,60.519],[-45.934,60.579],[-46.047,60.616],[-46.142,60.777],[-46.019,60.972],[-45.934,61.028],[-45.88,61.094],[-45.849,61.181],[-45.87,61.218],[-45.942,61.206],[-45.976,61.176],[-45.97,61.129],[-46.012,61.097],[-46.582,60.962],[-46.874,60.816],[-47.125,60.811],[-47.224,60.783],[-47.37,60.8],[-47.465,60.843],[-47.796,60.829],[-47.73,60.729],[-47.828,60.725],[-48.014,60.722],[-48.181,60.769],[-48.242,60.807],[-48.205,60.856],[-47.77,60.998],[-47.859,61.016],[-48.386,61.005],[-48.378,61.138],[-48.428,61.187],[-48.495,61.225],[-48.597,61.247],[-48.922,61.277],[-49.049,61.524],[-49.205,61.549],[-49.289,61.59],[-49.222,61.632],[-49.193,61.686],[-49.265,61.71],[-49.311,61.748],[-49.304,61.772],[-49.363,61.839],[-49.38,61.89],[-49.313,61.939],[-49.13,61.993],[-49.04,62.039],[-48.829,62.08],[-49.12,62.113],[-49.202,62.099],[-49.349,62.01],[-49.624,61.999],[-49.664,62.017],[-49.683,62.093],[-49.668,62.151],[-49.553,62.233],[-49.943,62.324],[-50.319,62.473],[-50.259,62.578],[-50.256,62.68],[-50.299,62.722],[-50.076,62.904],[-49.793,63.045],[-50.092,62.977],[-50.338,62.829],[-50.39,62.822],[-50.502,62.945],[-50.804,63.091],[-51.013,63.258],[-51.188,63.436],[-51.469,63.642],[-51.538,63.758],[-51.451,63.905],[-51.548,64.006],[-50.699,64.149],[-50.342,64.17],[-50.261,64.214],[-50.487,64.209],[-50.492,64.229],[-50.437,64.313],[-50.721,64.223],[-51.542,64.097],[-51.585,64.103],[-51.682,64.165],[-51.708,64.205],[-51.534,64.314],[-51.404,64.463],[-51.232,64.561],[-51.11,64.573],[-50.835,64.559],[-50.858,64.617],[-50.849,64.645],[-50.684,64.678],[-50.492,64.693],[-50.355,64.683],[-50.158,64.49],[-50.009,64.447],[-50.016,64.507],[-50.093,64.585],[-50.122,64.704],[-50.299,64.779],[-50.517,64.767],[-50.648,64.853],[-50.678,64.885],[-50.681,64.928],[-50.812,65.052],[-50.924,65.197],[-50.961,65.201],[-50.914,65.097],[-50.852,65.024],[-50.722,64.798],[-50.78,64.746],[-50.891,64.695],[-51.221,64.628],[-51.139,64.786],[-51.255,64.758],[-51.364,64.702],[-51.401,64.623],[-51.677,64.377],[-51.758,64.28],[-51.835,64.232],[-51.923,64.219],[-51.999,64.257],[-52.093,64.416],[-52.089,64.682],[-52.259,65.155],[-52.448,65.205],[-52.538,65.329],[-52.18,65.442],[-51.619,65.713],[-51.09,65.751],[-51.092,65.776],[-51.394,65.779],[-51.723,65.723],[-52.035,65.569],[-52.348,65.461],[-52.551,65.461],[-52.761,65.591],[-52.995,65.566],[-53.153,65.575],[-53.199,65.594],[-53.234,65.771],[-53.106,65.977],[-53.244,65.979],[-53.392,66.048],[-53.357,66.073],[-53.018,66.171],[-52.511,66.362],[-52.056,66.507],[-51.891,66.623],[-51.517,66.732],[-51.259,66.841],[-51.225,66.882],[-51.281,66.891],[-51.402,66.854],[-51.823,66.698],[-53.036,66.201],[-53.539,66.139],[-53.615,66.154],[-53.648,66.274],[-53.623,66.344],[-53.635,66.414],[-53.571,66.513],[-53.419,66.649],[-53.115,66.754],[-53.038,66.827],[-52.491,66.85],[-52.387,66.881],[-52.56,66.909],[-53.444,66.925],[-53.687,66.986],[-53.884,67.136],[-53.805,67.327],[-53.799,67.418],[-53.224,67.585],[-52.97,67.687],[-52.666,67.75],[-52.512,67.761],[-51.909,67.664],[-51.665,67.646],[-51.451,67.668],[-51.181,67.637],[-50.705,67.509],[-50.613,67.528],[-50.64,67.559],[-51.171,67.694],[-51.168,67.734],[-51.032,67.744],[-50.887,67.784],[-50.969,67.807],[-51.321,67.787],[-51.423,67.754],[-51.765,67.738],[-52.104,67.779],[-52.345,67.837],[-52.98,67.758],[-53.419,67.575],[-53.604,67.536],[-53.735,67.549],[-53.616,67.715],[-53.616,67.767],[-53.578,67.837],[-53.353,67.971],[-53.211,68.117],[-53.152,68.208],[-52.89,68.205],[-52.058,68.075],[-51.597,68.055],[-51.456,68.116],[-51.394,68.218],[-51.207,68.326],[-51.169,68.385],[-51.21,68.42],[-51.456,68.394],[-51.478,68.384],[-51.475,68.365],[-51.632,68.273],[-52.199,68.221],[-52.379,68.219],[-52.698,68.262],[-52.78,68.31],[-53.383,68.297],[-53.337,68.352],[-53.213,68.413],[-53.039,68.611],[-52.894,68.662],[-52.605,68.709],[-52.303,68.701],[-51.781,68.548],[-51.623,68.535],[-51.133,68.598],[-50.946,68.683],[-50.801,68.791],[-50.808,68.817],[-51.03,68.756],[-51.249,68.74],[-51.156,68.938],[-51.12,69.091],[-51.085,69.128],[-50.792,69.117],[-50.393,69.137],[-50.297,69.171],[-50.299,69.185],[-50.459,69.206],[-50.537,69.248],[-50.851,69.206],[-51.077,69.209],[-51.058,69.275],[-50.892,69.412],[-50.811,69.599],[-50.804,69.663],[-50.72,69.725],[-50.349,69.796],[-50.343,69.825],[-50.5,69.936],[-50.46,69.966],[-50.292,70.014],[-50.323,70.027],[-50.436,70.039],[-50.802,70.003],[-51.106,70.057],[-51.19,70.052],[-51.419,69.989],[-51.499,69.987],[-52.255,70.059],[-52.765,70.234],[-53.023,70.302],[-54.014,70.422],[-54.343,70.571],[-54.501,70.657],[-54.531,70.699],[-54.344,70.789],[-54.166,70.82],[-53.859,70.81],[-53.513,70.767],[-52.802,70.751],[-52.405,70.687],[-51.524,70.439],[-50.947,70.364],[-50.682,70.397],[-50.663,70.418],[-50.728,70.438],[-50.933,70.454],[-51.323,70.589],[-51.34,70.688],[-51.32,70.743],[-51.283,70.768],[-51.257,70.853],[-51.774,71.01],[-51.528,71.014],[-51.13,70.972],[-51.019,71.001],[-51.377,71.119],[-52.061,71.122],[-52.535,71.2],[-52.775,71.174],[-53.008,71.18],[-53.117,71.313],[-53.088,71.353],[-53.002,71.37],[-52.892,71.458],[-52.749,71.502],[-51.967,71.599],[-51.77,71.672],[-51.779,71.683],[-52.196,71.63],[-52.656,71.672],[-53.168,71.536],[-53.284,71.54],[-53.44,71.579],[-53.476,71.64],[-53.25,71.71],[-53.139,71.775],[-53.145,71.807],[-53.334,71.79],[-53.358,71.82],[-53.374,71.936],[-53.42,72],[-53.693,72.16],[-53.81,72.293],[-53.776,72.326],[-53.652,72.363],[-53.901,72.342],[-53.928,72.319],[-53.847,72.24],[-53.793,72.134],[-53.514,71.976],[-53.462,71.894],[-53.478,71.85],[-53.715,71.758],[-53.78,71.679],[-53.894,71.642],[-54.02,71.658],[-53.912,71.526],[-53.963,71.459],[-54.318,71.384],[-54.689,71.367],[-55.336,71.427],[-55.594,71.554],[-55.668,71.627],[-55.669,71.692],[-55.63,71.739],[-55.549,71.768],[-55.452,71.958],[-55.316,72.111],[-54.971,72.268],[-54.84,72.356],[-54.841,72.379],[-54.896,72.394],[-55.32,72.2],[-55.581,72.179],[-55.659,72.223],[-55.636,72.3],[-55.589,72.319],[-55.378,72.311],[-55.296,72.354],[-55.428,72.42],[-55.602,72.453],[-55.457,72.503],[-55.122,72.5],[-54.925,72.572],[-54.79,72.642],[-54.74,72.7],[-54.729,72.75],[-54.758,72.791],[-54.761,72.832],[-54.738,72.873],[-54.773,72.918],[-54.866,72.967],[-55.073,73.015],[-55.134,72.961],[-55.289,72.933],[-55.669,73.008],[-55.693,73.113],[-55.452,73.162],[-55.359,73.203],[-55.297,73.262],[-55.288,73.327],[-55.332,73.397],[-55.446,73.46],[-55.739,73.384],[-55.787,73.46],[-55.876,73.505],[-56.104,73.558],[-56.109,73.591],[-55.968,73.76],[-55.838,73.76],[-55.872,73.833],[-55.929,73.895],[-55.997,73.931],[-56.014,73.964],[-56.225,74.129],[-56.298,74.163],[-56.493,74.182],[-56.954,74.131],[-57.231,74.125],[-56.938,74.195],[-56.706,74.219],[-56.639,74.278],[-56.664,74.33],[-56.654,74.378],[-56.718,74.429],[-56.656,74.458],[-56.35,74.49],[-56.255,74.527],[-56.522,74.614],[-56.871,74.695],[-56.986,74.787],[-57.191,74.894],[-57.813,75.04],[-57.967,75.105],[-58.253,75.279],[-58.566,75.353],[-58.603,75.385],[-58.281,75.472],[-58.25,75.507],[-58.381,75.612],[-58.516,75.689],[-59.082,75.765],[-59.445,75.859],[-61.188,76.158],[-62.097,76.242],[-62.743,76.252],[-63.006,76.319],[-63.291,76.352],[-63.439,76.339],[-63.843,76.217],[-63.96,76.209],[-64.307,76.317],[-64.912,76.173],[-65.37,76.131],[-65.574,76.144],[-65.785,76.215],[-65.954,76.242],[-66.134,76.22],[-66.466,76.139],[-66.874,76.218],[-66.993,76.213],[-67.079,76.195],[-67.055,76.152],[-66.675,75.977],[-66.826,75.969],[-68.317,76.091],[-69.373,76.332],[-69.484,76.399],[-69.4,76.436],[-68.865,76.561],[-68.245,76.617],[-68.114,76.651],[-68.223,76.678],[-68.767,76.668],[-69.252,76.686],[-69.674,76.736],[-69.747,76.752],[-69.888,76.827],[-69.872,76.877],[-69.694,76.989],[-70.441,76.807],[-70.613,76.822],[-70.793,76.869],[-70.771,76.917],[-70.735,76.929],[-71.015,76.985],[-71.141,77.029],[-71.155,77.074],[-70.863,77.175],[-70.604,77.194],[-69.657,77.229],[-68.978,77.195],[-68.747,77.307],[-68.592,77.343],[-68.136,77.38],[-67.434,77.385],[-66.938,77.364],[-66.389,77.28],[-66.371,77.298],[-66.448,77.35],[-66.453,77.393],[-66.266,77.515],[-66.306,77.565],[-66.691,77.681],[-66.824,77.687],[-67.147,77.635],[-67.515,77.543],[-67.688,77.524],[-68.137,77.53],[-68.622,77.602],[-68.975,77.493],[-69.2,77.463],[-69.351,77.467],[-69.977,77.548],[-70.118,77.583],[-70.126,77.638],[-70.318,77.69],[-70.535,77.7],[-70.562,77.717],[-70.287,77.798],[-70.081,77.831],[-70.114,77.841],[-70.412,77.843],[-70.729,77.793],[-71.272,77.813],[-71.65,77.9],[-72.159,77.957],[-72.792,78.155],[-72.818,78.194],[-72.581,78.279],[-72.571,78.299],[-72.715,78.362],[-72.68,78.4],[-72.473,78.482],[-71.651,78.623],[-71.395,78.643],[-70.906,78.638],[-70.414,78.725],[-69.974,78.778],[-68.993,78.857],[-68.93,78.867],[-68.924,78.882],[-69.031,78.943],[-68.377,79.038],[-67.708,79.08],[-67.355,79.123],[-66.584,79.138],[-66.075,79.118],[-65.826,79.174],[-65.42,79.34],[-65.288,79.437],[-65.117,79.589],[-64.989,79.737],[-64.839,79.969],[-64.792,80.001],[-64.466,80.072],[-64.179,80.099],[-64.44,80.142],[-64.982,80.082],[-65.395,80.078],[-65.81,80.024],[-66.448,80.08],[-66.844,80.076],[-67.061,80.123],[-67.201,80.222],[-67.193,80.28],[-66.996,80.413],[-66.372,80.584],[-65.645,80.685],[-65.062,80.836],[-64.694,80.966],[-64.516,81],[-63.722,81.057],[-63.442,81.014],[-63.059,80.886],[-63.029,80.89],[-63.235,81.083],[-63.212,81.143],[-62.993,81.207],[-62.672,81.214],[-62.299,81.194],[-61.636,81.116],[-61.436,81.134],[-61.162,81.281],[-61.1,81.396],[-61.131,81.532],[-61.176,81.632],[-61.236,81.695],[-61.203,81.747],[-60.843,81.855],[-60.432,81.92],[-59.902,81.933],[-59.282,81.884],[-58.08,81.622],[-57.505,81.54],[-56.862,81.383],[-56.615,81.363],[-56.658,81.394],[-56.86,81.46],[-57.853,81.662],[-58.817,81.92],[-59.268,81.982],[-59.262,82.007],[-58.717,82.093],[-57.717,82.168],[-56.589,82.227],[-56.212,82.221],[-55.549,82.246],[-55.486,82.283],[-55.344,82.3],[-54.549,82.351],[-53.987,82.279],[-53.671,82.164],[-53.582,82.062],[-53.596,81.738],[-53.591,81.677],[-53.556,81.653],[-53.145,81.8],[-53.041,81.871],[-52.926,82.038],[-53.102,82.119],[-53.111,82.251],[-53.023,82.322],[-52.776,82.322],[-51.754,82.078],[-51.352,82.026],[-50.894,81.895],[-50.36,81.909],[-49.867,81.893],[-49.541,81.918],[-49.694,81.972],[-50.395,82.121],[-50.713,82.237],[-50.936,82.383],[-50.99,82.46],[-50.037,82.472],[-48.861,82.405],[-47.357,82.174],[-46.617,82.097],[-45.291,81.829],[-44.729,81.78],[-44.532,81.849],[-44.527,81.897],[-44.591,81.957],[-44.628,82.026],[-44.637,82.104],[-44.547,82.26],[-44.333,82.311],[-44.239,82.368],[-44.327,82.472],[-44.577,82.543],[-45.552,82.725],[-45.557,82.747],[-45.067,82.785],[-42.651,82.741],[-42.233,82.725],[-41.876,82.68],[-41.357,82.705],[-41.37,82.75],[-41.434,82.779],[-44.762,82.884],[-46.137,82.859],[-46.478,82.952],[-46.169,83.064],[-45.909,83.061],[-45.415,83.018],[-45.122,83.079],[-44.657,83.129],[-44.197,83.147],[-43.009,83.265],[-42.26,83.232],[-41.82,83.148],[-41.3,83.101],[-40.689,83.275],[-40.357,83.332],[-39.886,83.299],[-39.316,83.204],[-38.931,83.175],[-38.278,82.999],[-38.156,82.999],[-38.037,83.046],[-38.015,83.095],[-37.935,83.161],[-37.993,83.185],[-38.54,83.258],[-38.748,83.333],[-38.75,83.371],[-38.541,83.415],[-38.071,83.412],[-37.828,83.486],[-37.723,83.498],[-36.804,83.466],[-36.69,83.48],[-36.672,83.51],[-36.606,83.537],[-35.452,83.539],[-34.668,83.571],[-34.132,83.529],[-33.837,83.53],[-32.984,83.6],[-30.703,83.593],[-29.953,83.565]]]}},{"type":"Feature","properties":{"class":"coastline"},"geometry":{"type":"Polygon","coordinates":[[[25.403,37.419],[25.307,37.413],[25.313,37.489],[25.348,37.509],[25.463,37.471],[25.457,37.447],[25.403,37.419]]]}},{"type":"Feature","properties":{"class":"coastline"},"geometry":{"type":"Polygon","coordinates":[[[24.524,37.125],[24.487,37.11],[24.425,37.132],[24.441,37.187],[24.484,37.21],[24.529,37.192],[24.536,37.168],[24.524,37.125]]]}},{"type":"Feature","properties":{"class":"coastline"},"geometry":{"type":"Polygon","coordinates":[[[17.98,59.329],[18.133,59.316],[18.211,59.331],[18.271,59.367],[18.396,59.369],[18.509,59.408],[18.56,59.394],[18.618,59.327],[18.499,59.292],[18.414,59.29],[18.373,59.18],[18.285,59.109],[18.098,59.062],[17.829,58.955],[17.765,58.965],[17.67,58.916],[17.457,58.858],[17.348,58.781],[17.103,58.711],[16.978,58.654],[16.316,58.664],[16.214,58.637],[16.391,58.602],[16.478,58.613],[16.788,58.585],[16.924,58.493],[16.652,58.434],[16.77,58.214],[16.7,58.161],[16.695,57.918],[16.597,57.913],[16.555,57.812],[16.586,57.761],[16.584,57.642],[16.604,57.568],[16.652,57.501],[16.631,57.43],[16.476,57.265],[16.479,57.188],[16.528,57.068],[16.349,56.709],[16.217,56.59],[16.151,56.501],[15.997,56.223],[15.827,56.125],[15.627,56.186],[15.327,56.151],[15.051,56.172],[14.782,56.162],[14.714,56.134],[14.755,56.033],[14.656,56.02],[14.559,56.049],[14.402,55.977],[14.262,55.888],[14.215,55.833],[14.203,55.729],[14.342,55.528],[14.174,55.397],[14.08,55.392],[13.806,55.429],[13.321,55.346],[12.886,55.411],[12.941,55.482],[12.974,55.748],[12.942,55.806],[12.835,55.882],[12.471,56.291],[12.706,56.235],[12.802,56.264],[12.656,56.441],[12.857,56.452],[12.92,56.516],[12.884,56.618],[12.718,56.663],[12.573,56.823],[12.421,56.906],[12.152,57.227],[12.053,57.447],[11.962,57.426],[11.885,57.613],[11.879,57.679],[11.735,57.718],[11.703,57.973],[11.549,58.001],[11.449,58.118],[11.432,58.34],[11.33,58.38],[11.248,58.369],[11.272,58.476],[11.224,58.68],[11.208,58.866],[11.147,58.989],[11.196,59.078],[11.295,59.087],[11.388,59.037],[11.386,59.066],[11.366,59.105],[10.834,59.184],[10.645,59.389],[10.634,59.602],[10.595,59.765],[10.534,59.696],[10.57,59.587],[10.494,59.542],[10.398,59.519],[10.407,59.456],[10.446,59.444],[10.455,59.377],[10.431,59.28],[10.179,59.009],[10.083,59.029],[9.96,58.968],[9.843,58.958],[9.8,59.027],[9.635,59.118],[9.557,59.113],[9.696,59.01],[9.657,58.971],[9.31,58.857],[9.396,58.806],[9.323,58.748],[9.239,58.739],[9.194,58.712],[9.178,58.675],[8.928,58.57],[8.521,58.301],[8.312,58.224],[8.166,58.145],[8.037,58.147],[7.876,58.08],[7.466,58.021],[7.194,58.048],[7.005,58.024],[6.903,58.071],[6.89,58.102],[6.912,58.143],[6.877,58.151],[6.803,58.155],[6.771,58.132],[6.767,58.082],[6.731,58.068],[6.591,58.097],[6.555,58.123],[6.606,58.176],[6.692,58.224],[6.66,58.263],[6.389,58.268],[6.055,58.375],[5.977,58.432],[5.707,58.524],[5.586,58.62],[5.517,58.727],[5.522,58.823],[5.556,58.975],[5.612,59.013],[5.854,58.959],[6.099,58.87],[6.137,58.875],[6.214,58.945],[6.363,59.001],[6.321,59.016],[6.099,58.952],[5.889,59.06],[5.889,59.098],[5.949,59.135],[5.969,59.186],[5.937,59.234],[5.952,59.299],[6.306,59.506],[6.415,59.547],[6.404,59.561],[6.279,59.535],[5.845,59.353],[5.564,59.291],[5.468,59.204],[5.362,59.166],[5.173,59.163],[5.132,59.226],[5.185,59.454],[5.242,59.564],[5.305,59.643],[5.404,59.656],[5.472,59.713],[5.772,59.661],[5.867,59.734],[5.991,59.745],[6.217,59.818],[6.212,59.832],[5.834,59.795],[5.763,59.808],[5.73,59.863],[5.784,59.913],[6.07,60.083],[6.112,60.132],[6.105,60.165],[6.141,60.233],[6.349,60.353],[6.518,60.408],[6.574,60.361],[6.526,60.214],[6.527,60.153],[6.661,60.367],[6.72,60.418],[6.787,60.454],[6.95,60.478],[6.996,60.512],[6.806,60.501],[6.347,60.419],[6.153,60.346],[6.102,60.29],[5.904,60.151],[5.877,60.07],[5.801,60.026],[5.699,60.01],[5.557,59.908],[5.495,59.826],[5.264,59.71],[5.186,59.642],[5.146,59.639],[5.111,59.668],[5.105,59.732],[5.119,59.834],[5.187,59.907],[5.22,59.979],[5.174,60.046],[5.206,60.088],[5.495,60.07],[5.689,60.123],[5.658,60.154],[5.417,60.154],[5.286,60.206],[5.184,60.308],[5.137,60.446],[5.168,60.485],[5.546,60.625],[5.648,60.688],[5.589,60.694],[5.447,60.617],[5.244,60.57],[5.116,60.636],[5.049,60.708],[5.011,60.859],[5.025,60.936],[5.009,61.038],[5.095,61.071],[5.288,61.047],[5.505,61.056],[5.984,61.117],[6.293,61.081],[6.418,61.084],[6.61,61.137],[6.778,61.142],[6.903,61.102],[6.972,61.056],[6.981,60.994],[7.039,60.953],[7.078,60.966],[7.047,61.015],[7.04,61.091],[7.545,61.177],[7.604,61.211],[7.404,61.222],[7.347,61.301],[7.453,61.419],[7.443,61.435],[7.331,61.372],[7.276,61.284],[7.298,61.214],[7.276,61.181],[6.943,61.161],[6.657,61.207],[6.61,61.229],[6.626,61.279],[6.6,61.29],[6.543,61.245],[6.493,61.155],[6.383,61.134],[6.083,61.167],[5.647,61.148],[5.451,61.102],[5.325,61.108],[5.107,61.188],[5.022,61.251],[4.99,61.378],[5.003,61.434],[5.258,61.455],[5.339,61.485],[5.168,61.543],[5.099,61.62],[4.997,61.645],[4.928,61.711],[4.91,61.81],[4.93,61.878],[4.985,61.9],[5.117,61.885],[5.465,61.897],[6.016,61.788],[6.467,61.807],[6.731,61.87],[6.682,61.887],[6.396,61.851],[6.131,61.852],[5.473,61.946],[5.267,61.936],[5.16,61.957],[5.096,62.027],[5.143,62.16],[5.241,62.189],[5.294,62.154],[5.358,62.152],[5.484,62.239],[5.533,62.311],[5.718,62.379],[5.908,62.416],[5.98,62.407],[6.083,62.35],[6.58,62.407],[6.692,62.468],[6.136,62.407],[6.118,62.447],[6.237,62.52],[6.273,62.584],[6.353,62.611],[6.745,62.638],[6.961,62.627],[7.284,62.602],[7.492,62.543],[7.57,62.548],[7.691,62.586],[7.527,62.61],[7.518,62.646],[7.538,62.672],[7.805,62.721],[8.096,62.732],[8.046,62.771],[7.408,62.712],[7.242,62.752],[7.111,62.752],[6.78,62.701],[6.735,62.721],[6.782,62.79],[6.928,62.903],[6.94,62.93],[7.008,62.958],[7.389,63.023],[7.572,63.1],[7.86,63.113],[8.101,63.091],[8.211,62.996],[8.623,62.846],[8.609,62.881],[8.339,63.042],[8.235,63.082],[8.158,63.162],[8.184,63.237],[8.271,63.287],[8.58,63.313],[8.636,63.342],[8.641,63.392],[8.594,63.426],[8.48,63.424],[8.387,63.445],[8.361,63.499],[8.398,63.535],[8.576,63.601],[8.842,63.646],[9.136,63.594],[9.158,63.566],[9.076,63.5],[9.084,63.463],[9.156,63.459],[9.324,63.57],[9.521,63.586],[9.697,63.625],[9.832,63.524],[9.936,63.479],[9.979,63.395],[10.021,63.391],[10.081,63.433],[10.189,63.455],[10.34,63.469],[10.591,63.447],[10.76,63.461],[10.674,63.558],[10.725,63.625],[10.953,63.698],[11.118,63.719],[11.371,63.805],[11.308,63.876],[11.214,63.878],[11.176,63.899],[11.458,64.003],[11.429,64.025],[11.307,64.049],[11.214,64.031],[10.914,63.921],[11.047,63.845],[10.935,63.77],[10.339,63.571],[10.055,63.513],[9.924,63.522],[9.893,63.576],[9.832,63.617],[9.767,63.7],[9.595,63.679],[9.567,63.706],[9.615,63.795],[9.708,63.865],[9.864,63.918],[9.939,63.982],[10.01,64.083],[10.236,64.18],[10.566,64.418],[10.834,64.494],[10.932,64.578],[11.09,64.615],[11.225,64.679],[11.331,64.686],[11.524,64.744],[11.633,64.814],[11.562,64.818],[11.297,64.755],[11.304,64.829],[11.35,64.906],[11.489,64.976],[12.16,65.179],[12.307,65.086],[12.508,65.099],[12.738,65.214],[12.916,65.339],[12.512,65.195],[12.418,65.184],[12.364,65.193],[12.334,65.241],[12.263,65.256],[12.2,65.245],[12.134,65.279],[12.122,65.362],[12.273,65.568],[12.628,65.806],[12.689,65.902],[12.817,65.953],[12.983,65.942],[13.033,65.956],[12.976,66.019],[12.795,66.069],[12.784,66.1],[13.387,66.183],[13.674,66.18],[13.76,66.221],[13.916,66.247],[14.034,66.298],[13.973,66.32],[13.499,66.252],[13.119,66.231],[13.068,66.431],[13.105,66.539],[13.192,66.537],[13.211,66.641],[13.312,66.702],[13.45,66.716],[13.621,66.795],[13.788,66.782],[13.959,66.794],[13.917,66.819],[13.704,66.852],[13.652,66.907],[13.808,66.961],[13.88,66.965],[14.109,67.119],[14.206,67.111],[14.34,67.159],[14.473,67.143],[14.776,67.194],[15.416,67.202],[15.435,67.247],[15.3,67.257],[14.479,67.256],[14.442,67.271],[14.448,67.298],[14.537,67.34],[14.579,67.386],[14.755,67.499],[14.962,67.574],[15.121,67.555],[15.289,67.483],[15.409,67.474],[15.465,67.451],[15.553,67.352],[15.594,67.349],[15.576,67.444],[15.692,67.521],[15.661,67.543],[15.487,67.515],[15.354,67.544],[15.249,67.602],[15.219,67.655],[15.346,67.734],[15.304,67.765],[15.041,67.683],[14.855,67.663],[14.781,67.675],[14.821,67.75],[14.799,67.809],[15.048,67.956],[15.134,67.973],[15.274,67.961],[15.401,67.92],[15.621,67.948],[15.606,67.988],[15.357,68.004],[15.293,68.036],[15.316,68.069],[15.487,68.103],[15.657,68.164],[15.851,68.182],[16.008,68.229],[16.065,68.2],[16.121,68.027],[16.261,67.887],[16.312,67.881],[16.259,68.001],[16.372,68.062],[16.392,68.092],[16.319,68.102],[16.26,68.145],[16.175,68.281],[16.204,68.317],[16.388,68.39],[16.619,68.406],[16.865,68.355],[16.951,68.355],[17.553,68.426],[17.571,68.447],[17.426,68.482],[17.202,68.459],[16.585,68.466],[16.525,68.491],[16.514,68.533],[16.58,68.593],[16.652,68.626],[16.885,68.685],[17.131,68.693],[17.391,68.799],[17.49,68.879],[17.546,69.001],[17.705,69.1],[18.101,69.156],[18.117,69.181],[18.075,69.233],[18.079,69.325],[18.188,69.433],[18.26,69.471],[18.293,69.475],[18.379,69.44],[18.483,69.365],[18.646,69.322],[18.859,69.314],[18.916,69.336],[18.75,69.378],[18.624,69.434],[18.614,69.491],[18.674,69.52],[18.883,69.523],[18.991,69.561],[19.038,69.66],[19.197,69.748],[19.687,69.805],[19.722,69.782],[19.696,69.613],[19.64,69.504],[19.642,69.424],[19.737,69.504],[19.865,69.722],[19.961,69.825],[20.069,69.883],[20.324,69.945],[20.387,69.868],[20.333,69.677],[20.338,69.617],[20.277,69.536],[20.044,69.356],[20.054,69.333],[20.107,69.341],[20.198,69.371],[20.487,69.542],[20.739,69.521],[20.743,69.535],[20.562,69.633],[20.533,69.692],[20.546,69.851],[20.622,69.914],[20.971,69.916],[21.032,69.887],[21.163,69.89],[21.254,70.003],[21.433,70.013],[21.932,69.815],[21.975,69.835],[21.893,70.004],[21.803,70.066],[21.608,70.098],[21.4,70.174],[21.346,70.208],[21.356,70.233],[21.539,70.258],[21.78,70.23],[21.996,70.293],[22.054,70.276],[22.219,70.309],[22.322,70.265],[22.385,70.278],[22.421,70.338],[22.685,70.375],[22.941,70.305],[23.046,70.102],[23.258,69.993],[23.354,69.983],[23.4,70.02],[23.31,70.064],[23.286,70.105],[23.329,70.207],[23.379,70.247],[23.661,70.4],[23.897,70.479],[24.038,70.485],[24.286,70.662],[24.42,70.702],[24.404,70.745],[24.268,70.773],[24.263,70.826],[24.442,70.892],[24.658,71.001],[24.765,71.008],[25.265,70.844],[25.325,70.849],[25.376,70.892],[25.436,70.912],[25.57,70.901],[25.768,70.853],[25.781,70.817],[25.666,70.777],[25.468,70.672],[25.274,70.552],[25.209,70.489],[25.146,70.324],[24.994,70.218],[24.983,70.144],[25.044,70.109],[25.212,70.136],[25.419,70.235],[25.471,70.341],[25.988,70.625],[26.231,70.783],[26.507,70.913],[26.661,70.94],[26.734,70.854],[26.675,70.741],[26.558,70.669],[26.645,70.636],[26.584,70.454],[26.585,70.41],[26.989,70.511],[27.147,70.681],[27.184,70.744],[27.309,70.804],[27.546,70.804],[27.556,70.827],[27.269,70.91],[27.235,70.947],[27.332,70.997],[27.597,71.091],[27.815,71.059],[28.142,71.043],[28.392,70.975],[28.383,70.869],[28.272,70.798],[27.951,70.718],[27.898,70.678],[27.999,70.664],[28.216,70.704],[28.272,70.668],[28.203,70.577],[28.166,70.36],[28.166,70.288],[28.193,70.249],[28.31,70.443],[28.437,70.501],[28.485,70.619],[28.609,70.76],[28.75,70.842],[28.832,70.864],[29.102,70.861],[29.219,70.83],[29.321,70.761],[29.398,70.734],[29.639,70.705],[29.738,70.647],[29.796,70.643],[29.959,70.694],[30.065,70.703],[30.238,70.622],[30.203,70.562],[30.213,70.543],[30.422,70.547],[30.596,70.524],[30.926,70.401],[30.961,70.344],[30.944,70.274],[30.469,70.198],[30.263,70.125],[29.926,70.096],[28.781,70.145],[28.804,70.093],[29.601,69.977],[29.647,69.944],[29.621,69.874],[29.636,69.78],[29.695,69.745],[29.792,69.728],[29.99,69.737],[30.088,69.718],[30.155,69.746],[30.18,69.841],[30.238,69.862],[30.349,69.835],[30.397,69.733],[30.428,69.722],[30.484,69.795],[30.714,69.796],[31.05,69.769],[31.453,69.69],[31.547,69.697],[31.666,69.721],[31.789,69.816],[31.879,69.832],[31.998,69.81],[32.031,69.835],[31.969,69.914],[31.985,69.954],[32.392,69.869],[32.565,69.806],[32.942,69.752],[33.008,69.722],[32.995,69.626],[32.915,69.602],[32.177,69.674],[32.092,69.633],[32.161,69.597],[32.331,69.554],[32.378,69.479],[32.637,69.489],[32.884,69.461],[33,69.47],[33.021,69.446],[32.942,69.383],[32.979,69.367],[33.256,69.428],[33.385,69.444],[33.454,69.428],[33.464,69.378],[33.418,69.315],[33.413,69.267],[33.328,69.152],[33.196,69.117],[33.141,69.069],[33.436,69.13],[33.627,69.289],[33.684,69.31],[34.229,69.313],[35.01,69.221],[35.176,69.231],[35.233,69.266],[35.29,69.275],[35.858,69.192],[36.618,69.003],[37.731,68.692],[38.358,68.415],[38.43,68.356],[38.657,68.322],[38.706,68.345],[38.832,68.325],[39.569,68.072],[39.823,68.059],[39.746,68.162],[39.809,68.151],[40.381,67.832],[40.526,67.79],[40.966,67.713],[41.061,67.444],[41.134,67.386],[41.134,67.267],[41.262,67.218],[41.359,67.21],[41.354,67.121],[41.276,66.914],[41.189,66.826],[40.522,66.447],[40.103,66.3],[39.289,66.132],[38.654,66.069],[38.398,66.064],[37.901,66.096],[37.628,66.13],[37.295,66.225],[36.984,66.273],[36.373,66.302],[35.513,66.396],[35.364,66.429],[34.825,66.611],[34.61,66.56],[34.483,66.55],[34.396,66.613],[34.452,66.651],[34.146,66.703],[33.894,66.707],[33.595,66.785],[33.482,66.765],[33.15,66.844],[33.002,66.908],[32.848,67.022],[32.93,67.087],[32.4,67.153],[31.895,67.161],[31.983,67.13],[32.202,67.113],[32.501,67.004],[32.464,66.916],[32.857,66.747],[32.862,66.721],[33.181,66.68],[33.224,66.604],[33.183,66.574],[33.217,66.532],[33.656,66.443],[33.593,66.385],[33.361,66.33],[33.567,66.321],[34.113,66.225],[34.4,66.128],[34.692,65.952],[34.786,65.865],[34.777,65.768],[34.616,65.51],[34.544,65.457],[34.406,65.396],[34.671,65.168],[34.804,64.986],[34.833,64.8],[34.952,64.756],[34.858,64.707],[34.87,64.56],[35.035,64.44],[35.284,64.363],[35.432,64.347],[35.647,64.378],[35.802,64.335],[36.146,64.189],[36.302,64.034],[36.365,64.003],[36.975,63.91],[37.442,63.813],[37.635,63.893],[37.968,63.949],[38.071,64.026],[38.062,64.091],[37.977,64.207],[37.954,64.32],[37.741,64.397],[37.43,64.374],[37.29,64.378],[37.184,64.408],[37.04,64.489],[36.769,64.685],[36.624,64.751],[36.579,64.791],[36.528,64.847],[36.535,64.939],[36.653,64.935],[36.786,64.987],[36.883,65.172],[37.141,65.194],[37.528,65.108],[38.009,64.879],[38.116,64.855],[38.412,64.857],[38.442,64.827],[38.541,64.791],[39.054,64.714],[39.567,64.571],[39.758,64.577],[39.849,64.691],[40.058,64.771],[40.204,64.784],[40.408,64.755],[40.445,64.779],[40.375,64.896],[40.281,64.998],[40.143,65.063],[39.798,65.35],[39.749,65.448],[39.817,65.598],[40.328,65.752],[40.513,65.844],[40.692,65.963],[40.774,65.988],[41.076,66.021],[41.476,66.123],[41.781,66.259],[42.084,66.466],[42.211,66.52],[42.451,66.482],[42.602,66.423],[43.233,66.416],[43.551,66.321],[43.653,66.251],[43.55,66.173],[43.542,66.123],[43.737,66.158],[43.844,66.142],[44.104,66.009],[44.145,66.113],[44.097,66.235],[44.221,66.407],[44.316,66.482],[44.489,66.672],[44.437,66.795],[44.429,66.938],[44.404,67.004],[44.292,67.1],[44.074,67.167],[43.855,67.189],[43.782,67.254],[43.796,67.33],[43.856,67.439],[44.036,67.671],[44.225,67.996],[44.226,68.154],[44.205,68.254],[44.169,68.327],[43.404,68.609],[43.333,68.673],[43.472,68.68],[44.048,68.549],[45.078,68.578],[45.519,68.547],[45.892,68.48],[46.158,68.291],[46.684,67.97],[46.69,67.849],[45.529,67.758],[44.939,67.477],[44.902,67.413],[44.939,67.351],[45.139,67.285],[45.562,67.186],[45.753,66.989],[45.885,66.891],[45.986,66.853],[46.298,66.843],[46.492,66.8],[47.496,66.93],[47.656,66.976],[47.709,67.045],[47.768,67.276],[47.908,67.455],[47.875,67.584],[48.654,67.695],[48.833,67.681],[48.878,67.731],[48.696,67.874],[48.754,67.896],[48.954,67.854],[49.155,67.87],[49.931,68.065],[50.699,68.318],[50.839,68.35],[51.079,68.363],[51.336,68.402],[51.617,68.476],[51.995,68.539],[52.129,68.532],[52.285,68.459],[52.183,68.374],[52.322,68.34],[52.397,68.352],[52.67,68.427],[52.723,68.484],[52.648,68.506],[52.55,68.592],[52.344,68.608],[52.684,68.731],[53.802,68.996],[54.491,68.992],[54.376,68.965],[53.874,68.927],[53.798,68.907],[53.798,68.885],[53.92,68.871],[53.971,68.844],[53.891,68.802],[53.834,68.709],[53.759,68.634],[53.918,68.537],[53.931,68.436],[53.829,68.383],[53.69,68.403],[53.567,68.367],[53.343,68.343],[53.261,68.267],[53.968,68.227],[54.099,68.259],[54.476,68.294],[54.561,68.273],[54.718,68.184],[54.861,68.202],[54.923,68.374],[55.151,68.48],[55.418,68.568],[55.675,68.576],[56.044,68.649],[56.276,68.624],[56.62,68.619],[56.909,68.567],[57.127,68.554],[57.444,68.642],[58.173,68.89],[58.237,68.834],[58.354,68.916],[58.919,69.004],[59.057,69.006],[59.11,68.896],[59.22,68.85],[59.371,68.738],[59.223,68.691],[59.112,68.616],[59.099,68.444],[59.604,68.351],[59.726,68.352],[59.859,68.396],[59.897,68.422],[59.923,68.471],[59.941,68.51],[59.865,68.605],[59.896,68.706],[60.16,68.7],[60.489,68.729],[60.638,68.787],[60.934,68.987],[60.859,69.146],[60.665,69.11],[60.337,69.457],[60.171,69.591],[60.276,69.653],[60.559,69.692],[60.813,69.821],[60.909,69.847],[61.016,69.851],[61.771,69.763],[62.631,69.743],[63.361,69.675],[64.19,69.535],[64.592,69.436],[64.929,69.325],[64.896,69.248],[65.032,69.27],[65.736,69.132],[65.813,69.077],[66.085,69.036],[66.416,68.948],[66.756,68.892],[67.002,68.874],[67.149,68.754],[67.64,68.579],[67.731,68.514],[68.157,68.404],[68.371,68.314],[68.504,68.348],[68.829,68.567],[69.141,68.951],[68.924,68.956],[68.763,68.917],[68.66,68.927],[68.543,68.967],[68.355,69.068],[68.117,69.236],[68.073,69.421],[68.006,69.48],[67.774,69.53],[67.624,69.584],[67.064,69.694],[66.964,69.656],[66.897,69.554],[66.804,69.659],[66.803,69.74],[66.832,69.842],[66.926,70.014],[67.069,70.006],[67.144,70.031],[67.239,70.108],[67.146,70.22],[67.157,70.295],[67.247,70.5],[67.285,70.739],[67.143,70.838],[66.822,70.797],[66.702,70.819],[66.666,70.901],[66.759,70.962],[66.847,71.064],[66.693,71.042],[66.64,71.081],[66.768,71.14],[66.918,71.282],[67.542,71.412],[67.959,71.548],[68.269,71.683],[68.469,71.853],[68.607,72.013],[68.83,72.392],[69.039,72.67],[69.391,72.956],[69.694,72.978],[69.709,72.956],[69.659,72.932],[69.645,72.898],[69.738,72.885],[71.5,72.914],[71.617,72.902],[71.93,72.82],[72.101,72.829],[72.446,72.79],[72.812,72.691],[72.753,72.343],[72.624,72.079],[72.574,72.013],[72.375,71.822],[72.279,71.696],[72.13,71.609],[71.912,71.548],[71.867,71.457],[72.079,71.307],[72.581,71.151],[72.704,70.963],[72.732,70.823],[72.7,70.457],[72.653,70.403],[72.469,70.275],[72.53,70.173],[72.599,69.793],[72.616,69.484],[72.557,69.378],[72.527,69.154],[72.527,69.081],[72.577,68.969],[72.678,68.875],[72.812,68.815],[73.191,68.707],[73.548,68.575],[73.592,68.482],[73.465,68.431],[73.266,68.294],[73.139,68.181],[73.129,68.091],[73.173,67.973],[73.152,67.865],[73.067,67.767],[72.949,67.696],[72.594,67.587],[71.847,67.008],[71.668,66.94],[71.365,66.962],[71.551,66.76],[71.54,66.683],[71.342,66.687],[70.939,66.548],[70.725,66.519],[70.383,66.602],[70.443,66.668],[70.691,66.745],[70.579,66.754],[70.444,66.697],[70.283,66.686],[70.094,66.754],[69.949,66.83],[69.877,66.845],[69.74,66.815],[69.218,66.829],[69.079,66.816],[69.013,66.788],[69.091,66.724],[69.194,66.579],[69.412,66.511],[69.701,66.485],[69.982,66.401],[70.339,66.342],[71.358,66.359],[71.566,66.334],[71.917,66.247],[72.068,66.253],[72.322,66.332],[72.417,66.561],[73.514,66.861],[73.792,66.995],[73.883,67.085],[73.986,67.328],[74.075,67.414],[74.676,67.695],[74.77,67.766],[74.787,67.898],[74.778,67.986],[74.743,68.074],[74.632,68.218],[74.511,68.303],[74.391,68.421],[74.481,68.659],[74.58,68.751],[75.125,68.862],[75.59,68.901],[76.108,68.976],[76.316,68.992],[76.459,68.978],[76.606,68.898],[76.735,68.777],[77.112,68.596],[77.238,68.47],[77.261,68.316],[77.248,67.941],[77.174,67.779],[77.579,67.644],[77.675,67.59],[77.772,67.57],[77.986,67.559],[78.922,67.589],[78.839,67.631],[78.559,67.639],[77.588,67.752],[77.52,67.91],[77.536,68.008],[77.665,68.19],[77.757,68.222],[77.995,68.259],[77.907,68.482],[77.785,68.63],[77.651,68.903],[77.466,68.905],[77.328,68.959],[76.645,69.117],[76.001,69.235],[75.561,69.252],[75.42,69.239],[75.054,69.116],[74.815,69.091],[74.363,69.145],[73.977,69.115],[73.836,69.143],[73.776,69.198],[73.891,69.418],[73.833,69.504],[73.56,69.707],[73.578,69.803],[73.83,70.176],[73.937,70.273],[74.207,70.445],[74.343,70.579],[74.311,70.654],[73.732,71.069],[73.577,71.217],[73.365,71.32],[73.15,71.385],[73.086,71.445],[73.672,71.845],[73.939,71.915],[74.311,71.958],[74.489,71.997],[74.804,72.077],[74.992,72.145],[75.053,72.199],[75.09,72.263],[75.097,72.421],[75.06,72.549],[75.008,72.619],[74.787,72.812],[74.942,72.854],[75.152,72.853],[75.369,72.797],[75.604,72.581],[75.591,72.457],[75.644,72.382],[75.741,72.296],[75.55,72.171],[75.395,71.983],[75.274,71.959],[75.247,71.813],[75.503,71.655],[75.469,71.534],[75.28,71.43],[75.332,71.342],[75.734,71.266],[76.11,71.219],[76.742,71.202],[76.929,71.128],[76.995,71.181],[77.59,71.168],[78.068,70.986],[78.321,70.93],[78.526,70.912],[79.015,70.95],[79.084,71.002],[78.724,70.976],[78.491,71.025],[78.387,71.087],[78.213,71.266],[77.908,71.324],[77.707,71.301],[77.481,71.312],[77.114,71.409],[76.871,71.447],[76.433,71.552],[76.312,71.595],[76.216,71.683],[76.032,71.91],[76.422,72.006],[76.871,72.033],[77.061,72.004],[77.551,71.842],[77.778,71.836],[78.187,71.907],[78.232,71.952],[78.141,72.045],[78.016,72.092],[77.781,72.114],[77.493,72.072],[77.411,72.108],[77.44,72.157],[77.472,72.192],[77.625,72.201],[77.733,72.229],[77.968,72.329],[78.225,72.377],[78.483,72.395],[79.422,72.381],[79.954,72.223],[80.474,72.153],[80.763,72.089],[80.815,72.054],[80.856,71.97],[81.511,71.746],[81.662,71.716],[82.08,71.707],[82.547,71.759],[82.758,71.764],[82.986,71.749],[83.107,71.721],[83.234,71.668],[82.977,71.451],[82.493,71.293],[82.323,71.26],[82.239,70.998],[82.316,70.879],[82.336,70.807],[82.271,70.707],[82.163,70.598],[82.221,70.396],[82.258,70.544],[82.452,70.69],[82.592,70.89],[82.738,70.942],[82.869,70.955],[83.01,70.895],[83.051,70.815],[83.058,70.695],[83.03,70.581],[82.92,70.407],[82.742,70.286],[82.682,70.218],[82.857,70.105],[83.081,70.093],[83.11,70.11],[83.132,70.157],[83.074,70.277],[83.497,70.345],[83.66,70.418],[83.736,70.546],[83.579,70.766],[83.334,70.989],[83.151,71.104],[83.266,71.276],[83.458,71.468],[83.531,71.514],[83.571,71.594],[83.534,71.684],[83.34,71.828],[83.2,71.875],[82.755,71.903],[82.645,71.925],[82.319,72.072],[82.184,72.238],[82.094,72.265],[81.793,72.327],[81.283,72.359],[81.098,72.39],[80.827,72.488],[80.72,72.648],[80.656,72.712],[80.675,72.759],[80.842,72.949],[80.757,73.025],[80.51,73.086],[80.455,73.155],[80.425,73.231],[80.398,73.357],[80.458,73.414],[80.596,73.474],[80.562,73.515],[80.583,73.568],[81.817,73.659],[83.545,73.667],[84.417,73.722],[84.738,73.763],[85.077,73.72],[85.201,73.722],[85.448,73.735],[85.611,73.822],[86.591,73.894],[86.893,73.887],[87.029,73.824],[86.366,73.62],[86.094,73.578],[85.827,73.493],[85.793,73.438],[85.818,73.327],[86.098,73.273],[86.308,73.196],[86.677,73.107],[86.715,73.126],[85.971,73.347],[85.91,73.39],[85.939,73.456],[86.092,73.519],[86.376,73.569],[87.12,73.615],[87.37,73.756],[87.571,73.811],[87.21,73.879],[86.697,74.195],[86.571,74.244],[86.178,74.279],[86.001,74.316],[86.183,74.423],[86.396,74.45],[86.538,74.444],[86.665,74.414],[86.898,74.325],[87.23,74.364],[86.426,74.585],[86.116,74.629],[85.791,74.645],[85.881,74.74],[86.059,74.728],[86.201,74.816],[86.651,74.682],[86.863,74.718],[87.419,74.941],[87.468,75.013],[87.141,75.072],[86.939,75.068],[86.922,75.113],[87.006,75.17],[87.171,75.192],[87.671,75.13],[88.504,75.29],[88.733,75.369],[89.31,75.47],[89.595,75.458],[90.185,75.591],[91.005,75.65],[91.479,75.65],[91.845,75.724],[92.408,75.75],[94.075,75.913],[94.156,75.959],[93.687,75.922],[93.574,75.956],[93.406,75.901],[93.178,75.959],[93.069,75.913],[92.89,75.91],[92.859,75.979],[92.972,76.075],[93.105,76.026],[93.259,76.099],[93.36,76.101],[93.648,76.054],[93.843,76.101],[94.102,76.124],[94.507,76.108],[94.576,76.152],[95.038,76.114],[95.359,76.14],[95.579,76.137],[95.92,76.113],[96.075,76.082],[95.986,76.01],[95.653,75.892],[95.744,75.872],[95.935,75.926],[96.509,76.006],[96.601,75.99],[96.497,75.891],[96.879,75.931],[97.205,76.019],[97.351,76.033],[97.499,75.98],[97.638,76.029],[97.67,76.078],[97.918,76.089],[98.02,76.134],[98.662,76.243],[99.187,76.178],[99.563,76.109],[99.77,76.029],[99.602,75.852],[99.442,75.803],[99.541,75.799],[99.609,75.811],[99.851,75.93],[99.825,76.136],[99.617,76.24],[98.806,76.481],[98.869,76.51],[99.576,76.471],[99.936,76.49],[100.322,76.479],[100.844,76.525],[101.061,76.477],[101.311,76.479],[101.598,76.439],[101.684,76.485],[101.213,76.536],[101.003,76.531],[100.928,76.557],[101.099,76.704],[101.008,76.781],[100.92,76.823],[100.906,76.901],[100.99,76.99],[101.186,77.029],[101.293,77.102],[101.518,77.198],[102.61,77.509],[103.131,77.626],[103.331,77.641],[103.561,77.632],[104.015,77.73],[104.185,77.73],[104.814,77.652],[104.965,77.595],[105.309,77.549],[105.71,77.525],[105.895,77.489],[106.06,77.391],[105.734,77.352],[105.385,77.238],[104.912,77.175],[104.324,77.133],[104.202,77.102],[105.646,77.101],[105.712,77.001],[105.822,76.998],[106.145,77.045],[106.339,77.048],[106.705,77.014],[106.942,77.034],[107.279,76.991],[107.43,76.927],[106.941,76.73],[106.639,76.573],[106.385,76.589],[106.414,76.512],[106.683,76.515],[106.825,76.48],[107.158,76.524],[107.624,76.51],[107.722,76.522],[107.902,76.57],[107.95,76.661],[108.028,76.718],[108.182,76.738],[108.638,76.72],[109.369,76.749],[109.981,76.712],[110.471,76.758],[111.115,76.723],[111.392,76.687],[111.601,76.622],[111.786,76.604],[111.939,76.553],[112.094,76.48],[111.943,76.38],[112.143,76.424],[112.297,76.435],[112.62,76.384],[112.684,76.219],[112.798,76.13],[112.656,76.054],[112.819,76.059],[113.094,76.133],[113.15,76.175],[112.988,76.24],[113.086,76.258],[113.273,76.252],[113.428,76.112],[113.564,75.892],[113.857,75.921],[113.871,75.856],[113.749,75.705],[113.568,75.568],[113.486,75.564],[113.517,75.622],[113.469,75.657],[113.392,75.678],[113.126,75.699],[112.629,75.835],[112.466,75.844],[112.453,75.83],[112.73,75.738],[112.956,75.572],[113.162,75.621],[113.243,75.611],[113.356,75.534],[113.559,75.502],[113.726,75.451],[113.614,75.293],[112.925,75.015],[112.192,74.853],[111.868,74.74],[111.299,74.658],[110.893,74.548],[110.374,74.466],[110.226,74.379],[109.84,74.322],[109.911,74.261],[109.81,74.169],[109.511,74.089],[109.075,74.032],[108.2,73.694],[107.765,73.625],[107.271,73.621],[107.167,73.589],[106.794,73.377],[106.679,73.331],[106.189,73.308],[105.677,72.959],[105.393,72.841],[105.144,72.777],[105.403,72.79],[105.708,72.837],[106.067,72.95],[106.16,73.002],[106.209,73.061],[106.315,73.106],[106.478,73.139],[107.109,73.177],[107.369,73.163],[107.75,73.173],[108.001,73.236],[108.285,73.266],[108.351,73.31],[109.09,73.378],[109.331,73.487],[109.637,73.454],[109.855,73.472],[110.429,73.629],[110.773,73.689],[110.868,73.731],[110.722,73.78],[110.388,73.726],[110.091,73.709],[109.753,73.723],[109.707,73.744],[109.666,73.8],[109.869,73.931],[110.084,73.994],[110.261,74.017],[111.056,73.939],[111.131,74.053],[111.551,74.029],[111.228,73.969],[111.3,73.885],[111.4,73.828],[111.804,73.745],[112.147,73.709],[112.4,73.711],[112.795,73.746],[112.94,73.836],[112.836,73.962],[113.033,73.914],[113.182,73.837],[113.416,73.648],[113.364,73.583],[113.157,73.46],[113.277,73.392],[113.491,73.346],[113.475,73.048],[113.369,72.942],[113.128,72.831],[113.158,72.769],[113.186,72.73],[113.312,72.657],[113.665,72.635],[113.712,72.654],[113.298,72.739],[113.216,72.806],[113.417,72.932],[113.543,73.054],[113.581,73.142],[113.559,73.233],[113.765,73.318],[113.886,73.346],[113.539,73.434],[113.51,73.505],[113.857,73.533],[114.061,73.585],[114.816,73.607],[115.338,73.703],[116.496,73.676],[117.309,73.599],[118.45,73.59],[118.871,73.538],[118.936,73.481],[118.457,73.464],[118.377,73.367],[118.43,73.247],[118.96,73.117],[119.425,73.064],[119.75,72.979],[120.598,72.981],[120.997,72.937],[121.354,72.971],[121.748,72.97],[121.886,72.961],[122.03,72.897],[122.537,72.878],[122.752,72.906],[122.731,72.931],[122.502,72.971],[122.527,73.017],[122.615,73.028],[123.16,72.955],[123.301,73.002],[123.462,73.144],[123.622,73.193],[123.384,73.347],[123.323,73.431],[123.305,73.533],[123.416,73.637],[123.491,73.666],[123.797,73.627],[124.019,73.712],[124.388,73.755],[124.541,73.751],[124.796,73.712],[125.617,73.521],[125.599,73.447],[126.254,73.548],[126.345,73.506],[126.257,73.42],[126.292,73.394],[126.553,73.335],[126.838,73.434],[126.955,73.528],[127.031,73.547],[127.74,73.482],[127.955,73.446],[128.026,73.391],[128.281,73.331],[128.258,73.267],[128.587,73.262],[128.889,73.19],[128.872,73.139],[128.913,73.111],[129.101,73.112],[129.054,73.045],[128.599,72.895],[129.017,72.872],[129.229,72.776],[129.25,72.705],[128.815,72.586],[128.633,72.55],[128.418,72.535],[128.549,72.496],[129.117,72.486],[129.281,72.438],[129.412,72.315],[129.411,72.166],[129.283,72.092],[128.935,72.079],[128.475,72.246],[128.197,72.31],[127.803,72.434],[127.726,72.413],[127.841,72.308],[128.027,72.25],[128.359,72.088],[128.911,71.755],[129.04,71.782],[129.117,71.825],[129.154,71.879],[129.122,71.953],[129.21,71.917],[129.461,71.739],[129.234,71.745],[128.949,71.708],[128.843,71.663],[128.923,71.602],[129.134,71.593],[129.225,71.509],[129.39,71.405],[129.762,71.12],[130.026,71.065],[130.281,70.947],[130.537,70.893],[130.668,70.888],[130.757,70.962],[130.832,70.936],[130.898,70.804],[131.022,70.746],[131.157,70.742],[131.268,70.766],[131.432,70.828],[131.562,70.901],[131.769,71.101],[131.906,71.203],[132.035,71.244],[131.991,71.293],[132.004,71.35],[132.228,71.643],[132.562,71.895],[132.654,71.926],[132.804,71.768],[133.131,71.607],[133.426,71.491],[133.689,71.434],[134.103,71.379],[134.703,71.387],[134.814,71.461],[135.022,71.515],[135.359,71.544],[135.559,71.61],[135.885,71.631],[136.09,71.62],[136.406,71.571],[137.116,71.416],[137.315,71.359],[137.417,71.299],[137.651,71.208],[137.94,71.133],[137.992,71.143],[137.974,71.169],[137.844,71.227],[138.013,71.261],[138.091,71.307],[138.314,71.326],[137.918,71.384],[137.927,71.43],[137.996,71.464],[138.048,71.526],[138.118,71.566],[138.234,71.596],[138.318,71.603],[138.525,71.563],[138.67,71.635],[138.78,71.629],[139.005,71.556],[139.209,71.445],[139.632,71.489],[139.984,71.492],[139.939,71.558],[139.695,71.7],[139.723,71.885],[139.359,71.951],[139.64,71.998],[139.847,72.149],[140.188,72.191],[140.134,72.21],[139.617,72.226],[139.505,72.208],[139.43,72.163],[139.176,72.163],[139.141,72.33],[139.474,72.467],[139.601,72.496],[140.451,72.493],[141.079,72.587],[140.983,72.63],[140.973,72.717],[140.652,72.843],[140.708,72.89],[140.808,72.891],[141.31,72.858],[141.518,72.789],[142.061,72.721],[143.516,72.698],[143.681,72.673],[144.304,72.643],[145.199,72.57],[146.253,72.442],[146.235,72.35],[145.467,72.362],[145.213,72.393],[144.776,72.382],[144.588,72.306],[144.361,72.265],[144.169,72.259],[144.295,72.193],[144.471,72.175],[145.039,72.26],[146.832,72.295],[146.807,72.237],[146.599,72.124],[146.402,72.035],[146.113,71.945],[146.006,71.945],[146.23,72.138],[146.051,72.142],[145.759,72.226],[145.71,72.206],[145.664,72.067],[145.757,72.021],[145.757,71.941],[145.407,71.89],[145.064,71.926],[145.047,71.901],[145.078,71.855],[145.074,71.831],[144.99,71.753],[145.076,71.707],[145.189,71.696],[145.805,71.746],[146.073,71.808],[146.368,71.922],[146.895,72.198],[147.262,72.328],[147.434,72.341],[148.402,72.312],[148.965,72.252],[149.502,72.164],[149.766,72.091],[149.963,71.992],[150.017,71.896],[149.881,71.843],[149.28,71.826],[149.049,71.796],[148.965,71.763],[148.923,71.715],[148.968,71.69],[149.498,71.664],[149.857,71.601],[150.061,71.511],[150.6,71.52],[150.668,71.455],[150.098,71.227],[150.243,71.267],[150.968,71.38],[151.145,71.374],[151.582,71.287],[151.76,71.218],[152.093,71.023],[151.762,70.982],[152.509,70.834],[153.794,70.88],[154.414,70.974],[155.029,71.034],[155.596,71.039],[155.895,71.096],[157.447,71.075],[158.037,71.039],[158.702,70.935],[159.351,70.791],[159.728,70.65],[159.805,70.605],[159.912,70.506],[160.006,70.31],[159.983,70.221],[159.89,70.159],[159.831,70.081],[159.839,69.99],[159.729,69.87],[159.833,69.785],[160.119,69.73],[160.739,69.655],[160.911,69.606],[160.929,69.459],[160.982,69.334],[161.036,69.098],[161.141,69.039],[161.31,68.982],[161.341,68.905],[161.129,68.654],[160.856,68.538],[161.104,68.562],[161.23,68.654],[161.365,68.823],[161.495,68.85],[161.566,68.905],[161.566,69.064],[161.48,69.202],[161.48,69.3],[161.537,69.38],[161.945,69.545],[162.166,69.612],[162.376,69.649],[163.201,69.715],[163.498,69.693],[163.946,69.735],[164.16,69.719],[164.513,69.609],[165.761,69.584],[165.98,69.546],[166.884,69.5],[167.628,69.74],[167.857,69.728],[167.95,69.699],[168.15,69.577],[168.23,69.447],[168.303,69.271],[168.946,69.163],[169.311,69.08],[169.415,68.92],[169.61,68.786],[170.538,68.825],[170.995,69.045],[170.997,69.135],[170.884,69.264],[170.714,69.388],[170.582,69.583],[170.161,69.627],[170.201,69.683],[170.36,69.751],[170.503,69.857],[170.525,69.938],[170.487,70.108],[171.247,70.076],[171.971,70],[172.56,69.968],[172.869,69.92],[173.277,69.824],[173.353,69.924],[173.439,69.947],[173.733,69.891],[173.948,69.874],[174.319,69.882],[174.786,69.856],[175.296,69.86],[175.751,69.904],[175.921,69.895],[176.924,69.646],[177.395,69.612],[177.934,69.496],[178.443,69.453],[178.848,69.387],[178.907,69.362],[178.951,69.296],[179.273,69.26],[179.868,69.013],[180,68.983],[180,65.067],[179.827,65.034],[179.651,64.921],[179.448,64.822],[179.15,64.782],[178.698,64.631],[178.52,64.603],[178.285,64.672],[177.749,64.717],[177.582,64.778],[177.337,64.931],[177.252,64.954],[177.179,65.014],[176.881,65.082],[176.625,65.038],[176.413,65.071],[176.341,65.047],[176.646,65.007],[176.94,65.016],[177.037,65],[177.223,64.862],[177.148,64.805],[177.069,64.787],[176.831,64.849],[176.557,64.84],[176.429,64.855],[176.061,64.961],[175.781,64.844],[175.396,64.784],[175.098,64.777],[174.549,64.684],[174.699,64.681],[175.097,64.747],[175.331,64.747],[175.678,64.782],[175.859,64.825],[176.057,64.905],[176.169,64.885],[176.247,64.843],[176.351,64.705],[176.141,64.586],[176.508,64.682],[176.731,64.625],[176.843,64.634],[177.05,64.719],[177.387,64.774],[177.467,64.737],[177.41,64.573],[177.433,64.444],[177.688,64.305],[177.953,64.222],[178.045,64.22],[178.131,64.235],[178.164,64.309],[178.229,64.364],[178.381,64.261],[178.477,64.128],[178.451,64.011],[178.536,63.976],[178.65,63.965],[178.692,63.842],[178.731,63.667],[178.44,63.606],[178.466,63.574],[178.654,63.557],[178.706,63.522],[178.669,63.44],[178.679,63.402],[178.744,63.395],[178.787,63.442],[178.775,63.51],[178.793,63.54],[178.919,63.4],[178.921,63.345],[179.028,63.282],[179.332,63.19],[179.389,63.147],[179.405,63.078],[179.329,63.058],[179.26,63.008],[179.302,62.94],[179.381,62.884],[179.511,62.863],[179.571,62.773],[179.571,62.688],[179.477,62.613],[179.177,62.469],[179.134,62.396],[179.121,62.32],[178.019,62.547],[177.293,62.599],[177.296,62.644],[177.36,62.737],[177.339,62.781],[177.298,62.784],[177.259,62.75],[177.173,62.75],[177.091,62.79],[177.024,62.777],[176.963,62.693],[176.965,62.659],[177.008,62.627],[177.19,62.592],[177.159,62.561],[176.703,62.506],[176.437,62.411],[176.328,62.346],[175.614,62.184],[175.442,62.128],[175.268,62.102],[175.192,62.034],[174.798,61.939],[174.715,61.948],[174.611,61.868],[174.514,61.824],[174.139,61.795],[173.822,61.679],[173.623,61.716],[173.132,61.407],[173.055,61.406],[172.857,61.469],[172.807,61.436],[172.838,61.376],[172.908,61.312],[172.868,61.293],[172.731,61.314],[172.69,61.295],[172.697,61.249],[172.585,61.19],[172.396,61.167],[172.362,61.117],[172.393,61.062],[171.918,60.864],[171.831,60.837],[171.729,60.843],[171.49,60.726],[170.949,60.523],[170.608,60.435],[170.589,60.343],[170.512,60.26],[170.423,60.048],[170.351,59.966],[170.154,59.986],[169.983,60.067],[169.898,60.148],[169.887,60.218],[169.618,60.438],[169.276,60.557],[169.227,60.596],[168.788,60.564],[168.463,60.592],[168.137,60.574],[167.227,60.406],[166.964,60.307],[166.453,59.947],[166.332,59.872],[166.273,59.856],[166.187,59.849],[166.136,59.979],[166.168,60.089],[166.23,60.178],[166.308,60.414],[166.352,60.485],[166.18,60.48],[165.942,60.357],[165.583,60.236],[165.416,60.205],[165.285,60.135],[165.085,60.099],[165.074,59.946],[165.019,59.861],[164.954,59.844],[164.854,59.841],[164.779,59.874],[164.67,59.997],[164.525,60.061],[164.44,60.073],[164.377,60.058],[164.113,59.898],[164.135,59.984],[163.913,60.037],[163.744,60.028],[163.69,59.978],[163.41,59.835],[163.365,59.781],[163.321,59.705],[163.269,59.52],[163.273,59.303],[163.085,59.131],[163.01,59.148],[162.94,59.114],[163.004,59.02],[162.97,58.986],[162.847,58.939],[162.643,58.8],[162.453,58.709],[162.142,58.447],[161.96,58.077],[162.04,57.918],[162.197,57.829],[162.411,57.778],[162.391,57.717],[162.467,57.766],[162.522,57.904],[162.654,57.948],[162.718,57.946],[163.145,57.837],[163.226,57.79],[163.214,57.687],[163.188,57.637],[163.109,57.565],[162.779,57.358],[162.762,57.244],[162.808,57.103],[162.815,57.023],[162.791,56.875],[162.803,56.811],[162.85,56.757],[162.922,56.723],[163.046,56.741],[163.165,56.725],[163.257,56.688],[163.243,56.565],[163.294,56.448],[163.336,56.233],[163.047,56.045],[162.972,56.034],[162.84,56.066],[162.628,56.232],[162.713,56.331],[162.893,56.399],[162.975,56.449],[163.038,56.522],[162.944,56.508],[162.878,56.476],[162.671,56.49],[162.489,56.399],[162.528,56.261],[162.146,56.128],[162.085,56.09],[161.924,55.84],[161.776,55.655],[161.724,55.496],[161.729,55.358],[161.785,55.205],[161.824,55.139],[161.996,54.998],[162.08,54.886],[162.106,54.752],[161.967,54.689],[161.726,54.533],[161.625,54.516],[161.294,54.521],[161.13,54.598],[160.773,54.541],[160.517,54.431],[160.289,54.288],[160.074,54.189],[159.922,54.008],[159.844,53.784],[159.871,53.673],[159.956,53.552],[159.899,53.448],[159.898,53.381],[160.002,53.275],[160.025,53.13],[159.947,53.125],[159.772,53.23],[159.586,53.238],[159.136,53.117],[158.952,53.048],[158.745,52.909],[158.684,52.935],[158.64,53.015],[158.565,53.05],[158.472,53.032],[158.432,52.957],[158.56,52.922],[158.609,52.874],[158.534,52.688],[158.481,52.627],[158.493,52.383],[158.332,52.091],[158.104,51.81],[157.823,51.605],[157.531,51.48],[157.49,51.409],[157.202,51.213],[156.847,51.007],[156.748,50.969],[156.671,51.227],[156.543,51.312],[156.521,51.38],[156.5,51.475],[156.49,51.913],[156.377,52.367],[156.365,52.509],[156.229,52.626],[156.154,52.747],[156.11,52.866],[156.099,53.006],[155.95,53.744],[155.905,53.928],[155.706,54.521],[155.62,54.865],[155.564,55.199],[155.555,55.348],[155.717,56.072],[155.983,56.695],[156.067,56.782],[156.529,57.021],[156.728,57.152],[156.849,57.29],[156.977,57.466],[156.948,57.616],[156.9,57.677],[156.792,57.748],[156.872,57.804],[156.986,57.83],[157.217,57.777],[157.45,57.799],[157.666,58.02],[157.975,57.986],[158.21,58.025],[158.275,58.009],[158.321,58.083],[158.449,58.163],[159.037,58.424],[159.211,58.519],[159.308,58.611],[159.592,58.804],[159.847,59.127],[160.35,59.394],[160.547,59.547],[160.711,59.602],[160.855,59.627],[161.219,59.846],[161.449,60.027],[161.754,60.152],[161.846,60.232],[162.004,60.42],[162.068,60.466],[162.713,60.659],[162.973,60.783],[163.352,60.8],[163.466,60.85],[163.71,60.917],[163.554,61.026],[163.62,61.111],[163.893,61.24],[164.005,61.344],[163.973,61.42],[163.804,61.461],[163.883,61.64],[164.02,61.711],[164.068,61.874],[164.074,62.045],[164.207,62.292],[164.287,62.347],[164.598,62.471],[165.124,62.412],[165.208,62.374],[165.226,62.406],[165.214,62.448],[165.28,62.463],[165.417,62.447],[165.397,62.494],[165.044,62.517],[164.792,62.571],[164.567,62.675],[164.418,62.705],[164.256,62.697],[163.332,62.551],[163.244,62.455],[163.302,62.373],[163.163,62.26],[163.118,62.153],[163.131,62.05],[163.018,61.891],[163.009,61.792],[163.208,61.737],[163.258,61.699],[163.085,61.571],[162.994,61.544],[162.922,61.598],[162.856,61.705],[162.752,61.711],[162.718,61.695],[162.699,61.653],[162.393,61.662],[162.188,61.541],[161.037,60.963],[160.915,60.893],[160.767,60.753],[160.482,60.74],[160.174,60.638],[160.226,60.832],[160.379,61.025],[160.184,61.048],[160.004,61.007],[159.883,60.943],[159.79,60.957],[159.949,61.129],[159.883,61.292],[160.163,61.538],[160.247,61.648],[160.317,61.793],[160.309,61.894],[160.183,61.903],[159.552,61.719],[159.496,61.781],[159.423,61.808],[159.295,61.914],[159.189,61.929],[159.077,61.922],[158.824,61.85],[158.547,61.811],[158.334,61.826],[158.07,61.754],[157.799,61.795],[157.469,61.799],[157.371,61.747],[157.084,61.676],[156.892,61.565],[156.68,61.481],[156.63,61.272],[156.344,61.155],[156.056,60.996],[155.853,60.777],[155.716,60.682],[155.428,60.55],[154.971,60.377],[154.578,60.095],[154.441,59.884],[154.293,59.833],[154.269,59.658],[154.15,59.529],[154.213,59.483],[154.272,59.475],[154.583,59.54],[154.971,59.45],[155.167,59.36],[155.16,59.19],[154.824,59.188],[154.704,59.141],[154.458,59.217],[154.247,59.109],[154.011,59.076],[153.892,59.114],[153.695,59.225],[153.361,59.215],[153.273,59.091],[153.078,59.082],[152.882,58.939],[152.818,58.926],[152.576,58.954],[152.401,59.026],[152.32,59.031],[152.165,58.997],[152.088,58.91],[151.705,58.867],[151.327,58.875],[151.121,59.083],[151.505,59.164],[151.733,59.147],[151.99,59.16],[152.261,59.224],[152.17,59.278],[151.942,59.284],[151.798,59.323],[151.486,59.524],[151.348,59.561],[151.034,59.586],[150.983,59.571],[150.823,59.461],[150.729,59.469],[150.615,59.507],[150.484,59.494],[150.667,59.556],[149.643,59.77],[149.425,59.761],[149.29,59.728],[149.065,59.631],[149.205,59.488],[148.925,59.475],[148.797,59.532],[148.709,59.449],[148.744,59.374],[148.89,59.4],[148.965,59.369],[148.914,59.283],[148.727,59.258],[148.491,59.262],[148.257,59.414],[147.875,59.388],[147.688,59.291],[147.514,59.269],[147.04,59.366],[146.804,59.373],[146.537,59.457],[146.444,59.43],[146.273,59.221],[146.05,59.171],[145.932,59.198],[145.829,59.33],[145.756,59.374],[145.555,59.414],[144.483,59.376],[143.869,59.411],[143.524,59.344],[143.192,59.37],[142.58,59.24],[142.33,59.153],[142.025,59],[141.755,58.745],[141.603,58.649],[141.347,58.528],[140.988,58.417],[140.79,58.303],[140.685,58.212],[140.495,57.865],[140.447,57.814],[140.002,57.688],[139.862,57.549],[139.803,57.514],[139.619,57.456],[139.507,57.358],[139.444,57.33],[139.182,57.262],[138.966,57.088],[138.662,56.966],[138.218,56.629],[138.18,56.589],[138.141,56.499],[138.074,56.433],[137.692,56.139],[137.573,56.112],[137.384,55.975],[136.794,55.694],[136.46,55.577],[136.351,55.51],[136.175,55.352],[135.751,55.161],[135.541,55.114],[135.262,54.943],[135.212,54.841],[135.258,54.731],[135.852,54.584],[136.238,54.614],[136.797,54.621],[136.824,54.561],[136.82,54.452],[136.77,54.353],[136.729,54.061],[136.683,53.931],[136.719,53.804],[136.803,53.782],[136.886,53.839],[137.019,53.848],[137.155,53.822],[137.258,54.025],[137.172,54.057],[137.096,54.129],[137.142,54.182],[137.378,54.282],[137.666,54.283],[137.513,54.156],[137.339,54.101],[137.623,53.97],[137.835,53.947],[137.786,53.903],[137.645,53.866],[137.517,53.707],[137.221,53.579],[137.254,53.546],[137.738,53.56],[137.95,53.604],[138.253,53.726],[138.379,53.909],[138.528,53.96],[138.568,53.947],[138.569,53.819],[138.292,53.592],[138.25,53.524],[138.451,53.537],[138.511,53.57],[138.661,53.745],[138.699,53.87],[138.722,54.044],[138.705,54.148],[138.716,54.223],[138.657,54.298],[138.696,54.32],[139.105,54.218],[139.32,54.193],[139.707,54.277],[139.796,54.256],[139.858,54.205],[140.179,54.052],[140.242,54.001],[140.347,53.813],[140.688,53.596],[141.006,53.495],[141.015,53.454],[141.218,53.334],[141.374,53.293],[141.402,53.184],[141.328,53.097],[141.181,53.015],[140.887,53.092],[140.84,53.088],[140.875,53.04],[141.087,52.898],[141.256,52.84],[141.266,52.653],[141.245,52.55],[141.132,52.436],[141.17,52.368],[141.485,52.179],[141.386,52.057],[141.367,51.921],[141.258,51.861],[141.129,51.728],[140.933,51.62],[140.839,51.414],[140.688,51.232],[140.671,51.051],[140.521,50.8],[140.476,50.546],[140.535,50.131],[140.625,50.082],[140.463,49.911],[140.465,49.826],[140.511,49.762],[140.517,49.596],[140.431,49.331],[140.364,49.221],[140.309,49.054],[140.334,48.995],[140.378,48.964],[140.224,48.773],[140.171,48.524],[140.113,48.423],[139.998,48.324],[139.761,48.181],[139.676,48.09],[139.521,47.975],[139.373,47.887],[139.167,47.635],[139.001,47.383],[138.587,47.057],[138.53,46.976],[138.5,46.89],[138.392,46.745],[138.337,46.543],[138.21,46.463],[138.106,46.251],[137.769,45.929],[137.685,45.818],[137.425,45.64],[137.147,45.394],[136.804,45.171],[136.737,45.08],[136.604,44.978],[136.46,44.822],[136.251,44.667],[136.209,44.562],[136.142,44.489],[135.987,44.44],[135.875,44.374],[135.533,43.971],[135.489,43.899],[135.483,43.835],[135.26,43.685],[135.131,43.526],[134.917,43.427],[134.692,43.291],[134.156,43.042],[134.01,42.947],[133.709,42.83],[133.587,42.828],[133.329,42.764],[133.16,42.697],[133.059,42.723],[132.997,42.808],[132.864,42.794],[132.709,42.876],[132.576,42.872],[132.481,42.91],[132.304,42.883],[132.334,43.239],[132.31,43.314],[132.233,43.245],[132.029,43.119],[131.947,43.095],[131.867,43.095],[131.898,43.171],[132.013,43.28],[131.939,43.302],[131.795,43.255],[131.516,42.996],[131.393,42.822],[131.292,42.772],[131.245,42.697],[131.158,42.626],[131.025,42.645],[130.946,42.634],[130.756,42.673],[130.709,42.656],[130.834,42.523],[130.73,42.326],[130.637,42.275],[130.458,42.302],[130.236,42.183],[130.18,42.097],[130.068,42.046],[130.007,41.991],[129.876,41.806],[129.756,41.712],[129.686,41.595],[129.682,41.494],[129.759,41.392],[129.766,41.304],[129.712,41.124],[129.742,40.932],[129.709,40.857],[129.341,40.726],[129.245,40.661],[129.11,40.491],[128.945,40.428],[128.843,40.358],[128.701,40.318],[128.611,40.198],[128.511,40.13],[128.304,40.036],[128.106,40.033],[127.967,39.996],[127.867,39.896],[127.568,39.782],[127.527,39.696],[127.549,39.461],[127.523,39.377],[127.457,39.401],[127.422,39.374],[127.383,39.296],[127.395,39.208],[127.581,39.143],[127.699,39.125],[127.786,39.084],[127.972,38.898],[128.249,38.745],[128.329,38.681],[128.619,38.176],[128.852,37.887],[129.052,37.678],[129.335,37.275],[129.418,37.059],[129.426,36.926],[129.473,36.742],[129.433,36.637],[129.445,36.471],[129.393,36.323],[129.404,36.052],[129.458,36.006],[129.573,36.051],[129.562,35.948],[129.419,35.498],[129.329,35.333],[129.214,35.182],[128.98,35.102],[128.796,35.094],[128.643,35.12],[128.511,35.101],[128.458,35.069],[128.419,35.016],[128.448,34.932],[128.444,34.87],[128.095,34.934],[128.036,35.022],[127.977,35.019],[127.873,34.966],[127.715,34.955],[127.659,34.926],[127.639,34.89],[127.662,34.843],[127.742,34.783],[127.715,34.721],[127.632,34.69],[127.524,34.84],[127.404,34.823],[127.39,34.743],[127.479,34.625],[127.401,34.553],[127.381,34.501],[127.325,34.463],[127.173,34.546],[127.195,34.605],[127.261,34.662],[127.269,34.72],[127.247,34.755],[127.031,34.607],[126.897,34.439],[126.826,34.451],[126.796,34.494],[126.755,34.512],[126.611,34.404],[126.584,34.318],[126.531,34.314],[126.508,34.351],[126.482,34.494],[126.333,34.59],[126.264,34.673],[126.301,34.72],[126.426,34.695],[126.525,34.698],[126.473,34.756],[126.539,34.779],[126.593,34.824],[126.548,34.837],[126.479,34.81],[126.421,34.823],[126.398,34.933],[126.327,35.045],[126.291,35.154],[126.361,35.217],[126.493,35.501],[126.582,35.534],[126.614,35.571],[126.487,35.606],[126.488,35.647],[126.717,35.769],[126.753,35.872],[126.647,35.922],[126.693,36.014],[126.54,36.166],[126.557,36.236],[126.548,36.478],[126.488,36.694],[126.389,36.651],[126.181,36.692],[126.161,36.772],[126.217,36.871],[126.352,36.958],[126.429,36.969],[126.487,37.007],[126.578,37.02],[126.687,36.96],[126.784,36.948],[126.839,36.846],[126.872,36.824],[126.879,36.862],[126.958,36.906],[126.977,36.939],[126.96,36.958],[126.869,36.976],[126.746,37.194],[126.791,37.295],[126.65,37.447],[126.657,37.551],[126.58,37.654],[126.563,37.717],[126.634,37.782],[126.37,37.878],[126.203,37.829],[126.161,37.764],[126.117,37.743],[126.05,37.87],[125.942,37.874],[125.769,37.985],[125.695,37.963],[125.676,37.918],[125.582,37.815],[125.449,37.73],[125.358,37.725],[125.365,37.748],[125.311,37.844],[125.102,37.882],[124.989,37.931],[125.247,38.057],[125.207,38.082],[125.163,38.094],[124.995,38.078],[124.907,38.113],[124.779,38.102],[124.691,38.129],[124.875,38.233],[124.881,38.342],[124.974,38.48],[125.067,38.557],[125.31,38.665],[125.554,38.686],[125.424,38.747],[125.299,38.743],[125.169,38.806],[125.157,38.872],[125.41,39.288],[125.361,39.527],[125.1,39.59],[124.775,39.758],[124.739,39.742],[124.732,39.652],[124.638,39.615],[124.608,39.717],[124.557,39.791],[124.349,39.907],[124.375,39.996],[124.35,40.012],[124.267,39.924],[124.106,39.841],[123.76,39.822],[123.651,39.882],[123.581,39.786],[123.348,39.763],[123.227,39.687],[123.032,39.674],[122.961,39.62],[122.84,39.601],[122.335,39.366],[122.121,39.152],[121.982,39.053],[121.864,38.996],[121.677,39.003],[121.633,38.955],[121.67,38.892],[121.65,38.865],[121.32,38.808],[121.164,38.732],[121.122,38.813],[121.107,38.921],[121.68,39.109],[121.628,39.22],[121.665,39.269],[121.818,39.387],[121.785,39.401],[121.513,39.375],[121.275,39.385],[121.3,39.452],[121.267,39.545],[121.406,39.621],[121.518,39.639],[121.514,39.685],[121.474,39.755],[121.517,39.845],[121.801,39.951],[121.869,40.046],[121.983,40.136],[122.191,40.358],[122.264,40.5],[122.275,40.542],[122.179,40.603],[122.14,40.688],[121.859,40.842],[121.835,40.974],[121.809,40.969],[121.766,40.876],[121.729,40.846],[121.599,40.843],[121.537,40.878],[121.175,40.901],[121.086,40.842],[120.922,40.683],[120.841,40.649],[120.771,40.589],[120.479,40.231],[120.369,40.204],[119.85,39.987],[119.591,39.903],[119.391,39.752],[119.261,39.561],[119.225,39.408],[119.04,39.222],[118.977,39.183],[118.752,39.16],[118.626,39.177],[118.298,39.067],[118.148,39.195],[118.041,39.227],[117.866,39.191],[117.785,39.134],[117.617,38.853],[117.554,38.691],[117.558,38.625],[117.656,38.424],[117.767,38.312],[118.015,38.183],[118.543,38.095],[118.667,38.126],[118.8,38.127],[118.94,38.043],[119.028,37.904],[119.038,37.777],[119.089,37.701],[118.991,37.641],[118.955,37.494],[118.953,37.331],[118.998,37.277],[119.112,37.201],[119.287,37.138],[119.45,37.125],[119.761,37.155],[119.888,37.253],[119.883,37.351],[120.156,37.495],[120.312,37.623],[120.257,37.679],[120.37,37.701],[120.75,37.834],[121.049,37.725],[121.22,37.6],[121.388,37.579],[121.64,37.46],[121.965,37.445],[122.057,37.529],[122.11,37.522],[122.169,37.456],[122.338,37.405],[122.602,37.426],[122.667,37.403],[122.573,37.318],[122.587,37.181],[122.447,37.068],[122.523,37.003],[122.52,36.947],[122.341,36.832],[122.242,36.85],[122.203,36.927],[122.162,36.959],[121.933,36.959],[121.67,36.836],[121.144,36.66],[121.054,36.611],[120.99,36.598],[120.879,36.635],[120.811,36.633],[120.797,36.607],[120.883,36.539],[120.905,36.485],[120.896,36.444],[120.847,36.426],[120.776,36.456],[120.712,36.413],[120.682,36.341],[120.681,36.168],[120.638,36.13],[120.519,36.109],[120.393,36.054],[120.33,36.11],[120.343,36.189],[120.328,36.228],[120.183,36.202],[120.094,36.119],[120.181,36.017],[120.265,36.007],[120.285,35.984],[120.219,35.935],[120.055,35.861],[119.979,35.74],[119.866,35.644],[119.72,35.589],[119.526,35.359],[119.43,35.301],[119.353,35.114],[119.216,35.012],[119.165,34.849],[119.201,34.748],[119.351,34.749],[119.427,34.714],[119.583,34.582],[119.77,34.496],[119.964,34.448],[120.201,34.326],[120.267,34.274],[120.5,33.716],[120.505,33.638],[120.616,33.491],[120.734,33.237],[120.871,33.017],[120.897,32.843],[120.853,32.764],[120.853,32.661],[120.99,32.567],[121.342,32.425],[121.401,32.372],[121.404,32.206],[121.491,32.121],[121.674,32.051],[121.751,31.993],[121.832,31.9],[121.856,31.816],[121.866,31.704],[121.681,31.712],[121.352,31.859],[121.146,31.842],[120.974,31.869],[120.792,32.032],[120.661,32.081],[120.52,32.106],[120.184,31.966],[120.099,31.976],[120.036,31.936],[120.192,31.906],[120.497,32.02],[120.716,31.984],[120.788,31.82],[120.938,31.75],[121.055,31.719],[121.205,31.628],[121.351,31.485],[121.661,31.32],[121.786,31.163],[121.878,30.917],[121.769,30.87],[121.528,30.841],[121.419,30.79],[121.31,30.7],[120.998,30.558],[120.897,30.393],[120.821,30.355],[120.63,30.391],[120.45,30.388],[120.195,30.241],[120.261,30.263],[120.353,30.247],[120.495,30.303],[120.633,30.133],[120.904,30.161],[121.159,30.302],[121.258,30.304],[121.341,30.282],[121.433,30.227],[121.678,29.979],[121.812,29.952],[121.944,29.894],[122.083,29.87],[121.906,29.78],[121.677,29.584],[121.506,29.485],[121.69,29.511],[121.822,29.605],[121.888,29.628],[121.941,29.606],[121.968,29.491],[121.918,29.135],[121.854,29.129],[121.791,29.226],[121.717,29.256],[121.656,29.236],[121.534,29.237],[121.448,29.131],[121.521,29.118],[121.665,29.011],[121.68,28.953],[121.641,28.916],[121.54,28.932],[121.662,28.851],[121.63,28.768],[121.59,28.735],[121.519,28.714],[121.475,28.641],[121.602,28.367],[121.61,28.292],[121.51,28.324],[121.355,28.23],[121.272,28.222],[121.217,28.346],[121.146,28.327],[121.098,28.291],[120.959,28.037],[120.892,28.004],[120.748,28.01],[120.763,27.977],[120.833,27.938],[120.833,27.891],[120.685,27.745],[120.661,27.688],[120.665,27.639],[120.588,27.581],[120.629,27.482],[120.608,27.412],[120.385,27.156],[120.279,27.097],[120.139,26.886],[120.097,26.781],[120.087,26.672],[119.968,26.586],[119.882,26.61],[119.879,26.683],[119.842,26.689],[119.821,26.737],[119.824,26.846],[119.789,26.831],[119.767,26.775],[119.71,26.729],[119.588,26.785],[119.59,26.73],[119.638,26.621],[119.726,26.609],[119.785,26.547],[119.881,26.334],[119.693,26.236],[119.463,26.055],[119.313,26.063],[119.232,26.104],[119.139,26.122],[119.264,25.975],[119.332,25.949],[119.418,25.954],[119.501,26.009],[119.619,26.004],[119.648,25.919],[119.553,25.699],[119.539,25.591],[119.619,25.437],[119.622,25.391],[119.593,25.368],[119.422,25.46],[119.344,25.446],[119.263,25.468],[119.18,25.45],[119.146,25.414],[119.169,25.356],[119.244,25.307],[119.286,25.232],[119.236,25.206],[119.025,25.223],[118.978,25.209],[118.914,25.127],[118.956,25.005],[118.909,24.929],[118.637,24.836],[118.64,24.809],[118.719,24.746],[118.657,24.621],[118.56,24.58],[118.412,24.601],[118.295,24.573],[118.195,24.626],[118.087,24.627],[118.014,24.56],[118.006,24.482],[117.843,24.474],[117.848,24.432],[117.879,24.396],[118.024,24.38],[118.051,24.327],[118.056,24.246],[117.904,24.106],[117.839,24.012],[117.742,24.015],[117.668,23.939],[117.628,23.837],[117.579,23.857],[117.466,23.841],[117.433,23.792],[117.46,23.771],[117.462,23.736],[117.417,23.621],[117.368,23.589],[117.331,23.709],[117.291,23.714],[117.225,23.647],[117.083,23.579],[117.033,23.623],[116.911,23.647],[116.861,23.453],[116.712,23.36],[116.629,23.354],[116.682,23.327],[116.699,23.278],[116.669,23.228],[116.586,23.218],[116.538,23.18],[116.52,23.007],[116.471,22.946],[116.346,22.941],[116.252,22.981],[116.157,22.887],[116.063,22.879],[115.852,22.802],[115.64,22.853],[115.561,22.825],[115.498,22.719],[115.383,22.719],[115.196,22.817],[115.092,22.782],[115.012,22.709],[114.914,22.685],[114.896,22.64],[114.854,22.617],[114.75,22.626],[114.711,22.739],[114.652,22.755],[114.544,22.621],[114.554,22.529],[114.496,22.527],[114.42,22.583],[114.341,22.593],[114.266,22.541],[114.291,22.499],[114.285,22.458],[114.325,22.437],[114.335,22.396],[114.291,22.374],[114.268,22.296],[114.033,22.376],[113.937,22.365],[113.903,22.396],[113.896,22.428],[114.007,22.484],[114.015,22.512],[113.931,22.531],[113.828,22.607],[113.754,22.734],[113.661,22.802],[113.62,22.861],[113.586,23.02],[113.592,23.077],[113.621,23.127],[113.52,23.102],[113.445,23.055],[113.46,22.996],[113.442,22.941],[113.331,22.912],[113.345,22.865],[113.432,22.789],[113.45,22.726],[113.553,22.594],[113.551,22.404],[113.589,22.35],[113.548,22.223],[113.367,22.165],[113.266,22.089],[113.149,22.075],[113.089,22.208],[113.008,22.119],[112.984,21.938],[112.954,21.907],[112.904,21.881],[112.809,21.945],[112.661,21.859],[112.586,21.777],[112.495,21.818],[112.421,21.881],[112.439,21.927],[112.429,21.958],[112.396,21.981],[112.36,21.978],[112.39,21.801],[112.305,21.742],[112.193,21.763],[112.025,21.843],[111.944,21.85],[111.926,21.776],[111.873,21.717],[111.776,21.719],[111.682,21.608],[111.603,21.559],[111.392,21.535],[111.319,21.486],[111.101,21.485],[111.061,21.511],[111.017,21.512],[110.997,21.43],[110.771,21.387],[110.567,21.214],[110.504,21.207],[110.458,21.231],[110.435,21.327],[110.411,21.338],[110.375,21.172],[110.194,21.038],[110.154,20.945],[110.18,20.859],[110.365,20.838],[110.388,20.791],[110.371,20.752],[110.326,20.72],[110.313,20.672],[110.512,20.518],[110.518,20.46],[110.45,20.355],[110.345,20.295],[110.123,20.264],[109.938,20.295],[109.883,20.364],[109.886,20.413],[109.984,20.403],[109.968,20.448],[109.861,20.514],[109.792,20.622],[109.805,20.711],[109.663,20.917],[109.704,21.053],[109.681,21.132],[109.76,21.228],[109.78,21.337],[109.921,21.376],[109.931,21.481],[109.83,21.484],[109.759,21.56],[109.743,21.528],[109.687,21.525],[109.594,21.672],[109.521,21.693],[109.544,21.538],[109.347,21.454],[109.149,21.426],[109.082,21.44],[109.133,21.544],[109.102,21.59],[109.031,21.627],[108.772,21.63],[108.616,21.77],[108.589,21.816],[108.616,21.869],[108.594,21.901],[108.48,21.905],[108.493,21.739],[108.526,21.671],[108.502,21.633],[108.444,21.607],[108.383,21.679],[108.325,21.694],[108.302,21.622],[108.246,21.558],[108.146,21.565],[108.067,21.526],[107.809,21.497],[107.637,21.368],[107.41,21.285],[107.354,21.055],[107.165,20.949],[107.112,20.96],[107.075,20.999],[106.886,20.95],[106.683,21],[106.675,20.96],[106.753,20.735],[106.551,20.527],[106.573,20.392],[106.518,20.289],[106.396,20.206],[106.166,19.992],[106.062,19.987],[105.984,19.939],[105.814,19.587],[105.812,19.467],[105.785,19.379],[105.791,19.294],[105.716,19.128],[105.639,19.057],[105.622,18.966],[105.888,18.502],[106.066,18.316],[106.145,18.259],[106.24,18.221],[106.499,17.946],[106.459,17.874],[106.479,17.72],[106.356,17.765],[106.371,17.747],[106.517,17.663],[106.736,17.367],[107.12,17.056],[107.18,16.898],[107.355,16.794],[107.549,16.643],[107.541,16.609],[107.724,16.488],[107.803,16.403],[107.834,16.322],[107.882,16.31],[108.029,16.331],[108.17,16.164],[108.209,16.091],[108.267,16.09],[108.286,15.989],[108.395,15.872],[108.447,15.763],[108.578,15.585],[108.674,15.484],[108.821,15.378],[108.898,15.181],[108.94,15.001],[109.022,14.803],[109.085,14.716],[109.087,14.553],[109.191,14.27],[109.207,14.154],[109.303,13.856],[109.288,13.765],[109.247,13.855],[109.252,13.591],[109.288,13.451],[109.272,13.279],[109.31,13.219],[109.377,13.025],[109.424,12.956],[109.42,12.719],[109.445,12.6],[109.336,12.752],[109.219,12.646],[109.305,12.391],[109.207,12.415],[109.216,12.073],[109.259,11.955],[109.247,11.909],[109.215,12.01],[109.199,11.999],[109.158,11.837],[109.199,11.725],[109.133,11.601],[109.04,11.593],[108.987,11.336],[108.821,11.315],[108.7,11.199],[108.551,11.156],[108.272,10.934],[108.095,10.897],[108.001,10.72],[107.845,10.7],[107.564,10.555],[107.47,10.486],[107.262,10.398],[107.194,10.472],[107.088,10.498],[107.036,10.556],[107.007,10.661],[106.984,10.618],[106.947,10.4],[106.902,10.383],[106.813,10.433],[106.727,10.536],[106.606,10.465],[106.741,10.444],[106.778,10.376],[106.757,10.296],[106.464,10.298],[106.729,10.193],[106.785,10.151],[106.785,10.116],[106.659,9.991],[106.657,9.901],[106.596,9.86],[106.449,9.94],[106.136,10.222],[106.184,10.142],[106.507,9.821],[106.564,9.716],[106.572,9.641],[106.484,9.559],[106.378,9.556],[106.204,9.675],[105.926,9.962],[105.831,10.001],[106.112,9.674],[106.159,9.594],[106.206,9.502],[106.168,9.397],[105.501,9.093],[105.401,8.962],[105.322,8.801],[105.191,8.711],[105.114,8.629],[104.892,8.583],[104.77,8.598],[104.896,8.747],[104.819,8.802],[104.815,9.185],[104.845,9.606],[104.903,9.816],[104.987,9.869],[105.093,9.901],[105.084,9.996],[105.028,10.067],[104.966,10.101],[104.873,10.115],[104.802,10.203],[104.663,10.17],[104.613,10.208],[104.594,10.267],[104.516,10.34],[104.262,10.541],[103.937,10.587],[103.902,10.644],[103.871,10.655],[103.841,10.581],[103.662,10.509],[103.587,10.552],[103.532,10.605],[103.54,10.669],[103.592,10.721],[103.681,10.759],[103.722,10.89],[103.654,11.059],[103.532,11.147],[103.354,10.922],[103.153,10.914],[103.106,11.074],[103.091,11.211],[103.125,11.461],[103.011,11.589],[103.004,11.711],[102.949,11.773],[102.934,11.707],[102.912,11.704],[102.884,11.773],[102.792,11.889],[102.763,12.012],[102.594,12.203],[102.54,12.109],[102.343,12.253],[102.259,12.394],[102.23,12.332],[102.034,12.532],[101.724,12.689],[101.445,12.619],[101.09,12.674],[100.954,12.621],[100.898,12.654],[100.863,12.715],[100.896,12.818],[100.904,13.035],[100.946,13.187],[100.926,13.303],[100.963,13.432],[100.907,13.462],[100.656,13.521],[100.603,13.568],[100.536,13.514],[100.236,13.484],[100.122,13.44],[100.017,13.353],[99.991,13.243],[100.051,13.171],[100.09,13.046],[99.964,12.69],[100.006,12.355],[99.989,12.171],[99.93,12.047],[99.837,11.937],[99.799,11.749],[99.725,11.662],[99.627,11.463],[99.514,11.101],[99.487,10.89],[99.285,10.569],[99.237,10.388],[99.165,10.32],[99.19,10.266],[99.195,10.175],[99.161,9.734],[99.288,9.415],[99.254,9.265],[99.394,9.214],[99.724,9.314],[99.836,9.288],[99.905,9.113],[99.961,8.671],[99.99,8.589],[100.129,8.428],[100.154,8.443],[100.163,8.508],[100.229,8.425],[100.279,8.269],[100.454,7.442],[100.545,7.227],[100.439,7.281],[100.411,7.464],[100.38,7.542],[100.284,7.552],[100.28,7.584],[100.324,7.644],[100.317,7.716],[100.257,7.775],[100.158,7.728],[100.161,7.599],[100.205,7.501],[100.424,7.188],[100.49,7.161],[100.586,7.176],[100.793,6.995],[101.018,6.861],[101.302,6.908],[101.401,6.9],[101.498,6.865],[101.614,6.754],[101.799,6.475],[102.101,6.242],[102.34,6.172],[102.534,5.863],[102.79,5.645],[102.982,5.525],[103.097,5.408],[103.197,5.262],[103.416,4.85],[103.454,4.669],[103.469,4.393],[103.421,3.977],[103.362,3.769],[103.373,3.671],[103.454,3.521],[103.429,3.379],[103.445,3.261],[103.439,2.933],[103.537,2.775],[103.812,2.58],[103.832,2.508],[103.968,2.261],[104.219,1.723],[104.288,1.481],[104.28,1.416],[104.176,1.365],[104.115,1.412],[104.076,1.53],[103.981,1.624],[103.992,1.455],[103.915,1.447],[103.817,1.477],[103.695,1.45],[103.55,1.333],[103.48,1.329],[103.4,1.498],[103.357,1.546],[102.897,1.792],[102.727,1.856],[102.548,2.042],[102.146,2.248],[101.89,2.449],[101.781,2.574],[101.52,2.684],[101.407,2.813],[101.296,2.885],[101.354,3.011],[101.3,3.253],[101.115,3.472],[101.025,3.625],[100.851,3.777],[100.715,3.966],[100.796,4.023],[100.661,4.226],[100.615,4.373],[100.615,4.652],[100.473,5.044],[100.353,5.588],[100.374,5.778],[100.343,5.984],[100.263,6.183],[100.158,6.324],[100.119,6.442],[99.869,6.75],[99.696,6.877],[99.72,7.106],[99.668,7.151],[99.602,7.155],[99.553,7.219],[99.597,7.356],[99.529,7.329],[99.435,7.334],[99.359,7.372],[99.3,7.561],[99.264,7.619],[99.183,7.718],[99.078,7.718],[99.043,7.766],[99.051,7.888],[98.974,7.963],[98.789,8.06],[98.704,8.257],[98.579,8.344],[98.5,8.318],[98.474,8.247],[98.421,8.178],[98.361,8.187],[98.305,8.226],[98.238,8.423],[98.227,8.544],[98.242,8.768],[98.326,8.969],[98.371,9.291],[98.443,9.493],[98.493,9.561],[98.562,9.838],[98.703,10.19],[98.658,10.179],[98.563,10.035],[98.521,10.107],[98.497,10.183],[98.523,10.353],[98.465,10.676],[98.536,10.741],[98.676,10.987],[98.683,11.133],[98.745,11.24],[98.73,11.33],[98.741,11.592],[98.791,11.665],[98.876,11.72],[98.805,11.779],[98.694,11.718],[98.636,11.738],[98.625,11.801],[98.645,11.91],[98.689,11.957],[98.664,12.127],[98.696,12.225],[98.631,12.225],[98.6,12.245],[98.619,12.3],[98.679,12.348],[98.624,12.441],[98.665,12.54],[98.663,12.662],[98.576,13.162],[98.487,13.293],[98.421,13.484],[98.245,13.733],[98.239,13.934],[98.2,13.98],[98.15,13.648],[98.111,13.713],[98.098,13.898],[98.073,13.986],[98.1,14.162],[97.998,14.335],[97.977,14.461],[97.91,14.653],[97.929,14.696],[98.019,14.653],[97.937,14.764],[97.869,14.739],[97.812,14.859],[97.8,15.185],[97.744,15.307],[97.774,15.431],[97.71,15.876],[97.584,16.02],[97.641,16.254],[97.634,16.458],[97.665,16.52],[97.726,16.569],[97.62,16.537],[97.376,16.523],[97.331,16.672],[97.267,16.743],[97.212,16.893],[97.178,17.062],[97.2,17.095],[97.1,17.165],[96.97,17.317],[96.851,17.401],[96.91,17.305],[96.851,17.203],[96.909,17.031],[96.811,16.778],[96.765,16.71],[96.622,16.564],[96.507,16.514],[96.431,16.505],[96.364,16.521],[96.282,16.596],[96.249,16.765],[96.22,16.781],[96.189,16.768],[96.238,16.631],[96.237,16.567],[96.324,16.444],[96.293,16.41],[96.135,16.343],[96.043,16.34],[96.012,16.254],[95.763,16.169],[95.679,15.977],[95.556,15.838],[95.39,15.723],[95.301,15.756],[95.308,15.88],[95.365,15.985],[95.347,16.098],[95.333,16.033],[95.177,15.826],[95.078,15.839],[94.943,15.818],[94.891,15.979],[94.893,16.183],[94.848,16.033],[94.798,15.971],[94.662,15.904],[94.651,16.065],[94.681,16.133],[94.677,16.242],[94.72,16.399],[94.703,16.512],[94.665,16.336],[94.588,16.289],[94.442,16.094],[94.299,16.008],[94.224,16.016],[94.214,16.127],[94.271,16.517],[94.327,16.572],[94.353,16.64],[94.4,16.868],[94.452,16.954],[94.473,17.135],[94.564,17.309],[94.589,17.569],[94.56,17.699],[94.494,17.825],[94.431,18.202],[94.266,18.507],[94.252,18.609],[94.171,18.732],[94.246,18.741],[94.091,18.849],[94.07,18.893],[94.039,19.146],[94.045,19.287],[94.022,19.269],[94.002,19.182],[93.941,19.146],[93.968,18.995],[93.929,18.9],[93.705,19.027],[93.493,19.369],[93.531,19.398],[93.579,19.401],[93.728,19.267],[93.825,19.238],[93.962,19.329],[93.998,19.441],[93.961,19.482],[93.84,19.534],[93.77,19.61],[93.74,19.697],[93.612,19.776],[93.707,19.912],[93.582,19.91],[93.41,20.038],[93.25,20.07],[93.157,20.041],[93.199,19.898],[93.191,19.851],[93.129,19.858],[93.002,20.075],[93.096,20.181],[93.015,20.185],[93.067,20.378],[93.035,20.406],[92.991,20.288],[92.882,20.152],[92.828,20.178],[92.791,20.211],[92.891,20.34],[92.736,20.563],[92.709,20.564],[92.733,20.453],[92.723,20.296],[92.608,20.47],[92.324,20.792],[92.308,20.79],[92.056,21.175],[92.011,21.516],[92.008,21.685],[91.913,21.883],[91.825,22.229],[91.863,22.35],[91.797,22.297],[91.693,22.505],[91.53,22.708],[91.482,22.797],[91.48,22.885],[91.41,22.797],[91.216,22.642],[91.151,22.614],[90.946,22.597],[90.827,22.721],[90.656,23.025],[90.634,23.094],[90.656,23.273],[90.616,23.442],[90.604,23.591],[90.573,23.578],[90.556,23.422],[90.269,23.456],[90.392,23.367],[90.523,23.346],[90.591,23.266],[90.595,23.134],[90.466,23.054],[90.478,22.987],[90.552,22.905],[90.462,22.882],[90.437,22.828],[90.435,22.752],[90.498,22.635],[90.487,22.589],[90.596,22.436],[90.616,22.362],[90.589,22.258],[90.356,22.048],[90.288,21.899],[90.231,21.83],[90.159,21.817],[90.071,21.887],[90.088,22.017],[90.21,22.157],[90.143,22.138],[89.954,22.023],[89.918,22.116],[89.894,22.203],[89.894,22.308],[89.985,22.466],[89.882,22.388],[89.853,22.289],[89.866,22.173],[89.853,22.091],[89.812,21.983],[89.757,21.919],[89.668,21.878],[89.628,21.814],[89.569,21.767],[89.547,21.984],[89.483,22.276],[89.469,22.213],[89.503,22.032],[89.501,21.914],[89.452,21.821],[89.354,21.721],[89.279,21.707],[89.234,21.722],[89.094,21.873],[89.082,22.015],[89.051,22.093],[89.028,21.937],[88.949,21.938],[89.02,21.834],[89.052,21.654],[88.967,21.641],[88.907,21.653],[88.858,21.745],[88.834,21.661],[88.745,21.584],[88.695,21.662],[88.691,21.733],[88.74,22.005],[88.708,22.056],[88.66,22.067],[88.642,22.122],[88.567,21.832],[88.6,21.714],[88.585,21.66],[88.446,21.614],[88.305,21.723],[88.287,21.758],[88.254,21.622],[88.122,21.636],[88.057,21.694],[88.181,22.033],[88.196,22.14],[87.994,22.266],[87.941,22.374],[87.962,22.255],[88.159,22.122],[88.051,22.001],[87.948,21.825],[87.824,21.727],[87.678,21.654],[87.201,21.545],[87.101,21.501],[86.954,21.365],[86.86,21.237],[86.842,21.106],[86.896,20.966],[86.939,20.745],[86.975,20.7],[86.763,20.419],[86.769,20.356],[86.75,20.313],[86.499,20.172],[86.377,20.007],[86.294,20.054],[86.245,20.053],[86.312,19.988],[86.279,19.919],[85.575,19.693],[85.497,19.697],[85.511,19.727],[85.56,19.753],[85.555,19.867],[85.504,19.888],[85.46,19.896],[85.249,19.758],[85.163,19.621],[85.181,19.595],[85.229,19.601],[85.371,19.679],[85.437,19.657],[85.442,19.627],[85.226,19.508],[84.771,19.125],[84.75,19.05],[84.691,18.965],[84.463,18.69],[84.182,18.401],[84.104,18.293],[83.654,18.07],[83.198,17.609],[82.977,17.462],[82.593,17.274],[82.36,17.096],[82.287,16.978],[82.282,16.936],[82.36,16.783],[82.327,16.664],[82.259,16.56],[82.142,16.485],[81.762,16.329],[81.402,16.365],[81.286,16.337],[81.239,16.264],[81.132,15.962],[81.03,15.881],[80.979,15.758],[80.865,15.782],[80.826,15.766],[80.782,15.867],[80.647,15.895],[80.385,15.793],[80.293,15.711],[80.101,15.324],[80.053,15.074],[80.099,14.798],[80.179,14.478],[80.17,14.349],[80.112,14.212],[80.144,14.059],[80.224,13.858],[80.246,13.686],[80.307,13.485],[80.266,13.521],[80.233,13.606],[80.156,13.714],[80.062,13.606],[80.114,13.529],[80.29,13.437],[80.342,13.361],[80.229,12.69],[80.143,12.452],[79.982,12.235],[79.858,11.989],[79.754,11.575],[79.793,11.447],[79.693,11.313],[79.799,11.339],[79.849,11.197],[79.838,10.323],[79.667,10.3],[79.532,10.33],[79.391,10.306],[79.315,10.257],[79.254,10.175],[79.258,10.035],[78.996,9.683],[78.94,9.566],[78.919,9.453],[79.02,9.333],[79.275,9.285],[79.356,9.252],[79.411,9.192],[79.213,9.256],[78.98,9.269],[78.421,9.105],[78.275,8.99],[78.192,8.891],[78.136,8.663],[78.126,8.511],[78.06,8.385],[77.77,8.19],[77.587,8.13],[77.518,8.078],[77.301,8.145],[77.066,8.316],[76.967,8.407],[76.617,8.847],[76.553,8.903],[76.472,9.161],[76.403,9.237],[76.325,9.452],[76.242,9.927],[76.285,9.91],[76.343,9.827],[76.372,9.707],[76.376,9.54],[76.42,9.52],[76.459,9.536],[76.346,9.922],[76.223,10.024],[76.196,10.086],[76.201,10.201],[76.123,10.327],[75.923,10.784],[75.845,11.058],[75.724,11.362],[75.646,11.468],[75.525,11.703],[75.315,11.958],[75.197,12.058],[74.946,12.565],[74.868,12.845],[74.771,13.077],[74.682,13.507],[74.671,13.668],[74.608,13.85],[74.499,14.046],[74.467,14.217],[74.382,14.495],[73.949,15.075],[73.884,15.306],[73.801,15.397],[73.932,15.397],[73.772,15.573],[73.833,15.659],[73.733,15.657],[73.68,15.709],[73.608,15.871],[73.476,16.054],[73.338,16.46],[73.239,17.199],[73.149,17.527],[73.156,17.622],[72.994,18.098],[72.917,18.576],[72.875,18.643],[72.899,18.779],[73.006,19.021],[72.972,19.153],[72.901,19.015],[72.835,18.976],[72.803,19.079],[72.795,19.252],[72.812,19.299],[72.987,19.277],[72.788,19.363],[72.756,19.451],[72.799,19.52],[72.727,19.578],[72.668,19.831],[72.709,20.078],[72.881,20.563],[72.894,20.673],[72.879,20.829],[72.814,21.117],[72.752,21.129],[72.692,21.178],[72.624,21.372],[72.735,21.471],[72.613,21.462],[72.811,21.62],[73.112,21.75],[72.979,21.705],[72.84,21.687],[72.543,21.697],[72.592,21.878],[72.7,21.972],[72.522,21.976],[72.553,22.16],[72.628,22.2],[72.809,22.233],[72.59,22.278],[72.456,22.248],[72.333,22.27],[72.183,22.27],[72.243,22.245],[72.306,22.189],[72.274,22.09],[72.244,22.028],[72.162,21.985],[72.094,21.92],[72.076,21.863],[72.037,21.823],[72.171,21.774],[72.21,21.728],[72.257,21.661],[72.254,21.531],[72.077,21.224],[72.015,21.156],[71.571,20.971],[71.396,20.87],[71.025,20.739],[70.88,20.715],[70.719,20.74],[70.485,20.84],[70.034,21.179],[69.748,21.506],[69.542,21.679],[69.385,21.84],[69.192,21.992],[69.009,22.197],[68.97,22.29],[68.983,22.385],[69.052,22.437],[69.131,22.416],[69.194,22.336],[69.277,22.285],[69.549,22.408],[69.655,22.404],[69.728,22.465],[69.819,22.452],[70.006,22.548],[70.177,22.573],[70.44,22.97],[70.513,23.002],[70.489,23.09],[70.435,23.077],[70.339,22.94],[70.251,22.971],[70.118,22.947],[69.85,22.856],[69.74,22.775],[69.665,22.759],[69.236,22.849],[68.817,23.054],[68.641,23.19],[68.417,23.571],[68.454,23.629],[68.777,23.852],[68.497,23.748],[68.425,23.706],[68.343,23.617],[68.235,23.597],[68.165,23.857],[68.116,23.753],[68.037,23.848],[68.001,23.826],[67.951,23.829],[67.86,23.903],[67.819,23.828],[67.668,23.811],[67.646,23.92],[67.563,23.882],[67.504,23.94],[67.477,24.018],[67.428,24.065],[67.365,24.092],[67.309,24.175],[67.289,24.368],[67.171,24.756],[67.101,24.792],[66.703,24.861],[66.682,24.929],[66.71,25.111],[66.699,25.226],[66.57,25.379],[66.534,25.484],[66.429,25.575],[66.324,25.602],[66.219,25.59],[66.162,25.554],[66.131,25.493],[66.356,25.507],[66.468,25.445],[66.235,25.464],[65.884,25.42],[65.68,25.355],[65.406,25.374],[65.061,25.311],[64.777,25.307],[64.659,25.184],[64.544,25.237],[64.152,25.333],[64.125,25.374],[64.059,25.403],[63.987,25.351],[63.936,25.343],[63.721,25.386],[63.557,25.353],[63.496,25.298],[63.491,25.211],[63.17,25.255],[63.015,25.225],[62.665,25.265],[62.572,25.255],[62.391,25.153],[62.315,25.135],[62.199,25.225],[62.089,25.155],[61.908,25.131],[61.744,25.138],[61.533,25.196],[61.412,25.102],[60.664,25.282],[60.615,25.33],[60.587,25.414],[60.511,25.437],[60.4,25.312],[60.025,25.384],[59.897,25.362],[59.818,25.401],[59.616,25.403],[59.456,25.481],[59.227,25.428],[59.046,25.417],[58.798,25.555],[58.531,25.592],[58.203,25.592],[58.022,25.641],[57.937,25.692],[57.796,25.653],[57.733,25.725],[57.335,25.792],[57.206,26.037],[57.201,26.159],[57.104,26.371],[57.072,26.68],[57.036,26.801],[56.91,26.995],[56.813,27.09],[56.728,27.128],[56.356,27.2],[56.118,27.143],[55.941,27.038],[55.65,26.978],[55.592,26.932],[55.519,26.83],[55.424,26.771],[55.294,26.786],[55.155,26.725],[54.896,26.557],[54.759,26.505],[54.645,26.509],[54.522,26.589],[54.247,26.697],[54.069,26.732],[53.823,26.708],[53.706,26.726],[53.507,26.852],[53.455,26.943],[53.342,27.004],[52.983,27.142],[52.692,27.323],[52.638,27.392],[52.603,27.493],[52.476,27.617],[52.192,27.717],[52.031,27.824],[51.589,27.864],[51.279,28.131],[51.276,28.219],[51.094,28.512],[51.062,28.726],[51.021,28.782],[50.867,28.87],[50.843,28.928],[50.876,29.004],[50.876,29.063],[50.796,29.117],[50.675,29.147],[50.646,29.212],[50.668,29.34],[50.65,29.42],[50.544,29.548],[50.387,29.679],[50.23,29.873],[50.169,29.921],[50.072,30.199],[49.983,30.209],[49.555,30.029],[49.43,30.13],[49.028,30.333],[49.002,30.374],[49.049,30.397],[49.096,30.407],[49.19,30.375],[49.247,30.413],[49.225,30.472],[49.13,30.509],[49.002,30.507],[49.037,30.45],[48.917,30.397],[48.891,30.328],[48.919,30.121],[48.832,30.035],[48.671,30.028],[48.596,29.975],[48.454,29.938],[48.355,29.957],[48.142,30.041],[48.073,30.043],[47.983,30.011],[47.974,29.946],[48.006,29.836],[48.136,29.618],[48.143,29.572],[47.97,29.617],[47.725,29.417],[47.723,29.393],[47.845,29.366],[47.998,29.386],[48.051,29.355],[48.184,28.979],[48.339,28.763],[48.39,28.632],[48.499,28.449],[48.523,28.355],[48.626,28.133],[48.809,27.896],[48.833,27.801],[48.797,27.724],[48.906,27.629],[49.237,27.493],[49.175,27.438],[49.405,27.181],[49.538,27.152],[49.717,26.956],[49.986,26.829],[50.15,26.663],[50.026,26.699],[50.008,26.679],[50.027,26.527],[50.185,26.405],[50.214,26.308],[50.155,26.101],[50.054,26.123],[50.032,26.111],[50.081,25.961],[50.239,25.623],[50.281,25.566],[50.455,25.425],[50.508,25.307],[50.558,25.087],[50.726,24.869],[50.804,24.789],[50.847,24.889],[50.777,25.177],[50.755,25.399],[50.763,25.445],[50.869,25.613],[51.003,25.981],[51.108,26.081],[51.262,26.153],[51.389,26.011],[51.543,25.902],[51.572,25.781],[51.485,25.525],[51.602,25.148],[51.609,25.053],[51.587,24.965],[51.533,24.891],[51.428,24.668],[51.268,24.607],[51.338,24.564],[51.411,24.571],[51.418,24.531],[51.37,24.477],[51.31,24.34],[51.535,24.286],[51.568,24.286],[51.605,24.338],[51.665,24.25],[51.768,24.254],[51.792,24.075],[51.843,24.011],[51.906,23.985],[52.119,23.971],[52.251,23.995],[52.511,24.113],[52.648,24.155],[53.026,24.147],[53.33,24.098],[53.802,24.069],[53.893,24.077],[54.148,24.171],[54.304,24.254],[54.397,24.278],[54.458,24.358],[54.535,24.531],[54.624,24.621],[54.659,24.716],[54.747,24.81],[55.098,25.042],[55.304,25.237],[55.322,25.3],[55.523,25.498],[55.941,25.794],[56.025,25.916],[56.075,26.053],[56.164,26.207],[56.197,26.229],[56.306,26.235],[56.379,26.356],[56.413,26.351],[56.43,26.327],[56.416,26.109],[56.374,25.805],[56.307,25.709],[56.298,25.651],[56.363,25.569],[56.373,25.018],[56.49,24.716],[56.641,24.47],[56.774,24.335],[56.913,24.15],[57.22,23.923],[57.611,23.804],[58.12,23.717],[58.325,23.624],[58.578,23.643],[58.773,23.517],[58.83,23.397],[58.912,23.334],[59.03,23.131],[59.195,22.972],[59.311,22.793],[59.429,22.661],[59.535,22.579],[59.823,22.509],[59.837,22.421],[59.824,22.305],[59.8,22.22],[59.681,22.054],[59.653,21.951],[59.518,21.782],[59.371,21.499],[59.304,21.435],[59.069,21.289],[58.896,21.113],[58.69,20.807],[58.474,20.407],[58.349,20.387],[58.266,20.395],[58.209,20.424],[58.245,20.599],[58.169,20.59],[58.103,20.57],[57.862,20.244],[57.802,19.955],[57.741,19.804],[57.714,19.678],[57.715,19.607],[57.761,19.432],[57.764,19.253],[57.812,19.017],[57.676,18.958],[57.428,18.944],[57.177,18.903],[56.957,18.828],[56.826,18.754],[56.655,18.587],[56.551,18.166],[56.383,17.988],[56.27,17.951],[55.614,17.886],[55.479,17.843],[55.255,17.586],[55.238,17.505],[55.281,17.446],[55.296,17.382],[55.275,17.321],[55.174,17.158],[55.064,17.039],[54.772,16.965],[54.567,17.031],[54.377,17.034],[54.068,17.006],[53.954,16.918],[53.775,16.856],[53.61,16.76],[53.298,16.723],[52.581,16.47],[52.328,16.294],[52.237,16.171],[52.174,15.957],[52.222,15.761],[52.217,15.656],[51.831,15.459],[51.749,15.44],[51.604,15.337],[51.322,15.226],[51.015,15.141],[50.527,15.038],[50.167,14.851],[49.906,14.828],[49.549,14.722],[49.35,14.638],[49.048,14.456],[49.005,14.355],[48.929,14.267],[48.78,14.124],[48.668,14.05],[48.449,14.006],[48.278,13.998],[47.99,14.048],[47.916,14.013],[47.855,13.957],[47.633,13.858],[47.408,13.662],[46.976,13.547],[46.789,13.466],[46.502,13.416],[46.203,13.424],[45.92,13.394],[45.657,13.339],[45.534,13.233],[45.394,13.067],[45.164,12.998],[45.039,12.816],[44.755,12.764],[44.618,12.817],[44.358,12.669],[44.112,12.639],[44.006,12.608],[43.93,12.617],[43.835,12.674],[43.634,12.744],[43.488,12.699],[43.475,12.839],[43.232,13.267],[43.282,13.693],[43.234,13.859],[43.089,14.011],[43.093,14.204],[43.006,14.483],[43.021,14.555],[42.922,14.817],[42.913,14.863],[42.937,14.898],[42.936,14.939],[42.856,15.133],[42.658,15.233],[42.698,15.326],[42.788,15.266],[42.799,15.326],[42.8,15.372],[42.717,15.655],[42.84,16.032],[42.79,16.452],[42.731,16.57],[42.699,16.737],[42.647,16.801],[42.553,16.868],[42.544,16.96],[42.475,17.05],[42.383,17.122],[42.332,17.257],[42.294,17.435],[42.052,17.669],[41.75,17.886],[41.658,18.008],[41.508,18.256],[41.432,18.452],[41.229,18.678],[41.221,18.765],[41.116,19.082],[40.913,19.49],[40.792,19.646],[40.759,19.755],[40.616,19.822],[40.482,19.993],[40.081,20.266],[39.884,20.293],[39.728,20.39],[39.614,20.518],[39.491,20.737],[39.276,20.974],[39.094,21.31],[39.151,21.433],[39.147,21.519],[38.988,21.882],[39.034,22.203],[39.096,22.393],[39.062,22.592],[39.001,22.699],[39.007,22.77],[38.939,22.805],[38.883,22.882],[38.941,22.882],[38.797,23.049],[38.706,23.306],[38.464,23.712],[38.289,23.911],[38.099,24.058],[37.978,24.125],[37.92,24.185],[37.821,24.188],[37.713,24.274],[37.543,24.292],[37.338,24.616],[37.181,24.82],[37.266,24.96],[37.218,25.151],[37.149,25.291],[36.921,25.641],[36.763,25.751],[36.703,25.903],[36.675,26.039],[36.519,26.105],[36.25,26.595],[36.094,26.766],[36.032,26.881],[35.852,27.07],[35.763,27.259],[35.581,27.432],[35.424,27.734],[35.18,28.035],[35.078,28.087],[34.722,28.131],[34.625,28.065],[34.616,28.148],[34.683,28.264],[34.78,28.507],[34.799,28.721],[34.982,29.484],[34.973,29.555],[34.849,29.432],[34.736,29.271],[34.617,28.758],[34.446,28.357],[34.427,28.106],[34.4,28.016],[34.22,27.764],[34.045,27.829],[33.76,28.048],[33.594,28.256],[33.416,28.39],[33.248,28.568],[33.202,28.696],[33.204,28.778],[33.13,28.978],[33.076,29.073],[32.871,29.286],[32.721,29.522],[32.647,29.798],[32.566,29.974],[32.473,29.925],[32.489,29.852],[32.409,29.749],[32.36,29.631],[32.397,29.534],[32.565,29.386],[32.599,29.322],[32.638,29.182],[32.632,28.992],[32.659,28.928],[32.784,28.787],[32.898,28.565],[33.023,28.442],[33.202,28.208],[33.372,28.051],[33.495,27.974],[33.547,27.898],[33.55,27.607],[33.697,27.341],[33.802,27.268],[33.849,27.185],[33.893,27.049],[33.959,26.649],[34.05,26.551],[34.329,26.024],[34.565,25.691],[34.679,25.443],[35.194,24.475],[35.397,24.27],[35.478,24.155],[35.625,24.066],[35.784,23.938],[35.632,23.95],[35.541,23.921],[35.504,23.779],[35.523,23.443],[35.564,23.271],[35.698,22.946],[35.846,22.786],[35.913,22.74],[36.23,22.629],[36.415,22.394],[36.83,22.098],[36.87,22.016],[36.883,21.769],[36.927,21.587],[37.081,21.326],[37.212,21.186],[37.259,21.109],[37.257,21.039],[37.217,21.078],[37.151,21.104],[37.141,20.982],[37.173,20.732],[37.228,20.557],[37.188,20.395],[37.193,20.121],[37.263,19.792],[37.248,19.582],[37.362,19.092],[37.471,18.82],[37.532,18.753],[37.599,18.717],[37.73,18.694],[37.922,18.556],[38.074,18.41],[38.202,18.249],[38.283,18.287],[38.333,18.219],[38.574,18.073],[38.912,17.427],[39.143,16.729],[39.223,16.194],[39.299,15.921],[39.422,15.787],[39.507,15.532],[39.579,15.523],[39.631,15.453],[39.721,15.214],[39.786,15.125],[39.819,15.201],[39.79,15.319],[39.813,15.414],[39.864,15.47],[40.041,15.335],[40.084,15.152],[40.204,15.014],[40.305,14.974],[40.546,14.934],[40.634,14.883],[40.799,14.743],[41.176,14.62],[41.48,14.244],[41.658,13.983],[42.245,13.588],[42.346,13.398],[42.399,13.213],[42.523,13.221],[42.734,13.019],[42.796,12.864],[42.97,12.808],[42.999,12.9],[43.083,12.825],[43.131,12.66],[43.299,12.464],[43.354,12.367],[43.41,12.19],[43.38,12.091],[43.337,12.027],[43.048,11.829],[42.799,11.739],[42.64,11.56],[42.522,11.572],[42.54,11.504],[42.653,11.51],[42.912,11.587],[43.162,11.566],[43.441,11.346],[43.631,11.035],[43.853,10.784],[44.279,10.472],[44.387,10.43],[44.943,10.437],[45.338,10.65],[45.696,10.804],[45.817,10.836],[46.025,10.794],[46.254,10.781],[46.46,10.734],[46.565,10.746],[46.973,10.925],[47.23,11.1],[47.405,11.174],[47.474,11.175],[47.712,11.112],[48.019,11.139],[48.439,11.29],[48.573,11.321],[48.674,11.323],[48.903,11.255],[49.062,11.271],[49.388,11.343],[49.642,11.451],[50.11,11.529],[50.466,11.728],[50.636,11.944],[50.792,11.984],[51.255,11.831],[51.218,11.658],[51.136,11.505],[51.084,11.336],[51.122,11.077],[51.141,10.657],[51.094,10.489],[51.032,10.445],[51.063,10.434],[51.188,10.48],[51.193,10.555],[51.369,10.475],[51.385,10.387],[51.268,10.403],[51.209,10.431],[51.036,10.385],[50.93,10.336],[50.898,10.253],[50.874,9.924],[50.833,9.71],[50.825,9.428],[50.685,9.241],[50.638,9.109],[50.43,8.845],[50.286,8.509],[50.103,8.2],[49.852,7.963],[49.761,7.66],[49.671,7.47],[49.57,7.297],[49.349,6.991],[49.235,6.777],[49.093,6.408],[49.049,6.174],[48.649,5.494],[48.234,4.953],[47.975,4.497],[46.879,3.286],[46.051,2.475],[45.826,2.31],[44.92,1.81],[44.333,1.391],[44.033,1.106],[43.718,0.858],[43.468,0.622],[42.561,-0.321],[42.466,-0.457],[42.399,-0.51],[42.219,-0.738],[41.98,-0.973],[41.732,-1.43],[41.632,-1.579],[41.387,-1.867],[41.267,-1.945],[41.107,-1.982],[40.996,-1.951],[40.952,-2.056],[40.89,-2.024],[40.922,-2.194],[40.898,-2.27],[40.82,-2.336],[40.813,-2.392],[40.644,-2.539],[40.404,-2.556],[40.279,-2.629],[40.222,-2.688],[40.18,-2.819],[40.195,-3.019],[40.128,-3.173],[40.115,-3.251],[39.992,-3.351],[39.861,-3.577],[39.819,-3.786],[39.491,-4.478],[39.377,-4.625],[39.288,-4.609],[39.228,-4.666],[39.123,-4.98],[39.119,-5.065],[38.978,-5.519],[38.911,-5.626],[38.819,-5.878],[38.805,-6.07],[38.855,-6.205],[38.874,-6.331],[38.981,-6.455],[39.067,-6.499],[39.125,-6.556],[39.228,-6.685],[39.287,-6.815],[39.472,-6.879],[39.546,-7.024],[39.519,-7.124],[39.433,-7.207],[39.353,-7.341],[39.288,-7.518],[39.287,-7.788],[39.33,-7.747],[39.428,-7.813],[39.441,-8.012],[39.34,-8.243],[39.304,-8.444],[39.377,-8.721],[39.488,-8.862],[39.451,-8.943],[39.641,-9.192],[39.625,-9.409],[39.697,-9.578],[39.784,-9.915],[39.725,-10],[39.864,-10.022],[39.945,-10.092],[39.984,-10.16],[40.084,-10.157],[40.389,-10.354],[40.517,-10.567],[40.612,-10.662],[40.487,-10.765],[40.597,-10.831],[40.516,-10.93],[40.506,-10.998],[40.545,-11.066],[40.491,-11.179],[40.421,-11.266],[40.403,-11.332],[40.465,-11.449],[40.433,-11.657],[40.532,-12.005],[40.501,-12.119],[40.523,-12.393],[40.487,-12.492],[40.548,-12.527],[40.581,-12.636],[40.553,-12.825],[40.448,-12.905],[40.437,-12.983],[40.569,-12.985],[40.57,-13.223],[40.552,-13.294],[40.583,-13.374],[40.545,-13.463],[40.591,-13.845],[40.596,-14.123],[40.603,-14.167],[40.716,-14.214],[40.713,-14.291],[40.64,-14.39],[40.646,-14.539],[40.727,-14.421],[40.775,-14.421],[40.818,-14.468],[40.821,-14.635],[40.845,-14.719],[40.835,-14.792],[40.701,-14.93],[40.694,-15.065],[40.642,-15.082],[40.618,-15.116],[40.653,-15.193],[40.651,-15.261],[40.559,-15.473],[40.109,-15.979],[40.099,-16.065],[39.984,-16.225],[39.86,-16.252],[39.791,-16.295],[39.845,-16.436],[39.765,-16.468],[39.625,-16.579],[39.242,-16.793],[39.182,-16.842],[39.084,-16.973],[38.885,-17.042],[38.67,-17.05],[38.633,-17.078],[38.145,-17.243],[38.048,-17.321],[37.839,-17.393],[37.512,-17.571],[37.245,-17.74],[36.939,-17.993],[36.9,-18.129],[36.756,-18.307],[36.54,-18.518],[36.412,-18.693],[36.404,-18.77],[36.327,-18.793],[36.263,-18.72],[36.236,-18.861],[36.183,-18.871],[36.125,-18.842],[35.854,-18.993],[35.651,-19.164],[35.365,-19.494],[34.948,-19.813],[34.852,-19.821],[34.721,-19.71],[34.649,-19.701],[34.756,-19.822],[34.75,-20.091],[34.698,-20.404],[34.705,-20.473],[34.982,-20.806],[35.118,-21.195],[35.128,-21.395],[35.268,-21.651],[35.273,-21.762],[35.329,-22.037],[35.316,-22.397],[35.383,-22.455],[35.408,-22.403],[35.419,-22.178],[35.456,-22.116],[35.494,-22.125],[35.54,-22.303],[35.542,-22.377],[35.49,-22.658],[35.506,-22.772],[35.575,-22.963],[35.494,-23.185],[35.37,-23.798],[35.399,-23.838],[35.462,-23.851],[35.485,-23.784],[35.522,-23.785],[35.542,-23.824],[35.49,-24.066],[35.438,-24.171],[35.156,-24.541],[34.992,-24.651],[34.607,-24.821],[33.836,-25.068],[33.347,-25.261],[32.961,-25.49],[32.792,-25.644],[32.723,-25.821],[32.59,-26.004],[32.704,-26.158],[32.849,-26.268],[32.916,-26.087],[32.955,-26.084],[32.889,-26.83],[32.849,-27.08],[32.657,-27.607],[32.535,-28.2],[32.375,-28.498],[32.286,-28.621],[32.027,-28.84],[31.892,-28.912],[31.778,-28.937],[31.335,-29.378],[31.17,-29.591],[31.023,-29.901],[30.878,-30.071],[30.664,-30.434],[30.472,-30.715],[30.289,-30.97],[29.971,-31.322],[29.735,-31.47],[29.483,-31.675],[29.128,-32.003],[28.856,-32.294],[28.449,-32.625],[28.214,-32.769],[27.861,-33.054],[27.762,-33.096],[27.364,-33.361],[27.077,-33.521],[26.614,-33.707],[26.429,-33.76],[25.99,-33.711],[25.806,-33.737],[25.652,-33.85],[25.638,-34.011],[25.574,-34.035],[25.17,-33.961],[25.003,-33.974],[24.906,-34.06],[24.827,-34.169],[24.596,-34.175],[24.183,-34.062],[23.698,-33.993],[23.586,-33.985],[23.35,-34.069],[23.268,-34.081],[22.926,-34.063],[22.736,-34.01],[22.554,-34.01],[22.414,-34.054],[22.246,-34.069],[21.789,-34.373],[21.553,-34.373],[21.35,-34.408],[20.99,-34.367],[20.882,-34.387],[20.775,-34.44],[20.53,-34.463],[20.435,-34.509],[20.021,-34.786],[19.85,-34.757],[19.635,-34.753],[19.392,-34.606],[19.298,-34.615],[19.323,-34.571],[19.331,-34.492],[19.245,-34.412],[19.149,-34.417],[19.098,-34.35],[18.952,-34.344],[18.831,-34.364],[18.809,-34.108],[18.752,-34.083],[18.605,-34.077],[18.534,-34.086],[18.5,-34.109],[18.462,-34.168],[18.462,-34.347],[18.41,-34.296],[18.352,-34.188],[18.333,-34.074],[18.354,-33.939],[18.465,-33.888],[18.433,-33.717],[18.261,-33.422],[18.156,-33.359],[18.075,-33.207],[17.993,-33.152],[17.958,-33.046],[17.878,-32.962],[17.851,-32.827],[17.895,-32.75],[17.965,-32.709],[18.037,-32.775],[18.125,-32.749],[18.251,-32.652],[18.325,-32.505],[18.33,-32.27],[18.311,-32.122],[18.211,-31.742],[18.164,-31.655],[17.939,-31.383],[17.677,-31.019],[17.347,-30.445],[17.189,-30.1],[16.95,-29.403],[16.739,-29.009],[16.481,-28.642],[16.335,-28.537],[16.007,-28.232],[15.891,-28.153],[15.719,-27.966],[15.342,-27.387],[15.288,-27.275],[15.216,-26.995],[15.133,-26.788],[15.124,-26.668],[15.163,-26.6],[15.139,-26.508],[15.097,-26.426],[14.968,-26.318],[14.931,-25.958],[14.845,-25.726],[14.864,-25.534],[14.823,-25.359],[14.837,-25.033],[14.768,-24.788],[14.628,-24.548],[14.502,-24.202],[14.483,-24.05],[14.497,-23.643],[14.472,-23.477],[14.474,-23.281],[14.403,-22.968],[14.438,-22.881],[14.496,-22.921],[14.52,-22.805],[14.526,-22.703],[14.463,-22.449],[14.322,-22.19],[13.973,-21.768],[13.839,-21.473],[13.451,-20.917],[13.284,-20.524],[13.168,-20.185],[13.042,-20.028],[12.458,-18.927],[12.329,-18.751],[12.041,-18.471],[11.951,-18.271],[11.776,-18.002],[11.733,-17.751],[11.722,-17.467],[11.78,-16.871],[11.819,-16.704],[11.82,-16.504],[11.797,-15.986],[11.751,-15.832],[11.9,-15.72],[11.968,-15.634],[12.016,-15.514],[12.073,-15.248],[12.28,-14.637],[12.379,-14.039],[12.504,-13.755],[12.55,-13.438],[12.898,-13.028],[12.983,-12.776],[13.163,-12.652],[13.417,-12.52],[13.598,-12.286],[13.686,-12.124],[13.785,-11.813],[13.784,-11.488],[13.847,-11.054],[13.834,-10.93],[13.739,-10.757],[13.721,-10.634],[13.633,-10.512],[13.539,-10.421],[13.495,-10.257],[13.332,-9.999],[13.287,-9.827],[13.209,-9.703],[13.197,-9.551],[13.156,-9.39],[12.999,-9.048],[12.999,-8.991],[13.047,-8.922],[13.093,-8.9],[13.047,-8.975],[13.054,-9.007],[13.359,-8.687],[13.378,-8.625],[13.366,-8.469],[13.379,-8.37],[13.091,-7.78],[12.862,-7.232],[12.823,-6.955],[12.521,-6.59],[12.334,-6.187],[12.283,-6.124],[12.303,-6.093],[12.791,-6.004],[13.01,-5.908],[13.068,-5.865],[13.003,-5.836],[12.861,-5.854],[12.792,-5.878],[12.681,-5.961],[12.515,-6.004],[12.453,-6],[12.412,-5.986],[12.24,-5.807],[12.155,-5.633],[12.207,-5.468],[12.177,-5.325],[12.04,-5.035],[11.821,-4.755],[11.781,-4.677],[11.778,-4.566],[11.668,-4.434],[11.394,-4.2],[11.364,-4.131],[11.032,-3.826],[10.947,-3.662],[10.849,-3.561],[10.641,-3.398],[10.585,-3.278],[10.348,-3.013],[10.006,-2.748],[9.759,-2.519],[9.722,-2.468],[10.002,-2.588],[10.062,-2.55],[9.861,-2.443],[9.769,-2.413],[9.676,-2.416],[9.625,-2.367],[9.533,-2.164],[9.299,-1.903],[9.342,-1.894],[9.483,-1.962],[9.483,-1.895],[9.342,-1.829],[9.266,-1.825],[9.248,-1.779],[9.258,-1.726],[9.158,-1.528],[9.053,-1.379],[9.036,-1.309],[9.319,-1.632],[9.406,-1.635],[9.523,-1.598],[9.501,-1.555],[9.448,-1.509],[9.331,-1.535],[9.296,-1.515],[9.28,-1.482],[9.347,-1.325],[9.297,-1.361],[9.204,-1.382],[9.065,-1.298],[8.877,-0.946],[8.844,-0.914],[8.703,-0.591],[8.757,-0.615],[8.821,-0.708],[8.946,-0.689],[8.995,-0.635],[9.082,-0.624],[9.137,-0.573],[9.297,-0.351],[9.339,-0.058],[9.302,0.289],[9.355,0.344],[9.411,0.2],[9.468,0.16],[9.574,0.149],[9.797,0.044],[9.813,0.126],[10.001,0.195],[9.944,0.22],[9.777,0.192],[9.546,0.296],[9.47,0.362],[9.399,0.487],[9.325,0.552],[9.33,0.611],[9.495,0.665],[9.539,0.659],[9.557,0.594],[9.601,0.568],[9.618,0.577],[9.626,0.779],[9.575,0.991],[9.599,1.054],[9.51,1.115],[9.386,1.139],[9.494,1.435],[9.584,1.54],[9.632,1.566],[9.719,1.789],[9.807,1.927],[9.78,2.068],[9.822,2.539],[9.868,2.735],[9.885,2.917],[9.948,3.079],[9.915,3.24],[9.876,3.31],[9.672,3.538],[9.766,3.624],[9.642,3.612],[9.556,3.798],[9.593,3.814],[9.628,3.87],[9.74,3.853],[9.736,3.88],[9.64,3.965],[9.649,4.008],[9.689,4.056],[9.67,4.077],[9.6,4.027],[9.551,4.028],[9.484,4.066],[9.501,4.001],[9.462,3.943],[9.425,3.922],[9.311,3.94],[9.297,3.973],[9.249,3.998],[9,4.092],[8.977,4.23],[8.932,4.29],[8.914,4.358],[8.903,4.435],[8.918,4.554],[8.856,4.579],[8.762,4.58],[8.708,4.646],[8.66,4.671],[8.69,4.55],[8.656,4.516],[8.574,4.526],[8.533,4.606],[8.571,4.752],[8.544,4.758],[8.515,4.725],[8.431,4.746],[8.394,4.814],[8.342,4.825],[8.253,4.924],[8.234,4.907],[8.328,4.656],[8.293,4.558],[7.644,4.525],[7.566,4.561],[7.531,4.655],[7.509,4.595],[7.46,4.555],[7.284,4.548],[7.144,4.684],[7.077,4.716],[7.087,4.686],[7.164,4.616],[7.155,4.514],[7.013,4.397],[6.923,4.391],[6.868,4.441],[6.825,4.645],[6.788,4.725],[6.768,4.725],[6.793,4.469],[6.86,4.373],[6.757,4.344],[6.633,4.34],[6.602,4.455],[6.58,4.476],[6.555,4.341],[6.264,4.309],[6.271,4.432],[6.215,4.385],[6.206,4.292],[6.173,4.277],[6.077,4.291],[5.971,4.339],[5.799,4.456],[5.588,4.647],[5.493,4.839],[5.383,5.129],[5.403,5.142],[5.452,5.127],[5.476,5.154],[5.388,5.174],[5.37,5.195],[5.368,5.338],[5.501,5.379],[5.55,5.474],[5.386,5.402],[5.232,5.484],[5.199,5.534],[5.216,5.572],[5.394,5.575],[5.457,5.612],[5.35,5.623],[5.325,5.648],[5.327,5.708],[5.276,5.642],[5.173,5.603],[5.112,5.642],[5.093,5.767],[5.042,5.798],[4.861,6.026],[4.634,6.217],[4.431,6.349],[4.126,6.411],[3.487,6.409],[3.451,6.427],[3.752,6.584],[3.717,6.598],[3.503,6.531],[3.43,6.525],[3.336,6.397],[2.772,6.376],[2.287,6.328],[1.818,6.261],[1.311,6.147],[1.106,6.051],[1.05,5.994],[0.95,5.81],[0.749,5.76],[0.26,5.757],[-0.127,5.568],[-0.349,5.501],[-0.485,5.394],[-0.669,5.319],[-0.798,5.227],[-1.064,5.183],[-1.502,5.038],[-1.638,4.981],[-1.777,4.88],[-2.002,4.762],[-2.09,4.764],[-2.266,4.874],[-2.399,4.929],[-2.723,5.014],[-2.965,5.046],[-3.246,5.114],[-3.215,5.147],[-3.019,5.131],[-3.026,5.151],[-3.169,5.203],[-3.151,5.348],[-3.2,5.354],[-3.238,5.335],[-3.312,5.161],[-3.348,5.131],[-3.871,5.221],[-3.984,5.293],[-4.12,5.31],[-4.553,5.28],[-4.609,5.236],[-4.115,5.262],[-4.062,5.257],[-4.037,5.23],[-4.9,5.138],[-4.97,5.148],[-5.024,5.204],[-5.282,5.21],[-5.335,5.192],[-5.368,5.151],[-5.105,5.162],[-5.062,5.131],[-5.565,5.089],[-5.914,5.011],[-6.548,4.762],[-6.845,4.671],[-7.058,4.545],[-7.231,4.486],[-7.426,4.376],[-7.545,4.351],[-7.66,4.367],[-7.998,4.509],[-8.259,4.59],[-9.132,5.055],[-9.375,5.241],[-9.654,5.519],[-10.276,6.078],[-10.418,6.167],[-10.597,6.211],[-10.786,6.31],[-10.849,6.465],[-11.005,6.557],[-11.292,6.688],[-11.548,6.947],[-11.733,7.089],[-11.929,7.184],[-12.486,7.386],[-12.481,7.442],[-12.433,7.545],[-12.51,7.666],[-12.48,7.753],[-12.51,7.753],[-12.57,7.701],[-12.698,7.716],[-12.782,7.791],[-12.851,7.819],[-12.881,7.857],[-12.957,8.145],[-13.021,8.201],[-13.149,8.215],[-13.202,8.336],[-13.273,8.43],[-13.261,8.488],[-13.203,8.484],[-13.158,8.442],[-13.085,8.425],[-12.994,8.526],[-12.913,8.582],[-12.894,8.63],[-12.904,8.656],[-12.953,8.615],[-13.088,8.626],[-13.122,8.589],[-13.182,8.577],[-13.228,8.696],[-13.207,8.843],[-13.071,8.856],[-13.059,8.881],[-13.154,8.898],[-13.272,8.987],[-13.303,9.078],[-13.269,9.171],[-13.396,9.314],[-13.436,9.42],[-13.568,9.543],[-13.691,9.536],[-13.657,9.639],[-13.659,9.776],[-13.7,9.851],[-13.69,9.928],[-13.754,9.87],[-13.82,9.887],[-13.955,9.969],[-14.022,10.048],[-14.045,10.141],[-14.17,10.129],[-14.427,10.248],[-14.61,10.55],[-14.594,10.767],[-14.677,10.689],[-14.776,10.932],[-14.887,10.968],[-14.925,10.945],[-14.975,10.803],[-15.012,10.804],[-15.051,10.835],[-15.043,10.94],[-15.094,11.011],[-15.055,11.142],[-15.097,11.14],[-15.181,11.034],[-15.222,11.031],[-15.217,11.156],[-15.317,11.152],[-15.393,11.217],[-15.395,11.334],[-15.348,11.378],[-15.355,11.396],[-15.449,11.39],[-15.479,11.41],[-15.429,11.499],[-15.253,11.573],[-15.073,11.598],[-15.122,11.662],[-15.23,11.687],[-15.317,11.669],[-15.36,11.623],[-15.413,11.615],[-15.502,11.724],[-15.5,11.778],[-15.467,11.843],[-15.416,11.872],[-15.211,11.871],[-15.102,11.914],[-15.072,11.947],[-15.078,11.969],[-15.112,11.97],[-15.188,11.927],[-15.435,11.944],[-15.513,11.918],[-15.651,11.818],[-15.819,11.763],[-15.942,11.787],[-15.903,11.92],[-15.92,11.938],[-15.959,11.96],[-16.138,11.917],[-16.274,11.978],[-16.328,12.052],[-16.319,12.144],[-16.245,12.237],[-16.312,12.243],[-16.437,12.204],[-16.712,12.355],[-16.785,12.473],[-16.76,12.526],[-16.678,12.56],[-16.553,12.605],[-16.45,12.581],[-16.443,12.609],[-16.549,12.664],[-16.598,12.715],[-16.701,12.603],[-16.744,12.585],[-16.768,12.628],[-16.769,13.148],[-16.825,13.341],[-16.75,13.425],[-16.669,13.475],[-16.615,13.435],[-16.598,13.357],[-16.556,13.303],[-16.413,13.27],[-16.272,13.294],[-16.185,13.283],[-16.188,13.326],[-16.158,13.384],[-15.618,13.46],[-15.427,13.468],[-15.438,13.483],[-15.57,13.5],[-15.85,13.46],[-16.135,13.448],[-16.352,13.343],[-16.441,13.353],[-16.53,13.458],[-16.588,13.69],[-16.648,13.771],[-16.745,13.84],[-16.767,13.905],[-16.734,13.961],[-16.64,14.007],[-16.618,14.041],[-16.792,14.004],[-16.798,14.093],[-16.881,14.208],[-16.974,14.403],[-17.079,14.483],[-17.168,14.641],[-17.261,14.701],[-17.346,14.729],[-17.418,14.723],[-17.445,14.652],[-17.536,14.755],[-17.412,14.792],[-17.147,14.922],[-16.843,15.294],[-16.571,15.734],[-16.535,15.838],[-16.536,16.287],[-16.481,16.454],[-16.464,16.602],[-16.347,16.926],[-16.207,17.193],[-16.079,17.546],[-16.03,17.888],[-16.047,18.223],[-16.085,18.521],[-16.15,18.718],[-16.213,19.003],[-16.306,19.154],[-16.476,19.285],[-16.514,19.362],[-16.475,19.391],[-16.371,19.41],[-16.305,19.513],[-16.445,19.473],[-16.283,19.787],[-16.233,20.001],[-16.241,20.141],[-16.21,20.228],[-16.334,20.416],[-16.43,20.652],[-16.53,20.71],[-16.563,20.604],[-16.623,20.634],[-16.876,21.086],[-16.928,21.115],[-16.998,21.04],[-17.048,20.806],[-17.099,20.857],[-16.931,21.9],[-16.793,22.16],[-16.684,22.274],[-16.514,22.333],[-16.359,22.595],[-16.304,22.835],[-16.202,22.945],[-16.17,23.032],[-16.21,23.098],[-16.114,23.228],[-15.943,23.553],[-15.789,23.793],[-15.802,23.842],[-15.981,23.67],[-15.899,23.844],[-15.778,23.953],[-15.586,24.073],[-15.189,24.479],[-15.039,24.549],[-14.904,24.72],[-14.856,24.872],[-14.843,25.22],[-14.795,25.404],[-14.707,25.548],[-14.602,25.809],[-14.523,25.925],[-14.471,26.163],[-14.414,26.254],[-14.312,26.297],[-14.168,26.415],[-13.952,26.489],[-13.576,26.735],[-13.496,26.873],[-13.41,27.147],[-13.256,27.435],[-13.176,27.656],[-13.041,27.77],[-12.949,27.914],[-12.794,27.978],[-12.469,28.009],[-11.986,28.129],[-11.553,28.31],[-11.43,28.382],[-11.299,28.526],[-11.081,28.714],[-10.674,28.939],[-10.486,29.065],[-10.201,29.38],[-10.01,29.641],[-9.743,29.958],[-9.667,30.109],[-9.624,30.353],[-9.653,30.448],[-9.773,30.603],[-9.854,30.645],[-9.875,30.718],[-9.832,30.847],[-9.809,31.425],[-9.675,31.711],[-9.347,32.086],[-9.287,32.241],[-9.246,32.572],[-8.836,32.92],[-8.596,33.187],[-8.513,33.252],[-8.301,33.374],[-7.562,33.64],[-7.145,33.83],[-6.901,33.969],[-6.756,34.133],[-6.353,34.776],[-5.925,35.786],[-5.623,35.829],[-5.397,35.93],[-5.278,35.903],[-5.338,35.857],[-5.338,35.745],[-5.253,35.615],[-5.105,35.468],[-4.837,35.281],[-4.628,35.206],[-4.33,35.161],[-3.982,35.243],[-3.788,35.245],[-3.693,35.28],[-3.591,35.228],[-3.395,35.212],[-3.206,35.239],[-3.063,35.317],[-2.972,35.407],[-2.954,35.315],[-2.84,35.128],[-2.731,35.135],[-2.637,35.113],[-2.424,35.123],[-2.018,35.085],[-1.913,35.094],[-1.674,35.183],[-1.484,35.303],[-1.336,35.364],[-1.205,35.496],[-0.917,35.668],[-0.426,35.862],[-0.351,35.863],[-0.189,35.819],[-0.048,35.833],[0.048,35.901],[0.152,36.063],[0.312,36.162],[0.515,36.262],[0.791,36.357],[0.972,36.444],[1.257,36.52],[2.343,36.61],[2.593,36.601],[2.846,36.739],[2.973,36.784],[3.521,36.795],[3.779,36.896],[4.758,36.896],[4.995,36.808],[5.196,36.677],[5.295,36.648],[5.425,36.675],[5.725,36.8],[6.065,36.864],[6.249,36.938],[6.328,37.046],[6.487,37.086],[6.576,37.003],[6.928,36.919],[7.238,36.969],[7.204,37.092],[7.432,37.059],[7.608,37],[7.792,36.88],[7.91,36.856],[8.127,36.91],[8.577,36.937],[8.824,36.998],[9.142,37.195],[9.688,37.34],[9.838,37.309],[9.784,37.211],[9.83,37.135],[9.896,37.182],[9.876,37.254],[10.087,37.251],[10.196,37.206],[10.189,37.034],[10.334,36.865],[10.293,36.781],[10.412,36.732],[10.518,36.791],[10.571,36.879],[10.766,36.93],[10.951,37.059],[11.054,37.073],[11.077,36.967],[11.127,36.874],[11.057,36.841],[10.967,36.743],[10.798,36.493],[10.642,36.42],[10.526,36.323],[10.488,36.255],[10.477,36.175],[10.506,36.032],[10.591,35.887],[10.689,35.8],[10.784,35.772],[11.004,35.634],[11.001,35.552],[11.043,35.335],[11.12,35.24],[10.956,35.034],[10.866,34.884],[10.691,34.678],[10.535,34.545],[10.2,34.346],[10.065,34.212],[10.04,34.14],[10.049,34.056],[10.159,33.85],[10.305,33.728],[10.454,33.663],[10.713,33.689],[10.704,33.61],[10.723,33.514],[10.898,33.534],[10.958,33.626],[11.085,33.563],[11.15,33.369],[11.257,33.309],[11.27,33.286],[11.203,33.249],[11.338,33.209],[11.401,33.225],[11.657,33.119],[11.813,33.094],[12.28,32.859],[12.754,32.801],[13.138,32.897],[13.283,32.915],[13.536,32.824],[13.648,32.799],[13.835,32.792],[14.156,32.71],[14.237,32.681],[14.424,32.55],[14.513,32.511],[15.177,32.391],[15.267,32.312],[15.359,32.16],[15.363,31.971],[15.496,31.657],[15.706,31.426],[15.832,31.361],[16.123,31.264],[16.451,31.227],[16.782,31.215],[17.349,31.081],[17.83,30.928],[17.949,30.852],[18.19,30.777],[18.67,30.416],[18.936,30.29],[19.124,30.266],[19.292,30.288],[19.59,30.414],[19.713,30.488],[20.013,30.801],[20.112,30.964],[20.151,31.079],[20.141,31.196],[20.104,31.301],[20.02,31.411],[19.961,31.556],[19.926,31.818],[19.973,31.999],[20.031,32.108],[20.121,32.219],[20.371,32.431],[20.621,32.58],[21.062,32.776],[21.319,32.778],[21.425,32.799],[21.636,32.937],[21.721,32.942],[21.839,32.909],[22.187,32.918],[22.341,32.88],[22.523,32.794],[22.754,32.741],[23.091,32.619],[23.13,32.448],[23.106,32.331],[23.286,32.214],[23.798,32.159],[23.898,32.127],[24.039,32.037],[24.13,32.009],[24.48,31.997],[24.684,32.016],[24.879,31.984],[24.951,31.954],[25.025,31.883],[25.225,31.534],[25.382,31.513],[25.893,31.621],[26.769,31.47],[27.248,31.378],[27.54,31.213],[27.62,31.192],[27.83,31.195],[27.968,31.097],[28.515,31.05],[29.072,30.83],[29.279,30.867],[29.429,30.927],[29.93,31.227],[30.049,31.265],[30.223,31.258],[30.395,31.458],[30.571,31.473],[30.924,31.567],[30.884,31.522],[30.563,31.417],[30.7,31.404],[31.002,31.463],[31.052,31.592],[31.083,31.603],[31.194,31.588],[31.524,31.458],[31.607,31.456],[31.889,31.541],[31.964,31.502],[32.136,31.341],[32.076,31.344],[31.892,31.482],[31.876,31.414],[31.771,31.293],[31.902,31.24],[32.008,31.221],[32.102,31.093],[32.207,31.119],[32.282,31.201],[32.216,31.294],[32.251,31.295],[32.603,31.069],[32.854,31.118],[32.902,31.111],[33.13,31.168],[33.194,31.085],[33.378,31.131],[33.667,31.13],[33.903,31.181],[34.176,31.304],[34.387,31.484],[34.484,31.592],[34.678,31.896],[34.804,32.196],[34.922,32.614],[35.077,32.967],[35.109,33.084],[35.204,33.259],[35.251,33.393],[35.336,33.503],[35.511,33.88],[35.612,34.032],[35.648,34.248],[35.804,34.437],[35.921,34.493],[35.978,34.547],[35.976,34.629],[35.899,34.852],[35.888,34.949],[35.89,35.06],[35.943,35.224],[35.902,35.421],[35.764,35.572],[35.84,35.849],[35.957,35.998],[35.811,36.31],[35.883,36.406],[36.188,36.659],[36.18,36.807],[36.049,36.911],[35.905,36.848],[35.802,36.778],[35.661,36.724],[35.626,36.653],[35.537,36.597],[35.393,36.575],[35.176,36.635],[34.943,36.726],[34.811,36.799],[34.704,36.817],[34.601,36.784],[34.3,36.604],[33.955,36.295],[33.695,36.182],[33.523,36.144],[33.442,36.153],[32.929,36.096],[32.795,36.036],[32.534,36.101],[32.378,36.184],[32.131,36.449],[32.022,36.535],[31.778,36.613],[31.353,36.801],[31.241,36.822],[30.644,36.866],[30.582,36.797],[30.558,36.526],[30.506,36.451],[30.484,36.31],[30.446,36.27],[30.387,36.243],[30.232,36.307],[30.083,36.249],[29.789,36.168],[29.689,36.157],[29.348,36.259],[29.224,36.324],[29.143,36.397],[29.116,36.52],[29.066,36.59],[29.038,36.693],[28.97,36.715],[28.896,36.674],[28.817,36.675],[28.484,36.804],[28.304,36.812],[28.196,36.686],[28.112,36.646],[28.019,36.634],[28.014,36.67],[28.084,36.751],[27.804,36.736],[27.656,36.675],[27.54,36.684],[27.454,36.712],[27.467,36.746],[27.631,36.787],[27.934,36.809],[28.005,36.832],[28.083,36.92],[28.224,36.996],[28.242,37.029],[27.668,37.007],[27.349,37.02],[27.311,36.982],[27.263,36.977],[27.25,37.079],[27.3,37.127],[27.368,37.122],[27.535,37.164],[27.52,37.249],[27.401,37.307],[27.376,37.341],[27.29,37.349],[27.219,37.389],[27.204,37.491],[27.148,37.604],[27.068,37.658],[27.078,37.688],[27.224,37.725],[27.255,37.882],[27.232,37.979],[27.159,37.987],[26.944,38.063],[26.879,38.055],[26.807,38.138],[26.683,38.198],[26.582,38.149],[26.333,38.242],[26.291,38.277],[26.344,38.37],[26.416,38.368],[26.43,38.441],[26.372,38.562],[26.378,38.624],[26.441,38.641],[26.514,38.629],[26.587,38.557],[26.61,38.487],[26.595,38.419],[26.641,38.352],[26.674,38.336],[26.696,38.405],[26.727,38.419],[26.77,38.388],[26.861,38.373],[27.099,38.416],[27.144,38.452],[26.97,38.448],[26.907,38.482],[26.795,38.626],[26.764,38.71],[26.79,38.736],[26.909,38.776],[27.014,38.887],[26.92,38.934],[26.866,38.923],[26.815,38.961],[26.808,39.014],[26.849,39.057],[26.854,39.116],[26.682,39.292],[26.711,39.34],[26.911,39.517],[26.899,39.55],[26.827,39.563],[26.484,39.521],[26.351,39.484],[26.113,39.467],[26.101,39.569],[26.155,39.657],[26.15,39.873],[26.181,39.99],[26.313,40.025],[26.475,40.197],[26.738,40.4],[27.012,40.396],[27.122,40.452],[27.285,40.456],[27.333,40.376],[27.476,40.32],[27.728,40.329],[27.849,40.382],[27.732,40.481],[27.769,40.51],[27.875,40.513],[27.99,40.489],[27.995,40.467],[27.929,40.38],[27.963,40.37],[28.289,40.403],[28.63,40.376],[29.007,40.39],[29.055,40.424],[28.788,40.534],[28.958,40.631],[29.845,40.738],[29.849,40.76],[29.365,40.809],[29.26,40.847],[29.114,40.938],[29.046,41.008],[29.094,41.177],[29.148,41.221],[29.322,41.228],[29.919,41.151],[30.345,41.197],[30.81,41.085],[31.255,41.108],[31.347,41.158],[31.458,41.32],[32.086,41.589],[32.306,41.73],[32.542,41.806],[32.947,41.892],[33.285,42.005],[33.381,42.018],[34.193,41.964],[34.75,41.957],[35.006,42.063],[35.155,42.028],[35.114,41.957],[35.122,41.891],[35.209,41.794],[35.298,41.729],[35.558,41.634],[35.92,41.714],[36.052,41.683],[36.179,41.427],[36.278,41.336],[36.405,41.275],[36.51,41.263],[36.647,41.353],[36.778,41.363],[36.992,41.275],[37.066,41.184],[37.431,41.114],[37.766,41.079],[37.91,41.002],[38.381,40.925],[38.557,40.937],[38.852,41.018],[39.426,41.106],[39.808,40.983],[39.911,40.966],[40,40.977],[40.128,40.943],[40.265,40.961],[40.688,41.107],[40.82,41.19],[40.959,41.212],[41.084,41.261],[41.414,41.424],[41.702,41.705],[41.759,41.817],[41.763,41.97],[41.663,42.147],[41.489,42.659],[41.419,42.738],[41.129,42.828],[41.062,42.931],[40.837,43.063],[40.462,43.146],[40.191,43.312],[39.874,43.473],[39.517,43.728],[39.329,43.897],[38.717,44.288],[38.636,44.318],[38.312,44.374],[38.181,44.42],[37.851,44.699],[37.705,44.661],[37.495,44.695],[37.411,44.735],[37.352,44.788],[37.284,44.905],[37.205,44.972],[36.944,45.07],[36.651,45.126],[36.628,45.151],[36.619,45.185],[36.873,45.252],[36.941,45.29],[36.72,45.372],[36.866,45.427],[36.978,45.384],[37.104,45.303],[37.214,45.272],[37.264,45.311],[37.647,45.377],[37.673,45.43],[37.672,45.488],[37.61,45.5],[37.612,45.565],[37.669,45.654],[37.841,45.8],[37.933,46.002],[38.014,46.048],[38.074,46.017],[38.08,45.935],[38.184,46.095],[38.4,46.08],[38.492,46.091],[38.315,46.242],[38.078,46.394],[37.978,46.383],[37.914,46.406],[37.81,46.532],[37.767,46.636],[37.968,46.618],[38.23,46.701],[38.501,46.664],[38.488,46.732],[38.439,46.813],[38.801,46.906],[39.127,47.023],[39.271,47.044],[39.293,47.106],[39.196,47.269],[39.024,47.272],[38.928,47.176],[38.668,47.144],[38.552,47.15],[38.762,47.262],[38.577,47.239],[38.485,47.176],[38.178,47.08],[37.829,47.096],[37.543,47.075],[37.34,46.917],[37.219,46.917],[37.048,46.876],[36.932,46.825],[36.795,46.714],[36.689,46.764],[36.559,46.763],[36.432,46.733],[36.279,46.659],[36.195,46.646],[36.025,46.667],[35.827,46.624],[35.4,46.381],[35.257,46.204],[35.132,46.126],[35.055,46.104],[35.015,46.106],[35.28,46.279],[35.292,46.371],[35.23,46.441],[35.064,46.267],[34.85,46.19],[34.857,45.987],[35.023,45.701],[35.26,45.447],[35.374,45.354],[35.458,45.316],[35.558,45.311],[35.751,45.389],[35.833,45.402],[36.013,45.372],[36.077,45.424],[36.171,45.453],[36.29,45.457],[36.575,45.394],[36.451,45.232],[36.393,45.065],[36.23,45.026],[36.055,45.031],[35.87,45.005],[35.678,45.102],[35.57,45.119],[35.473,45.098],[35.358,44.978],[35.155,44.896],[35.088,44.803],[34.888,44.824],[34.717,44.807],[34.47,44.722],[34.282,44.538],[34.074,44.424],[33.91,44.388],[33.756,44.399],[33.656,44.433],[33.451,44.554],[33.463,44.597],[33.53,44.681],[33.612,44.908],[33.555,45.098],[33.392,45.188],[33.262,45.171],[33.187,45.195],[32.919,45.348],[32.773,45.359],[32.611,45.328],[32.552,45.35],[32.508,45.404],[32.828,45.593],[33.142,45.749],[33.28,45.765],[33.466,45.838],[33.665,45.947],[33.594,46.096],[33.43,46.058],[33.263,46.126],[33.202,46.176],[32.942,46.124],[32.797,46.131],[32.477,46.084],[32.33,46.13],[32.036,46.261],[31.925,46.287],[31.831,46.282],[31.78,46.325],[31.992,46.364],[32.013,46.387],[32.008,46.43],[31.714,46.472],[31.555,46.554],[31.716,46.555],[31.878,46.522],[32.361,46.475],[32.578,46.616],[32.354,46.565],[32.127,46.597],[32.044,46.642],[31.974,46.709],[31.945,46.784],[31.964,46.855],[31.94,46.982],[31.838,47.157],[31.759,47.213],[31.913,46.926],[31.902,46.722],[31.873,46.65],[31.78,46.632],[31.532,46.665],[31.563,46.777],[31.497,46.738],[31.403,46.629],[31.32,46.612],[31.137,46.624],[30.796,46.552],[30.722,46.366],[30.657,46.267],[30.512,46.105],[30.219,45.867],[29.821,45.732],[29.685,45.755],[29.628,45.722],[29.602,45.683],[29.601,45.6],[29.67,45.541],[29.727,45.343],[29.635,44.98],[29.558,44.843],[29.048,44.758],[29.081,44.799],[29.048,44.926],[29.095,44.975],[28.981,44.993],[28.931,44.966],[28.892,44.919],[28.926,44.81],[28.849,44.716],[28.846,44.637],[28.807,44.565],[28.888,44.575],[28.852,44.506],[28.699,44.374],[28.645,44.296],[28.659,43.984],[28.591,43.797],[28.562,43.501],[28.465,43.389],[28.32,43.427],[28.134,43.396],[28.035,43.268],[27.929,43.186],[27.896,43.021],[27.889,42.75],[27.754,42.707],[27.485,42.468],[27.64,42.401],[27.708,42.35],[27.983,42.047],[28.014,41.969],[27.987,41.855],[28.05,41.729],[28.198,41.554],[28.346,41.466],[28.947,41.248],[29.057,41.23],[29.032,41.14],[28.956,41.008],[28.78,40.974],[28.172,41.081],[27.925,40.991],[27.747,41.013],[27.499,40.973],[27.43,40.84],[27.258,40.687],[26.975,40.564],[26.772,40.498],[26.468,40.261],[26.33,40.123],[26.203,40.075],[26.26,40.202],[26.254,40.315],[26.447,40.445],[26.72,40.544],[26.792,40.627],[26.105,40.611],[26.011,40.769],[25.856,40.844],[25.497,40.888],[25.325,40.943],[25.25,40.933],[25.104,40.995],[25.005,40.968],[24.793,40.858],[24.679,40.869],[24.557,40.936],[24.477,40.948],[24.384,40.913],[24.234,40.786],[24.082,40.724],[23.946,40.748],[23.763,40.748],[23.743,40.677],[23.879,40.544],[23.832,40.482],[23.867,40.419],[24.031,40.409],[24.213,40.328],[24.292,40.242],[24.343,40.148],[24.159,40.28],[23.913,40.359],[23.823,40.368],[23.728,40.33],[23.721,40.286],[23.967,40.115],[24.001,40.025],[23.947,39.966],[23.835,40.022],[23.665,40.224],[23.426,40.264],[23.386,40.222],[23.433,40.115],[23.467,40.074],[23.674,39.959],[23.627,39.924],[23.396,39.99],[23.328,40.09],[23.312,40.216],[22.896,40.4],[22.851,40.491],[22.893,40.524],[22.922,40.591],[22.811,40.579],[22.629,40.496],[22.643,40.367],[22.569,40.119],[22.592,40.037],[22.836,39.801],[22.919,39.629],[22.979,39.564],[23.103,39.492],[23.233,39.358],[23.288,39.289],[23.328,39.175],[23.218,39.104],[23.155,39.101],[23.119,39.133],[23.169,39.21],[23.162,39.258],[22.993,39.331],[22.921,39.306],[22.839,39.259],[22.886,39.17],[22.939,39.112],[22.966,39.031],[23.067,39.038],[22.93,38.948],[22.803,38.902],[22.597,38.891],[22.569,38.867],[22.688,38.849],[22.774,38.8],[23.02,38.742],[23.138,38.668],[23.253,38.661],[23.369,38.526],[23.57,38.489],[23.684,38.352],[23.836,38.325],[23.967,38.275],[24.005,38.227],[24.025,38.14],[24.062,37.775],[24.055,37.71],[24.02,37.678],[23.972,37.677],[23.877,37.778],[23.58,38.011],[23.502,38.035],[23.42,37.992],[23.194,37.959],[23.047,37.903],[23.036,37.878],[23.147,37.795],[23.147,37.716],[23.198,37.62],[23.396,37.58],[23.409,37.542],[23.491,37.464],[23.489,37.44],[23.253,37.377],[23.162,37.334],[23.1,37.364],[23.096,37.441],[23.015,37.482],[22.851,37.532],[22.775,37.585],[22.725,37.542],[22.765,37.393],[22.851,37.291],[23.06,36.854],[23.074,36.775],[23.041,36.645],[23.16,36.448],[23.107,36.452],[22.983,36.528],[22.832,36.687],[22.78,36.786],[22.717,36.794],[22.608,36.78],[22.489,36.568],[22.489,36.447],[22.428,36.476],[22.375,36.514],[22.376,36.702],[22.231,36.883],[22.165,36.903],[22.08,37.029],[21.956,36.99],[21.934,36.804],[21.892,36.737],[21.738,36.863],[21.583,37.081],[21.579,37.2],[21.692,37.309],[21.679,37.387],[21.571,37.541],[21.416,37.64],[21.329,37.669],[21.288,37.775],[21.138,37.854],[21.125,37.892],[21.308,38.027],[21.404,38.197],[21.451,38.205],[21.549,38.165],[21.658,38.175],[21.748,38.274],[21.825,38.328],[21.953,38.321],[22.244,38.189],[22.556,38.113],[22.712,38.047],[22.8,37.981],[22.92,37.958],[22.893,38.051],[22.955,38.075],[23.122,38.073],[23.183,38.134],[23.149,38.176],[22.995,38.216],[22.933,38.202],[22.834,38.235],[22.754,38.29],[22.583,38.345],[22.422,38.439],[22.385,38.386],[22.32,38.357],[22.227,38.353],[21.965,38.412],[21.805,38.367],[21.473,38.321],[21.331,38.487],[21.33,38.424],[21.303,38.374],[21.183,38.346],[21.113,38.385],[20.992,38.654],[20.873,38.776],[20.777,38.808],[20.769,38.874],[20.777,38.928],[20.893,38.941],[21.074,38.885],[21.112,38.896],[21.152,38.922],[21.118,39.03],[20.923,39.037],[20.78,39.009],[20.713,39.035],[20.468,39.255],[20.301,39.327],[20.191,39.546],[20.099,39.641],[20.001,39.709],[19.996,39.801],[19.965,39.872],[19.852,40.044],[19.485,40.21],[19.398,40.285],[19.322,40.407],[19.441,40.376],[19.459,40.405],[19.337,40.664],[19.461,40.933],[19.456,41.106],[19.48,41.236],[19.441,41.425],[19.497,41.563],[19.576,41.64],[19.578,41.788],[19.468,41.856],[19.342,41.869],[19.186,41.949],[19.122,42.06],[18.894,42.249],[18.633,42.378],[18.619,42.398],[18.646,42.443],[18.517,42.433],[18.161,42.634],[17.824,42.797],[17.585,42.837],[17.258,42.968],[17.045,43.015],[17.22,43.026],[17.724,42.851],[17.33,43.115],[17.129,43.211],[16.903,43.392],[16.6,43.464],[16.394,43.543],[16.131,43.506],[15.986,43.52],[15.943,43.569],[15.942,43.657],[15.499,43.909],[15.186,44.172],[15.123,44.257],[15.284,44.289],[15.471,44.272],[15.27,44.383],[14.981,44.603],[14.895,44.707],[14.885,44.818],[14.907,44.971],[14.855,45.081],[14.632,45.223],[14.55,45.298],[14.386,45.342],[14.313,45.338],[14.269,45.283],[14.236,45.16],[13.966,44.836],[13.861,44.837],[13.629,45.108],[13.517,45.482],[13.783,45.627],[13.628,45.771],[13.558,45.771],[13.465,45.71],[13.206,45.771],[13.03,45.638],[12.903,45.611],[12.761,45.544],[12.498,45.462],[12.432,45.468],[12.536,45.545],[12.492,45.546],[12.274,45.446],[12.226,45.242],[12.286,45.208],[12.392,45.04],[12.523,44.968],[12.464,44.845],[12.384,44.798],[12.319,44.833],[12.279,44.832],[12.248,44.723],[12.305,44.429],[12.396,44.224],[12.487,44.134],[12.691,43.995],[12.907,43.921],[13.295,43.686],[13.508,43.612],[13.564,43.571],[13.693,43.39],[13.805,43.18],[13.925,42.852],[14.01,42.69],[14.183,42.506],[14.541,42.244],[14.866,42.053],[15.169,41.934],[15.405,41.913],[15.964,41.939],[16.165,41.896],[16.189,41.814],[16.151,41.758],[15.914,41.621],[15.9,41.512],[16.013,41.435],[16.552,41.232],[17.103,41.062],[17.275,40.975],[17.474,40.841],[17.955,40.655],[18.036,40.565],[18.328,40.371],[18.461,40.221],[18.486,40.105],[18.344,39.821],[18.219,39.853],[18.078,39.937],[17.865,40.28],[17.476,40.315],[17.396,40.34],[17.258,40.399],[17.215,40.486],[17.18,40.503],[17.031,40.513],[16.928,40.458],[16.67,40.137],[16.53,39.86],[16.522,39.748],[16.598,39.639],[16.824,39.578],[16.999,39.482],[17.115,39.381],[17.123,39.137],[17.175,38.998],[17.099,38.919],[16.951,38.94],[16.755,38.89],[16.617,38.8],[16.559,38.715],[16.574,38.494],[16.546,38.409],[16.282,38.25],[16.144,38.086],[16.057,37.942],[15.725,37.939],[15.646,38.034],[15.643,38.175],[15.7,38.262],[15.822,38.303],[15.905,38.483],[15.879,38.614],[15.972,38.713],[16.197,38.759],[16.21,38.941],[16.107,39.024],[16.024,39.354],[15.854,39.627],[15.764,39.87],[15.693,39.99],[15.585,40.053],[15.391,40.052],[15.295,40.07],[14.951,40.239],[14.927,40.265],[14.929,40.31],[14.986,40.377],[14.948,40.469],[14.907,40.556],[14.84,40.63],[14.766,40.668],[14.557,40.626],[14.459,40.633],[14.34,40.599],[14.461,40.729],[14.309,40.813],[14.102,40.827],[14.076,40.794],[14.044,40.812],[14.048,40.87],[13.86,41.13],[13.733,41.236],[13.67,41.254],[13.555,41.232],[13.247,41.289],[13.089,41.244],[12.849,41.409],[12.631,41.47],[12.206,41.813],[12.075,41.941],[11.807,42.082],[11.637,42.288],[11.498,42.363],[11.296,42.423],[11.141,42.39],[11.103,42.417],[11.185,42.457],[11.168,42.535],[10.938,42.739],[10.803,42.804],[10.708,42.936],[10.515,42.968],[10.532,43.14],[10.521,43.204],[10.448,43.371],[10.321,43.513],[10.246,43.852],[10.188,43.948],[10.048,44.02],[9.731,44.101],[9.289,44.319],[9.196,44.323],[8.93,44.408],[8.766,44.422],[8.552,44.346],[8.292,44.137],[8.082,43.919],[8.005,43.877],[7.733,43.803],[7.493,43.767],[7.262,43.696],[7.181,43.659],[6.865,43.438],[6.717,43.374],[6.657,43.262],[6.57,43.199],[6.494,43.169],[6.305,43.139],[6.116,43.072],[6.031,43.101],[5.809,43.098],[5.672,43.178],[5.407,43.229],[5.32,43.345],[5.12,43.349],[5.073,43.367],[5.06,43.445],[4.912,43.427],[4.844,43.394],[4.787,43.401],[4.789,43.379],[4.712,43.373],[4.224,43.48],[4.163,43.504],[4.113,43.563],[4.053,43.593],[3.911,43.563],[3.785,43.462],[3.259,43.193],[3.052,42.915],[3.043,42.838],[3.091,42.591],[3.198,42.461],[3.24,42.368],[3.288,42.344],[3.307,42.289],[3.166,42.256],[3.15,42.162],[3.225,42.111],[3.248,41.944],[3.005,41.767],[2.311,41.467],[2.146,41.321],[2.083,41.287],[1.567,41.196],[1.033,41.062],[0.715,40.823],[0.796,40.804],[0.891,40.722],[0.859,40.686],[0.721,40.63],[0.596,40.615],[0.364,40.319],[0.043,40.014],[-0.075,39.876],[-0.327,39.52],[-0.329,39.417],[-0.205,39.063],[-0.134,38.969],[-0.034,38.891],[0.155,38.825],[0.202,38.759],[0.136,38.697],[-0.053,38.586],[-0.381,38.436],[-0.521,38.317],[-0.551,38.203],[-0.647,38.152],[-0.683,37.992],[-0.753,37.85],[-0.815,37.77],[-0.823,37.712],[-0.722,37.631],[-0.822,37.581],[-1.328,37.561],[-1.641,37.387],[-1.798,37.233],[-1.939,36.946],[-2.112,36.777],[-2.188,36.745],[-2.306,36.82],[-2.453,36.831],[-2.596,36.806],[-2.671,36.748],[-2.788,36.715],[-2.902,36.743],[-3.149,36.758],[-3.259,36.756],[-3.431,36.708],[-3.579,36.74],[-3.828,36.756],[-4.367,36.718],[-4.435,36.7],[-4.502,36.629],[-4.674,36.506],[-4.935,36.502],[-5.171,36.424],[-5.231,36.374],[-5.33,36.236],[-5.361,36.135],[-5.407,36.159],[-5.444,36.151],[-5.463,36.074],[-5.625,36.026],[-5.808,36.088],[-5.961,36.182],[-6.041,36.188],[-6.17,36.334],[-6.226,36.426],[-6.266,36.527],[-6.269,36.597],[-6.384,36.637],[-6.412,36.729],[-6.328,36.848],[-6.217,36.914],[-6.321,36.908],[-6.396,36.832],[-6.492,36.955],[-6.885,37.194],[-6.859,37.249],[-6.864,37.279],[-6.929,37.215],[-6.975,37.198],[-7.175,37.209],[-7.494,37.168],[-7.834,37.006],[-7.94,37.005],[-8.137,37.077],[-8.598,37.121],[-8.739,37.075],[-8.848,37.076],[-8.935,37.016],[-8.998,37.032],[-8.814,37.431],[-8.819,37.592],[-8.792,37.733],[-8.823,37.872],[-8.879,37.959],[-8.802,38.184],[-8.811,38.3],[-8.881,38.447],[-8.668,38.424],[-8.799,38.518],[-8.915,38.512],[-9.187,38.438],[-9.213,38.448],[-9.203,38.539],[-9.25,38.657],[-9.178,38.688],[-9.093,38.697],[-9.021,38.747],[-8.977,38.803],[-9,38.903],[-8.938,38.998],[-8.792,39.078],[-8.867,39.066],[-8.954,39.016],[-9.091,38.835],[-9.136,38.743],[-9.357,38.698],[-9.474,38.731],[-9.48,38.799],[-9.431,38.96],[-9.414,39.112],[-9.353,39.248],[-9.375,39.338],[-9.251,39.426],[-9.148,39.543],[-8.838,40.116],[-8.887,40.179],[-8.873,40.259],[-8.772,40.606],[-8.685,40.753],[-8.66,41.086],[-8.738,41.285],[-8.806,41.56],[-8.811,41.652],[-8.755,41.698],[-8.846,41.705],[-8.888,41.765],[-8.878,41.832],[-8.777,41.941],[-8.852,41.927],[-8.878,41.947],[-8.887,42.105],[-8.691,42.274],[-8.816,42.285],[-8.81,42.334],[-8.73,42.412],[-8.812,42.47],[-8.812,42.64],[-8.988,42.586],[-9.033,42.594],[-9.035,42.662],[-8.927,42.799],[-9.042,42.814],[-9.127,42.865],[-9.235,42.977],[-9.236,43.036],[-9.178,43.174],[-9.025,43.239],[-8.874,43.334],[-8.666,43.317],[-8.537,43.337],[-8.249,43.439],[-8.252,43.497],[-8.289,43.54],[-8.257,43.58],[-8.005,43.694],[-7.853,43.707],[-7.698,43.765],[-7.595,43.727],[-7.504,43.74],[-7.399,43.696],[-7.262,43.595],[-7.061,43.554],[-6.901,43.586],[-6.08,43.595],[-5.847,43.645],[-5.666,43.582],[-5.316,43.553],[-5.105,43.502],[-4.523,43.416],[-4.313,43.415],[-3.889,43.499],[-3.774,43.478],[-3.605,43.519],[-3.524,43.511],[-3.418,43.452],[-3.046,43.372],[-2.948,43.44],[-2.875,43.454],[-2.607,43.413],[-2.337,43.328],[-2.197,43.322],[-1.991,43.345],[-1.829,43.401],[-1.631,43.438],[-1.485,43.564],[-1.346,44.02],[-1.246,44.56],[-1.171,44.662],[-1.077,44.69],[-1.153,44.764],[-1.245,44.667],[-1.189,45.161],[-1.149,45.343],[-1.081,45.532],[-0.826,45.381],[-0.767,45.314],[-0.691,45.093],[-0.548,45.001],[-0.582,45.051],[-0.641,45.09],[-0.733,45.385],[-0.791,45.468],[-0.881,45.538],[-1.196,45.714],[-1.21,45.771],[-1.114,45.769],[-1.032,45.741],[-1.104,45.925],[-1.146,46.311],[-1.392,46.35],[-1.787,46.515],[-2.092,46.865],[-2.09,46.921],[-2.019,47.038],[-2.082,47.112],[-2.144,47.126],[-2.197,47.163],[-2.149,47.224],[-2.108,47.263],[-2.028,47.274],[-1.743,47.216],[-1.975,47.311],[-2.353,47.279],[-2.503,47.312],[-2.53,47.382],[-2.476,47.413],[-2.428,47.471],[-2.483,47.512],[-2.554,47.527],[-2.77,47.514],[-2.797,47.537],[-2.733,47.602],[-2.787,47.626],[-2.964,47.601],[-3.064,47.621],[-3.159,47.695],[-3.265,47.685],[-3.329,47.713],[-3.444,47.711],[-3.508,47.753],[-3.901,47.838],[-4.071,47.848],[-4.226,47.81],[-4.312,47.823],[-4.375,47.877],[-4.428,47.969],[-4.679,48.04],[-4.629,48.086],[-4.378,48.129],[-4.329,48.17],[-4.435,48.218],[-4.512,48.23],[-4.577,48.29],[-4.531,48.31],[-4.403,48.293],[-4.241,48.304],[-4.302,48.347],[-4.393,48.368],[-4.719,48.363],[-4.763,48.45],[-4.721,48.54],[-4.531,48.62],[-4.059,48.708],[-3.856,48.695],[-3.715,48.71],[-3.546,48.766],[-3.471,48.813],[-3.231,48.841],[-3.003,48.791],[-2.793,48.601],[-2.692,48.537],[-2.446,48.648],[-2.079,48.645],[-2.004,48.582],[-1.906,48.697],[-1.852,48.669],[-1.825,48.631],[-1.376,48.653],[-1.48,48.698],[-1.565,48.806],[-1.583,49.202],[-1.69,49.313],[-1.813,49.49],[-1.87,49.595],[-1.856,49.684],[-1.588,49.668],[-1.366,49.707],[-1.259,49.68],[-1.265,49.598],[-1.232,49.495],[-1.139,49.388],[-0.959,49.393],[-0.766,49.36],[-0.521,49.355],[-0.163,49.297],[-0.011,49.33],[0.136,49.402],[0.417,49.448],[0.439,49.473],[0.278,49.463],[0.129,49.508],[0.109,49.558],[0.187,49.703],[0.616,49.863],[0.924,49.91],[1.246,49.998],[1.407,50.089],[1.514,50.205],[1.593,50.252],[1.552,50.294],[1.579,50.739],[1.61,50.819],[1.672,50.885],[1.768,50.936],[1.913,50.991],[2.446,51.067],[2.96,51.265],[3.225,51.352],[3.426,51.394],[3.589,51.399],[3.883,51.354],[4.011,51.396],[4.112,51.361],[4.226,51.386],[4.007,51.443],[3.822,51.409],[3.694,51.45],[3.587,51.454],[3.449,51.541],[3.549,51.589],[3.744,51.596],[3.886,51.574],[4.141,51.456],[4.274,51.472],[4.239,51.504],[4.08,51.551],[4.005,51.596],[4.183,51.61],[4.135,51.673],[3.947,51.811],[4.026,51.928],[4.085,51.994],[4.209,52.059],[4.376,52.197],[4.483,52.309],[4.562,52.443],[4.678,52.81],[4.769,52.941],[4.888,52.908],[5.061,52.961],[5.358,53.096],[5.446,53.214],[5.532,53.269],[5.874,53.375],[6.062,53.407],[6.816,53.441],[6.968,53.327],[7.197,53.282],[7.152,53.327],[7.053,53.376],[7.107,53.557],[7.206,53.655],[7.285,53.681],[7.629,53.697],[8.009,53.691],[8.167,53.543],[8.108,53.468],[8.201,53.432],[8.245,53.445],[8.302,53.584],[8.334,53.606],[8.493,53.514],[8.495,53.394],[8.538,53.557],[8.506,53.671],[8.528,53.781],[8.619,53.875],[8.898,53.836],[9.206,53.856],[9.322,53.813],[9.585,53.6],[9.673,53.566],[9.784,53.555],[9.631,53.6],[9.312,53.859],[9.216,53.891],[8.978,53.926],[8.92,53.965],[8.904,54],[8.907,54.261],[8.852,54.3],[8.78,54.313],[8.736,54.295],[8.645,54.295],[8.626,54.354],[8.648,54.398],[8.952,54.468],[8.957,54.538],[8.682,54.792],[8.661,54.986],[8.573,55.134],[8.67,55.156],[8.651,55.329],[8.616,55.418],[8.132,55.6],[8.202,55.982],[8.121,56.14],[8.164,56.607],[8.281,56.617],[8.553,56.56],[8.608,56.515],[8.672,56.496],[8.718,56.544],[8.736,56.627],[8.888,56.735],[9.067,56.794],[9.196,56.702],[9.255,57.012],[9.11,57.044],[8.993,57.016],[8.876,56.887],[8.772,56.725],[8.603,56.71],[8.468,56.665],[8.268,56.754],[8.284,56.852],[8.427,56.984],[8.619,57.111],[8.812,57.11],[8.952,57.151],[9.299,57.147],[9.434,57.174],[9.554,57.232],[9.815,57.478],[9.962,57.581],[10.259,57.617],[10.533,57.735],[10.61,57.737],[10.481,57.649],[10.46,57.615],[10.445,57.562],[10.537,57.449],[10.518,57.379],[10.524,57.243],[10.437,57.172],[10.338,57.021],[10.296,56.999],[10.283,56.621],[10.384,56.555],[10.49,56.521],[10.846,56.522],[10.926,56.443],[10.856,56.296],[10.753,56.242],[10.621,56.202],[10.539,56.2],[10.427,56.276],[10.319,56.213],[10.183,55.865],[10.159,55.854],[10.017,55.876],[9.904,55.843],[10.024,55.761],[9.999,55.736],[9.899,55.708],[9.773,55.608],[9.661,55.557],[9.591,55.493],[9.671,55.266],[9.643,55.205],[9.505,55.116],[9.454,55.04],[9.572,55.041],[9.688,55],[9.732,54.968],[9.705,54.928],[9.746,54.807],[9.892,54.781],[10.022,54.674],[10.029,54.581],[9.869,54.472],[10.143,54.488],[10.212,54.409],[10.36,54.438],[10.732,54.316],[11.013,54.379],[11.064,54.281],[11.009,54.181],[10.811,54.075],[10.855,54.01],[10.918,53.995],[11.104,54.009],[11.4,53.945],[11.461,53.965],[11.701,54.114],[11.796,54.145],[12.111,54.168],[12.169,54.226],[12.296,54.284],[12.575,54.467],[13.029,54.411],[13.147,54.283],[13.448,54.141],[13.724,54.153],[13.822,54.019],[13.866,53.853],[13.95,53.801],[14.025,53.767],[14.25,53.732],[14.583,53.639],[14.552,53.707],[14.558,53.823],[14.351,53.859],[13.926,53.879],[13.902,53.939],[13.922,53.997],[13.827,54.06],[13.828,54.127],[14.249,53.932],[14.384,53.925],[14.716,54.018],[15.288,54.14],[16.186,54.29],[16.56,54.554],[16.885,54.596],[17.262,54.73],[17.843,54.817],[18.086,54.836],[18.323,54.838],[18.759,54.685],[18.8,54.633],[18.502,54.742],[18.436,54.745],[18.587,54.513],[18.67,54.431],[18.836,54.37],[18.976,54.349],[19.407,54.386],[19.604,54.459],[19.758,54.545],[19.859,54.634],[19.944,54.75],[19.975,54.921],[20.108,54.956],[20.397,54.951],[20.52,54.995],[20.679,55.103],[20.846,55.232],[21.014,55.402],[21.115,55.617],[21.104,55.488],[21.032,55.35],[20.859,55.184],[20.595,54.982],[20.887,54.909],[20.996,54.903],[21.189,54.935],[21.236,55.271],[21.201,55.344],[21.238,55.455],[21.062,55.813],[21.054,56.023],[21.015,56.259],[21.031,56.637],[21.071,56.824],[21.257,56.933],[21.351,57.018],[21.405,57.131],[21.421,57.236],[21.459,57.322],[21.729,57.571],[21.942,57.598],[22.555,57.724],[22.649,57.595],[23.137,57.324],[23.287,57.09],[23.648,56.971],[23.931,57.008],[24.281,57.172],[24.383,57.25],[24.403,57.325],[24.363,57.645],[24.302,57.784],[24.332,57.91],[24.464,58.106],[24.488,58.262],[24.55,58.305],[24.529,58.354],[24.392,58.386],[24.337,58.381],[24.236,58.29],[24.115,58.266],[24.011,58.307],[23.768,58.361],[23.706,58.433],[23.692,58.506],[23.563,58.576],[23.509,58.659],[23.531,58.716],[23.647,58.754],[23.681,58.787],[23.504,58.79],[23.432,58.921],[23.515,58.999],[23.468,59.032],[23.517,59.108],[23.494,59.196],[23.783,59.275],[24.083,59.292],[24.054,59.372],[24.175,59.376],[24.38,59.473],[24.584,59.456],[24.878,59.522],[25.444,59.521],[25.521,59.559],[25.509,59.639],[25.794,59.635],[26.461,59.554],[26.625,59.554],[26.852,59.472],[26.975,59.451],[27.336,59.45],[27.893,59.414],[28.002,59.47],[28.064,59.554],[28.014,59.725],[28.058,59.782],[28.131,59.787],[28.212,59.725],[28.335,59.693],[28.424,59.734],[28.454,59.814],[28.518,59.85],[28.604,59.818],[28.748,59.807],[28.947,59.829],[29.079,59.961],[29.147,60],[29.67,59.956],[30.123,59.874],[30.157,59.904],[30.173,59.957],[29.977,60.026],[29.872,60.121],[29.721,60.195],[29.569,60.202],[29.37,60.176],[29.069,60.191],[28.813,60.332],[28.643,60.375],[28.522,60.483],[28.492,60.54],[28.622,60.492],[28.651,60.611],[28.513,60.677],[28.179,60.571],[27.762,60.533],[27.669,60.499],[27.525,60.491],[27.462,60.465],[27.205,60.543],[27.076,60.525],[26.951,60.471],[26.721,60.455],[26.535,60.413],[26.52,60.472],[26.551,60.546],[26.602,60.596],[26.606,60.628],[26.569,60.625],[26.496,60.552],[26.456,60.467],[26.378,60.424],[26.205,60.407],[26.036,60.475],[25.956,60.474],[26.04,60.372],[26.036,60.342],[25.946,60.347],[25.758,60.268],[25.715,60.267],[25.656,60.333],[25.456,60.261],[25.268,60.248],[25.156,60.194],[24.6,60.114],[24.518,60.046],[24.446,60.021],[24.343,60.042],[23.722,59.966],[23.464,59.986],[23.181,59.845],[23.021,59.816],[22.964,59.826],[23.188,59.972],[23.198,60.022],[23.08,60.047],[22.994,60.099],[22.912,60.21],[22.867,60.216],[22.819,60.101],[22.75,60.057],[22.646,60.028],[22.463,60.029],[22.439,60.09],[22.471,60.147],[22.443,60.157],[22.47,60.201],[22.564,60.206],[22.59,60.228],[22.588,60.256],[22.517,60.263],[22.512,60.281],[22.585,60.381],[22.258,60.401],[21.934,60.5],[21.854,60.505],[21.805,60.594],[21.727,60.583],[21.613,60.531],[21.436,60.596],[21.411,60.637],[21.404,60.767],[21.361,60.967],[21.378,61.059],[21.479,61.171],[21.513,61.281],[21.507,61.484],[21.565,61.484],[21.498,61.552],[21.592,61.568],[21.606,61.592],[21.546,61.703],[21.385,61.915],[21.256,61.99],[21.354,62.224],[21.343,62.277],[21.323,62.343],[21.166,62.414],[21.104,62.623],[21.144,62.74],[21.196,62.791],[21.458,62.95],[21.474,63.033],[21.651,63.039],[21.569,63.114],[21.545,63.204],[21.8,63.238],[21.896,63.21],[22.12,63.244],[22.32,63.31],[22.316,63.346],[22.243,63.438],[22.273,63.455],[22.346,63.442],[22.313,63.473],[22.319,63.504],[22.398,63.491],[22.528,63.58],[22.532,63.648],[22.756,63.683],[23.014,63.822],[23.249,63.896],[23.494,64.034],[23.599,64.041],[23.653,64.134],[23.861,64.258],[23.925,64.274],[24.022,64.386],[24.278,64.515],[24.441,64.68],[24.53,64.739],[24.558,64.801],[24.658,64.806],[24.748,64.852],[24.942,64.884],[25.134,64.875],[25.214,64.853],[25.288,64.86],[25.281,64.916],[25.228,64.951],[25.271,64.984],[25.373,65.009],[25.34,65.099],[25.256,65.143],[25.298,65.243],[25.308,65.353],[25.348,65.479],[25.242,65.546],[24.839,65.66],[24.675,65.671],[24.582,65.757],[24.628,65.859],[24.404,65.78],[24.238,65.812],[23.891,65.782],[23.691,65.829],[23.592,65.805],[23.221,65.786],[23.102,65.735],[22.919,65.786],[22.747,65.871],[22.62,65.807],[22.539,65.794],[22.465,65.853],[22.401,65.862],[22.288,65.751],[22.254,65.598],[22.086,65.611],[22.096,65.584],[22.148,65.553],[22.087,65.53],[21.92,65.532],[21.903,65.508],[21.95,65.47],[21.88,65.424],[21.566,65.408],[21.523,65.359],[21.613,65.299],[21.609,65.261],[21.567,65.255],[21.447,65.321],[21.41,65.317],[21.546,65.207],[21.581,65.161],[21.574,65.126],[21.425,65.013],[21.196,64.877],[21.138,64.809],[21.279,64.725],[21.394,64.544],[21.52,64.463],[21.465,64.38],[21.256,64.299],[21.018,64.178],[20.763,63.868],[20.678,63.826],[20.454,63.774],[20.371,63.723],[20.205,63.662],[19.914,63.611],[19.782,63.538],[19.722,63.463],[19.656,63.458],[19.502,63.509],[19.495,63.424],[19.354,63.477],[19.288,63.429],[19.236,63.347],[19.034,63.238],[18.817,63.257],[18.792,63.238],[18.859,63.207],[18.606,63.178],[18.531,63.064],[18.344,63.032],[18.313,62.996],[18.502,62.989],[18.463,62.896],[18.248,62.849],[18.17,62.789],[18.074,62.791],[18.094,62.836],[17.951,62.834],[17.907,62.887],[17.88,62.873],[17.974,62.721],[17.903,62.659],[18.037,62.601],[17.947,62.578],[17.834,62.503],[17.718,62.501],[17.646,62.451],[17.571,62.451],[17.41,62.508],[17.378,62.463],[17.373,62.427],[17.429,62.335],[17.535,62.264],[17.634,62.233],[17.563,62.212],[17.51,62.166],[17.375,61.866],[17.417,61.741],[17.465,61.684],[17.196,61.725],[17.216,61.656],[17.131,61.576],[17.164,61.458],[17.138,61.382],[17.178,61.358],[17.2,61.312],[17.164,61.278],[17.213,60.986],[17.203,60.952],[17.279,60.812],[17.251,60.701],[17.36,60.641],[17.555,60.643],[17.593,60.628],[17.661,60.535],[17.956,60.59],[18.011,60.511],[18.163,60.408],[18.25,60.362],[18.4,60.337],[18.558,60.254],[18.535,60.153],[18.601,60.119],[18.787,60.079],[18.933,59.942],[18.99,59.828],[18.971,59.757],[18.719,59.657],[18.578,59.566],[18.276,59.438],[18.217,59.421],[18.164,59.43],[17.964,59.359],[17.98,59.329]],[[50.68,46.939],[50.583,46.882],[50.419,46.879],[50.306,46.795],[50,46.634],[49.886,46.596],[49.347,46.519],[49.362,46.41],[49.286,46.437],[49.206,46.386],[49.246,46.292],[49.125,46.282],[49.08,46.189],[48.81,46.1],[48.684,46.086],[48.703,45.976],[48.75,45.921],[48.73,45.897],[48.69,45.889],[48.589,45.935],[48.487,45.935],[48.258,45.778],[48.159,45.737],[47.83,45.663],[47.701,45.686],[47.65,45.657],[47.633,45.584],[47.508,45.674],[47.463,45.68],[47.524,45.602],[47.529,45.53],[47.489,45.455],[47.413,45.421],[47.391,45.295],[47.351,45.218],[47.221,45.024],[47.115,44.906],[47.084,44.817],[47.003,44.876],[46.957,44.783],[46.755,44.657],[46.716,44.561],[46.721,44.452],[46.753,44.421],[46.916,44.387],[47.024,44.343],[47.23,44.192],[47.307,44.103],[47.362,43.993],[47.429,43.78],[47.463,43.555],[47.563,43.835],[47.646,43.885],[47.509,43.51],[47.49,43.382],[47.513,43.219],[47.463,43.035],[47.529,42.967],[47.635,42.903],[47.709,42.811],[47.728,42.681],[47.822,42.613],[48.08,42.354],[48.229,42.181],[48.384,41.953],[48.665,41.787],[48.824,41.63],[49.107,41.302],[49.226,41.026],[49.457,40.8],[49.556,40.716],[49.776,40.584],[49.991,40.577],[50.183,40.505],[50.307,40.412],[50.366,40.279],[50.143,40.323],[49.919,40.316],[49.669,40.249],[49.551,40.194],[49.477,40.087],[49.415,39.84],[49.324,39.608],[49.328,39.501],[49.367,39.398],[49.363,39.35],[49.269,39.285],[49.2,39.073],[49.165,39.03],[49.121,39.004],[49.111,39.085],[49.013,39.134],[48.962,39.079],[48.926,38.962],[48.854,38.839],[48.871,38.393],[48.901,38.144],[48.96,37.89],[49.081,37.668],[49.171,37.601],[49.372,37.52],[49.981,37.445],[50.13,37.407],[50.214,37.34],[50.338,37.149],[50.533,37.014],[50.927,36.81],[51.119,36.743],[51.762,36.615],[52.19,36.622],[53.374,36.869],[53.768,36.93],[53.915,36.93],[53.827,36.881],[53.679,36.853],[53.769,36.818],[53.97,36.818],[54.016,36.85],[54.024,36.901],[53.848,37.67],[53.824,37.928],[53.854,38.286],[53.84,38.515],[53.885,38.864],[53.869,38.949],[53.724,39.103],[53.705,39.21],[53.618,39.216],[53.475,39.306],[53.336,39.341],[53.267,39.343],[53.203,39.317],[53.157,39.265],[53.124,39.347],[53.125,39.432],[53.236,39.609],[53.305,39.557],[53.39,39.536],[53.603,39.547],[53.582,39.607],[53.472,39.669],[53.45,39.749],[53.487,39.909],[53.404,39.96],[52.987,39.988],[52.952,39.895],[53.036,39.774],[52.898,39.913],[52.805,40.054],[52.744,40.22],[52.734,40.399],[52.85,40.686],[52.943,41.038],[53.06,40.89],[53.145,40.825],[53.333,40.783],[53.424,40.793],[53.52,40.831],[53.615,40.819],[53.764,40.666],[53.87,40.649],[54.193,40.72],[54.283,40.694],[54.377,40.693],[54.319,40.835],[54.374,40.871],[54.547,40.832],[54.685,40.873],[54.71,40.891],[54.723,40.951],[54.704,41.071],[54.592,41.194],[54.181,41.432],[54.095,41.519],[53.846,42.091],[53.752,42.129],[53.625,42.136],[53.285,42.082],[53.164,42.094],[52.97,41.976],[52.905,41.896],[52.815,41.712],[52.883,41.653],[52.83,41.342],[52.862,41.21],[52.85,41.2],[52.747,41.365],[52.609,41.529],[52.494,41.78],[52.468,41.886],[52.462,42.101],[52.618,42.428],[52.638,42.556],[52.597,42.76],[52.55,42.805],[52.494,42.82],[52.273,42.8],[52.184,42.869],[52.076,42.88],[51.961,42.851],[51.898,42.87],[51.844,42.91],[51.7,43.104],[51.616,43.158],[51.295,43.174],[51.313,43.356],[51.302,43.482],[51.239,43.577],[51.14,43.649],[51.065,43.75],[50.94,43.959],[50.831,44.193],[50.685,44.265],[50.331,44.325],[50.276,44.355],[50.253,44.406],[50.265,44.527],[50.297,44.582],[50.409,44.624],[50.86,44.629],[51.049,44.53],[51.177,44.501],[51.377,44.541],[51.544,44.531],[51.494,44.578],[51.431,44.602],[51.31,44.619],[51.218,44.709],[51.058,44.812],[51.021,44.854],[51.009,44.922],[51.04,44.98],[51.154,45.04],[51.25,45.122],[51.294,45.23],[51.416,45.358],[51.54,45.343],[51.733,45.399],[52.049,45.388],[52.427,45.405],[52.531,45.399],[52.911,45.32],[53.079,45.308],[53.2,45.332],[53.086,45.407],[52.837,45.497],[52.774,45.573],[52.888,45.78],[53.042,45.968],[53.135,46.192],[53.109,46.414],[53.064,46.475],[53.079,46.547],[53.17,46.669],[53.069,46.856],[53.035,46.893],[52.916,46.954],[52.678,46.957],[52.483,46.991],[52.42,46.964],[52.34,46.895],[52.138,46.829],[52.086,46.84],[52.011,46.902],[51.945,46.895],[51.745,46.934],[51.615,47.03],[51.178,47.11],[50.92,47.041],[50.733,46.952],[50.68,46.939]]]}},{"type":"Feature","properties":{"class":"boundary"},"geometry":{"type":"LineString","coordinates":[[34.245,31.208],[34.348,31.293],[34.35,31.363],[34.526,31.526],[34.477,31.585]]}},{"type":"Feature","properties":{"class":"boundary"},"geometry":{"type":"LineString","coordinates":[[35.551,32.396],[35.484,32.402],[35.403,32.451],[35.362,32.507],[35.193,32.534],[35.065,32.46],[34.956,32.161],[34.99,31.913],[34.954,31.841],[34.961,31.823],[35.053,31.838],[35.127,31.817],[35.198,31.776],[35.204,31.75],[35.035,31.673],[34.951,31.602],[34.873,31.397],[34.88,31.368],[34.908,31.351],[35.101,31.366],[35.409,31.483],[35.451,31.479]]}},{"type":"Feature","properties":{"class":"boundary"},"geometry":{"type":"LineString","coordinates":[[35.109,33.084],[35.411,33.076],[35.493,33.12],[35.533,33.25],[35.579,33.271],[35.603,33.241]]}},{"type":"Feature","properties":{"class":"boundary"},"geometry":{"type":"LineString","coordinates":[[35.787,32.735],[35.888,32.944],[35.859,32.989],[35.845,33.085],[35.817,33.133],[35.827,33.195],[35.785,33.291],[35.841,33.416]]}},{"type":"Feature","properties":{"class":"boundary"},"geometry":{"type":"LineString","coordinates":[[34.004,35.065],[33.966,35.057],[33.866,35.094],[33.792,35.048],[33.675,35.018],[33.526,35.039],[33.476,35],[33.456,35.101],[33.384,35.163],[33.248,35.157],[33.191,35.173],[32.92,35.088],[32.784,35.116],[32.72,35.145],[32.713,35.171]]}},{"type":"Feature","properties":{"class":"boundary"},"geometry":{"type":"LineString","coordinates":[[-8.683,27.656],[-8.818,27.656],[-8.774,27.461],[-8.803,27.361],[-8.797,27.308],[-8.754,27.191],[-8.754,27.151],[-8.795,27.121],[-9.002,27.09],[-9.413,27.088],[-9.735,26.861],[-9.818,26.85],[-9.9,26.85],[-10.033,26.911],[-10.189,26.861],[-10.251,26.861],[-10.551,26.991],[-10.758,27.02],[-10.923,27.01],[-11.393,26.883],[-11.361,26.794],[-11.317,26.745],[-11.338,26.633],[-11.471,26.52],[-11.637,26.296],[-11.718,26.104],[-12.031,26.031],[-12.061,25.991],[-12.081,25.871],[-12.171,25.64],[-12.311,25.111],[-12.431,24.831],[-12.631,24.68],[-12.991,24.47],[-13.061,24.401],[-13.231,24.09],[-13.311,23.981],[-13.771,23.791],[-13.841,23.751],[-13.891,23.691],[-14.021,23.411],[-14.101,23.1],[-14.171,22.76],[-14.191,22.451],[-14.221,22.31],[-14.311,22.191],[-14.441,22.081],[-14.631,21.861],[-14.611,21.751],[-14.671,21.6],[-14.751,21.501],[-14.841,21.451],[-14.971,21.441],[-15.461,21.451],[-15.751,21.491],[-16.041,21.501],[-16.191,21.481],[-16.731,21.47],[-17.003,21.421]]}},{"type":"Feature","properties":{"class":"boundary"},"geometry":{"type":"LineString","coordinates":[[23.605,51.518],[23.609,51.61],[23.707,51.641],[23.978,51.591],[24.127,51.665],[24.28,51.775],[24.362,51.868],[24.866,51.899],[25.067,51.931],[25.786,51.924],[26.394,51.844],[26.453,51.813],[26.773,51.771],[27.142,51.752],[27.296,51.597],[27.601,51.602],[27.69,51.572],[27.677,51.49],[27.7,51.478],[27.741,51.483],[27.859,51.592],[28.011,51.56],[28.08,51.565],[28.184,51.608],[28.599,51.543],[28.648,51.457],[28.731,51.433],[28.793,51.51],[28.85,51.54],[29.102,51.628],[29.174,51.581],[29.299,51.413],[29.347,51.383],[29.553,51.435],[30.161,51.478],[30.309,51.4],[30.333,51.326],[30.45,51.274],[30.545,51.265],[30.577,51.318],[30.633,51.355],[30.602,51.471],[30.533,51.596],[30.667,51.814],[30.755,51.895],[30.981,52.046],[31.079,52.077],[31.218,52.05],[31.346,52.105],[31.763,52.101]]}},{"type":"Feature","properties":{"class":"boundary"},"geometry":{"type":"LineString","coordinates":[[35.841,33.416],[35.627,33.275],[35.603,33.241]]}},{"type":"Feature","properties":{"class":"boundary"},"geometry":{"type":"LineString","coordinates":[[35.841,33.416],[36.034,33.585],[35.972,33.623],[35.942,33.668],[35.986,33.753],[36.092,33.832],[36.365,33.839],[36.363,33.855],[36.282,33.894],[36.278,33.925],[36.355,34.011],[36.458,34.057],[36.535,34.134],[36.585,34.221],[36.504,34.432],[36.456,34.466],[36.33,34.5],[36.433,34.613],[36.384,34.658],[36.296,34.679],[36.264,34.633],[35.976,34.629]]}},{"type":"Feature","properties":{"class":"boundary"},"geometry":{"type":"LineString","coordinates":[[23.485,53.94],[23.734,53.912],[23.873,53.936],[24.191,53.95],[24.318,53.893],[24.621,53.98],[24.768,53.975],[24.826,54.119],[24.87,54.145],[25.046,54.133],[25.111,54.155],[25.18,54.214],[25.284,54.251],[25.371,54.251],[25.461,54.293],[25.506,54.265],[25.527,54.215],[25.497,54.175],[25.51,54.16],[25.573,54.14],[25.749,54.157],[25.765,54.221],[25.748,54.26],[25.703,54.293],[25.558,54.311],[25.547,54.332],[25.62,54.46],[25.725,54.564],[25.722,54.718],[25.781,54.833],[25.859,54.919],[26.093,54.962],[26.175,55.003],[26.251,55.124],[26.292,55.14],[26.601,55.13],[26.648,55.204],[26.776,55.273],[26.76,55.293],[26.495,55.318],[26.458,55.342],[26.567,55.546],[26.594,55.668]]}},{"type":"Feature","properties":{"class":"boundary"},"geometry":{"type":"LineString","coordinates":[[13.815,48.767],[13.77,48.816],[13.548,48.96],[13.441,48.956],[13.401,48.978],[13.339,49.061],[13.141,49.158],[12.917,49.33],[12.813,49.329],[12.681,49.415],[12.5,49.64],[12.39,49.74],[12.498,49.853],[12.512,49.896],[12.458,49.956],[12.276,50.042],[12.208,50.098],[12.175,50.176],[12.09,50.269],[12.09,50.302],[12.135,50.311],[12.175,50.288],[12.277,50.181],[12.453,50.35],[12.549,50.393],[12.765,50.431],[12.943,50.406],[13.016,50.49],[13.181,50.51],[13.238,50.577],[13.306,50.586],[13.375,50.622],[13.436,50.601],[13.557,50.705],[13.701,50.716],[13.899,50.761],[14.369,50.899],[14.377,50.914],[14.299,50.953],[14.256,51.002],[14.32,51.038],[14.546,50.994],[14.595,50.919],[14.624,50.915],[14.614,50.856],[14.658,50.833],[14.766,50.818],[14.809,50.859]]}},{"type":"Feature","properties":{"class":"boundary"},"geometry":{"type":"LineString","coordinates":[[27.352,57.528],[27.187,57.538],[26.966,57.609],[26.533,57.531],[26.462,57.544],[26.298,57.601],[26.03,57.786],[25.991,57.838],[25.794,57.869],[25.721,57.914],[25.571,57.943],[25.283,58.048],[25.258,57.996],[25.111,58.063],[24.459,57.908],[24.362,57.866],[24.323,57.871]]}},{"type":"Feature","properties":{"class":"boundary"},"geometry":{"type":"LineString","coordinates":[[27.352,57.528],[27.511,57.508],[27.539,57.43],[27.829,57.293],[27.83,57.194],[27.763,57.135],[27.717,57.055],[27.711,56.978],[27.639,56.846],[27.806,56.867],[27.849,56.853],[27.882,56.824],[27.892,56.741],[27.992,56.645],[28.008,56.6],[28.103,56.546],[28.202,56.26],[28.148,56.143]]}},{"type":"Feature","properties":{"class":"boundary"},"geometry":{"type":"LineString","coordinates":[[21.046,56.07],[21.653,56.315],[22.085,56.407],[22.587,56.375],[22.876,56.396],[22.968,56.38],[23.043,56.324],[23.12,56.331],[23.196,56.367],[23.813,56.329],[24.121,56.264],[24.474,56.284],[24.7,56.381],[24.841,56.411],[24.903,56.398],[24.944,56.326],[25.07,56.2],[25.586,56.13],[25.663,56.105],[26.086,55.897],[26.281,55.75],[26.401,55.704],[26.594,55.668]]}},{"type":"Feature","properties":{"class":"boundary"},"geometry":{"type":"LineString","coordinates":[[20.622,69.037],[20.117,69.021],[20.337,68.9],[20.348,68.849],[20.319,68.754],[20.24,68.673],[20.147,68.607],[19.969,68.542],[20.24,68.478],[19.97,68.356],[19.053,68.493],[18.77,68.5],[18.379,68.562],[18.303,68.555],[18.163,68.528],[18.147,68.468],[18.177,68.201],[18.125,68.133],[17.917,67.965],[17.325,68.104],[17.17,68.03],[16.784,67.895],[16.586,67.628],[16.457,67.552],[16.194,67.505],[16.127,67.426],[16.361,67.252],[16.434,67.155],[16.403,67.055],[16.238,66.976],[15.557,66.552],[15.423,66.49],[15.484,66.306],[15.375,66.252],[15.04,66.168],[14.543,66.129],[14.635,65.845],[14.635,65.793],[14.55,65.646],[14.48,65.301],[14.115,64.946],[13.65,64.582],[14.078,64.464],[14.12,64.388],[14.148,64.26],[14.141,64.174],[13.961,64.014],[13.203,64.075],[12.988,64.05],[12.793,64],[12.662,63.94],[12.302,63.671],[12.175,63.596],[12.212,63.492],[12,63.292],[12.218,63.001],[12.109,62.919],[12.14,62.721],[12.115,62.592],[12.303,62.286],[12.292,62.167],[12.155,61.721],[12.596,61.541],[12.881,61.352],[12.828,61.222],[12.776,61.174],[12.706,61.06],[12.468,61.042],[12.294,61.003],[12.315,60.892],[12.554,60.546],[12.589,60.451],[12.516,60.305],[12.486,60.107],[12.292,59.967],[12.169,59.913],[11.988,59.891],[11.932,59.864],[11.834,59.697],[11.681,59.592],[11.798,59.29],[11.712,59.019],[11.643,58.926],[11.544,58.893],[11.471,58.91],[11.342,59.088],[11.236,59.105],[11.143,59.088],[11.114,59.022],[11.057,58.959],[10.912,58.946]]}},{"type":"Feature","properties":{"class":"boundary"},"geometry":{"type":"LineString","coordinates":[[20.622,69.037],[20.676,69.069],[20.889,69.071],[21.066,69.042],[21.128,69.081],[21.053,69.187],[21.066,69.214],[21.267,69.274],[21.594,69.274],[22.3,68.856],[22.383,68.777],[22.411,68.72],[23.072,68.674],[23.144,68.643],[23.324,68.649],[23.707,68.714],[23.854,68.806],[23.997,68.798],[24.332,68.712],[24.703,68.653],[24.802,68.607],[24.941,68.593],[25.087,68.64],[25.173,68.765],[25.249,68.821],[25.357,68.862],[25.575,68.887],[25.748,68.99],[25.768,69.076],[25.749,69.231],[25.767,69.283],[25.85,69.366],[25.962,69.589],[26.012,69.653],[26.072,69.692],[26.308,69.782],[26.525,69.915],[26.74,69.933],[27.128,69.906],[27.592,70.042],[27.748,70.065],[27.89,70.062],[28.047,69.972],[28.412,69.823],[29.142,69.671],[29.333,69.473],[29.239,69.394],[28.846,69.177],[28.833,69.119],[28.892,69.061],[28.966,69.022]]}},{"type":"Feature","properties":{"class":"boundary"},"geometry":{"type":"LineString","coordinates":[[6.344,49.453],[6.378,49.6],[6.485,49.708],[6.487,49.798],[6.325,49.838],[6.205,49.915],[6.138,49.974],[6.11,50.034],[6.117,50.121]]}},{"type":"Feature","properties":{"class":"boundary"},"geometry":{"type":"LineString","coordinates":[[2.525,51.097],[2.536,51.049],[2.601,50.955],[2.579,50.912],[2.597,50.876],[2.759,50.751],[2.84,50.712],[3.107,50.779],[3.182,50.732],[3.235,50.663],[3.273,50.532],[3.316,50.507],[3.595,50.477],[3.627,50.457],[3.667,50.325],[3.689,50.306],[3.748,50.343],[3.95,50.336],[4.044,50.321],[4.175,50.246],[4.135,50.144],[4.192,50.094],[4.184,50.053],[4.137,50],[4.149,49.972],[4.369,49.945],[4.545,49.96],[4.656,50.002],[4.707,50.097],[4.819,50.153],[4.861,50.136],[4.79,49.96],[4.842,49.914],[4.868,49.788],[5.007,49.778],[5.124,49.721],[5.279,49.678],[5.507,49.511],[5.79,49.538]]}},{"type":"Feature","properties":{"class":"boundary"},"geometry":{"type":"LineString","coordinates":[[6.117,50.121],[6.089,50.155],[5.976,50.167],[5.867,50.083],[5.744,49.92],[5.725,49.808],[5.88,49.645],[5.79,49.538]]}},{"type":"Feature","properties":{"class":"boundary"},"geometry":{"type":"LineString","coordinates":[[46.43,41.891],[46.213,41.99],[45.954,42.035],[45.846,42.11],[45.639,42.205],[45.634,42.235],[45.728,42.475],[45.705,42.498],[45.563,42.536],[45.344,42.53],[45.16,42.675],[44.871,42.756],[44.771,42.617],[44.692,42.71],[44.644,42.735],[44.506,42.749],[44.005,42.596],[43.957,42.567],[43.826,42.572],[43.738,42.617],[43.75,42.657],[43.795,42.703],[43.783,42.747],[43.558,42.844],[43.089,42.989],[43,43.05],[42.992,43.091],[42.761,43.17],[42.566,43.155],[42.419,43.224],[42.28,43.228],[42.05,43.19],[41.581,43.219],[41.358,43.333],[41.083,43.374],[40.648,43.534],[40.519,43.512],[40.15,43.57],[40.085,43.553],[39.978,43.42]]}},{"type":"Feature","properties":{"class":"boundary"},"geometry":{"type":"LineString","coordinates":[[20.964,40.85],[20.933,40.903],[20.87,40.918],[20.741,40.905],[20.709,40.928],[20.656,41.062],[20.568,41.128],[20.489,41.273],[20.492,41.391],[20.449,41.521],[20.516,41.575],[20.505,41.706],[20.566,41.874]]}},{"type":"Feature","properties":{"class":"boundary"},"geometry":{"type":"LineString","coordinates":[[20.566,41.874],[20.581,41.917],[20.575,42.013],[20.523,42.171],[20.485,42.223],[20.348,42.309],[20.241,42.339],[20.104,42.525],[20.064,42.547]]}},{"type":"Feature","properties":{"class":"boundary"},"geometry":{"type":"LineString","coordinates":[[41.51,41.517],[41.824,41.432],[41.926,41.496],[42.211,41.487],[42.466,41.44],[42.59,41.571],[42.754,41.579],[42.788,41.564],[42.822,41.492],[42.907,41.467],[43.057,41.353],[43.149,41.307],[43.171,41.288],[43.141,41.265],[43.153,41.236],[43.206,41.199],[43.402,41.177],[43.433,41.156],[43.439,41.107]]}},{"type":"Feature","properties":{"class":"boundary"},"geometry":{"type":"LineString","coordinates":[[43.439,41.107],[43.793,41.131],[44.227,41.213],[44.473,41.191],[44.841,41.211],[44.811,41.259],[45.001,41.291]]}},{"type":"Feature","properties":{"class":"boundary"},"geometry":{"type":"LineString","coordinates":[[8.393,55.097],[8.462,55.071],[8.541,54.955],[8.595,54.916],[8.903,54.897],[9.186,54.845],[9.255,54.808],[9.342,54.806],[9.616,54.855],[9.74,54.826]]}},{"type":"Feature","properties":{"class":"boundary"},"geometry":{"type":"LineString","coordinates":[[9.519,30.229],[9.895,30.387],[10.216,30.783],[10.256,30.865],[10.257,30.941],[10.115,31.464],[10.275,31.685],[10.476,31.736],[10.544,31.803],[10.609,31.93],[10.772,32.021],[10.826,32.081],[11.505,32.414],[11.536,32.473],[11.534,32.525],[11.454,32.643],[11.459,32.897],[11.505,33.182]]}},{"type":"Feature","properties":{"class":"boundary"},"geometry":{"type":"LineString","coordinates":[[45.001,41.291],[45.023,41.246],[45.085,41.195],[45.189,41.147],[45.19,41.126],[45.071,41.101],[45.07,41.076],[45.273,41.006],[45.369,41.005],[45.419,40.986],[45.444,40.948],[45.588,40.847],[45.579,40.804],[45.401,40.707],[45.379,40.674],[45.376,40.638],[45.454,40.532],[45.569,40.417],[45.965,40.234],[45.968,40.175],[45.886,40.025],[45.858,40.011],[45.63,40.014],[45.58,39.978],[45.662,39.956],[45.79,39.881],[45.863,39.808],[45.94,39.777],[46.202,39.594],[46.322,39.617],[46.481,39.555],[46.478,39.475],[46.378,39.434],[46.365,39.403],[46.585,39.224],[46.55,39.201],[46.42,39.207],[46.4,39.192],[46.401,39.168],[46.475,39.111],[46.49,39.069],[46.491,38.907]]}},{"type":"Feature","properties":{"class":"boundary"},"geometry":{"type":"LineString","coordinates":[[44.768,39.704],[45.032,39.765],[45.125,39.696],[45.149,39.657],[45.153,39.583],[45.173,39.571],[45.253,39.595],[45.35,39.53],[45.457,39.494],[45.687,39.564],[45.784,39.546],[45.797,39.488],[45.766,39.378],[45.977,39.244],[45.952,39.178],[46.114,38.878]]}},{"type":"Feature","properties":{"class":"boundary"},"geometry":{"type":"LineString","coordinates":[[20.242,46.109],[20.281,46.133],[20.508,46.167],[20.614,46.134],[20.707,46.173],[20.76,46.246],[20.837,46.26],[21.04,46.242],[21.122,46.282],[21.152,46.304],[21.192,46.392],[21.265,46.412],[21.252,46.486],[21.32,46.608],[21.497,46.704],[21.477,46.753],[21.494,46.79],[21.653,46.964],[21.661,47.044],[21.785,47.138],[21.869,47.305],[21.995,47.396],[22,47.505],[22.112,47.572],[22.291,47.728],[22.491,47.773],[22.608,47.766],[22.877,47.947]]}},{"type":"Feature","properties":{"class":"boundary"},"geometry":{"type":"LineString","coordinates":[[18.832,49.511],[18.938,49.498],[18.968,49.396],[19.149,49.4],[19.25,49.511],[19.442,49.598],[19.63,49.407],[19.774,49.372],[19.788,49.27],[19.757,49.204],[19.802,49.192],[19.916,49.221],[20.058,49.181],[20.108,49.271],[20.164,49.316],[20.363,49.385],[20.616,49.392],[20.868,49.315],[20.947,49.317],[21.001,49.34],[21.079,49.418],[21.35,49.429],[21.64,49.412],[21.89,49.343],[21.968,49.299],[22.02,49.21],[22.539,49.073]]}},{"type":"Feature","properties":{"class":"boundary"},"geometry":{"type":"LineString","coordinates":[[-7.219,55.092],[-7.377,55.028],[-7.451,54.877],[-7.55,54.768],[-7.737,54.71],[-7.873,54.718],[-7.911,54.698],[-7.886,54.666],[-7.746,54.616],[-7.754,54.595],[-8.119,54.477],[-8.145,54.453],[-8.118,54.414],[-7.884,54.284],[-7.855,54.215],[-7.679,54.187],[-7.607,54.144],[-7.355,54.121],[-7.155,54.24],[-7.203,54.302],[-7.05,54.408],[-7.008,54.407],[-6.877,54.329],[-6.858,54.269],[-6.803,54.214],[-6.67,54.185],[-6.647,54.163],[-6.664,54.085],[-6.65,54.059],[-6.403,54.061],[-6.304,54.095],[-6.218,54.089]]}},{"type":"Feature","properties":{"class":"boundary"},"geometry":{"type":"LineString","coordinates":[[18.832,49.511],[18.807,49.614],[18.595,49.758],[18.562,49.879],[18.348,49.93],[18.305,49.914],[18.028,50.035],[17.984,49.999],[17.875,49.972],[17.831,49.983],[17.681,50.101],[17.627,50.116],[17.589,50.157],[17.709,50.194],[17.735,50.231],[17.72,50.299],[17.702,50.307],[17.555,50.264],[17.415,50.255],[17.152,50.378],[16.88,50.427],[16.869,50.414],[16.993,50.26],[16.99,50.237],[16.842,50.187],[16.679,50.097],[16.639,50.102],[16.597,50.122],[16.488,50.248],[16.334,50.367],[16.231,50.394],[16.21,50.424],[16.283,50.483],[16.357,50.5],[16.42,50.574],[16.282,50.656],[16.007,50.612],[15.949,50.67],[15.731,50.74],[15.354,50.812],[15.277,50.883],[15.259,50.959],[14.994,51.014],[14.983,50.887],[14.809,50.859]]}},{"type":"Feature","properties":{"class":"boundary"},"geometry":{"type":"LineString","coordinates":[[20.001,39.709],[20.131,39.662],[20.207,39.653],[20.248,39.678],[20.306,39.797],[20.382,39.803],[20.382,39.842],[20.311,39.951],[20.311,39.979],[20.408,40.049],[20.606,40.083],[20.657,40.117],[20.718,40.293],[20.806,40.445],[20.95,40.494],[21.031,40.622],[21.031,40.659],[20.956,40.775],[20.964,40.85]]}},{"type":"Feature","properties":{"class":"boundary"},"geometry":{"type":"LineString","coordinates":[[22.132,48.405],[22.143,48.569],[22.295,48.686],[22.389,48.873],[22.524,49.031],[22.539,49.073]]}},{"type":"Feature","properties":{"class":"boundary"},"geometry":{"type":"LineString","coordinates":[[13.815,48.767],[13.989,48.692],[14.049,48.603],[14.19,48.579],[14.368,48.576],[14.431,48.616],[14.489,48.626],[14.691,48.599],[14.707,48.672],[14.822,48.774],[14.923,48.771],[14.972,48.984],[14.993,49.001],[15.067,48.998],[15.162,48.946],[15.311,48.974],[15.701,48.86],[15.825,48.864],[16.057,48.755],[16.367,48.739],[16.478,48.8],[16.544,48.796],[16.713,48.734],[16.884,48.704],[16.953,48.599]]}},{"type":"Feature","properties":{"class":"boundary"},"geometry":{"type":"LineString","coordinates":[[42.359,37.109],[42.456,37.129],[42.635,37.249],[42.741,37.362],[42.775,37.372],[42.937,37.325],[43.092,37.367],[43.516,37.245],[43.676,37.227],[43.836,37.224],[44.013,37.314],[44.114,37.302],[44.192,37.25],[44.208,37.203],[44.202,37.052],[44.246,36.983],[44.282,36.978],[44.606,37.176],[44.731,37.165],[44.765,37.142]]}},{"type":"Feature","properties":{"class":"boundary"},"geometry":{"type":"LineString","coordinates":[[16.093,46.863],[16.253,46.972],[16.332,47.002],[16.453,47.007],[16.493,47.123],[16.438,47.146],[16.417,47.223],[16.463,47.273],[16.434,47.367],[16.443,47.4],[16.515,47.405],[16.623,47.448],[16.677,47.536],[16.64,47.609],[16.432,47.656],[16.421,47.674],[16.551,47.747],[16.591,47.751],[16.786,47.679],[17.067,47.708],[17.03,47.837],[17.04,47.873],[17.078,47.901],[17.089,47.964],[17.147,48.006]]}},{"type":"Feature","properties":{"class":"boundary"},"geometry":{"type":"LineString","coordinates":[[7.021,45.926],[7.129,45.88],[7.328,45.912],[7.539,45.978],[7.788,45.922],[7.993,46.016],[8.125,46.161],[8.127,46.188],[8.082,46.256],[8.096,46.271],[8.232,46.341],[8.371,46.445],[8.423,46.446],[8.443,46.403],[8.438,46.283],[8.458,46.246],[8.642,46.111],[8.819,46.077],[8.827,46.061],[8.778,45.996],[8.885,45.919],[8.904,45.862],[8.954,45.83],[9.024,45.846],[9.047,45.876],[8.999,45.983],[9.003,46.015],[9.251,46.287],[9.26,46.475],[9.304,46.496],[9.428,46.482],[9.481,46.349],[9.529,46.306],[9.639,46.296],[9.884,46.368],[9.939,46.362],[10.041,46.238],[10.128,46.238],[10.145,46.254],[10.11,46.363],[10.038,46.483],[10.087,46.6],[10.196,46.621],[10.272,46.565],[10.431,46.55],[10.438,46.619],[10.398,46.665],[10.453,46.865]]}},{"type":"Feature","properties":{"class":"boundary"},"geometry":{"type":"LineString","coordinates":[[10.453,46.865],[10.455,46.899],[10.415,46.964],[10.349,46.985],[10.18,46.862],[10.133,46.852],[9.997,46.885],[9.878,46.938],[9.845,47.007],[9.58,47.057]]}},{"type":"Feature","properties":{"class":"boundary"},"geometry":{"type":"LineString","coordinates":[[44.765,37.142],[44.758,37.217],[44.794,37.29],[44.715,37.357],[44.574,37.435],[44.577,37.56],[44.545,37.658],[44.59,37.71],[44.561,37.745],[44.336,37.872],[44.223,37.88],[44.211,37.908],[44.268,38.039],[44.349,38.147],[44.381,38.255],[44.45,38.334],[44.431,38.357],[44.299,38.386],[44.298,38.558],[44.257,38.701],[44.272,38.836],[44.171,38.934],[44.145,38.994],[44.172,39.056],[44.178,39.145],[44.079,39.218],[44.023,39.377],[44.124,39.405],[44.335,39.396],[44.389,39.422],[44.456,39.667],[44.517,39.731],[44.587,39.769],[44.782,39.651],[44.817,39.65]]}},{"type":"Feature","properties":{"class":"boundary"},"geometry":{"type":"LineString","coordinates":[[23.485,53.94],[23.481,54.079],[23.454,54.143],[23.37,54.2],[23.17,54.281],[23.042,54.304],[23.016,54.348],[22.894,54.391],[22.824,54.396],[22.766,54.357]]}},{"type":"Feature","properties":{"class":"boundary"},"geometry":{"type":"LineString","coordinates":[[7.197,53.282],[7.19,53],[7.051,52.745],[7.033,52.651],[7.013,52.634],[6.748,52.634],[6.711,52.618],[6.719,52.574],[6.692,52.53],[6.749,52.464],[6.832,52.442],[6.968,52.444],[7.035,52.38],[7.02,52.266],[6.977,52.205],[6.724,52.08],[6.716,52.036],[6.8,51.967],[6.742,51.911],[6.518,51.854],[6.425,51.858],[6.356,51.825],[6.167,51.881],[5.949,51.803],[5.949,51.762],[6.089,51.638],[6.091,51.599],[6.193,51.489],[6.199,51.45],[6.166,51.355],[6.076,51.224],[6.082,51.18],[6.137,51.165],[6.13,51.147],[5.939,51.041],[5.868,51.045],[5.858,51.03],[5.895,50.984],[6.007,50.95],[6.048,50.905],[5.994,50.75]]}},{"type":"Feature","properties":{"class":"boundary"},"geometry":{"type":"LineString","coordinates":[[9.58,47.057],[9.611,47.107],[9.556,47.185],[9.528,47.271]]}},{"type":"Feature","properties":{"class":"boundary"},"geometry":{"type":"LineString","coordinates":[[7.493,43.767],[7.482,43.865],[7.652,44.034],[7.677,44.083],[7.637,44.165],[7.371,44.127],[7.319,44.138],[6.967,44.28],[6.9,44.336],[6.875,44.392],[6.894,44.428],[6.843,44.511],[6.96,44.677],[7.008,44.689],[7.031,44.717],[6.993,44.827],[6.94,44.859],[6.801,44.883],[6.738,44.921],[6.691,45.023],[6.635,45.068],[6.628,45.118],[6.692,45.144],[6.842,45.136],[6.981,45.216],[7.078,45.24],[7.146,45.382],[7.153,45.401],[7.014,45.501],[6.881,45.67],[6.806,45.71],[6.791,45.741],[6.804,45.815],[6.941,45.868],[7.021,45.926]]}},{"type":"Feature","properties":{"class":"boundary"},"geometry":{"type":"LineString","coordinates":[[28.966,69.022],[28.414,68.904],[28.453,68.872],[28.706,68.866],[28.773,68.84],[28.778,68.814],[28.752,68.771],[28.479,68.538],[28.471,68.488],[28.56,68.351],[28.685,68.19],[29.344,68.062],[29.524,67.929],[29.822,67.754],[29.979,67.689],[29.988,67.668],[29.941,67.547],[29.572,67.324],[29.243,67.097],[29.087,66.971],[29.066,66.892],[29.093,66.849],[29.293,66.696],[29.464,66.532],[29.671,66.276],[29.903,66.091],[30.087,65.787],[30.095,65.682],[29.883,65.664],[29.716,65.625],[29.819,65.569],[29.728,65.473],[29.715,65.337],[29.608,65.249],[29.63,65.224],[29.811,65.205],[29.827,65.145],[29.811,65.108],[29.623,65.039],[29.604,64.968],[29.702,64.846],[29.783,64.804],[30.073,64.765],[30.11,64.733],[30.12,64.645],[29.986,64.558],[29.987,64.524],[30.108,64.366],[30.488,64.237],[30.514,64.2],[30.526,64.077],[30.504,64.021],[30.21,63.803],[29.992,63.735],[30.419,63.504],[30.975,63.301],[31.181,63.208],[31.337,63.068],[31.509,62.955],[31.537,62.922],[31.534,62.885],[31.286,62.568],[31.187,62.481],[30.936,62.324],[30.566,62.128],[29.69,61.546],[29.492,61.444],[29.252,61.288],[28.407,60.897],[27.798,60.536],[27.731,60.457]]}},{"type":"Feature","properties":{"class":"boundary"},"geometry":{"type":"LineString","coordinates":[[30.87,69.783],[30.924,69.652],[30.922,69.606],[30.861,69.538],[30.615,69.533],[30.18,69.636],[30.16,69.63],[30.197,69.581],[30.187,69.543],[30.132,69.464],[30.087,69.433],[29.994,69.392],[29.833,69.36],[29.388,69.298],[29.21,69.097],[29.119,69.05],[28.966,69.022]]}},{"type":"Feature","properties":{"class":"boundary"},"geometry":{"type":"LineString","coordinates":[[48.573,41.844],[48.391,41.602],[48.298,41.545],[48.056,41.459],[47.861,41.213],[47.791,41.199],[47.521,41.229],[47.318,41.282],[47.261,41.315],[47.205,41.456],[47.143,41.516],[47.01,41.587],[46.749,41.813],[46.69,41.831],[46.571,41.8],[46.552,41.812],[46.538,41.87],[46.43,41.891]]}},{"type":"Feature","properties":{"class":"boundary"},"geometry":{"type":"LineString","coordinates":[[46.43,41.891],[46.303,41.757],[46.202,41.737],[46.182,41.657],[46.204,41.613],[46.255,41.602],[46.305,41.508],[46.619,41.344],[46.673,41.287],[46.626,41.16],[46.534,41.089],[46.431,41.077],[46.171,41.198],[46.031,41.167],[45.793,41.224],[45.696,41.289],[45.716,41.338],[45.281,41.45],[45.001,41.291]]}},{"type":"Feature","properties":{"class":"boundary"},"geometry":{"type":"LineString","coordinates":[[16.516,46.5],[16.321,46.535],[16.237,46.484],[16.253,46.389],[16.227,46.373],[16.066,46.371],[16.001,46.305],[15.933,46.278],[15.636,46.201],[15.593,46.14],[15.597,46.109],[15.666,46.049],[15.676,45.984],[15.652,45.862],[15.625,45.834],[15.454,45.798],[15.277,45.733],[15.273,45.718],[15.354,45.66],[15.357,45.645],[15.29,45.613],[15.284,45.58],[15.339,45.467],[15.242,45.441],[15.11,45.451],[14.955,45.5],[14.847,45.467],[14.793,45.478],[14.649,45.571],[14.592,45.651],[14.569,45.657],[14.534,45.645],[14.427,45.506],[14.37,45.481],[14.086,45.478],[13.993,45.509],[13.97,45.503],[13.936,45.45],[13.879,45.428],[13.615,45.477],[13.578,45.517]]}},{"type":"Feature","properties":{"class":"boundary"},"geometry":{"type":"LineString","coordinates":[[18.905,45.932],[18.722,45.899],[18.666,45.907],[18.534,45.796],[18.358,45.753],[17.807,45.79],[17.706,45.827],[17.64,45.868],[17.607,45.914],[17.529,45.941],[17.406,45.951],[17.311,45.996],[17.242,46.077],[16.94,46.254],[16.871,46.339],[16.748,46.416],[16.516,46.5]]}},{"type":"Feature","properties":{"class":"boundary"},"geometry":{"type":"LineString","coordinates":[[20.242,46.109],[20.161,46.142],[19.613,46.169],[19.531,46.155],[19.421,46.064],[19.278,46.003],[19.146,45.987],[19.087,46.016],[19.016,45.96],[18.905,45.932]]}},{"type":"Feature","properties":{"class":"boundary"},"geometry":{"type":"LineString","coordinates":[[16.516,46.5],[16.381,46.639],[16.385,46.681],[16.335,46.722],[16.308,46.828],[16.284,46.857],[16.093,46.863]]}},{"type":"Feature","properties":{"class":"boundary"},"geometry":{"type":"LineString","coordinates":[[28.014,41.969],[27.879,41.987],[27.802,41.957],[27.661,41.961],[27.535,41.921],[27.295,42.08],[27.244,42.093],[27.012,42.059],[26.885,41.992],[26.58,41.948],[26.511,41.826],[26.36,41.802],[26.327,41.773],[26.321,41.717]]}},{"type":"Feature","properties":{"class":"boundary"},"geometry":{"type":"LineString","coordinates":[[5.994,50.75],[6.236,50.597],[6.168,50.545],[6.203,50.499],[6.295,50.485],[6.341,50.452],[6.365,50.316],[6.175,50.233],[6.117,50.121]]}},{"type":"Feature","properties":{"class":"boundary"},"geometry":{"type":"LineString","coordinates":[[46.531,29.096],[46.769,29.347],[46.906,29.538],[47.102,29.94],[47.148,30.001],[47.331,30.08],[47.644,30.097],[47.754,30.077],[47.979,29.983]]}},{"type":"Feature","properties":{"class":"boundary"},"geometry":{"type":"LineString","coordinates":[[10.453,46.865],[10.689,46.846],[10.76,46.793],[10.829,46.775],[10.993,46.777],[11.134,46.936],[11.244,46.976],[11.528,46.997],[11.776,46.986],[12.169,47.082],[12.201,47.061],[12.131,46.985],[12.154,46.935],[12.388,46.703],[12.479,46.672],[13.169,46.573],[13.49,46.556],[13.7,46.52]]}},{"type":"Feature","properties":{"class":"boundary"},"geometry":{"type":"LineString","coordinates":[[13.7,46.52],[13.68,46.463],[13.4,46.318],[13.378,46.262],[13.421,46.212],[13.45,46.224],[13.632,46.177],[13.617,46.133],[13.486,46.04],[13.48,46.009],[13.509,45.974],[13.601,45.98],[13.614,45.962],[13.57,45.834],[13.583,45.812],[13.722,45.761],[13.831,45.68],[13.875,45.615],[13.845,45.593],[13.72,45.588]]}},{"type":"Feature","properties":{"class":"boundary"},"geometry":{"type":"LineString","coordinates":[[1.428,42.596],[1.349,42.691],[0.697,42.845],[0.67,42.836],[0.652,42.8],[0.632,42.69],[0.256,42.693],[0.201,42.719],[-0.041,42.689],[-0.299,42.825],[-0.586,42.799],[-0.763,42.94],[-0.934,42.949],[-1.175,43.021],[-1.285,43.06],[-1.3,43.101],[-1.371,43.038],[-1.461,43.052],[-1.48,43.071],[-1.423,43.149],[-1.411,43.24],[-1.472,43.268],[-1.713,43.307],[-1.793,43.373],[-1.794,43.407]]}},{"type":"Feature","properties":{"class":"boundary"},"geometry":{"type":"LineString","coordinates":[[1.428,42.596],[1.501,42.643],[1.71,42.604],[1.74,42.557],[1.706,42.503]]}},{"type":"Feature","properties":{"class":"boundary"},"geometry":{"type":"LineString","coordinates":[[1.706,42.503],[1.86,42.457],[1.928,42.426],[1.987,42.358],[2.033,42.354],[2.2,42.421],[2.652,42.34],[2.67,42.393],[2.891,42.456],[2.97,42.467],[3.211,42.431]]}},{"type":"Feature","properties":{"class":"boundary"},"geometry":{"type":"LineString","coordinates":[[1.428,42.596],[1.415,42.548],[1.428,42.461],[1.449,42.437],[1.534,42.442],[1.706,42.503]]}},{"type":"Feature","properties":{"class":"boundary"},"geometry":{"type":"LineString","coordinates":[[20.964,40.85],[21.324,40.867],[21.404,40.907],[21.576,40.869],[21.779,40.95],[21.929,41.107],[21.993,41.131],[22.184,41.159],[22.401,41.123],[22.604,41.14],[22.725,41.179],[22.755,41.313],[22.784,41.332],[22.916,41.336]]}},{"type":"Feature","properties":{"class":"boundary"},"geometry":{"type":"LineString","coordinates":[[21.561,42.248],[21.39,42.22],[21.332,42.187],[21.287,42.1],[21.256,42.099],[21.143,42.175],[21.06,42.171],[20.778,42.071],[20.75,42.018],[20.744,41.904],[20.725,41.874],[20.695,41.854],[20.566,41.874]]}},{"type":"Feature","properties":{"class":"boundary"},"geometry":{"type":"LineString","coordinates":[[22.344,42.314],[22.24,42.358],[22.052,42.305],[21.904,42.322],[21.739,42.268],[21.618,42.242],[21.561,42.248]]}},{"type":"Feature","properties":{"class":"boundary"},"geometry":{"type":"LineString","coordinates":[[22.344,42.314],[22.422,42.329],[22.524,42.441],[22.524,42.504],[22.472,42.543],[22.436,42.629],[22.466,42.751],[22.439,42.792],[22.467,42.843],[22.558,42.878],[22.706,42.884],[22.8,42.986],[22.942,43.097],[22.977,43.188],[22.86,43.252],[22.768,43.354],[22.555,43.455],[22.499,43.519],[22.474,43.602],[22.395,43.707],[22.37,43.781],[22.365,43.862],[22.421,44.007],[22.597,44.075],[22.603,44.149],[22.627,44.194],[22.705,44.238]]}},{"type":"Feature","properties":{"class":"boundary"},"geometry":{"type":"LineString","coordinates":[[22.916,41.336],[22.951,41.606],[23.004,41.74],[22.944,41.775],[22.837,41.994],[22.796,42.026],[22.583,42.105],[22.344,42.314]]}},{"type":"Feature","properties":{"class":"boundary"},"geometry":{"type":"LineString","coordinates":[[18.436,42.56],[18.438,42.523],[18.517,42.433]]}},{"type":"Feature","properties":{"class":"boundary"},"geometry":{"type":"LineString","coordinates":[[18.436,42.56],[18.304,42.599],[18.124,42.691],[17.841,42.845],[17.802,42.902],[17.74,42.915],[17.668,42.897]]}},{"type":"Feature","properties":{"class":"boundary"},"geometry":{"type":"LineString","coordinates":[[20.344,42.828],[20.469,42.858],[20.487,42.879],[20.458,42.925],[20.475,42.953],[20.624,43.034],[20.658,43.1],[20.61,43.178],[20.623,43.199],[20.801,43.261],[20.844,43.173],[21.057,43.092],[21.223,42.956],[21.237,42.913],[21.403,42.832],[21.391,42.751],[21.753,42.67],[21.731,42.595],[21.61,42.387],[21.53,42.35],[21.519,42.328],[21.563,42.246]]}},{"type":"Feature","properties":{"class":"boundary"},"geometry":{"type":"LineString","coordinates":[[20.344,42.828],[20.215,42.799],[20.193,42.755],[20.054,42.76],[20.03,42.732],[20.089,42.632],[20.064,42.547]]}},{"type":"Feature","properties":{"class":"boundary"},"geometry":{"type":"LineString","coordinates":[[19.194,43.533],[19.219,43.45],[19.415,43.343],[19.614,43.173],[19.781,43.11],[19.944,43.082],[20.268,42.935],[20.34,42.893],[20.344,42.828]]}},{"type":"Feature","properties":{"class":"boundary"},"geometry":{"type":"LineString","coordinates":[[20.622,69.037],[20.895,68.98],[20.919,68.907],[21.183,68.829],[21.465,68.691],[21.997,68.521],[22.854,68.367],[23.098,68.258],[23.183,68.137],[23.319,68.13],[23.474,68.017],[23.639,67.954],[23.633,67.933],[23.502,67.875],[23.488,67.797],[23.5,67.696],[23.541,67.614],[23.451,67.479],[23.468,67.45],[23.734,67.423],[23.775,67.329],[23.657,67.268],[23.626,67.234],[23.642,67.129],[23.677,67.068],[23.942,66.878],[23.989,66.811],[23.939,66.776],[23.894,66.707],[23.866,66.577],[23.768,66.506],[23.701,66.481],[23.674,66.381],[23.721,66.215],[23.751,66.191],[23.907,66.148],[24.049,65.99],[24.156,65.805],[24.13,65.759],[24.19,65.652],[24.188,65.607],[24.116,65.505]]}},{"type":"Feature","properties":{"class":"boundary"},"geometry":{"type":"LineString","coordinates":[[4.226,51.386],[4.173,51.307],[3.902,51.208],[3.831,51.213],[3.682,51.276],[3.58,51.286],[3.472,51.242],[3.432,51.246],[3.38,51.291],[3.35,51.378]]}},{"type":"Feature","properties":{"class":"boundary"},"geometry":{"type":"LineString","coordinates":[[5.994,50.75],[5.747,50.76],[5.694,50.775],[5.639,50.844],[5.75,50.95],[5.75,50.989],[5.818,51.086],[5.827,51.126],[5.796,51.153],[5.609,51.198],[5.477,51.285],[5.311,51.26],[5.214,51.279],[5.1,51.346],[5.059,51.453],[5.031,51.469],[4.944,51.408],[4.848,51.403],[4.821,51.412],[4.811,51.453],[4.756,51.491],[4.634,51.422],[4.589,51.422],[4.503,51.475],[4.385,51.428],[4.404,51.367],[4.374,51.356],[4.226,51.386]]}},{"type":"Feature","properties":{"class":"boundary"},"geometry":{"type":"LineString","coordinates":[[6.344,49.453],[6.458,49.443],[6.534,49.395],[6.575,49.32],[6.735,49.161],[6.776,49.154],[6.891,49.208],[7.001,49.18],[7.037,49.113],[7.117,49.128],[7.2,49.114],[7.451,49.152],[7.526,49.086],[7.611,49.062],[8.001,49.011],[8.135,48.974],[8.14,48.886],[7.838,48.636],[7.706,48.28],[7.617,48.157],[7.584,48.064],[7.608,48.003],[7.593,47.906],[7.539,47.774],[7.529,47.674],[7.565,47.607],[7.616,47.593]]}},{"type":"Feature","properties":{"class":"boundary"},"geometry":{"type":"LineString","coordinates":[[9.524,47.524],[9.183,47.671],[8.881,47.656],[8.831,47.704],[8.793,47.717],[8.728,47.7],[8.573,47.776],[8.436,47.731],[8.403,47.688],[8.413,47.663],[8.452,47.652],[8.567,47.652],[8.56,47.624],[8.454,47.596],[8.198,47.607],[8.094,47.576],[7.927,47.564],[7.698,47.57],[7.616,47.593]]}},{"type":"Feature","properties":{"class":"boundary"},"geometry":{"type":"LineString","coordinates":[[9.528,47.271],[9.609,47.392],[9.626,47.467],[9.524,47.524]]}},{"type":"Feature","properties":{"class":"boundary"},"geometry":{"type":"LineString","coordinates":[[9.58,47.057],[9.488,47.062],[9.479,47.098],[9.484,47.173],[9.528,47.271]]}},{"type":"Feature","properties":{"class":"boundary"},"geometry":{"type":"LineString","coordinates":[[7.021,45.926],[6.954,46.017],[6.772,46.165],[6.817,46.275],[6.784,46.314],[6.767,46.369],[6.776,46.407],[6.758,46.416],[6.578,46.437],[6.429,46.431],[6.322,46.394],[6.235,46.333],[6.224,46.319],[6.273,46.252],[6.199,46.193],[6.087,46.147],[6.007,46.142],[5.972,46.151],[5.97,46.215],[6.096,46.279],[6.123,46.379],[6.06,46.428],[6.068,46.459],[6.161,46.611],[6.41,46.755],[6.456,46.948],[6.667,47.027],[7.001,47.323],[6.984,47.353],[6.921,47.361],[6.9,47.394],[6.968,47.453],[7.053,47.489],[7.136,47.49],[7.203,47.433],[7.343,47.433],[7.42,47.455],[7.495,47.547],[7.616,47.593]]}},{"type":"Feature","properties":{"class":"boundary"},"geometry":{"type":"LineString","coordinates":[[-7.406,37.179],[-7.503,37.586],[-7.444,37.728],[-7.185,38.006],[-7.023,38.045],[-6.958,38.188],[-7.106,38.181],[-7.343,38.457],[-7.282,38.715],[-7.046,38.907],[-7.006,38.985],[-6.998,39.056],[-7.043,39.107],[-7.172,39.135],[-7.306,39.338],[-7.335,39.465],[-7.445,39.536],[-7.536,39.662],[-7.454,39.681],[-7.118,39.682],[-7.037,39.714],[-6.975,39.798],[-6.911,39.937],[-6.896,40.022],[-6.916,40.057],[-7.028,40.143],[-7.033,40.168],[-7.015,40.208],[-6.81,40.343],[-6.852,40.443],[-6.818,40.654],[-6.836,40.778],[-6.858,40.878],[-6.928,41.009],[-6.916,41.038],[-6.776,41.108],[-6.69,41.214],[-6.566,41.304],[-6.403,41.375],[-6.213,41.532],[-6.243,41.602],[-6.308,41.642],[-6.392,41.665],[-6.542,41.672],[-6.559,41.704],[-6.558,41.874],[-6.575,41.913],[-6.618,41.942],[-6.704,41.935],[-6.833,41.964],[-6.866,41.945],[-7.03,41.951],[-7.147,41.981],[-7.195,41.955],[-7.21,41.895],[-7.404,41.834],[-7.513,41.836],[-7.693,41.888],[-7.896,41.871],[-7.921,41.884],[-8.094,41.814],[-8.152,41.812],[-8.225,41.896],[-8.13,42.018],[-8.213,42.134],[-8.266,42.137],[-8.59,42.053],[-8.777,41.941]]}},{"type":"Feature","properties":{"class":"boundary"},"geometry":{"type":"LineString","coordinates":[[13.815,48.767],[13.785,48.587],[13.724,48.542],[13.675,48.523],[13.487,48.582],[13.46,48.565],[13.409,48.394],[13.375,48.361],[13.323,48.331],[13.082,48.275],[12.897,48.204],[12.814,48.161],[12.76,48.107],[12.76,48.076],[12.954,47.891],[12.954,47.808],[12.898,47.722],[13.034,47.699],[13.054,47.655],[13.014,47.478],[12.968,47.476],[12.809,47.542],[12.783,47.564],[12.796,47.607],[12.771,47.639],[12.686,47.669],[12.483,47.637],[12.363,47.688],[12.209,47.718],[12.186,47.62],[11.717,47.583],[11.393,47.487],[11.374,47.46],[11.298,47.425],[11.191,47.425],[11.042,47.393],[10.981,47.398],[10.894,47.47],[10.873,47.52],[10.439,47.552],[10.404,47.417],[10.369,47.366],[10.313,47.313],[10.183,47.279],[10.2,47.363],[10.066,47.393],[10.06,47.449],[9.972,47.505],[9.749,47.576],[9.651,47.526],[9.524,47.524]]}},{"type":"Feature","properties":{"class":"boundary"},"geometry":{"type":"LineString","coordinates":[[16.093,46.863],[15.977,46.801],[15.98,46.706],[15.958,46.678],[15.76,46.711],[15.633,46.698],[15.439,46.63],[15.217,46.643],[14.893,46.606],[14.757,46.499],[14.597,46.436],[14.55,46.4],[13.7,46.52]]}},{"type":"Feature","properties":{"class":"boundary"},"geometry":{"type":"LineString","coordinates":[[18.436,42.56],[18.546,42.642],[18.543,42.674],[18.466,42.777],[18.444,42.968],[18.46,42.998],[18.624,43.028],[18.622,43.125],[18.674,43.231],[18.851,43.346],[18.935,43.339],[18.979,43.285],[19.027,43.292],[19.037,43.357],[18.94,43.497],[18.951,43.527],[18.974,43.542],[19.08,43.518],[19.194,43.533]]}},{"type":"Feature","properties":{"class":"boundary"},"geometry":{"type":"LineString","coordinates":[[19.194,43.533],[19.254,43.584],[19.301,43.592],[19.36,43.593],[19.451,43.562],[19.495,43.643],[19.488,43.704],[19.245,43.965],[19.305,43.993],[19.449,43.978],[19.55,43.987],[19.584,44.011],[19.584,44.043],[19.547,44.073],[19.339,44.226],[19.152,44.303],[19.118,44.36],[19.151,44.527],[19.292,44.697],[19.335,44.781],[19.349,44.881],[19.237,44.914],[19.042,44.871],[18.836,44.883],[18.788,44.915],[18.779,44.977],[18.746,45.027],[18.663,45.077],[18.488,45.086],[18.285,45.134],[18.137,45.119],[17.996,45.142],[17.874,45.077],[17.813,45.078],[17.69,45.158],[17.653,45.163],[17.503,45.12],[17.324,45.164],[17.211,45.156],[17.125,45.172],[16.919,45.277],[16.791,45.197],[16.531,45.217],[16.293,45.009],[16.157,45.072],[16.028,45.19],[15.888,45.216],[15.823,45.203],[15.788,45.179],[15.737,44.766],[15.88,44.682],[16.049,44.538],[16.103,44.521],[16.214,44.215],[16.3,44.124],[16.59,43.913],[16.713,43.779],[17.085,43.517],[17.248,43.47],[17.274,43.446],[17.275,43.344],[17.293,43.306],[17.402,43.199],[17.625,43.043],[17.651,43.007],[17.643,42.96],[17.585,42.938]]}},{"type":"Feature","properties":{"class":"boundary"},"geometry":{"type":"LineString","coordinates":[[19.007,44.869],[18.995,44.904],[19.01,44.919],[19.061,44.911],[19.1,44.974],[19.063,45.137],[19.13,45.152],[19.137,45.196],[19.206,45.168],[19.303,45.167],[19.388,45.173],[19.4,45.212],[19.33,45.268],[19.093,45.337],[19.005,45.4],[19.008,45.466],[19.064,45.515],[18.954,45.558],[18.918,45.601],[18.947,45.656],[18.839,45.836],[18.894,45.866],[18.905,45.932]]}},{"type":"Feature","properties":{"class":"boundary"},"geometry":{"type":"LineString","coordinates":[[16.953,48.599],[16.985,48.677],[17.063,48.781],[17.136,48.841],[17.188,48.861],[17.483,48.828],[17.625,48.842],[17.759,48.888],[17.913,48.999],[18.051,49.037],[18.086,49.065],[18.11,49.18],[18.161,49.257],[18.365,49.336],[18.416,49.391],[18.597,49.491],[18.832,49.511]]}},{"type":"Feature","properties":{"class":"boundary"},"geometry":{"type":"LineString","coordinates":[[17.147,48.006],[17.086,48.04],[16.865,48.387],[16.863,48.441],[16.943,48.551],[16.953,48.599]]}},{"type":"Feature","properties":{"class":"boundary"},"geometry":{"type":"LineString","coordinates":[[17.147,48.006],[17.317,47.991],[17.635,47.81],[17.762,47.77],[18.146,47.763],[18.724,47.787],[18.778,47.853],[18.748,47.893],[18.75,47.939],[18.792,48],[18.914,48.051],[19.265,48.073],[19.467,48.111],[19.497,48.162],[19.564,48.213],[19.625,48.223],[19.899,48.131],[20.334,48.296],[20.49,48.527],[20.643,48.55],[20.867,48.546],[21.067,48.506],[21.451,48.552],[21.563,48.496],[21.721,48.347],[21.767,48.338],[22.132,48.405]]}},{"type":"Feature","properties":{"class":"boundary"},"geometry":{"type":"LineString","coordinates":[[14.809,50.859],[14.964,51.095],[15.017,51.253],[14.936,51.435],[14.906,51.463],[14.725,51.524],[14.711,51.545],[14.739,51.627],[14.624,51.771],[14.602,51.832],[14.675,51.905],[14.753,52.082],[14.705,52.11],[14.692,52.15],[14.705,52.207],[14.68,52.25],[14.574,52.314],[14.555,52.36],[14.619,52.528],[14.514,52.646],[14.254,52.783],[14.129,52.878],[14.139,52.933],[14.194,52.982],[14.293,53.027],[14.369,53.106],[14.411,53.199],[14.415,53.284],[14.299,53.556],[14.198,53.919],[14.211,53.95]]}},{"type":"Feature","properties":{"class":"boundary"},"geometry":{"type":"LineString","coordinates":[[22.877,47.947],[22.846,47.997],[22.857,48.03],[22.769,48.11],[22.676,48.104],[22.582,48.134],[22.52,48.205],[22.35,48.256],[22.269,48.361],[22.254,48.407],[22.132,48.405]]}},{"type":"Feature","properties":{"class":"boundary"},"geometry":{"type":"LineString","coordinates":[[28.585,43.742],[28.423,43.74],[28.222,43.773],[28.05,43.822],[27.884,43.987],[27.739,43.956],[27.671,43.998],[27.425,44.021],[27.087,44.167],[26.848,44.146],[26.489,44.084],[26.216,44.007],[25.933,43.871],[25.819,43.767],[25.686,43.712],[25.497,43.671],[25.16,43.686],[24.431,43.794],[24.227,43.763],[23.951,43.787],[23.535,43.854],[23.225,43.874],[22.919,43.834],[22.868,43.865],[22.868,43.948],[23.024,44.047],[23.028,44.078],[22.705,44.238]]}},{"type":"Feature","properties":{"class":"boundary"},"geometry":{"type":"LineString","coordinates":[[20.242,46.109],[20.359,45.975],[20.581,45.87],[20.709,45.735],[20.775,45.75],[20.766,45.597],[20.786,45.536],[20.774,45.484],[20.794,45.468],[21.024,45.322],[21.148,45.292],[21.226,45.241],[21.431,45.193],[21.49,45.148],[21.492,45.122],[21.434,45.075],[21.421,45.033],[21.353,45.009],[21.378,44.973],[21.533,44.919],[21.532,44.901],[21.52,44.881],[21.358,44.862],[21.36,44.827]]}},{"type":"Feature","properties":{"class":"boundary"},"geometry":{"type":"LineString","coordinates":[[22.916,41.336],[23.156,41.322],[23.24,41.385],[23.433,41.399],[23.635,41.387],[23.881,41.456],[24.011,41.46],[24.033,41.469],[24.056,41.527],[24.387,41.524],[24.488,41.555],[24.518,41.553],[24.596,41.443],[24.774,41.356],[24.847,41.394],[24.994,41.365],[25.133,41.316],[25.251,41.244],[25.785,41.33],[25.923,41.312],[26.135,41.386],[26.155,41.435],[26.144,41.522],[26.066,41.673],[26.107,41.726],[26.201,41.744],[26.411,41.696],[26.495,41.633],[26.581,41.601],[26.625,41.402],[26.602,41.354],[26.536,41.343],[26.331,41.239],[26.328,41.097],[26.354,41.037],[26.331,40.955],[26.109,40.75],[26.039,40.727]]}},{"type":"Feature","properties":{"class":"boundary"},"geometry":{"type":"LineString","coordinates":[[20.064,42.547],[19.788,42.476],[19.738,42.525],[19.728,42.635],[19.703,42.648],[19.654,42.629],[19.4,42.342],[19.281,42.173],[19.331,42.129],[19.361,42.069],[19.342,41.869]]}},{"type":"Feature","properties":{"class":"boundary"},"geometry":{"type":"LineString","coordinates":[[26.619,48.26],[26.787,48.256],[26.901,48.211],[26.981,48.155],[27.152,47.959],[27.337,47.64],[27.465,47.537],[27.614,47.341],[27.768,47.228],[27.854,47.114],[28.072,46.978],[28.15,46.792],[28.239,46.641],[28.223,46.508],[28.244,46.451],[28.119,46.139],[28.1,45.973],[28.16,45.647],[28.075,45.599],[28.212,45.45]]}},{"type":"Feature","properties":{"class":"boundary"},"geometry":{"type":"LineString","coordinates":[[22.877,47.947],[23.055,48.007],[23.139,48.087],[23.203,48.085],[23.408,47.99],[23.669,47.992],[24.002,47.936],[24.06,47.945],[24.178,47.906],[24.484,47.947],[24.579,47.931],[24.893,47.718],[24.979,47.724],[25.074,47.746],[25.17,47.823],[25.464,47.911],[26.163,47.993],[26.277,48.113],[26.306,48.204],[26.619,48.26]]}},{"type":"Feature","properties":{"class":"boundary"},"geometry":{"type":"LineString","coordinates":[[22.539,49.073],[22.81,49.021],[22.852,49.063],[22.706,49.171],[22.732,49.295],[22.649,49.539],[22.706,49.606],[23.036,49.899],[23.712,50.377],[23.973,50.41],[24.09,50.53],[24.095,50.617],[24.046,50.723],[23.978,50.786],[23.997,50.809],[24.106,50.845],[24.096,50.873],[23.986,50.94],[23.863,51.126],[23.664,51.31],[23.658,51.352],[23.68,51.395],[23.605,51.518]]}},{"type":"Feature","properties":{"class":"boundary"},"geometry":{"type":"LineString","coordinates":[[20.9,55.287],[21.075,55.263],[21.389,55.276],[21.447,55.234],[21.555,55.195],[21.874,55.101],[22.072,55.064],[22.567,55.059],[22.627,54.971],[22.737,54.929],[22.825,54.871],[22.831,54.838],[22.684,54.563],[22.68,54.493],[22.766,54.357]]}},{"type":"Feature","properties":{"class":"boundary"},"geometry":{"type":"LineString","coordinates":[[31.763,52.101],[31.691,52.221],[31.577,52.312],[31.586,52.532],[31.616,52.546],[31.526,52.633],[31.519,52.699],[31.563,52.731],[31.565,52.759],[31.259,53.017],[31.388,53.185],[31.418,53.196],[31.668,53.201],[31.747,53.184],[31.85,53.106],[32.142,53.091],[32.426,53.211],[32.469,53.27],[32.704,53.336],[32.706,53.419],[32.686,53.448],[32.47,53.547],[32.425,53.617],[32.451,53.653],[32.45,53.693],[32.2,53.781],[31.821,53.792],[31.754,53.81],[31.825,53.935],[31.838,54.001],[31.826,54.031],[31.404,54.196],[31.299,54.292],[31.246,54.392],[31.185,54.453],[31.075,54.492],[31.152,54.625],[30.799,54.783],[30.791,54.806],[30.83,54.915],[30.978,55.05],[30.959,55.138],[30.814,55.279],[30.821,55.33],[30.901,55.397],[30.907,55.57],[30.856,55.608],[30.801,55.601],[30.626,55.666],[30.456,55.787],[30.234,55.845],[29.937,55.845],[29.744,55.77],[29.63,55.751],[29.482,55.685],[29.353,55.784],[29.398,55.881],[29.375,55.939],[29.032,56.022],[28.795,55.943],[28.741,55.955],[28.637,56.062],[28.564,56.092],[28.407,56.089],[28.284,56.056],[28.148,56.143]]}},{"type":"Feature","properties":{"class":"boundary"},"geometry":{"type":"LineString","coordinates":[[31.763,52.101],[31.974,52.047],[32.122,52.051],[32.283,52.114],[32.363,52.272],[32.435,52.307],[32.508,52.309],[32.807,52.253],[32.9,52.256],[33.148,52.34],[33.287,52.354],[33.452,52.334],[33.735,52.345],[33.922,52.251],[34.015,52.156],[34.113,51.98],[34.398,51.78],[34.403,51.741],[34.379,51.717],[34.121,51.679],[34.115,51.645],[34.201,51.554],[34.207,51.42],[34.23,51.363],[34.275,51.34],[34.281,51.312],[34.214,51.255],[34.491,51.237],[34.76,51.169],[35.064,51.203],[35.093,51.181],[35.158,51.061],[35.198,51.044],[35.312,51.044],[35.335,51.021],[35.309,50.987],[35.315,50.95],[35.383,50.799],[35.44,50.728],[35.44,50.682],[35.392,50.611],[35.412,50.54],[35.489,50.46],[35.546,50.44],[35.591,50.369],[35.674,50.346],[35.89,50.437],[36.116,50.409],[36.306,50.28],[36.369,50.297],[36.5,50.28],[36.619,50.209],[36.759,50.292],[37.131,50.352],[37.343,50.418],[37.423,50.411],[37.582,50.292],[37.605,50.215],[37.704,50.109],[38.047,49.92],[38.147,49.939],[38.178,50.025],[38.209,50.051],[38.259,50.052],[38.451,49.964],[38.648,49.953],[38.918,49.825],[39.028,49.818],[39.175,49.856],[39.303,49.742],[39.463,49.728],[39.781,49.572],[39.877,49.568],[40.031,49.597],[40.081,49.577],[40.095,49.543],[40.058,49.497],[40.058,49.432],[40.126,49.369],[40.109,49.252],[40.07,49.2],[39.89,49.064],[39.687,49.008],[39.706,48.96],[39.753,48.914],[39.989,48.851],[40.004,48.822],[39.904,48.794],[39.793,48.808],[39.705,48.739],[39.645,48.591],[39.836,48.543],[39.89,48.36],[39.85,48.332],[39.847,48.303],[39.958,48.269],[39.961,48.238],[39.885,48.168],[39.776,47.964],[39.779,47.888],[39.736,47.845],[39.658,47.841],[39.158,47.837],[38.9,47.855],[38.822,47.837],[38.719,47.714],[38.641,47.666],[38.511,47.622],[38.369,47.61],[38.287,47.559],[38.257,47.409],[38.201,47.321],[38.208,47.297],[38.281,47.277],[38.265,47.237],[38.221,47.213],[38.201,47.175],[38.214,47.091]]}},{"type":"Feature","properties":{"class":"boundary"},"geometry":{"type":"LineString","coordinates":[[43.439,41.107],[43.455,41.065],[43.517,41.005],[43.632,40.929],[43.723,40.72],[43.713,40.648],[43.668,40.574],[43.569,40.482],[43.616,40.393],[43.608,40.357],[43.71,40.166],[43.666,40.126],[43.792,40.07],[44.005,40.014],[44.289,40.04],[44.4,39.996],[44.56,39.888],[44.734,39.746],[44.783,39.685]]}},{"type":"Feature","properties":{"class":"boundary"},"geometry":{"type":"LineString","coordinates":[[35.893,35.917],[35.968,35.91],[36.127,35.831],[36.154,35.834],[36.202,35.938],[36.249,35.973],[36.348,36.004],[36.375,36.171],[36.477,36.221],[36.637,36.234],[36.641,36.264],[36.537,36.457],[36.597,36.701],[36.628,36.778],[36.659,36.803],[36.942,36.758],[36.985,36.702],[37.066,36.653],[37.436,36.643],[38.192,36.902],[38.444,36.862],[38.689,36.715],[38.767,36.693],[39.357,36.682],[39.686,36.739],[40.016,36.826],[40.706,37.098],[40.959,37.109],[41.265,37.069],[41.516,37.089],[41.887,37.156],[42.06,37.206],[42.168,37.289],[42.203,37.297],[42.269,37.277],[42.313,37.23],[42.359,37.109]]}},{"type":"Feature","properties":{"class":"boundary"},"geometry":{"type":"LineString","coordinates":[[35.451,31.479],[35.401,31.23],[35.439,31.132],[35.141,30.421],[35.142,30.142],[35.068,29.978],[34.973,29.555]]}},{"type":"Feature","properties":{"class":"boundary"},"geometry":{"type":"LineString","coordinates":[[35.551,32.396],[35.572,32.238],[35.535,32.103],[35.532,31.985],[35.559,31.766],[35.499,31.672],[35.451,31.479]]}},{"type":"Feature","properties":{"class":"boundary"},"geometry":{"type":"LineString","coordinates":[[35.611,32.682],[35.573,32.641],[35.551,32.396]]}},{"type":"Feature","properties":{"class":"boundary"},"geometry":{"type":"LineString","coordinates":[[52.494,41.78],[52.87,42.061],[53.056,42.148],[53.685,42.297],[54.121,42.335],[54.272,42.28],[54.678,42.078],[54.854,41.965],[54.904,41.919],[54.952,41.81],[55.25,41.458],[55.434,41.296],[55.545,41.263],[55.977,41.322]]}},{"type":"Feature","properties":{"class":"boundary"},"geometry":{"type":"LineString","coordinates":[[55.977,41.322],[57.018,41.263],[57.119,41.35],[57.114,41.372],[57.018,41.451],[56.964,41.857],[57.114,41.957],[57.229,42.084],[57.291,42.124],[57.382,42.156],[57.686,42.165],[57.814,42.19],[57.923,42.335],[57.946,42.42],[58.029,42.488],[58.283,42.429],[58.327,42.399],[58.397,42.292],[58.474,42.299],[58.477,42.34],[58.418,42.407],[58.289,42.527],[58.162,42.603],[58.152,42.628],[58.26,42.688],[58.477,42.663],[58.532,42.682],[58.589,42.778],[58.877,42.561],[59.16,42.511],[59.199,42.482],[59.277,42.356],[59.354,42.323],[59.451,42.3],[59.858,42.295],[59.985,42.212],[60.006,42.191],[59.982,42.132],[59.974,42.019],[59.942,41.974],[60.107,41.907],[60.192,41.834],[60.201,41.803],[60.176,41.782],[60.109,41.793],[60.076,41.76],[60.076,41.701],[60.124,41.645],[60.138,41.594],[60.069,41.476],[60.067,41.427],[60.09,41.399],[60.455,41.222],[60.867,41.249],[61.242,41.189],[61.329,41.195],[61.387,41.252],[61.497,41.276],[61.645,41.24],[61.903,41.094],[61.954,41.031],[62.095,40.683],[62.188,40.541],[62.298,40.468],[62.375,40.332],[62.442,40.036],[62.483,39.976],[62.651,39.858],[63.506,39.377],[63.764,39.161],[64.163,38.954],[64.31,38.977],[64.622,38.756],[65.077,38.539],[65.613,38.239],[65.729,38.226],[65.857,38.269],[65.971,38.244],[66.173,38.167],[66.335,38.072],[66.575,38.011],[66.626,37.96],[66.629,37.932],[66.526,37.786],[66.511,37.599],[66.522,37.348]]}},{"type":"Feature","properties":{"class":"boundary"},"geometry":{"type":"LineString","coordinates":[[49.232,46.337],[48.61,46.566],[48.541,46.606],[48.509,46.65],[48.502,46.699],[48.519,46.734],[48.558,46.757],[48.605,46.766],[48.776,46.71],[48.884,46.705],[48.95,46.726],[48.959,46.775],[48.553,47.321],[48.167,47.709],[48.11,47.745],[47.482,47.804],[47.292,47.741],[47.202,47.792],[47.093,47.948],[47.119,48.127],[47.065,48.232],[47.004,48.284],[46.853,48.324],[46.661,48.412],[46.609,48.574],[46.703,48.806],[46.853,48.97],[46.962,49.038],[47.014,49.098],[47.031,49.15],[47.018,49.2],[46.853,49.304],[46.802,49.367],[46.823,49.502],[46.89,49.697],[46.992,49.853],[47.248,50.001],[47.295,50.058],[47.295,50.218],[47.326,50.274],[47.504,50.403],[47.6,50.414],[47.706,50.378],[47.85,50.282],[48.181,49.97],[48.335,49.858],[48.434,49.829],[48.759,49.928],[48.81,49.962],[48.843,50.013],[48.701,50.354],[48.666,50.55],[48.625,50.613],[48.808,50.601],[49.323,50.852],[49.425,51.027],[49.498,51.084],[49.822,51.132],[49.932,51.197],[50.247,51.29],[50.756,51.675],[50.794,51.729],[51.163,51.647],[51.27,51.594],[51.301,51.497],[51.345,51.475],[51.609,51.484],[52.007,51.673],[52.219,51.709],[52.331,51.681],[52.496,51.512],[52.571,51.482],[52.82,51.495],[52.903,51.467],[53.038,51.464],[53.247,51.494],[53.338,51.482],[53.535,51.4],[53.688,51.252],[53.957,51.161],[54.14,51.041],[54.298,50.914],[54.422,50.78],[54.471,50.584],[54.517,50.541],[54.555,50.536],[54.636,50.592],[54.65,50.66],[54.606,50.88],[54.546,50.946],[54.573,50.99],[54.642,51.012],[54.727,50.998],[54.868,50.941],[55.361,50.665],[55.542,50.602],[55.686,50.583],[55.798,50.602],[56.05,50.714],[56.144,50.845],[56.491,51.02],[56.62,50.981],[56.85,51.046],[57.012,51.065],[57.179,51.036],[57.313,50.947],[57.442,50.889],[57.558,50.896],[57.654,50.925],[57.765,51.047],[57.839,51.092],[58.359,51.064],[58.547,50.971],[58.884,50.694],[59.452,50.62],[59.524,50.583],[59.498,50.511],[59.523,50.493],[59.751,50.544],[59.812,50.582],[59.955,50.799],[60.005,50.84],[60.059,50.85],[60.112,50.834],[60.288,50.704],[60.425,50.679],[60.638,50.664],[60.942,50.696],[61.227,50.775],[61.389,50.861],[61.465,50.99],[61.512,51.137],[61.585,51.23],[61.555,51.325],[61.363,51.442],[61.015,51.492],[60.974,51.537],[60.465,51.651],[60.388,51.773],[60.28,51.835],[60.067,51.891],[60.03,51.933],[60.066,51.976],[60.234,52.024],[60.425,52.126],[60.499,52.146],[60.67,52.151],[60.938,52.281],[60.995,52.337],[60.979,52.395],[60.821,52.57],[60.774,52.676],[60.802,52.745],[60.945,52.86],[61.047,52.972],[61.401,52.996],[61.974,52.944],[62.083,53.005],[62.081,53.057],[62.015,53.108],[61.766,53.174],[61.66,53.228],[61.437,53.239],[61.199,53.287],[61.163,53.337],[61.186,53.406],[61.229,53.446],[61.312,53.466],[61.401,53.456],[61.498,53.485],[61.535,53.523],[61.474,53.58],[61.41,53.587],[61.248,53.551],[60.979,53.622],[60.986,53.657],[61.113,53.753],[61.113,53.882],[61.144,53.964],[61.231,54.019],[61.334,54.049],[61.929,53.946],[61.986,53.954],[62.04,54.003],[62.499,54.013],[62.633,54.069],[63.074,54.105],[63.191,54.171],[63.414,54.183],[63.721,54.245],[63.847,54.236],[64.004,54.267],[64.199,54.347],[64.461,54.384],[64.65,54.352],[64.927,54.397],[65.088,54.34],[65.158,54.364],[65.237,54.516],[65.378,54.564],[65.477,54.623],[65.708,54.619],[65.914,54.693],[65.955,54.66],[66.223,54.667],[67.098,54.788],[67.257,54.829],[67.693,54.872],[67.83,54.944],[68.156,54.977],[68.209,55.003],[68.244,55.052],[68.206,55.161],[68.302,55.187],[68.525,55.205],[68.713,55.309],[68.977,55.39],[69.493,55.357],[69.74,55.307],[69.982,55.199],[70.182,55.162],[70.371,55.212],[70.486,55.282],[70.738,55.305],[70.91,55.128],[71.186,54.599],[71.159,54.539],[71.152,54.364],[71.053,54.26],[71.093,54.212],[71.336,54.158],[71.677,54.178],[71.887,54.221],[72.004,54.206],[72.066,54.232],[72.105,54.308],[72.186,54.326],[72.269,54.272],[72.387,54.123],[72.404,53.964],[72.447,53.942],[72.586,53.996],[72.599,54.023],[72.564,54.09],[72.583,54.122],[72.622,54.134],[72.914,54.107],[73.119,53.981],[73.23,53.958],[73.381,53.963],[73.506,53.999],[73.618,54.067],[73.666,54.063],[73.712,54.042],[73.716,53.996],[73.679,53.929],[73.399,53.811],[73.306,53.707],[73.286,53.598],[73.362,53.506],[73.372,53.454],[73.407,53.448],[73.643,53.576],[73.859,53.62],[74.069,53.611],[74.21,53.576],[74.352,53.488],[74.403,53.504],[74.452,53.647],[74.834,53.826],[75.052,53.827],[75.22,53.894],[75.377,53.97],[75.398,54.068],[75.437,54.09],[75.693,54.115],[76.267,54.312],[76.496,54.336],[76.759,54.437],[76.837,54.442],[76.789,54.322],[76.703,54.182],[76.655,54.145],[76.422,54.152],[76.422,54.114],[76.485,54.023],[76.576,53.943],[77.704,53.379],[77.86,53.269],[78.475,52.638],[79.469,51.493],[79.986,50.775],[80.066,50.758],[80.086,50.84],[80.22,50.912],[80.345,50.919],[80.424,50.946],[80.452,50.998],[80.422,51.136],[80.448,51.183],[80.605,51.224],[80.65,51.277],[80.735,51.293],[80.877,51.281],[80.934,51.243],[80.966,51.19],[81.127,51.191],[81.141,51.147],[81.071,50.969],[81.125,50.946],[81.319,50.966],[81.388,50.956],[81.452,50.824],[81.431,50.771],[81.466,50.74],[81.934,50.766],[82.098,50.711],[82.326,50.742],[82.494,50.728],[82.612,50.771],[82.761,50.893],[83.019,50.897],[83.093,50.961],[83.16,50.989],[83.357,50.995],[83.718,50.887],[83.945,50.775],[84.002,50.677],[84.176,50.521],[84.258,50.288],[84.323,50.239],[84.607,50.202],[84.839,50.091],[84.924,50.088],[84.989,50.061],[85,50.01],[84.975,49.951],[85.001,49.894],[85.21,49.665],[85.233,49.616],[85.292,49.599],[85.372,49.624],[85.934,49.55],[85.974,49.499],[86.181,49.499],[86.292,49.588],[86.418,49.638],[86.61,49.769],[86.676,49.777],[86.729,49.749],[86.731,49.696],[86.614,49.61],[86.626,49.563],[86.714,49.559],[86.812,49.488],[87.001,49.287],[87.234,49.216],[87.297,49.148],[87.323,49.086]]}},{"type":"Feature","properties":{"class":"boundary"},"geometry":{"type":"LineString","coordinates":[[34.198,31.323],[34.49,30.596],[34.53,30.446],[34.659,30.191],[34.904,29.477]]}},{"type":"Feature","properties":{"class":"boundary"},"geometry":{"type":"LineString","coordinates":[[27.352,57.528],[27.4,57.667],[27.492,57.725],[27.542,57.799],[27.753,57.841],[27.778,57.871],[27.673,57.935],[27.571,58.138],[27.502,58.221],[27.488,58.27],[27.53,58.381],[27.531,58.435],[27.427,58.733],[27.434,58.787],[27.513,58.886],[27.622,58.945],[27.758,59.052],[27.898,59.278],[28.016,59.302],[28.061,59.343],[28.151,59.374],[28.013,59.484]]}},{"type":"Feature","properties":{"class":"boundary"},"geometry":{"type":"LineString","coordinates":[[22.766,54.357],[20.208,54.421],[19.604,54.459]]}},{"type":"Feature","properties":{"class":"boundary"},"geometry":{"type":"LineString","coordinates":[[48.442,28.543],[47.671,28.533],[47.583,28.628],[47.521,28.838],[47.433,28.99],[46.531,29.096]]}},{"type":"Feature","properties":{"class":"boundary"},"geometry":{"type":"LineString","coordinates":[[44.765,37.142],[44.881,36.799],[45.019,36.698],[45.034,36.659],[45.031,36.526],[45.053,36.472],[45.112,36.409],[45.207,36.397],[45.241,36.356],[45.362,36.015],[45.484,36.009],[45.562,35.977],[45.645,35.928],[45.723,35.837],[45.776,35.822],[45.941,35.835],[46.167,35.821],[46.273,35.773],[46.262,35.744],[46.037,35.673],[45.995,35.608],[45.975,35.477],[46.112,35.322],[46.155,35.197],[46.134,35.128],[45.921,35.029],[45.678,34.798],[45.66,34.749],[45.662,34.613],[45.637,34.574],[45.501,34.582],[45.498,34.534],[45.438,34.415],[45.527,34.285],[45.543,34.216],[45.529,34.153],[45.397,33.971],[45.473,33.925],[45.738,33.603],[45.823,33.625],[45.879,33.61],[45.895,33.546],[45.873,33.492],[45.981,33.47],[46.02,33.416],[46.146,33.23],[46.141,33.174],[46.081,33.087],[46.08,33.028],[46.113,32.958],[46.298,32.95],[46.377,32.929],[46.57,32.834],[47.121,32.467],[47.285,32.474],[47.371,32.424],[47.512,32.151],[47.591,32.088],[47.83,31.794],[47.679,31.401],[47.679,31.002],[48.011,30.99],[48.015,30.466],[48.148,30.417],[48.182,30.355],[48.226,30.321],[48.279,30.316],[48.331,30.285],[48.401,30.188],[48.388,30.16],[48.399,30.11],[48.435,30.038],[48.547,29.962]]}},{"type":"Feature","properties":{"class":"boundary"},"geometry":{"type":"LineString","coordinates":[[61.262,35.62],[61.236,35.706],[61.259,35.762],[61.252,35.868],[61.206,35.944],[61.153,35.977],[61.212,36.099],[61.212,36.191],[61.175,36.29],[61.16,36.433],[61.17,36.572],[61.12,36.643],[60.341,36.638],[60.063,36.963],[59.949,37.042],[59.562,37.179],[59.455,37.253],[59.367,37.334],[59.345,37.445],[59.302,37.511],[58.815,37.683],[58.65,37.652],[58.55,37.688],[58.436,37.639],[58.318,37.647],[58.262,37.666],[58.109,37.783],[57.981,37.83],[57.711,37.905],[57.521,37.928],[57.354,37.973],[57.336,37.99],[57.331,38.089],[57.308,38.13],[57.194,38.216],[56.907,38.213],[56.775,38.25],[56.67,38.257],[56.441,38.249],[56.324,38.191],[56.297,38.095],[56.272,38.08],[55.578,38.1],[55.381,38.051],[55.076,37.902],[54.9,37.778],[54.849,37.723],[54.745,37.502],[54.699,37.47],[54.192,37.332],[53.914,37.344]]}},{"type":"Feature","properties":{"class":"boundary"},"geometry":{"type":"LineString","coordinates":[[9.519,30.229],[9.31,30.115],[9.546,29.796],[9.64,29.636],[9.805,29.177],[9.843,28.967],[9.816,28.56],[9.858,28.043],[9.916,27.786],[9.748,27.331],[9.753,27.219],[9.795,27.045],[9.837,26.916],[9.894,26.848],[9.883,26.631],[9.859,26.552],[9.491,26.334],[9.438,26.246],[9.422,26.147],[9.448,26.067],[10.001,25.332],[10.028,25.051],[10.12,24.79],[10.219,24.676],[10.256,24.591],[10.396,24.486],[10.439,24.48],[10.686,24.551],[11.508,24.314],[11.537,24.291],[11.968,23.518]]}},{"type":"Feature","properties":{"class":"boundary"},"geometry":{"type":"LineString","coordinates":[[-17.048,20.806],[-17.064,20.899],[-16.965,21.329],[-13.016,21.334],[-13.094,22.496],[-13.156,22.689],[-13.153,22.821],[-13.031,23],[-12.62,23.271],[-12.373,23.318],[-12.023,23.468],[-12.016,25.995],[-8.682,25.996],[-8.683,27.286]]}},{"type":"Feature","properties":{"class":"boundary"},"geometry":{"type":"LineString","coordinates":[[-8.683,27.286],[-5.517,25.424],[-4.823,24.996]]}},{"type":"Feature","properties":{"class":"boundary"},"geometry":{"type":"LineString","coordinates":[[-8.683,27.656],[-8.683,28.621],[-8.66,28.719],[-8.558,28.768],[-8.265,28.981],[-7.999,29.132],[-7.685,29.35],[-7.625,29.375],[-7.486,29.392],[-7.16,29.613],[-7.095,29.625],[-6.635,29.569],[-6.566,29.604],[-6.521,29.66],[-6.508,29.784],[-6.48,29.82],[-6.215,29.811],[-6.004,29.831],[-5.775,29.869],[-5.449,29.957],[-5.294,30.059],[-5.18,30.166],[-4.968,30.465],[-4.779,30.552],[-4.323,30.699],[-3.985,30.914],[-3.702,30.944],[-3.667,30.964],[-3.627,31.001],[-3.625,31.066],[-3.673,31.111],[-3.812,31.167],[-3.833,31.198],[-3.789,31.362],[-3.796,31.437],[-3.85,31.566],[-3.827,31.662],[-3.7,31.7],[-3.605,31.687],[-3.44,31.705],[-3.017,31.834],[-2.931,32.043],[-2.863,32.075],[-2.448,32.13],[-1.275,32.089]]}},{"type":"Feature","properties":{"class":"boundary"},"geometry":{"type":"LineString","coordinates":[[-8.683,27.286],[-8.683,27.656]]}},{"type":"Feature","properties":{"class":"boundary"},"geometry":{"type":"LineString","coordinates":[[9.519,30.229],[9.044,32.072],[9.019,32.105],[8.333,32.544],[8.304,32.696],[8.211,32.927],[8.113,33.055],[8.076,33.089],[7.763,33.233],[7.731,33.269],[7.709,33.362],[7.534,33.718],[7.5,33.832],[7.496,33.977],[7.514,34.081],[7.748,34.254],[7.838,34.41],[8.123,34.564],[8.246,34.734],[8.277,34.979],[8.312,35.085],[8.394,35.204],[8.316,35.403],[8.318,35.655],[8.247,35.802],[8.246,35.871],[8.349,36.368],[8.303,36.456],[8.209,36.495],[8.208,36.519],[8.37,36.632],[8.444,36.761],[8.601,36.834],[8.577,36.937]]}},{"type":"Feature","properties":{"class":"boundary"},"geometry":{"type":"LineString","coordinates":[[25.15,31.655],[24.853,31.335],[24.878,31.061],[24.974,30.777],[24.961,30.679],[24.878,30.458],[24.703,30.201],[24.712,30.132],[24.804,29.886],[24.866,29.57],[24.98,29.182],[24.98,21.996]]}},{"type":"Feature","properties":{"class":"boundary"},"geometry":{"type":"LineString","coordinates":[[42.359,37.109],[42.35,37.061],[41.789,36.597],[41.417,36.515],[41.296,36.383],[41.262,36.272],[41.246,36.073],[41.353,35.81],[41.354,35.64],[41.248,35.428],[41.216,35.288],[41.195,34.769],[40.987,34.429],[40.935,34.387],[40.689,34.332],[38.774,33.372]]}},{"type":"Feature","properties":{"class":"boundary"},"geometry":{"type":"LineString","coordinates":[[35.787,32.735],[35.895,32.714],[35.956,32.667],[36.059,32.534],[36.22,32.495],[36.372,32.387],[36.818,32.317],[38.774,33.372]]}},{"type":"Feature","properties":{"class":"boundary"},"geometry":{"type":"LineString","coordinates":[[35.611,32.682],[35.787,32.735]]}},{"type":"Feature","properties":{"class":"boundary"},"geometry":{"type":"LineString","coordinates":[[39.145,32.124],[39.293,32.244],[39.247,32.351],[39.041,32.306],[38.982,32.473],[39.058,32.493],[38.774,33.372]]}},{"type":"Feature","properties":{"class":"boundary"},"geometry":{"type":"LineString","coordinates":[[34.951,29.354],[36.015,29.19],[36.068,29.201],[36.476,29.495],[36.704,29.832],[36.755,29.866],[37.469,29.995],[37.65,30.331],[37.98,30.5],[37.479,31.008],[36.959,31.492],[38.962,31.995],[39.145,32.124]]}},{"type":"Feature","properties":{"class":"boundary"},"geometry":{"type":"LineString","coordinates":[[46.531,29.096],[46.356,29.064],[44.691,29.202],[42.858,30.495],[42.074,31.08],[40.369,31.939],[39.145,32.124]]}},{"type":"Feature","properties":{"class":"boundary"},"geometry":{"type":"LineString","coordinates":[[61.588,25.202],[61.615,25.286],[61.64,25.585],[61.671,25.692],[61.662,25.751],[61.754,25.843],[61.81,26.165],[61.842,26.226],[62.089,26.318],[62.126,26.369],[62.239,26.357],[62.26,26.427],[62.312,26.491],[62.439,26.561],[62.636,26.594],[62.787,26.644],[63.093,26.632],[63.158,26.65],[63.186,26.838],[63.25,26.879],[63.231,26.998],[63.242,27.078],[63.305,27.125],[63.302,27.151],[63.256,27.208],[63.167,27.252],[62.915,27.218],[62.763,27.25],[62.764,27.357],[62.812,27.497],[62.782,27.801],[62.74,28.002],[62.758,28.244],[62.565,28.235],[62.434,28.364],[62.353,28.415],[62.033,28.491],[61.89,28.547],[61.623,28.792],[61.509,29.006],[61.338,29.265],[61.339,29.332],[61.318,29.373],[60.843,29.859]]}},{"type":"Feature","properties":{"class":"boundary"},"geometry":{"type":"LineString","coordinates":[[60.843,29.859],[61.784,30.832],[61.811,30.913],[61.814,31.073],[61.755,31.285],[61.66,31.382],[60.821,31.495],[60.792,31.661],[60.804,31.734],[60.788,31.877],[60.829,32.249],[60.562,33.059],[60.561,33.138],[60.718,33.324],[60.917,33.505],[60.907,33.539],[60.655,33.56],[60.574,33.588],[60.511,33.639],[60.486,33.712],[60.527,33.842],[60.486,34.095],[60.643,34.307],[60.889,34.319],[60.726,34.518],[60.739,34.545],[60.802,34.555],[60.951,34.654],[60.958,34.71],[61.08,34.856],[61.07,34.922],[61.15,35.094],[61.1,35.272],[61.189,35.312],[61.245,35.474],[61.279,35.514],[61.262,35.62]]}},{"type":"Feature","properties":{"class":"boundary"},"geometry":{"type":"LineString","coordinates":[[60.843,29.859],[62.477,29.408],[63.568,29.498],[63.971,29.43],[64.099,29.392],[64.172,29.46],[64.394,29.544],[64.521,29.565],[65.095,29.559],[66.177,29.836],[66.287,29.92],[66.313,29.969],[66.247,30.043],[66.238,30.11],[66.282,30.193],[66.305,30.321],[66.287,30.608],[66.347,30.803],[66.397,30.912],[66.596,31.02],[66.731,31.195],[66.829,31.264],[66.924,31.306],[67.028,31.3],[67.116,31.243],[67.287,31.218],[67.453,31.235],[67.738,31.344],[67.733,31.379],[67.647,31.41],[67.598,31.453],[67.578,31.506],[67.627,31.539],[67.74,31.548],[68.017,31.678],[68.161,31.803],[68.214,31.807],[68.32,31.768],[68.443,31.754],[68.521,31.794],[68.598,31.803],[68.673,31.76],[68.782,31.646],[68.869,31.634],[68.973,31.667],[69.083,31.738],[69.279,31.937],[69.241,32.434],[69.29,32.531],[69.359,32.59],[69.405,32.683],[69.405,32.764],[69.453,32.833],[69.502,33.02],[69.568,33.064],[69.704,33.095],[69.92,33.112],[70.261,33.289],[70.284,33.369],[70.134,33.621],[70.057,33.72],[69.868,33.898],[69.89,34.007],[69.995,34.052],[70.326,33.961],[70.654,33.952],[70.848,33.982],[71.052,34.05],[71.091,34.12],[71.096,34.369],[71.023,34.431],[70.966,34.53],[71.066,34.6],[71.113,34.682],[71.226,34.78],[71.294,34.868],[71.455,34.967],[71.62,35.183],[71.545,35.289],[71.545,35.329],[71.601,35.408],[71.572,35.547],[71.519,35.598],[71.484,35.715],[71.398,35.88],[71.343,35.939],[71.22,36.001],[71.185,36.042],[71.233,36.122],[71.313,36.171],[71.62,36.436],[71.773,36.432],[71.822,36.486],[72.096,36.634],[72.157,36.701],[72.25,36.735],[72.431,36.766],[72.623,36.83],[73.117,36.869],[73.732,36.888]]}},{"type":"Feature","properties":{"class":"boundary"},"geometry":{"type":"LineString","coordinates":[[70.947,42.249],[70.715,42.169],[70.584,42.036],[70.54,42.039],[70.489,42.08],[70.416,42.079],[70.226,41.946],[70.096,41.82],[69.96,41.754],[69.664,41.672],[69.401,41.542],[69.368,41.491],[69.154,41.425],[69.065,41.367],[69.043,41.264],[68.987,41.205],[68.737,41.042],[68.584,40.876],[68.559,40.829],[68.557,40.765],[68.594,40.711],[68.601,40.66],[68.573,40.623],[68.496,40.609],[68.415,40.619],[68.16,40.722],[68.048,40.809],[68.113,41.029],[68.02,41.096],[67.936,41.197],[67.805,41.164],[67.735,41.187],[66.814,41.142],[66.71,41.179],[66.645,41.349],[66.538,41.741],[66.499,41.995],[66.01,42.005],[66.016,42.315],[66.05,42.473],[66.1,42.991],[65.803,42.877],[65.496,43.311],[65.27,43.418],[64.905,43.715],[64.443,43.551],[63.207,43.628],[62.072,43.489],[61.99,43.492],[61.161,44.169],[61.097,44.248],[61.065,44.348],[61.008,44.394],[58.555,45.555],[57.477,45.337],[55.976,44.995],[55.977,41.322]]}},{"type":"Feature","properties":{"class":"boundary"},"geometry":{"type":"LineString","coordinates":[[5.79,49.538],[5.823,49.505],[6.011,49.445],[6.181,49.499],[6.344,49.453]]}},{"type":"Feature","properties":{"class":"boundary"},"geometry":{"type":"LineString","coordinates":[[45.504,40.665],[45.479,40.648],[45.479,40.607],[45.552,40.616],[45.562,40.649],[45.504,40.665]]}},{"type":"Feature","properties":{"class":"boundary"},"geometry":{"type":"LineString","coordinates":[[44.994,41.086],[44.961,41.079],[44.959,41.053],[44.969,41.027],[45.002,41.016],[45.029,41.054],[45.021,41.078],[44.994,41.086]]}},{"type":"Feature","properties":{"class":"boundary"},"geometry":{"type":"LineString","coordinates":[[12.441,43.982],[12.397,43.935],[12.426,43.894],[12.485,43.901],[12.515,43.953],[12.504,43.99],[12.441,43.982]]}},{"type":"Feature","properties":{"class":"boundary"},"geometry":{"type":"LineString","coordinates":[[26.619,48.26],[26.64,48.294],[26.847,48.387],[26.901,48.372],[27.228,48.371],[27.337,48.433],[27.404,48.416],[27.549,48.478],[27.82,48.416],[27.891,48.365],[28.038,48.321],[28.08,48.296],[28.088,48.257],[28.159,48.238],[28.291,48.239],[28.347,48.213],[28.327,48.161],[28.341,48.144],[28.388,48.162],[28.423,48.147],[28.463,48.091],[28.53,48.15],[28.774,48.12],[28.866,47.996],[28.923,47.951],[28.973,47.933],[29.093,47.975],[29.125,47.965],[29.195,47.882],[29.211,47.775],[29.186,47.659],[29.123,47.53],[29.135,47.49],[29.16,47.456],[29.334,47.376],[29.383,47.328],[29.539,47.271],[29.542,47.186],[29.511,47.128],[29.515,47.091],[29.563,47.048],[29.572,46.964],[29.72,46.883],[29.878,46.829],[29.942,46.724],[29.924,46.539],[30.131,46.423],[30.076,46.378],[29.838,46.351],[29.752,46.438],[29.707,46.449],[29.615,46.399],[29.459,46.454],[29.393,46.437],[29.305,46.467],[29.255,46.393],[29.205,46.379],[29.201,46.505],[29.186,46.524],[29.146,46.527],[28.958,46.458],[28.927,46.424],[28.931,46.362],[28.944,46.288],[29.006,46.176],[28.948,46.05],[28.85,45.979],[28.739,45.937],[28.729,45.852],[28.492,45.666],[28.514,45.572],[28.499,45.518],[28.31,45.499],[28.212,45.45]]}},{"type":"Feature","properties":{"class":"boundary"},"geometry":{"type":"LineString","coordinates":[[61.262,35.62],[61.345,35.63],[61.422,35.546],[61.543,35.458],[61.621,35.432],[61.72,35.419],[61.984,35.444],[62.213,35.29],[62.253,35.25],[62.271,35.189],[62.308,35.171],[62.387,35.231],[62.463,35.251],[62.611,35.233],[62.688,35.255],[63.057,35.446],[63.084,35.568],[63.119,35.638],[63.17,35.678],[63.109,35.819],[63.13,35.846],[63.302,35.858],[63.862,36.012],[64.01,36.012],[64.042,36.025],[64.051,36.068],[64.092,36.113],[64.358,36.226],[64.511,36.341],[64.566,36.428],[64.816,37.132],[65.09,37.238],[65.555,37.251],[65.641,37.468],[65.683,37.519],[65.765,37.569],[66.108,37.415],[66.522,37.348]]}},{"type":"Feature","properties":{"class":"boundary"},"geometry":{"type":"LineString","coordinates":[[28.148,56.143],[28.032,56.133],[27.896,56.076],[27.642,55.912],[27.577,55.799],[27.053,55.831],[26.953,55.813],[26.822,55.709],[26.594,55.668]]}},{"type":"Feature","properties":{"class":"boundary"},"geometry":{"type":"LineString","coordinates":[[28.212,45.45],[28.318,45.347],[28.451,45.292],[28.761,45.234],[28.788,45.241],[28.767,45.286],[28.782,45.31],[28.894,45.29],[29.027,45.321],[29.224,45.403],[29.404,45.42],[29.568,45.371],[29.706,45.26]]}},{"type":"Feature","properties":{"class":"boundary"},"geometry":{"type":"LineString","coordinates":[[21.36,44.827],[21.523,44.79],[21.597,44.755],[21.636,44.71],[21.74,44.681],[21.909,44.666],[22.027,44.62],[22.093,44.542],[22.201,44.561],[22.351,44.676],[22.498,44.706],[22.642,44.651],[22.721,44.606],[22.734,44.57],[22.554,44.54],[22.502,44.49],[22.495,44.435],[22.531,44.378],[22.683,44.286],[22.705,44.238]]}},{"type":"Feature","properties":{"class":"boundary"},"geometry":{"type":"LineString","coordinates":[[7.439,43.75],[7.414,43.771],[7.38,43.753],[7.378,43.732]]}},{"type":"Feature","properties":{"class":"boundary"},"geometry":{"type":"LineString","coordinates":[[12.431,41.905],[12.431,41.905]]}},{"type":"Feature","properties":{"class":"boundary"},"geometry":{"type":"LineString","coordinates":[[-1.275,32.089],[-1.226,32.107],[-1.226,32.165],[-1.262,32.271],[-1.24,32.338],[-1.066,32.468],[-1.111,32.552],[-1.352,32.703],[-1.45,32.785],[-1.51,32.878],[-1.551,33.074],[-1.625,33.183],[-1.679,33.319],[-1.631,33.567],[-1.703,33.717],[-1.714,33.782],[-1.693,33.99],[-1.707,34.176],[-1.792,34.368],[-1.733,34.467],[-1.739,34.496],[-1.817,34.557],[-1.85,34.607],[-1.792,34.723],[-1.796,34.752],[-2.132,34.971],[-2.191,35.03],[-2.22,35.104]]}},{"type":"Feature","properties":{"class":"boundary"},"geometry":{"type":"LineString","coordinates":[[33.594,46.096],[33.654,46.146],[33.66,46.22],[33.807,46.208],[34.027,46.107],[34.128,46.09],[34.224,46.101],[34.354,46.062],[34.45,45.966],[34.687,45.977],[34.794,45.892],[34.8,45.791],[34.946,45.729],[35.002,45.733]]}},{"type":"Feature","properties":{"class":"boundary"},"geometry":{"type":"LineString","coordinates":[[36.694,45.622],[36.691,45.431],[36.659,45.347],[36.589,45.3],[36.636,45.26],[36.617,45.228],[36.509,45.2],[36.597,45.031],[36.612,44.953]]}},{"type":"Feature","properties":{"class":"boundary"},"geometry":{"type":"LineString","coordinates":[[23.605,51.518],[23.54,51.619],[23.545,51.71],[23.626,51.809],[23.607,51.88],[23.651,51.973],[23.652,52.04],[23.598,52.103],[23.458,52.17],[23.197,52.257],[23.175,52.287],[23.204,52.338],[23.411,52.516],[23.845,52.664],[23.901,52.704],[23.915,52.77],[23.909,52.905],[23.859,53.112],[23.789,53.271],[23.599,53.599],[23.485,53.94]]}},{"type":"Feature","properties":{"class":"boundary"},"geometry":{"type":"LineString","coordinates":[[46.114,38.878],[46.17,38.869],[46.318,38.913],[46.491,38.907]]}},{"type":"Feature","properties":{"class":"boundary"},"geometry":{"type":"MultiLineString","coordinates":[[[44.783,39.685],[45,39.424],[45.072,39.363],[45.141,39.254],[45.336,39.139],[45.48,39.006],[45.575,38.973],[46.114,38.878]],[[46.491,38.907],[46.555,38.904],[46.853,39.148],[46.989,39.18],[47.188,39.341],[47.476,39.498],[47.773,39.649],[47.892,39.685],[47.996,39.684],[48.322,39.399],[48.257,39.355],[48.136,39.312],[48.104,39.241],[48.125,39.172],[48.274,39.099],[48.292,39.019],[48.242,38.979],[48.05,38.935],[47.993,38.884],[47.996,38.854],[48.023,38.819],[48.205,38.724],[48.261,38.642],[48.306,38.613],[48.417,38.586],[48.593,38.411],[48.636,38.399],[48.869,38.436]]]}}]}